solid ASCII
  facet normal -0.000000e+00 1.305262e-01 9.914449e-01
    outer loop
      vertex   -3.800000e+00 8.296472e+00 3.013630e+00
      vertex   -1.900000e+00 8.296472e+00 3.013630e+00
      vertex   -3.800000e+00 8.400000e+00 3.000000e+00
    endloop
  endfacet
  facet normal -5.260745e-19 1.305262e-01 9.914449e-01
    outer loop
      vertex   -3.800000e+00 8.400000e+00 3.000000e+00
      vertex   -1.900000e+00 8.296472e+00 3.013630e+00
      vertex   -8.049117e-14 8.296472e+00 3.013630e+00
    endloop
  endfacet
  facet normal -0.000000e+00 1.305262e-01 9.914449e-01
    outer loop
      vertex   -3.800000e+00 8.400000e+00 3.000000e+00
      vertex   -8.049117e-14 8.296472e+00 3.013630e+00
      vertex   3.800000e+00 8.400000e+00 3.000000e+00
    endloop
  endfacet
  facet normal 1.218840e-16 1.305262e-01 9.914449e-01
    outer loop
      vertex   3.800000e+00 8.400000e+00 3.000000e+00
      vertex   -8.049117e-14 8.296472e+00 3.013630e+00
      vertex   1.900000e+00 8.296472e+00 3.013630e+00
    endloop
  endfacet
  facet normal -1.481908e-19 1.305262e-01 9.914449e-01
    outer loop
      vertex   3.800000e+00 8.400000e+00 3.000000e+00
      vertex   1.900000e+00 8.296472e+00 3.013630e+00
      vertex   3.800000e+00 8.296472e+00 3.013630e+00
    endloop
  endfacet
  facet normal 0.000000e+00 3.826834e-01 9.238795e-01
    outer loop
      vertex   3.800000e+00 8.296472e+00 3.013630e+00
      vertex   1.900000e+00 8.296472e+00 3.013630e+00
      vertex   3.800000e+00 8.200000e+00 3.053590e+00
    endloop
  endfacet
  facet normal 0.000000e+00 3.826834e-01 9.238795e-01
    outer loop
      vertex   3.800000e+00 8.200000e+00 3.053590e+00
      vertex   1.900000e+00 8.296472e+00 3.013630e+00
      vertex   1.900000e+00 8.200000e+00 3.053590e+00
    endloop
  endfacet
  facet normal 0.000000e+00 6.087614e-01 7.933533e-01
    outer loop
      vertex   3.800000e+00 8.200000e+00 3.053590e+00
      vertex   1.900000e+00 8.200000e+00 3.053590e+00
      vertex   3.800000e+00 8.117157e+00 3.117157e+00
    endloop
  endfacet
  facet normal 0.000000e+00 6.087614e-01 7.933533e-01
    outer loop
      vertex   3.800000e+00 8.117157e+00 3.117157e+00
      vertex   1.900000e+00 8.200000e+00 3.053590e+00
      vertex   1.900000e+00 8.117157e+00 3.117157e+00
    endloop
  endfacet
  facet normal 0.000000e+00 7.933533e-01 6.087614e-01
    outer loop
      vertex   3.800000e+00 8.117157e+00 3.117157e+00
      vertex   1.900000e+00 8.117157e+00 3.117157e+00
      vertex   3.800000e+00 8.053590e+00 3.200000e+00
    endloop
  endfacet
  facet normal -8.840121e-16 7.933533e-01 6.087614e-01
    outer loop
      vertex   3.800000e+00 8.053590e+00 3.200000e+00
      vertex   1.900000e+00 8.117157e+00 3.117157e+00
      vertex   1.900000e+00 8.053590e+00 3.200000e+00
    endloop
  endfacet
  facet normal -9.532028e-16 9.238795e-01 3.826834e-01
    outer loop
      vertex   3.800000e+00 8.053590e+00 3.200000e+00
      vertex   1.900000e+00 8.053590e+00 3.200000e+00
      vertex   3.800000e+00 8.013630e+00 3.296472e+00
    endloop
  endfacet
  facet normal -8.637578e-16 9.238795e-01 3.826834e-01
    outer loop
      vertex   3.800000e+00 8.013630e+00 3.296472e+00
      vertex   1.900000e+00 8.053590e+00 3.200000e+00
      vertex   1.900000e+00 8.013630e+00 3.296472e+00
    endloop
  endfacet
  facet normal -9.269262e-16 9.914449e-01 1.305262e-01
    outer loop
      vertex   3.800000e+00 8.013630e+00 3.296472e+00
      vertex   1.900000e+00 8.013630e+00 3.296472e+00
      vertex   3.800000e+00 8.000000e+00 3.400000e+00
    endloop
  endfacet
  facet normal -4.723852e-19 9.914449e-01 1.305262e-01
    outer loop
      vertex   3.800000e+00 8.000000e+00 3.400000e+00
      vertex   1.900000e+00 8.013630e+00 3.296472e+00
      vertex   -8.049117e-14 8.013630e+00 3.296472e+00
    endloop
  endfacet
  facet normal 0.000000e+00 9.914449e-01 1.305262e-01
    outer loop
      vertex   3.800000e+00 8.000000e+00 3.400000e+00
      vertex   -8.049117e-14 8.013630e+00 3.296472e+00
      vertex   -3.800000e+00 8.000000e+00 3.400000e+00
    endloop
  endfacet
  facet normal -4.723852e-19 9.914449e-01 1.305262e-01
    outer loop
      vertex   -3.800000e+00 8.000000e+00 3.400000e+00
      vertex   -8.049117e-14 8.013630e+00 3.296472e+00
      vertex   -1.900000e+00 8.013630e+00 3.296472e+00
    endloop
  endfacet
  facet normal -4.723852e-19 9.914449e-01 1.305262e-01
    outer loop
      vertex   -3.800000e+00 8.000000e+00 3.400000e+00
      vertex   -1.900000e+00 8.013630e+00 3.296472e+00
      vertex   -3.800000e+00 8.013630e+00 3.296472e+00
    endloop
  endfacet
  facet normal -0.000000e+00 9.238795e-01 3.826834e-01
    outer loop
      vertex   -3.800000e+00 8.013630e+00 3.296472e+00
      vertex   -1.900000e+00 8.013630e+00 3.296472e+00
      vertex   -3.800000e+00 8.053590e+00 3.200000e+00
    endloop
  endfacet
  facet normal 9.532028e-16 9.238795e-01 3.826834e-01
    outer loop
      vertex   -3.800000e+00 8.053590e+00 3.200000e+00
      vertex   -1.900000e+00 8.013630e+00 3.296472e+00
      vertex   -1.900000e+00 8.053590e+00 3.200000e+00
    endloop
  endfacet
  facet normal 8.840121e-16 7.933533e-01 6.087614e-01
    outer loop
      vertex   -3.800000e+00 8.053590e+00 3.200000e+00
      vertex   -1.900000e+00 8.053590e+00 3.200000e+00
      vertex   -3.800000e+00 8.117157e+00 3.117157e+00
    endloop
  endfacet
  facet normal -0.000000e+00 7.933533e-01 6.087614e-01
    outer loop
      vertex   -3.800000e+00 8.117157e+00 3.117157e+00
      vertex   -1.900000e+00 8.053590e+00 3.200000e+00
      vertex   -1.900000e+00 8.117157e+00 3.117157e+00
    endloop
  endfacet
  facet normal -0.000000e+00 6.087614e-01 7.933533e-01
    outer loop
      vertex   -3.800000e+00 8.117157e+00 3.117157e+00
      vertex   -1.900000e+00 8.117157e+00 3.117157e+00
      vertex   -3.800000e+00 8.200000e+00 3.053590e+00
    endloop
  endfacet
  facet normal -0.000000e+00 6.087614e-01 7.933533e-01
    outer loop
      vertex   -3.800000e+00 8.200000e+00 3.053590e+00
      vertex   -1.900000e+00 8.117157e+00 3.117157e+00
      vertex   -1.900000e+00 8.200000e+00 3.053590e+00
    endloop
  endfacet
  facet normal -0.000000e+00 3.826834e-01 9.238795e-01
    outer loop
      vertex   -3.800000e+00 8.200000e+00 3.053590e+00
      vertex   -1.900000e+00 8.200000e+00 3.053590e+00
      vertex   -3.800000e+00 8.296472e+00 3.013630e+00
    endloop
  endfacet
  facet normal -0.000000e+00 3.826834e-01 9.238795e-01
    outer loop
      vertex   -3.800000e+00 8.296472e+00 3.013630e+00
      vertex   -1.900000e+00 8.200000e+00 3.053590e+00
      vertex   -1.900000e+00 8.296472e+00 3.013630e+00
    endloop
  endfacet
  facet normal 3.581305e-16 3.826834e-01 9.238795e-01
    outer loop
      vertex   1.900000e+00 8.200000e+00 3.053590e+00
      vertex   1.900000e+00 8.296472e+00 3.013630e+00
      vertex   -8.049117e-14 8.296472e+00 3.013630e+00
    endloop
  endfacet
  facet normal 0.000000e+00 3.826834e-01 9.238795e-01
    outer loop
      vertex   -8.049117e-14 8.296472e+00 3.013630e+00
      vertex   -1.900000e+00 8.296472e+00 3.013630e+00
      vertex   -8.049117e-14 8.200000e+00 3.053590e+00
    endloop
  endfacet
  facet normal 0.000000e+00 3.826834e-01 9.238795e-01
    outer loop
      vertex   -8.049117e-14 8.200000e+00 3.053590e+00
      vertex   -1.900000e+00 8.296472e+00 3.013630e+00
      vertex   -1.900000e+00 8.200000e+00 3.053590e+00
    endloop
  endfacet
  facet normal 0.000000e+00 6.087614e-01 7.933533e-01
    outer loop
      vertex   -8.049117e-14 8.200000e+00 3.053590e+00
      vertex   -1.900000e+00 8.200000e+00 3.053590e+00
      vertex   -8.049117e-14 8.117157e+00 3.117157e+00
    endloop
  endfacet
  facet normal 0.000000e+00 6.087614e-01 7.933533e-01
    outer loop
      vertex   -8.049117e-14 8.117157e+00 3.117157e+00
      vertex   -1.900000e+00 8.200000e+00 3.053590e+00
      vertex   -1.900000e+00 8.117157e+00 3.117157e+00
    endloop
  endfacet
  facet normal 0.000000e+00 7.933533e-01 6.087614e-01
    outer loop
      vertex   -8.049117e-14 8.117157e+00 3.117157e+00
      vertex   -1.900000e+00 8.117157e+00 3.117157e+00
      vertex   -8.049117e-14 8.053590e+00 3.200000e+00
    endloop
  endfacet
  facet normal 0.000000e+00 7.933533e-01 6.087614e-01
    outer loop
      vertex   -8.049117e-14 8.053590e+00 3.200000e+00
      vertex   -1.900000e+00 8.117157e+00 3.117157e+00
      vertex   -1.900000e+00 8.053590e+00 3.200000e+00
    endloop
  endfacet
  facet normal 0.000000e+00 9.238795e-01 3.826834e-01
    outer loop
      vertex   -8.049117e-14 8.053590e+00 3.200000e+00
      vertex   -1.900000e+00 8.053590e+00 3.200000e+00
      vertex   -8.049117e-14 8.013630e+00 3.296472e+00
    endloop
  endfacet
  facet normal 0.000000e+00 9.238795e-01 3.826834e-01
    outer loop
      vertex   -8.049117e-14 8.013630e+00 3.296472e+00
      vertex   -1.900000e+00 8.053590e+00 3.200000e+00
      vertex   -1.900000e+00 8.013630e+00 3.296472e+00
    endloop
  endfacet
  facet normal 8.211592e-19 6.087614e-01 7.933533e-01
    outer loop
      vertex   1.900000e+00 8.117157e+00 3.117157e+00
      vertex   1.900000e+00 8.200000e+00 3.053590e+00
      vertex   -8.049117e-14 8.200000e+00 3.053590e+00
    endloop
  endfacet
  facet normal -0.000000e+00 3.826834e-01 9.238795e-01
    outer loop
      vertex   -8.049117e-14 8.200000e+00 3.053590e+00
      vertex   1.900000e+00 8.200000e+00 3.053590e+00
      vertex   -8.049117e-14 8.296472e+00 3.013630e+00
    endloop
  endfacet
  facet normal 0.000000e+00 6.087614e-01 7.933533e-01
    outer loop
      vertex   1.900000e+00 8.117157e+00 3.117157e+00
      vertex   -8.049117e-14 8.200000e+00 3.053590e+00
      vertex   -8.049117e-14 8.117157e+00 3.117157e+00
    endloop
  endfacet
  facet normal -2.147058e-18 7.933533e-01 6.087614e-01
    outer loop
      vertex   1.900000e+00 8.053590e+00 3.200000e+00
      vertex   1.900000e+00 8.117157e+00 3.117157e+00
      vertex   -8.049117e-14 8.117157e+00 3.117157e+00
    endloop
  endfacet
  facet normal 0.000000e+00 7.933533e-01 6.087614e-01
    outer loop
      vertex   1.900000e+00 8.053590e+00 3.200000e+00
      vertex   -8.049117e-14 8.117157e+00 3.117157e+00
      vertex   -8.049117e-14 8.053590e+00 3.200000e+00
    endloop
  endfacet
  facet normal -9.308806e-19 9.238795e-01 3.826834e-01
    outer loop
      vertex   1.900000e+00 8.013630e+00 3.296472e+00
      vertex   1.900000e+00 8.053590e+00 3.200000e+00
      vertex   -8.049117e-14 8.053590e+00 3.200000e+00
    endloop
  endfacet
  facet normal 0.000000e+00 9.238795e-01 3.826834e-01
    outer loop
      vertex   1.900000e+00 8.013630e+00 3.296472e+00
      vertex   -8.049117e-14 8.053590e+00 3.200000e+00
      vertex   -8.049117e-14 8.013630e+00 3.296472e+00
    endloop
  endfacet
  facet normal 0.000000e+00 1.000000e+00 -0.000000e+00
    outer loop
      vertex   -3.800000e+00 8.000000e+00 3.400000e+00
      vertex   -3.800000e+00 8.000000e+00 1.250000e+01
      vertex   3.800000e+00 8.000000e+00 3.400000e+00
    endloop
  endfacet
  facet normal 0.000000e+00 1.000000e+00 -0.000000e+00
    outer loop
      vertex   3.800000e+00 8.000000e+00 3.400000e+00
      vertex   -3.800000e+00 8.000000e+00 1.250000e+01
      vertex   3.800000e+00 8.000000e+00 1.250000e+01
    endloop
  endfacet
  facet normal 0.000000e+00 -0.000000e+00 1.000000e+00
    outer loop
      vertex   3.800000e+00 8.400000e+00 3.000000e+00
      vertex   3.800000e+00 1.200000e+01 3.000000e+00
      vertex   -3.800000e+00 8.400000e+00 3.000000e+00
    endloop
  endfacet
  facet normal 0.000000e+00 -0.000000e+00 1.000000e+00
    outer loop
      vertex   -3.800000e+00 8.400000e+00 3.000000e+00
      vertex   3.800000e+00 1.200000e+01 3.000000e+00
      vertex   -3.800000e+00 1.200000e+01 3.000000e+00
    endloop
  endfacet
  facet normal -0.000000e+00 0.000000e+00 1.000000e+00
    outer loop
      vertex   -3.800000e+00 8.000000e+00 1.250000e+01
      vertex   -7.913200e-14 -1.500000e+00 1.250000e+01
      vertex   3.800000e+00 8.000000e+00 1.250000e+01
    endloop
  endfacet
  facet normal 0.000000e+00 0.000000e+00 1.000000e+00
    outer loop
      vertex   3.800000e+00 8.000000e+00 1.250000e+01
      vertex   -7.913200e-14 -1.500000e+00 1.250000e+01
      vertex   4.599461e-01 -1.521200e+00 1.250000e+01
    endloop
  endfacet
  facet normal 0.000000e+00 0.000000e+00 1.000000e+00
    outer loop
      vertex   3.800000e+00 8.000000e+00 1.250000e+01
      vertex   4.599461e-01 -1.521200e+00 1.250000e+01
      vertex   9.159919e-01 -1.584620e+00 1.250000e+01
    endloop
  endfacet
  facet normal -0.000000e+00 -0.000000e+00 1.000000e+00
    outer loop
      vertex   -3.800000e+00 -1.250385e+00 1.250000e+01
      vertex   -1.364270e+00 -1.689723e+00 1.250000e+01
      vertex   -3.800000e+00 8.000000e+00 1.250000e+01
    endloop
  endfacet
  facet normal 0.000000e+00 0.000000e+00 1.000000e+00
    outer loop
      vertex   -3.800000e+00 8.000000e+00 1.250000e+01
      vertex   -1.364270e+00 -1.689723e+00 1.250000e+01
      vertex   -9.159919e-01 -1.584620e+00 1.250000e+01
    endloop
  endfacet
  facet normal 0.000000e+00 0.000000e+00 1.000000e+00
    outer loop
      vertex   -3.800000e+00 8.000000e+00 1.250000e+01
      vertex   -9.159919e-01 -1.584620e+00 1.250000e+01
      vertex   -4.599461e-01 -1.521200e+00 1.250000e+01
    endloop
  endfacet
  facet normal -1.683935e-15 -5.751944e-15 1.000000e+00
    outer loop
      vertex   -2.222416e+00 -2.021064e+00 1.250000e+01
      vertex   -1.800979e+00 -1.835616e+00 1.250000e+01
      vertex   -3.800000e+00 -1.250385e+00 1.250000e+01
    endloop
  endfacet
  facet normal 0.000000e+00 0.000000e+00 1.000000e+00
    outer loop
      vertex   -3.800000e+00 -1.250385e+00 1.250000e+01
      vertex   -1.800979e+00 -1.835616e+00 1.250000e+01
      vertex   -1.364270e+00 -1.689723e+00 1.250000e+01
    endloop
  endfacet
  facet normal 0.000000e+00 -0.000000e+00 1.000000e+00
    outer loop
      vertex   -4.599461e-01 -1.521200e+00 1.250000e+01
      vertex   -7.913200e-14 -1.500000e+00 1.250000e+01
      vertex   -3.800000e+00 8.000000e+00 1.250000e+01
    endloop
  endfacet
  facet normal -0.000000e+00 0.000000e+00 1.000000e+00
    outer loop
      vertex   9.159919e-01 -1.584620e+00 1.250000e+01
      vertex   1.364270e+00 -1.689723e+00 1.250000e+01
      vertex   3.800000e+00 8.000000e+00 1.250000e+01
    endloop
  endfacet
  facet normal 0.000000e+00 0.000000e+00 1.000000e+00
    outer loop
      vertex   3.800000e+00 8.000000e+00 1.250000e+01
      vertex   1.364270e+00 -1.689723e+00 1.250000e+01
      vertex   3.800000e+00 -1.250385e+00 1.250000e+01
    endloop
  endfacet
  facet normal 0.000000e+00 0.000000e+00 1.000000e+00
    outer loop
      vertex   3.800000e+00 -1.250385e+00 1.250000e+01
      vertex   1.364270e+00 -1.689723e+00 1.250000e+01
      vertex   1.800979e+00 -1.835616e+00 1.250000e+01
    endloop
  endfacet
  facet normal 1.683935e-15 -5.751944e-15 1.000000e+00
    outer loop
      vertex   3.800000e+00 -1.250385e+00 1.250000e+01
      vertex   1.800979e+00 -1.835616e+00 1.250000e+01
      vertex   2.222416e+00 -2.021064e+00 1.250000e+01
    endloop
  endfacet
  facet normal -1.000000e+00 -6.837665e-18 -4.880101e-17
    outer loop
      vertex   -3.800000e+00 8.000000e+00 3.400000e+00
      vertex   -3.800000e+00 4.095449e+00 3.947079e+00
      vertex   -3.800000e+00 8.000000e+00 1.250000e+01
    endloop
  endfacet
  facet normal -1.000000e+00 -3.447601e-17 -3.618365e-17
    outer loop
      vertex   -3.800000e+00 8.000000e+00 1.250000e+01
      vertex   -3.800000e+00 4.095449e+00 3.947079e+00
      vertex   -3.800000e+00 3.744636e+00 4.281335e+00
    endloop
  endfacet
  facet normal -1.000000e+00 -3.062299e-17 -3.817862e-17
    outer loop
      vertex   -3.800000e+00 8.000000e+00 1.250000e+01
      vertex   -3.800000e+00 3.744636e+00 4.281335e+00
      vertex   -3.800000e+00 3.366647e+00 4.584520e+00
    endloop
  endfacet
  facet normal -1.000000e+00 -8.907633e-15 1.598558e-14
    outer loop
      vertex   -3.800000e+00 8.013630e+00 3.296472e+00
      vertex   -3.800000e+00 5.360640e+00 1.901491e+00
      vertex   -3.800000e+00 8.000000e+00 3.400000e+00
    endloop
  endfacet
  facet normal -1.000000e+00 -3.196210e-16 8.593100e-16
    outer loop
      vertex   -3.800000e+00 8.000000e+00 3.400000e+00
      vertex   -3.800000e+00 5.360640e+00 1.901491e+00
      vertex   -3.800000e+00 5.179345e+00 2.350855e+00
    endloop
  endfacet
  facet normal -1.000000e+00 0.000000e+00 0.000000e+00
    outer loop
      vertex   -3.800000e+00 8.000000e+00 3.400000e+00
      vertex   -3.800000e+00 5.179345e+00 2.350855e+00
      vertex   -3.800000e+00 4.960460e+00 2.783158e+00
    endloop
  endfacet
  facet normal -1.000000e+00 -4.322950e-16 -1.329004e-16
    outer loop
      vertex   -3.800000e+00 5.360640e+00 1.901491e+00
      vertex   -3.800000e+00 8.013630e+00 3.296472e+00
      vertex   -3.800000e+00 5.503031e+00 1.438326e+00
    endloop
  endfacet
  facet normal -1.000000e+00 -4.061460e-16 -1.682312e-16
    outer loop
      vertex   -3.800000e+00 5.503031e+00 1.438326e+00
      vertex   -3.800000e+00 8.013630e+00 3.296472e+00
      vertex   -3.800000e+00 8.053590e+00 3.200000e+00
    endloop
  endfacet
  facet normal -1.000000e+00 -4.544425e-16 -9.830727e-17
    outer loop
      vertex   -3.800000e+00 5.503031e+00 1.438326e+00
      vertex   -3.800000e+00 8.053590e+00 3.200000e+00
      vertex   -3.800000e+00 5.605483e+00 9.647230e-01
    endloop
  endfacet
  facet normal -1.000000e+00 -3.200032e-16 -2.455471e-16
    outer loop
      vertex   -3.800000e+00 5.605483e+00 9.647230e-01
      vertex   -3.800000e+00 8.053590e+00 3.200000e+00
      vertex   -3.800000e+00 8.117157e+00 3.117157e+00
    endloop
  endfacet
  facet normal -1.000000e+00 -2.505779e-16 -3.265594e-16
    outer loop
      vertex   -3.800000e+00 5.605483e+00 9.647230e-01
      vertex   -3.800000e+00 8.117157e+00 3.117157e+00
      vertex   -3.800000e+00 8.200000e+00 3.053590e+00
    endloop
  endfacet
  facet normal -1.000000e+00 -4.653412e-16 -5.980851e-17
    outer loop
      vertex   -3.800000e+00 5.605483e+00 9.647230e-01
      vertex   -3.800000e+00 8.200000e+00 3.053590e+00
      vertex   -3.800000e+00 5.667254e+00 4.841182e-01
    endloop
  endfacet
  facet normal -1.000000e+00 -1.525032e-16 -3.681752e-16
    outer loop
      vertex   -3.800000e+00 5.667254e+00 4.841182e-01
      vertex   -3.800000e+00 8.200000e+00 3.053590e+00
      vertex   -3.800000e+00 8.296472e+00 3.013630e+00
    endloop
  endfacet
  facet normal -1.000000e+00 -4.867509e-16 -2.075226e-17
    outer loop
      vertex   -3.800000e+00 5.667254e+00 4.841182e-01
      vertex   -3.800000e+00 8.296472e+00 3.013630e+00
      vertex   -3.800000e+00 5.687894e+00 1.573288e-15
    endloop
  endfacet
  facet normal -1.000000e+00 1.535075e-14 -1.372960e-14
    outer loop
      vertex   -3.800000e+00 5.687894e+00 1.573288e-15
      vertex   -3.800000e+00 8.296472e+00 3.013630e+00
      vertex   -3.800000e+00 8.400000e+00 3.000000e+00
    endloop
  endfacet
  facet normal -1.000000e+00 1.718476e-16 -7.326595e-18
    outer loop
      vertex   -3.800000e+00 5.687894e+00 1.573288e-15
      vertex   -3.800000e+00 8.400000e+00 3.000000e+00
      vertex   -3.800000e+00 5.667254e+00 -4.841182e-01
    endloop
  endfacet
  facet normal -1.000000e+00 1.943543e-16 -2.497961e-17
    outer loop
      vertex   -3.800000e+00 5.667254e+00 -4.841182e-01
      vertex   -3.800000e+00 8.400000e+00 3.000000e+00
      vertex   -3.800000e+00 5.605483e+00 -9.647230e-01
    endloop
  endfacet
  facet normal -1.000000e+00 -1.233581e-16 1.989585e-16
    outer loop
      vertex   -3.800000e+00 5.605483e+00 -9.647230e-01
      vertex   -3.800000e+00 8.400000e+00 3.000000e+00
      vertex   -3.800000e+00 1.200000e+01 3.000000e+00
    endloop
  endfacet
  facet normal -1.000000e+00 0.000000e+00 -0.000000e+00
    outer loop
      vertex   -3.800000e+00 5.605483e+00 -9.647230e-01
      vertex   -3.800000e+00 1.200000e+01 3.000000e+00
      vertex   -3.800000e+00 5.503031e+00 -1.438326e+00
    endloop
  endfacet
  facet normal -1.000000e+00 0.000000e+00 -0.000000e+00
    outer loop
      vertex   -3.800000e+00 5.503031e+00 -1.438326e+00
      vertex   -3.800000e+00 1.200000e+01 3.000000e+00
      vertex   -3.800000e+00 5.360640e+00 -1.901491e+00
    endloop
  endfacet
  facet normal -1.000000e+00 -6.345441e-17 8.595275e-17
    outer loop
      vertex   -3.800000e+00 5.360640e+00 -1.901491e+00
      vertex   -3.800000e+00 1.200000e+01 3.000000e+00
      vertex   -3.800000e+00 1.200000e+01 -1.250000e+01
    endloop
  endfacet
  facet normal -1.000000e+00 8.375224e-16 6.503632e-16
    outer loop
      vertex   -3.800000e+00 5.360640e+00 -1.901491e+00
      vertex   -3.800000e+00 1.200000e+01 -1.250000e+01
      vertex   -3.800000e+00 5.179345e+00 -2.350855e+00
    endloop
  endfacet
  facet normal -1.000000e+00 -7.426615e-17 3.760264e-17
    outer loop
      vertex   -3.800000e+00 5.179345e+00 -2.350855e+00
      vertex   -3.800000e+00 1.200000e+01 -1.250000e+01
      vertex   -3.800000e+00 4.960460e+00 -2.783158e+00
    endloop
  endfacet
  facet normal -1.000000e+00 -6.806286e-17 4.209672e-17
    outer loop
      vertex   -3.800000e+00 4.960460e+00 -2.783158e+00
      vertex   -3.800000e+00 1.200000e+01 -1.250000e+01
      vertex   -3.800000e+00 4.705575e+00 -3.195262e+00
    endloop
  endfacet
  facet normal -1.000000e+00 -6.250557e-17 4.645335e-17
    outer loop
      vertex   -3.800000e+00 4.705575e+00 -3.195262e+00
      vertex   -3.800000e+00 1.200000e+01 -1.250000e+01
      vertex   -3.800000e+00 4.416538e+00 -3.584177e+00
    endloop
  endfacet
  facet normal -1.000000e+00 -5.740544e-17 5.079132e-17
    outer loop
      vertex   -3.800000e+00 4.416538e+00 -3.584177e+00
      vertex   -3.800000e+00 1.200000e+01 -1.250000e+01
      vertex   -3.800000e+00 4.095449e+00 -3.947079e+00
    endloop
  endfacet
  facet normal -1.000000e+00 -5.261375e-17 5.521977e-17
    outer loop
      vertex   -3.800000e+00 4.095449e+00 -3.947079e+00
      vertex   -3.800000e+00 1.200000e+01 -1.250000e+01
      vertex   -3.800000e+00 3.744636e+00 -4.281335e+00
    endloop
  endfacet
  facet normal -1.000000e+00 -4.800491e-17 5.984919e-17
    outer loop
      vertex   -3.800000e+00 3.744636e+00 -4.281335e+00
      vertex   -3.800000e+00 1.200000e+01 -1.250000e+01
      vertex   -3.800000e+00 3.366647e+00 -4.584520e+00
    endloop
  endfacet
  facet normal -1.000000e+00 -4.346389e-17 6.480205e-17
    outer loop
      vertex   -3.800000e+00 3.366647e+00 -4.584520e+00
      vertex   -3.800000e+00 1.200000e+01 -1.250000e+01
      vertex   -3.800000e+00 2.964225e+00 -4.854432e+00
    endloop
  endfacet
  facet normal -1.000000e+00 0.000000e+00 1.161690e-16
    outer loop
      vertex   -3.800000e+00 2.964225e+00 -4.854432e+00
      vertex   -3.800000e+00 1.200000e+01 -1.250000e+01
      vertex   -3.800000e+00 -1.250385e+00 -1.250000e+01
    endloop
  endfacet
  facet normal -1.000000e+00 -9.255127e-17 1.671878e-16
    outer loop
      vertex   -3.800000e+00 2.964225e+00 -4.854432e+00
      vertex   -3.800000e+00 -1.250385e+00 -1.250000e+01
      vertex   -3.800000e+00 2.540289e+00 -5.089112e+00
    endloop
  endfacet
  facet normal -1.000000e+00 -6.945423e-17 1.553737e-16
    outer loop
      vertex   -3.800000e+00 2.540289e+00 -5.089112e+00
      vertex   -3.800000e+00 -1.250385e+00 -1.250000e+01
      vertex   -3.800000e+00 2.097917e+00 -5.286859e+00
    endloop
  endfacet
  facet normal -1.000000e+00 -5.115700e-17 1.468802e-16
    outer loop
      vertex   -3.800000e+00 2.097917e+00 -5.286859e+00
      vertex   -3.800000e+00 -1.250385e+00 -1.250000e+01
      vertex   -3.800000e+00 1.640320e+00 -5.446236e+00
    endloop
  endfacet
  facet normal -1.000000e+00 3.072533e-16 0.000000e+00
    outer loop
      vertex   -3.800000e+00 1.640320e+00 -5.446236e+00
      vertex   -3.800000e+00 -1.250385e+00 -1.250000e+01
      vertex   -3.800000e+00 -1.250385e+00 -8.500000e+00
    endloop
  endfacet
  facet normal -1.000000e+00 -9.790238e-17 3.835218e-16
    outer loop
      vertex   -3.800000e+00 1.640320e+00 -5.446236e+00
      vertex   -3.800000e+00 -1.250385e+00 -8.500000e+00
      vertex   -3.800000e+00 1.170818e+00 -5.566087e+00
    endloop
  endfacet
  facet normal -1.000000e+00 -5.832071e-17 3.508572e-16
    outer loop
      vertex   -3.800000e+00 1.170818e+00 -5.566087e+00
      vertex   -3.800000e+00 -1.250385e+00 -8.500000e+00
      vertex   -3.800000e+00 6.928182e-01 -5.645541e+00
    endloop
  endfacet
  facet normal -1.000000e+00 -2.621076e-17 3.289980e-16
    outer loop
      vertex   -3.800000e+00 6.928182e-01 -5.645541e+00
      vertex   -3.800000e+00 -1.250385e+00 -8.500000e+00
      vertex   -3.800000e+00 2.097907e-01 -5.684023e+00
    endloop
  endfacet
  facet normal -1.000000e+00 1.797671e-18 3.144747e-16
    outer loop
      vertex   -3.800000e+00 2.097907e-01 -5.684023e+00
      vertex   -3.800000e+00 -1.250385e+00 -8.500000e+00
      vertex   -3.800000e+00 -2.747594e-01 -5.681253e+00
    endloop
  endfacet
  facet normal -1.000000e+00 2.785297e-17 3.054565e-16
    outer loop
      vertex   -3.800000e+00 -2.747594e-01 -5.681253e+00
      vertex   -3.800000e+00 -1.250385e+00 -8.500000e+00
      vertex   -3.800000e+00 -7.573155e-01 -5.637252e+00
    endloop
  endfacet
  facet normal -1.000000e+00 5.358097e-17 3.010252e-16
    outer loop
      vertex   -3.800000e+00 -7.573155e-01 -5.637252e+00
      vertex   -3.800000e+00 -1.250385e+00 -8.500000e+00
      vertex   -3.800000e+00 -1.234375e+00 -5.552337e+00
    endloop
  endfacet
  facet normal -1.000000e+00 8.048091e-17 3.008791e-16
    outer loop
      vertex   -3.800000e+00 -1.234375e+00 -5.552337e+00
      vertex   -3.800000e+00 -1.250385e+00 -8.500000e+00
      vertex   -3.800000e+00 -1.702477e+00 -5.427127e+00
    endloop
  endfacet
  facet normal -1.000000e+00 1.102478e-16 3.052585e-16
    outer loop
      vertex   -3.800000e+00 -1.702477e+00 -5.427127e+00
      vertex   -3.800000e+00 -1.250385e+00 -8.500000e+00
      vertex   -3.800000e+00 -2.158222e+00 -5.262529e+00
    endloop
  endfacet
  facet normal -1.000000e+00 1.451773e-16 3.150533e-16
    outer loop
      vertex   -3.800000e+00 -2.158222e+00 -5.262529e+00
      vertex   -3.800000e+00 -1.250385e+00 -8.500000e+00
      vertex   -3.800000e+00 -2.598304e+00 -5.059738e+00
    endloop
  endfacet
  facet normal -1.000000e+00 1.888778e-16 3.321754e-16
    outer loop
      vertex   -3.800000e+00 -2.598304e+00 -5.059738e+00
      vertex   -3.800000e+00 -1.250385e+00 -8.500000e+00
      vertex   -3.800000e+00 -3.019529e+00 -4.820226e+00
    endloop
  endfacet
  facet normal -1.000000e+00 -7.723807e-17 2.042335e-16
    outer loop
      vertex   -3.800000e+00 -3.019529e+00 -4.820226e+00
      vertex   -3.800000e+00 -1.250385e+00 -8.500000e+00
      vertex   -3.800000e+00 -7.000000e+00 -8.500000e+00
    endloop
  endfacet
  facet normal -1.000000e+00 4.758027e-17 6.921548e-17
    outer loop
      vertex   -3.800000e+00 -3.019529e+00 -4.820226e+00
      vertex   -3.800000e+00 -7.000000e+00 -8.500000e+00
      vertex   -3.800000e+00 -3.418840e+00 -4.545731e+00
    endloop
  endfacet
  facet normal -1.000000e+00 5.288533e-17 6.441098e-17
    outer loop
      vertex   -3.800000e+00 -3.418840e+00 -4.545731e+00
      vertex   -3.800000e+00 -7.000000e+00 -8.500000e+00
      vertex   -3.800000e+00 -3.793338e+00 -4.238245e+00
    endloop
  endfacet
  facet normal -1.000000e+00 1.432096e-17 9.342788e-17
    outer loop
      vertex   -3.800000e+00 -3.793338e+00 -4.238245e+00
      vertex   -3.800000e+00 -7.000000e+00 -8.500000e+00
      vertex   -3.800000e+00 -6.000000e+00 -3.900000e+00
    endloop
  endfacet
  facet normal -1.000000e+00 0.000000e+00 0.000000e+00
    outer loop
      vertex   -3.800000e+00 -3.793338e+00 -4.238245e+00
      vertex   -3.800000e+00 -6.000000e+00 -3.900000e+00
      vertex   -3.800000e+00 -4.140306e+00 -3.900000e+00
    endloop
  endfacet
  facet normal -1.000000e+00 -3.469447e-17 1.040834e-16
    outer loop
      vertex   -3.800000e+00 -7.000000e+00 -8.500000e+00
      vertex   -3.800000e+00 -7.000000e+00 -4.233333e+00
      vertex   -3.800000e+00 -6.000000e+00 -3.900000e+00
    endloop
  endfacet
  facet normal -1.000000e+00 0.000000e+00 0.000000e+00
    outer loop
      vertex   -3.800000e+00 4.960460e+00 2.783158e+00
      vertex   -3.800000e+00 4.705575e+00 3.195262e+00
      vertex   -3.800000e+00 8.000000e+00 3.400000e+00
    endloop
  endfacet
  facet normal -1.000000e+00 -0.000000e+00 0.000000e+00
    outer loop
      vertex   -3.800000e+00 8.000000e+00 3.400000e+00
      vertex   -3.800000e+00 4.705575e+00 3.195262e+00
      vertex   -3.800000e+00 4.416538e+00 3.584177e+00
    endloop
  endfacet
  facet normal -1.000000e+00 0.000000e+00 0.000000e+00
    outer loop
      vertex   -3.800000e+00 8.000000e+00 3.400000e+00
      vertex   -3.800000e+00 4.416538e+00 3.584177e+00
      vertex   -3.800000e+00 4.095449e+00 3.947079e+00
    endloop
  endfacet
  facet normal -1.000000e+00 -2.702117e-17 -4.028695e-17
    outer loop
      vertex   -3.800000e+00 3.366647e+00 4.584520e+00
      vertex   -3.800000e+00 2.964225e+00 4.854432e+00
      vertex   -3.800000e+00 8.000000e+00 1.250000e+01
    endloop
  endfacet
  facet normal -1.000000e+00 -2.356287e-17 -4.256478e-17
    outer loop
      vertex   -3.800000e+00 8.000000e+00 1.250000e+01
      vertex   -3.800000e+00 2.964225e+00 4.854432e+00
      vertex   -3.800000e+00 2.540289e+00 5.089112e+00
    endloop
  endfacet
  facet normal -1.000000e+00 -2.015075e-17 -4.507854e-17
    outer loop
      vertex   -3.800000e+00 8.000000e+00 1.250000e+01
      vertex   -3.800000e+00 2.540289e+00 5.089112e+00
      vertex   -3.800000e+00 2.097917e+00 5.286859e+00
    endloop
  endfacet
  facet normal -1.000000e+00 -1.920306e-16 9.556048e-17
    outer loop
      vertex   -3.800000e+00 8.000000e+00 1.250000e+01
      vertex   -3.800000e+00 2.097917e+00 5.286859e+00
      vertex   -3.800000e+00 -1.250385e+00 1.250000e+01
    endloop
  endfacet
  facet normal -1.000000e+00 7.673550e-17 2.203203e-16
    outer loop
      vertex   -3.800000e+00 -1.250385e+00 1.250000e+01
      vertex   -3.800000e+00 2.097917e+00 5.286859e+00
      vertex   -3.800000e+00 1.640320e+00 5.446236e+00
    endloop
  endfacet
  facet normal -1.000000e+00 5.384718e-17 2.109404e-16
    outer loop
      vertex   -3.800000e+00 -1.250385e+00 1.250000e+01
      vertex   -3.800000e+00 1.640320e+00 5.446236e+00
      vertex   -3.800000e+00 1.170818e+00 5.566087e+00
    endloop
  endfacet
  facet normal -1.000000e+00 -5.502504e-16 -1.016198e-31
    outer loop
      vertex   -3.800000e+00 -1.250385e+00 1.250000e+01
      vertex   -3.800000e+00 1.170818e+00 5.566087e+00
      vertex   -3.800000e+00 -1.250385e+00 7.690696e+00
    endloop
  endfacet
  facet normal -1.000000e+00 1.285918e-16 7.736077e-16
    outer loop
      vertex   -3.800000e+00 -1.250385e+00 7.690696e+00
      vertex   -3.800000e+00 1.170818e+00 5.566087e+00
      vertex   -3.800000e+00 6.928182e-01 5.645541e+00
    endloop
  endfacet
  facet normal -1.000000e+00 5.614838e-17 7.047756e-16
    outer loop
      vertex   -3.800000e+00 -1.250385e+00 7.690696e+00
      vertex   -3.800000e+00 6.928182e-01 5.645541e+00
      vertex   -3.800000e+00 2.097907e-01 5.684023e+00
    endloop
  endfacet
  facet normal -1.000000e+00 -3.779520e-18 6.611685e-16
    outer loop
      vertex   -3.800000e+00 2.097907e-01 5.684023e+00
      vertex   -3.800000e+00 -2.747594e-01 5.681253e+00
      vertex   -3.800000e+00 -1.250385e+00 7.690696e+00
    endloop
  endfacet
  facet normal -1.000000e+00 -5.789277e-17 6.348954e-16
    outer loop
      vertex   -3.800000e+00 -1.250385e+00 7.690696e+00
      vertex   -3.800000e+00 -2.747594e-01 5.681253e+00
      vertex   -3.800000e+00 -7.573155e-01 5.637252e+00
    endloop
  endfacet
  facet normal -1.000000e+00 -1.107491e-16 6.222036e-16
    outer loop
      vertex   -3.800000e+00 -1.250385e+00 7.690696e+00
      vertex   -3.800000e+00 -7.573155e-01 5.637252e+00
      vertex   -3.800000e+00 -1.234375e+00 5.552337e+00
    endloop
  endfacet
  facet normal -1.000000e+00 -1.663194e-16 6.217876e-16
    outer loop
      vertex   -3.800000e+00 -1.234375e+00 5.552337e+00
      vertex   -3.800000e+00 -1.702477e+00 5.427127e+00
      vertex   -3.800000e+00 -1.250385e+00 7.690696e+00
    endloop
  endfacet
  facet normal -1.000000e+00 -2.290943e-16 6.343253e-16
    outer loop
      vertex   -3.800000e+00 -1.250385e+00 7.690696e+00
      vertex   -3.800000e+00 -1.702477e+00 5.427127e+00
      vertex   -3.800000e+00 -2.158222e+00 5.262529e+00
    endloop
  endfacet
  facet normal -1.000000e+00 -3.054543e-16 6.628746e-16
    outer loop
      vertex   -3.800000e+00 -1.250385e+00 7.690696e+00
      vertex   -3.800000e+00 -2.158222e+00 5.262529e+00
      vertex   -3.800000e+00 -2.598304e+00 5.059738e+00
    endloop
  endfacet
  facet normal -1.000000e+00 -4.062918e-16 7.145367e-16
    outer loop
      vertex   -3.800000e+00 -2.598304e+00 5.059738e+00
      vertex   -3.800000e+00 -3.019529e+00 4.820226e+00
      vertex   -3.800000e+00 -1.250385e+00 7.690696e+00
    endloop
  endfacet
  facet normal -1.000000e+00 2.020004e-16 3.396307e-16
    outer loop
      vertex   -3.800000e+00 -1.250385e+00 7.690696e+00
      vertex   -3.800000e+00 -3.019529e+00 4.820226e+00
      vertex   -3.800000e+00 -7.000000e+00 7.187670e+00
    endloop
  endfacet
  facet normal -1.000000e+00 0.000000e+00 0.000000e+00
    outer loop
      vertex   -3.800000e+00 -7.000000e+00 7.187670e+00
      vertex   -3.800000e+00 -3.019529e+00 4.820226e+00
      vertex   -3.800000e+00 -3.418840e+00 4.545731e+00
    endloop
  endfacet
  facet normal -1.000000e+00 0.000000e+00 0.000000e+00
    outer loop
      vertex   -3.800000e+00 -7.000000e+00 7.187670e+00
      vertex   -3.800000e+00 -3.418840e+00 4.545731e+00
      vertex   -3.800000e+00 -3.793338e+00 4.238245e+00
    endloop
  endfacet
  facet normal -1.000000e+00 0.000000e+00 0.000000e+00
    outer loop
      vertex   -3.800000e+00 -4.140306e+00 3.900000e+00
      vertex   -3.800000e+00 -6.000000e+00 3.900000e+00
      vertex   -3.800000e+00 -3.793338e+00 4.238245e+00
    endloop
  endfacet
  facet normal -1.000000e+00 -0.000000e+00 0.000000e+00
    outer loop
      vertex   -3.800000e+00 -3.793338e+00 4.238245e+00
      vertex   -3.800000e+00 -6.000000e+00 3.900000e+00
      vertex   -3.800000e+00 -7.000000e+00 7.187670e+00
    endloop
  endfacet
  facet normal -1.000000e+00 0.000000e+00 0.000000e+00
    outer loop
      vertex   -3.800000e+00 -6.000000e+00 3.900000e+00
      vertex   -3.800000e+00 -7.000000e+00 4.233333e+00
      vertex   -3.800000e+00 -7.000000e+00 7.187670e+00
    endloop
  endfacet
  facet normal 4.389418e-01 -8.985155e-01 0.000000e+00
    outer loop
      vertex   3.800000e+00 -1.250385e+00 1.250000e+01
      vertex   2.222416e+00 -2.021064e+00 1.250000e+01
      vertex   3.800000e+00 -1.250385e+00 7.690696e+00
    endloop
  endfacet
  facet normal 4.389418e-01 -8.985155e-01 -1.173694e-16
    outer loop
      vertex   3.800000e+00 -1.250385e+00 7.690696e+00
      vertex   2.222416e+00 -2.021064e+00 1.250000e+01
      vertex   2.222416e+00 -2.021064e+00 7.623270e+00
    endloop
  endfacet
  facet normal 1.000000e+00 -6.837665e-18 -4.880101e-17
    outer loop
      vertex   3.800000e+00 8.000000e+00 1.250000e+01
      vertex   3.800000e+00 4.095449e+00 3.947079e+00
      vertex   3.800000e+00 8.000000e+00 3.400000e+00
    endloop
  endfacet
  facet normal 1.000000e+00 0.000000e+00 0.000000e+00
    outer loop
      vertex   3.800000e+00 8.000000e+00 3.400000e+00
      vertex   3.800000e+00 4.095449e+00 3.947079e+00
      vertex   3.800000e+00 4.416538e+00 3.584177e+00
    endloop
  endfacet
  facet normal 1.000000e+00 0.000000e+00 0.000000e+00
    outer loop
      vertex   3.800000e+00 8.000000e+00 3.400000e+00
      vertex   3.800000e+00 4.416538e+00 3.584177e+00
      vertex   3.800000e+00 4.705575e+00 3.195262e+00
    endloop
  endfacet
  facet normal 1.000000e+00 -4.800765e-17 -2.228490e-17
    outer loop
      vertex   3.800000e+00 -1.250385e+00 1.250000e+01
      vertex   3.800000e+00 2.097917e+00 5.286859e+00
      vertex   3.800000e+00 8.000000e+00 1.250000e+01
    endloop
  endfacet
  facet normal 1.000000e+00 -2.015075e-17 -4.507854e-17
    outer loop
      vertex   3.800000e+00 8.000000e+00 1.250000e+01
      vertex   3.800000e+00 2.097917e+00 5.286859e+00
      vertex   3.800000e+00 2.540289e+00 5.089112e+00
    endloop
  endfacet
  facet normal 1.000000e+00 -2.356287e-17 -4.256478e-17
    outer loop
      vertex   3.800000e+00 8.000000e+00 1.250000e+01
      vertex   3.800000e+00 2.540289e+00 5.089112e+00
      vertex   3.800000e+00 2.964225e+00 4.854432e+00
    endloop
  endfacet
  facet normal 1.000000e+00 -0.000000e+00 0.000000e+00
    outer loop
      vertex   3.800000e+00 -1.250385e+00 7.690696e+00
      vertex   3.800000e+00 1.170818e+00 5.566087e+00
      vertex   3.800000e+00 -1.250385e+00 1.250000e+01
    endloop
  endfacet
  facet normal 1.000000e+00 0.000000e+00 0.000000e+00
    outer loop
      vertex   3.800000e+00 -1.250385e+00 1.250000e+01
      vertex   3.800000e+00 1.170818e+00 5.566087e+00
      vertex   3.800000e+00 1.640320e+00 5.446236e+00
    endloop
  endfacet
  facet normal 1.000000e+00 0.000000e+00 0.000000e+00
    outer loop
      vertex   3.800000e+00 -1.250385e+00 1.250000e+01
      vertex   3.800000e+00 1.640320e+00 5.446236e+00
      vertex   3.800000e+00 2.097917e+00 5.286859e+00
    endloop
  endfacet
  facet normal 1.000000e+00 -0.000000e+00 0.000000e+00
    outer loop
      vertex   3.800000e+00 -7.000000e+00 7.187670e+00
      vertex   3.800000e+00 -3.019529e+00 4.820226e+00
      vertex   3.800000e+00 -1.250385e+00 7.690696e+00
    endloop
  endfacet
  facet normal 1.000000e+00 0.000000e+00 0.000000e+00
    outer loop
      vertex   3.800000e+00 -1.250385e+00 7.690696e+00
      vertex   3.800000e+00 -3.019529e+00 4.820226e+00
      vertex   3.800000e+00 -2.598304e+00 5.059738e+00
    endloop
  endfacet
  facet normal 1.000000e+00 0.000000e+00 0.000000e+00
    outer loop
      vertex   3.800000e+00 -1.250385e+00 7.690696e+00
      vertex   3.800000e+00 -2.598304e+00 5.059738e+00
      vertex   3.800000e+00 -2.158222e+00 5.262529e+00
    endloop
  endfacet
  facet normal 1.000000e+00 -0.000000e+00 -0.000000e+00
    outer loop
      vertex   3.800000e+00 -7.000000e+00 4.233333e+00
      vertex   3.800000e+00 -6.000000e+00 3.900000e+00
      vertex   3.800000e+00 -7.000000e+00 7.187670e+00
    endloop
  endfacet
  facet normal 1.000000e+00 0.000000e+00 0.000000e+00
    outer loop
      vertex   3.800000e+00 -7.000000e+00 7.187670e+00
      vertex   3.800000e+00 -6.000000e+00 3.900000e+00
      vertex   3.800000e+00 -3.793338e+00 4.238245e+00
    endloop
  endfacet
  facet normal 1.000000e+00 0.000000e+00 0.000000e+00
    outer loop
      vertex   3.800000e+00 -7.000000e+00 7.187670e+00
      vertex   3.800000e+00 -3.793338e+00 4.238245e+00
      vertex   3.800000e+00 -3.418840e+00 4.545731e+00
    endloop
  endfacet
  facet normal 1.000000e+00 0.000000e+00 0.000000e+00
    outer loop
      vertex   3.800000e+00 -6.000000e+00 3.900000e+00
      vertex   3.800000e+00 -4.140306e+00 3.900000e+00
      vertex   3.800000e+00 -3.793338e+00 4.238245e+00
    endloop
  endfacet
  facet normal 1.000000e+00 0.000000e+00 -0.000000e+00
    outer loop
      vertex   3.800000e+00 -3.418840e+00 4.545731e+00
      vertex   3.800000e+00 -3.019529e+00 4.820226e+00
      vertex   3.800000e+00 -7.000000e+00 7.187670e+00
    endloop
  endfacet
  facet normal 1.000000e+00 0.000000e+00 0.000000e+00
    outer loop
      vertex   3.800000e+00 -2.158222e+00 5.262529e+00
      vertex   3.800000e+00 -1.702477e+00 5.427127e+00
      vertex   3.800000e+00 -1.250385e+00 7.690696e+00
    endloop
  endfacet
  facet normal 1.000000e+00 0.000000e+00 0.000000e+00
    outer loop
      vertex   3.800000e+00 -1.250385e+00 7.690696e+00
      vertex   3.800000e+00 -1.702477e+00 5.427127e+00
      vertex   3.800000e+00 -1.234375e+00 5.552337e+00
    endloop
  endfacet
  facet normal 1.000000e+00 0.000000e+00 0.000000e+00
    outer loop
      vertex   3.800000e+00 -1.250385e+00 7.690696e+00
      vertex   3.800000e+00 -1.234375e+00 5.552337e+00
      vertex   3.800000e+00 -7.573155e-01 5.637252e+00
    endloop
  endfacet
  facet normal 1.000000e+00 0.000000e+00 -0.000000e+00
    outer loop
      vertex   3.800000e+00 -7.573155e-01 5.637252e+00
      vertex   3.800000e+00 -2.747594e-01 5.681253e+00
      vertex   3.800000e+00 -1.250385e+00 7.690696e+00
    endloop
  endfacet
  facet normal 1.000000e+00 0.000000e+00 0.000000e+00
    outer loop
      vertex   3.800000e+00 -1.250385e+00 7.690696e+00
      vertex   3.800000e+00 -2.747594e-01 5.681253e+00
      vertex   3.800000e+00 2.097907e-01 5.684023e+00
    endloop
  endfacet
  facet normal 1.000000e+00 0.000000e+00 0.000000e+00
    outer loop
      vertex   3.800000e+00 -1.250385e+00 7.690696e+00
      vertex   3.800000e+00 2.097907e-01 5.684023e+00
      vertex   3.800000e+00 6.928182e-01 5.645541e+00
    endloop
  endfacet
  facet normal 1.000000e+00 -0.000000e+00 -0.000000e+00
    outer loop
      vertex   3.800000e+00 6.928182e-01 5.645541e+00
      vertex   3.800000e+00 1.170818e+00 5.566087e+00
      vertex   3.800000e+00 -1.250385e+00 7.690696e+00
    endloop
  endfacet
  facet normal 1.000000e+00 -2.702117e-17 -4.028695e-17
    outer loop
      vertex   3.800000e+00 2.964225e+00 4.854432e+00
      vertex   3.800000e+00 3.366647e+00 4.584520e+00
      vertex   3.800000e+00 8.000000e+00 1.250000e+01
    endloop
  endfacet
  facet normal 1.000000e+00 -3.062299e-17 -3.817862e-17
    outer loop
      vertex   3.800000e+00 8.000000e+00 1.250000e+01
      vertex   3.800000e+00 3.366647e+00 4.584520e+00
      vertex   3.800000e+00 3.744636e+00 4.281335e+00
    endloop
  endfacet
  facet normal 1.000000e+00 -3.447601e-17 -3.618365e-17
    outer loop
      vertex   3.800000e+00 8.000000e+00 1.250000e+01
      vertex   3.800000e+00 3.744636e+00 4.281335e+00
      vertex   3.800000e+00 4.095449e+00 3.947079e+00
    endloop
  endfacet
  facet normal 1.000000e+00 -0.000000e+00 0.000000e+00
    outer loop
      vertex   3.800000e+00 4.705575e+00 3.195262e+00
      vertex   3.800000e+00 4.960460e+00 2.783158e+00
      vertex   3.800000e+00 8.000000e+00 3.400000e+00
    endloop
  endfacet
  facet normal 1.000000e+00 0.000000e+00 0.000000e+00
    outer loop
      vertex   3.800000e+00 8.000000e+00 3.400000e+00
      vertex   3.800000e+00 4.960460e+00 2.783158e+00
      vertex   3.800000e+00 5.179345e+00 2.350855e+00
    endloop
  endfacet
  facet normal 1.000000e+00 0.000000e+00 0.000000e+00
    outer loop
      vertex   3.800000e+00 8.000000e+00 3.400000e+00
      vertex   3.800000e+00 5.179345e+00 2.350855e+00
      vertex   3.800000e+00 5.360640e+00 1.901491e+00
    endloop
  endfacet
  facet normal 1.000000e+00 -2.266047e-15 3.991242e-15
    outer loop
      vertex   3.800000e+00 8.000000e+00 3.400000e+00
      vertex   3.800000e+00 5.360640e+00 1.901491e+00
      vertex   3.800000e+00 8.013630e+00 3.296472e+00
    endloop
  endfacet
  facet normal 1.000000e+00 -1.440983e-16 -4.430013e-17
    outer loop
      vertex   3.800000e+00 8.013630e+00 3.296472e+00
      vertex   3.800000e+00 5.360640e+00 1.901491e+00
      vertex   3.800000e+00 5.503031e+00 1.438326e+00
    endloop
  endfacet
  facet normal 1.000000e+00 -1.353820e-16 -5.607706e-17
    outer loop
      vertex   3.800000e+00 8.013630e+00 3.296472e+00
      vertex   3.800000e+00 5.503031e+00 1.438326e+00
      vertex   3.800000e+00 8.053590e+00 3.200000e+00
    endloop
  endfacet
  facet normal 1.000000e+00 -1.514808e-16 -3.276909e-17
    outer loop
      vertex   3.800000e+00 8.053590e+00 3.200000e+00
      vertex   3.800000e+00 5.503031e+00 1.438326e+00
      vertex   3.800000e+00 5.605483e+00 9.647230e-01
    endloop
  endfacet
  facet normal 1.000000e+00 -1.066677e-16 -8.184903e-17
    outer loop
      vertex   3.800000e+00 8.053590e+00 3.200000e+00
      vertex   3.800000e+00 5.605483e+00 9.647230e-01
      vertex   3.800000e+00 8.117157e+00 3.117157e+00
    endloop
  endfacet
  facet normal 1.000000e+00 -8.352595e-17 -1.088531e-16
    outer loop
      vertex   3.800000e+00 8.117157e+00 3.117157e+00
      vertex   3.800000e+00 5.605483e+00 9.647230e-01
      vertex   3.800000e+00 8.200000e+00 3.053590e+00
    endloop
  endfacet
  facet normal 1.000000e+00 -1.551137e-16 -1.993617e-17
    outer loop
      vertex   3.800000e+00 8.200000e+00 3.053590e+00
      vertex   3.800000e+00 5.605483e+00 9.647230e-01
      vertex   3.800000e+00 5.667254e+00 4.841182e-01
    endloop
  endfacet
  facet normal 1.000000e+00 -5.083439e-17 -1.227251e-16
    outer loop
      vertex   3.800000e+00 8.200000e+00 3.053590e+00
      vertex   3.800000e+00 5.667254e+00 4.841182e-01
      vertex   3.800000e+00 8.296472e+00 3.013630e+00
    endloop
  endfacet
  facet normal 1.000000e+00 -1.622503e-16 -6.917420e-18
    outer loop
      vertex   3.800000e+00 8.296472e+00 3.013630e+00
      vertex   3.800000e+00 5.667254e+00 4.841182e-01
      vertex   3.800000e+00 5.687894e+00 3.040844e-16
    endloop
  endfacet
  facet normal 1.000000e+00 3.833335e-15 -3.465470e-15
    outer loop
      vertex   3.800000e+00 8.296472e+00 3.013630e+00
      vertex   3.800000e+00 5.687894e+00 3.040844e-16
      vertex   3.800000e+00 8.400000e+00 3.000000e+00
    endloop
  endfacet
  facet normal 1.000000e+00 0.000000e+00 0.000000e+00
    outer loop
      vertex   3.800000e+00 8.400000e+00 3.000000e+00
      vertex   3.800000e+00 5.687894e+00 3.040844e-16
      vertex   3.800000e+00 5.667254e+00 -4.841182e-01
    endloop
  endfacet
  facet normal 1.000000e+00 0.000000e+00 0.000000e+00
    outer loop
      vertex   3.800000e+00 8.400000e+00 3.000000e+00
      vertex   3.800000e+00 5.667254e+00 -4.841182e-01
      vertex   3.800000e+00 5.605483e+00 -9.647230e-01
    endloop
  endfacet
  facet normal 1.000000e+00 -1.233581e-16 8.694840e-17
    outer loop
      vertex   3.800000e+00 8.400000e+00 3.000000e+00
      vertex   3.800000e+00 5.605483e+00 -9.647230e-01
      vertex   3.800000e+00 1.200000e+01 3.000000e+00
    endloop
  endfacet
  facet normal 1.000000e+00 -8.020614e-17 1.735059e-17
    outer loop
      vertex   3.800000e+00 1.200000e+01 3.000000e+00
      vertex   3.800000e+00 5.605483e+00 -9.647230e-01
      vertex   3.800000e+00 5.503031e+00 -1.438326e+00
    endloop
  endfacet
  facet normal 1.000000e+00 -8.652502e-17 2.660037e-17
    outer loop
      vertex   3.800000e+00 1.200000e+01 3.000000e+00
      vertex   3.800000e+00 5.503031e+00 -1.438326e+00
      vertex   3.800000e+00 5.360640e+00 -1.901491e+00
    endloop
  endfacet
  facet normal 1.000000e+00 -8.803883e-17 2.865092e-17
    outer loop
      vertex   3.800000e+00 1.200000e+01 3.000000e+00
      vertex   3.800000e+00 5.360640e+00 -1.901491e+00
      vertex   3.800000e+00 1.200000e+01 -1.250000e+01
    endloop
  endfacet
  facet normal 1.000000e+00 -8.136992e-17 3.282861e-17
    outer loop
      vertex   3.800000e+00 1.200000e+01 -1.250000e+01
      vertex   3.800000e+00 5.360640e+00 -1.901491e+00
      vertex   3.800000e+00 5.179345e+00 -2.350855e+00
    endloop
  endfacet
  facet normal 1.000000e+00 -7.426615e-17 3.760264e-17
    outer loop
      vertex   3.800000e+00 1.200000e+01 -1.250000e+01
      vertex   3.800000e+00 5.179345e+00 -2.350855e+00
      vertex   3.800000e+00 4.960460e+00 -2.783158e+00
    endloop
  endfacet
  facet normal 1.000000e+00 -6.806286e-17 4.209672e-17
    outer loop
      vertex   3.800000e+00 4.960460e+00 -2.783158e+00
      vertex   3.800000e+00 4.705575e+00 -3.195262e+00
      vertex   3.800000e+00 1.200000e+01 -1.250000e+01
    endloop
  endfacet
  facet normal 1.000000e+00 -6.250557e-17 4.645335e-17
    outer loop
      vertex   3.800000e+00 1.200000e+01 -1.250000e+01
      vertex   3.800000e+00 4.705575e+00 -3.195262e+00
      vertex   3.800000e+00 4.416538e+00 -3.584177e+00
    endloop
  endfacet
  facet normal 1.000000e+00 -5.740544e-17 5.079132e-17
    outer loop
      vertex   3.800000e+00 1.200000e+01 -1.250000e+01
      vertex   3.800000e+00 4.416538e+00 -3.584177e+00
      vertex   3.800000e+00 4.095449e+00 -3.947079e+00
    endloop
  endfacet
  facet normal 1.000000e+00 -5.261375e-17 5.521977e-17
    outer loop
      vertex   3.800000e+00 4.095449e+00 -3.947079e+00
      vertex   3.800000e+00 3.744636e+00 -4.281335e+00
      vertex   3.800000e+00 1.200000e+01 -1.250000e+01
    endloop
  endfacet
  facet normal 1.000000e+00 -4.800491e-17 5.984919e-17
    outer loop
      vertex   3.800000e+00 1.200000e+01 -1.250000e+01
      vertex   3.800000e+00 3.744636e+00 -4.281335e+00
      vertex   3.800000e+00 3.366647e+00 -4.584520e+00
    endloop
  endfacet
  facet normal 1.000000e+00 -4.346389e-17 6.480205e-17
    outer loop
      vertex   3.800000e+00 1.200000e+01 -1.250000e+01
      vertex   3.800000e+00 3.366647e+00 -4.584520e+00
      vertex   3.800000e+00 2.964225e+00 -4.854432e+00
    endloop
  endfacet
  facet normal 1.000000e+00 -3.351519e-17 7.655973e-17
    outer loop
      vertex   3.800000e+00 1.200000e+01 -1.250000e+01
      vertex   3.800000e+00 2.964225e+00 -4.854432e+00
      vertex   3.800000e+00 -1.250385e+00 -1.250000e+01
    endloop
  endfacet
  facet normal 1.000000e+00 -4.627563e-17 8.359391e-17
    outer loop
      vertex   3.800000e+00 -1.250385e+00 -1.250000e+01
      vertex   3.800000e+00 2.964225e+00 -4.854432e+00
      vertex   3.800000e+00 2.540289e+00 -5.089112e+00
    endloop
  endfacet
  facet normal 1.000000e+00 -3.472712e-17 7.768683e-17
    outer loop
      vertex   3.800000e+00 -1.250385e+00 -1.250000e+01
      vertex   3.800000e+00 2.540289e+00 -5.089112e+00
      vertex   3.800000e+00 2.097917e+00 -5.286859e+00
    endloop
  endfacet
  facet normal 1.000000e+00 -2.557850e-17 7.344009e-17
    outer loop
      vertex   3.800000e+00 2.097917e+00 -5.286859e+00
      vertex   3.800000e+00 1.640320e+00 -5.446236e+00
      vertex   3.800000e+00 -1.250385e+00 -1.250000e+01
    endloop
  endfacet
  facet normal 1.000000e+00 1.536266e-16 -0.000000e+00
    outer loop
      vertex   3.800000e+00 -1.250385e+00 -1.250000e+01
      vertex   3.800000e+00 1.640320e+00 -5.446236e+00
      vertex   3.800000e+00 -1.250385e+00 -8.500000e+00
    endloop
  endfacet
  facet normal 1.000000e+00 -4.895119e-17 1.917609e-16
    outer loop
      vertex   3.800000e+00 -1.250385e+00 -8.500000e+00
      vertex   3.800000e+00 1.640320e+00 -5.446236e+00
      vertex   3.800000e+00 1.170818e+00 -5.566087e+00
    endloop
  endfacet
  facet normal 1.000000e+00 -2.916035e-17 1.754286e-16
    outer loop
      vertex   3.800000e+00 -1.250385e+00 -8.500000e+00
      vertex   3.800000e+00 1.170818e+00 -5.566087e+00
      vertex   3.800000e+00 6.928182e-01 -5.645541e+00
    endloop
  endfacet
  facet normal 1.000000e+00 -1.310538e-17 1.644990e-16
    outer loop
      vertex   3.800000e+00 6.928182e-01 -5.645541e+00
      vertex   3.800000e+00 2.097907e-01 -5.684023e+00
      vertex   3.800000e+00 -1.250385e+00 -8.500000e+00
    endloop
  endfacet
  facet normal 1.000000e+00 8.988357e-19 1.572374e-16
    outer loop
      vertex   3.800000e+00 -1.250385e+00 -8.500000e+00
      vertex   3.800000e+00 2.097907e-01 -5.684023e+00
      vertex   3.800000e+00 -2.747594e-01 -5.681253e+00
    endloop
  endfacet
  facet normal 1.000000e+00 1.392648e-17 1.527282e-16
    outer loop
      vertex   3.800000e+00 -1.250385e+00 -8.500000e+00
      vertex   3.800000e+00 -2.747594e-01 -5.681253e+00
      vertex   3.800000e+00 -7.573155e-01 -5.637252e+00
    endloop
  endfacet
  facet normal 1.000000e+00 2.679048e-17 1.505126e-16
    outer loop
      vertex   3.800000e+00 -7.573155e-01 -5.637252e+00
      vertex   3.800000e+00 -1.234375e+00 -5.552337e+00
      vertex   3.800000e+00 -1.250385e+00 -8.500000e+00
    endloop
  endfacet
  facet normal 1.000000e+00 4.024045e-17 1.504395e-16
    outer loop
      vertex   3.800000e+00 -1.250385e+00 -8.500000e+00
      vertex   3.800000e+00 -1.234375e+00 -5.552337e+00
      vertex   3.800000e+00 -1.702477e+00 -5.427127e+00
    endloop
  endfacet
  facet normal 1.000000e+00 5.512390e-17 1.526292e-16
    outer loop
      vertex   3.800000e+00 -1.250385e+00 -8.500000e+00
      vertex   3.800000e+00 -1.702477e+00 -5.427127e+00
      vertex   3.800000e+00 -2.158222e+00 -5.262529e+00
    endloop
  endfacet
  facet normal 1.000000e+00 7.258866e-17 1.575266e-16
    outer loop
      vertex   3.800000e+00 -2.158222e+00 -5.262529e+00
      vertex   3.800000e+00 -2.598304e+00 -5.059738e+00
      vertex   3.800000e+00 -1.250385e+00 -8.500000e+00
    endloop
  endfacet
  facet normal 1.000000e+00 9.443892e-17 1.660877e-16
    outer loop
      vertex   3.800000e+00 -1.250385e+00 -8.500000e+00
      vertex   3.800000e+00 -2.598304e+00 -5.059738e+00
      vertex   3.800000e+00 -3.019529e+00 -4.820226e+00
    endloop
  endfacet
  facet normal 1.000000e+00 -3.728554e-32 1.206838e-16
    outer loop
      vertex   3.800000e+00 -1.250385e+00 -8.500000e+00
      vertex   3.800000e+00 -3.019529e+00 -4.820226e+00
      vertex   3.800000e+00 -7.000000e+00 -8.500000e+00
    endloop
  endfacet
  facet normal 1.000000e+00 4.758027e-17 6.921548e-17
    outer loop
      vertex   3.800000e+00 -7.000000e+00 -8.500000e+00
      vertex   3.800000e+00 -3.019529e+00 -4.820226e+00
      vertex   3.800000e+00 -3.418840e+00 -4.545731e+00
    endloop
  endfacet
  facet normal 1.000000e+00 5.288533e-17 6.441098e-17
    outer loop
      vertex   3.800000e+00 -7.000000e+00 -8.500000e+00
      vertex   3.800000e+00 -3.418840e+00 -4.545731e+00
      vertex   3.800000e+00 -3.793338e+00 -4.238245e+00
    endloop
  endfacet
  facet normal 1.000000e+00 0.000000e+00 -1.312922e-15
    outer loop
      vertex   3.800000e+00 -4.140306e+00 -3.900000e+00
      vertex   3.800000e+00 -6.000000e+00 -3.900000e+00
      vertex   3.800000e+00 -3.793338e+00 -4.238245e+00
    endloop
  endfacet
  facet normal 1.000000e+00 1.947594e-16 -4.233901e-17
    outer loop
      vertex   3.800000e+00 -3.793338e+00 -4.238245e+00
      vertex   3.800000e+00 -6.000000e+00 -3.900000e+00
      vertex   3.800000e+00 -7.000000e+00 -8.500000e+00
    endloop
  endfacet
  facet normal 1.000000e+00 -4.787837e-16 1.040834e-16
    outer loop
      vertex   3.800000e+00 -6.000000e+00 -3.900000e+00
      vertex   3.800000e+00 -7.000000e+00 -4.233333e+00
      vertex   3.800000e+00 -7.000000e+00 -8.500000e+00
    endloop
  endfacet
  facet normal -4.389418e-01 -8.985155e-01 -1.659371e-16
    outer loop
      vertex   -3.800000e+00 -1.250385e+00 1.250000e+01
      vertex   -3.800000e+00 -1.250385e+00 7.690696e+00
      vertex   -2.222416e+00 -2.021064e+00 1.250000e+01
    endloop
  endfacet
  facet normal -4.389418e-01 -8.985155e-01 -7.994263e-17
    outer loop
      vertex   -2.222416e+00 -2.021064e+00 1.250000e+01
      vertex   -3.800000e+00 -1.250385e+00 7.690696e+00
      vertex   -2.222416e+00 -2.021064e+00 7.623270e+00
    endloop
  endfacet
  facet normal -4.065957e-01 -9.136082e-01 1.110774e-16
    outer loop
      vertex   2.222416e+00 -2.021064e+00 7.623270e+00
      vertex   2.222416e+00 -2.021064e+00 1.250000e+01
      vertex   1.839977e+00 -1.850862e+00 7.638161e+00
    endloop
  endfacet
  facet normal -4.027667e-01 -9.153026e-01 -3.605194e-04
    outer loop
      vertex   1.839977e+00 -1.850862e+00 7.638161e+00
      vertex   2.222416e+00 -2.021064e+00 1.250000e+01
      vertex   1.800979e+00 -1.835616e+00 1.250000e+01
    endloop
  endfacet
  facet normal -3.287413e-01 -9.444200e-01 3.245658e-04
    outer loop
      vertex   1.839977e+00 -1.850862e+00 7.638161e+00
      vertex   1.800979e+00 -1.835616e+00 1.250000e+01
      vertex   1.444642e+00 -1.713247e+00 7.650201e+00
    endloop
  endfacet
  facet normal -3.168609e-01 -9.484718e-01 -6.505762e-04
    outer loop
      vertex   1.444642e+00 -1.713247e+00 7.650201e+00
      vertex   1.800979e+00 -1.835616e+00 1.250000e+01
      vertex   1.364270e+00 -1.689723e+00 1.250000e+01
    endloop
  endfacet
  facet normal -2.485880e-01 -9.686091e-01 5.785358e-04
    outer loop
      vertex   1.444642e+00 -1.713247e+00 7.650201e+00
      vertex   1.364270e+00 -1.689723e+00 1.250000e+01
      vertex   1.039181e+00 -1.609182e+00 7.659306e+00
    endloop
  endfacet
  facet normal -2.282682e-01 -9.735979e-01 -8.690967e-04
    outer loop
      vertex   1.039181e+00 -1.609182e+00 7.659306e+00
      vertex   1.364270e+00 -1.689723e+00 1.250000e+01
      vertex   9.159919e-01 -1.584620e+00 1.250000e+01
    endloop
  endfacet
  facet normal -1.666969e-01 -9.860079e-01 7.607809e-04
    outer loop
      vertex   1.039181e+00 -1.609182e+00 7.659306e+00
      vertex   9.159919e-01 -1.584620e+00 1.250000e+01
      vertex   6.264367e-01 -1.539398e+00 7.665411e+00
    endloop
  endfacet
  facet normal -1.377398e-01 -9.904679e-01 -1.015250e-03
    outer loop
      vertex   6.264367e-01 -1.539398e+00 7.665411e+00
      vertex   9.159919e-01 -1.584620e+00 1.250000e+01
      vertex   4.599461e-01 -1.521200e+00 1.250000e+01
    endloop
  endfacet
  facet normal -8.364073e-02 -9.964956e-01 8.704683e-04
    outer loop
      vertex   6.264367e-01 -1.539398e+00 7.665411e+00
      vertex   4.599461e-01 -1.521200e+00 1.250000e+01
      vertex   2.093012e-01 -1.504383e+00 7.668474e+00
    endloop
  endfacet
  facet normal -4.604342e-02 -9.989388e-01 -1.088470e-03
    outer loop
      vertex   2.093012e-01 -1.504383e+00 7.668474e+00
      vertex   4.599461e-01 -1.521200e+00 1.250000e+01
      vertex   -7.913200e-14 -1.500000e+00 1.250000e+01
    endloop
  endfacet
  facet normal 0.000000e+00 -9.999996e-01 9.070880e-04
    outer loop
      vertex   2.093012e-01 -1.504383e+00 7.668474e+00
      vertex   -7.913200e-14 -1.500000e+00 1.250000e+01
      vertex   -2.093012e-01 -1.504383e+00 7.668474e+00
    endloop
  endfacet
  facet normal 4.604342e-02 -9.989388e-01 -1.088470e-03
    outer loop
      vertex   -2.093012e-01 -1.504383e+00 7.668474e+00
      vertex   -7.913200e-14 -1.500000e+00 1.250000e+01
      vertex   -4.599461e-01 -1.521200e+00 1.250000e+01
    endloop
  endfacet
  facet normal 8.364073e-02 -9.964956e-01 8.704683e-04
    outer loop
      vertex   -2.093012e-01 -1.504383e+00 7.668474e+00
      vertex   -4.599461e-01 -1.521200e+00 1.250000e+01
      vertex   -6.264367e-01 -1.539398e+00 7.665411e+00
    endloop
  endfacet
  facet normal 1.377398e-01 -9.904679e-01 -1.015250e-03
    outer loop
      vertex   -6.264367e-01 -1.539398e+00 7.665411e+00
      vertex   -4.599461e-01 -1.521200e+00 1.250000e+01
      vertex   -9.159919e-01 -1.584620e+00 1.250000e+01
    endloop
  endfacet
  facet normal 1.666969e-01 -9.860079e-01 7.607809e-04
    outer loop
      vertex   -6.264367e-01 -1.539398e+00 7.665411e+00
      vertex   -9.159919e-01 -1.584620e+00 1.250000e+01
      vertex   -1.039181e+00 -1.609182e+00 7.659306e+00
    endloop
  endfacet
  facet normal 2.282682e-01 -9.735979e-01 -8.690967e-04
    outer loop
      vertex   -1.039181e+00 -1.609182e+00 7.659306e+00
      vertex   -9.159919e-01 -1.584620e+00 1.250000e+01
      vertex   -1.364270e+00 -1.689723e+00 1.250000e+01
    endloop
  endfacet
  facet normal 2.485880e-01 -9.686091e-01 5.785358e-04
    outer loop
      vertex   -1.039181e+00 -1.609182e+00 7.659306e+00
      vertex   -1.364270e+00 -1.689723e+00 1.250000e+01
      vertex   -1.444642e+00 -1.713247e+00 7.650201e+00
    endloop
  endfacet
  facet normal 3.168609e-01 -9.484718e-01 -6.505762e-04
    outer loop
      vertex   -1.444642e+00 -1.713247e+00 7.650201e+00
      vertex   -1.364270e+00 -1.689723e+00 1.250000e+01
      vertex   -1.800979e+00 -1.835616e+00 1.250000e+01
    endloop
  endfacet
  facet normal 3.287413e-01 -9.444200e-01 3.245658e-04
    outer loop
      vertex   -1.444642e+00 -1.713247e+00 7.650201e+00
      vertex   -1.800979e+00 -1.835616e+00 1.250000e+01
      vertex   -1.839977e+00 -1.850862e+00 7.638161e+00
    endloop
  endfacet
  facet normal 4.027667e-01 -9.153026e-01 -3.605194e-04
    outer loop
      vertex   -1.839977e+00 -1.850862e+00 7.638161e+00
      vertex   -1.800979e+00 -1.835616e+00 1.250000e+01
      vertex   -2.222416e+00 -2.021064e+00 1.250000e+01
    endloop
  endfacet
  facet normal 4.065957e-01 -9.136082e-01 7.615369e-17
    outer loop
      vertex   -1.839977e+00 -1.850862e+00 7.638161e+00
      vertex   -2.222416e+00 -2.021064e+00 1.250000e+01
      vertex   -2.222416e+00 -2.021064e+00 7.623270e+00
    endloop
  endfacet
  facet normal 4.389418e-01 -8.985155e-01 0.000000e+00
    outer loop
      vertex   3.800000e+00 -1.250385e+00 -1.250000e+01
      vertex   3.800000e+00 -1.250385e+00 -8.500000e+00
      vertex   2.222416e+00 -2.021064e+00 -1.250000e+01
    endloop
  endfacet
  facet normal 4.389418e-01 -8.985155e-01 0.000000e+00
    outer loop
      vertex   2.222416e+00 -2.021064e+00 -1.250000e+01
      vertex   3.800000e+00 -1.250385e+00 -8.500000e+00
      vertex   2.222416e+00 -2.021064e+00 -8.500000e+00
    endloop
  endfacet
  facet normal -1.683935e-15 5.751944e-15 -1.000000e+00
    outer loop
      vertex   2.222416e+00 -2.021064e+00 -1.250000e+01
      vertex   1.800979e+00 -1.835616e+00 -1.250000e+01
      vertex   3.800000e+00 -1.250385e+00 -1.250000e+01
    endloop
  endfacet
  facet normal 0.000000e+00 0.000000e+00 -1.000000e+00
    outer loop
      vertex   3.800000e+00 -1.250385e+00 -1.250000e+01
      vertex   1.800979e+00 -1.835616e+00 -1.250000e+01
      vertex   1.364270e+00 -1.689723e+00 -1.250000e+01
    endloop
  endfacet
  facet normal -0.000000e+00 0.000000e+00 -1.000000e+00
    outer loop
      vertex   3.800000e+00 -1.250385e+00 -1.250000e+01
      vertex   1.364270e+00 -1.689723e+00 -1.250000e+01
      vertex   3.800000e+00 1.200000e+01 -1.250000e+01
    endloop
  endfacet
  facet normal 0.000000e+00 0.000000e+00 -1.000000e+00
    outer loop
      vertex   3.800000e+00 1.200000e+01 -1.250000e+01
      vertex   1.364270e+00 -1.689723e+00 -1.250000e+01
      vertex   9.159919e-01 -1.584620e+00 -1.250000e+01
    endloop
  endfacet
  facet normal 0.000000e+00 0.000000e+00 -1.000000e+00
    outer loop
      vertex   3.800000e+00 1.200000e+01 -1.250000e+01
      vertex   9.159919e-01 -1.584620e+00 -1.250000e+01
      vertex   4.599461e-01 -1.521200e+00 -1.250000e+01
    endloop
  endfacet
  facet normal 0.000000e+00 0.000000e+00 -1.000000e+00
    outer loop
      vertex   4.599461e-01 -1.521200e+00 -1.250000e+01
      vertex   -8.024222e-14 -1.500000e+00 -1.250000e+01
      vertex   3.800000e+00 1.200000e+01 -1.250000e+01
    endloop
  endfacet
  facet normal -0.000000e+00 0.000000e+00 -1.000000e+00
    outer loop
      vertex   3.800000e+00 1.200000e+01 -1.250000e+01
      vertex   -8.024222e-14 -1.500000e+00 -1.250000e+01
      vertex   -3.800000e+00 1.200000e+01 -1.250000e+01
    endloop
  endfacet
  facet normal 0.000000e+00 0.000000e+00 -1.000000e+00
    outer loop
      vertex   -3.800000e+00 1.200000e+01 -1.250000e+01
      vertex   -8.024222e-14 -1.500000e+00 -1.250000e+01
      vertex   -4.599461e-01 -1.521200e+00 -1.250000e+01
    endloop
  endfacet
  facet normal 0.000000e+00 0.000000e+00 -1.000000e+00
    outer loop
      vertex   -3.800000e+00 1.200000e+01 -1.250000e+01
      vertex   -4.599461e-01 -1.521200e+00 -1.250000e+01
      vertex   -9.159919e-01 -1.584620e+00 -1.250000e+01
    endloop
  endfacet
  facet normal -0.000000e+00 0.000000e+00 -1.000000e+00
    outer loop
      vertex   -9.159919e-01 -1.584620e+00 -1.250000e+01
      vertex   -1.364270e+00 -1.689723e+00 -1.250000e+01
      vertex   -3.800000e+00 1.200000e+01 -1.250000e+01
    endloop
  endfacet
  facet normal 0.000000e+00 0.000000e+00 -1.000000e+00
    outer loop
      vertex   -3.800000e+00 1.200000e+01 -1.250000e+01
      vertex   -1.364270e+00 -1.689723e+00 -1.250000e+01
      vertex   -3.800000e+00 -1.250385e+00 -1.250000e+01
    endloop
  endfacet
  facet normal 0.000000e+00 0.000000e+00 -1.000000e+00
    outer loop
      vertex   -3.800000e+00 -1.250385e+00 -1.250000e+01
      vertex   -1.364270e+00 -1.689723e+00 -1.250000e+01
      vertex   -1.800979e+00 -1.835616e+00 -1.250000e+01
    endloop
  endfacet
  facet normal 1.683935e-15 5.751944e-15 -1.000000e+00
    outer loop
      vertex   -3.800000e+00 -1.250385e+00 -1.250000e+01
      vertex   -1.800979e+00 -1.835616e+00 -1.250000e+01
      vertex   -2.222416e+00 -2.021064e+00 -1.250000e+01
    endloop
  endfacet
  facet normal -4.389418e-01 -8.985155e-01 0.000000e+00
    outer loop
      vertex   -2.222416e+00 -2.021064e+00 -1.250000e+01
      vertex   -2.222416e+00 -2.021064e+00 -8.500000e+00
      vertex   -3.800000e+00 -1.250385e+00 -1.250000e+01
    endloop
  endfacet
  facet normal -4.389418e-01 -8.985155e-01 0.000000e+00
    outer loop
      vertex   -3.800000e+00 -1.250385e+00 -1.250000e+01
      vertex   -2.222416e+00 -2.021064e+00 -8.500000e+00
      vertex   -3.800000e+00 -1.250385e+00 -8.500000e+00
    endloop
  endfacet
  facet normal 0.000000e+00 -1.000000e+00 0.000000e+00
    outer loop
      vertex   -3.548195e-01 7.500000e+00 -2.978943e+00
      vertex   0.000000e+00 7.500000e+00 -3.000000e+00
      vertex   0.000000e+00 7.500000e+00 -1.700000e+00
    endloop
  endfacet
  facet normal 0.000000e+00 -1.000000e+00 0.000000e+00
    outer loop
      vertex   0.000000e+00 7.500000e+00 -1.700000e+00
      vertex   0.000000e+00 7.500000e+00 -3.000000e+00
      vertex   3.548195e-01 7.500000e+00 -2.978943e+00
    endloop
  endfacet
  facet normal 0.000000e+00 -1.000000e+00 0.000000e+00
    outer loop
      vertex   0.000000e+00 7.500000e+00 -1.700000e+00
      vertex   3.548195e-01 7.500000e+00 -2.978943e+00
      vertex   2.659386e-01 7.500000e+00 -1.679070e+00
    endloop
  endfacet
  facet normal 0.000000e+00 -1.000000e+00 0.000000e+00
    outer loop
      vertex   2.659386e-01 7.500000e+00 -1.679070e+00
      vertex   3.548195e-01 7.500000e+00 -2.978943e+00
      vertex   7.046581e-01 7.500000e+00 -2.916069e+00
    endloop
  endfacet
  facet normal 0.000000e+00 -1.000000e+00 0.000000e+00
    outer loop
      vertex   2.659386e-01 7.500000e+00 -1.679070e+00
      vertex   7.046581e-01 7.500000e+00 -2.916069e+00
      vertex   5.253289e-01 7.500000e+00 -1.616796e+00
    endloop
  endfacet
  facet normal 0.000000e+00 -1.000000e+00 0.000000e+00
    outer loop
      vertex   5.253289e-01 7.500000e+00 -1.616796e+00
      vertex   7.046581e-01 7.500000e+00 -2.916069e+00
      vertex   1.044605e+00 7.500000e+00 -2.812259e+00
    endloop
  endfacet
  facet normal 0.000000e+00 -1.000000e+00 0.000000e+00
    outer loop
      vertex   5.253289e-01 7.500000e+00 -1.616796e+00
      vertex   1.044605e+00 7.500000e+00 -2.812259e+00
      vertex   7.717838e-01 7.500000e+00 -1.514711e+00
    endloop
  endfacet
  facet normal 0.000000e+00 -1.000000e+00 0.000000e+00
    outer loop
      vertex   7.717838e-01 7.500000e+00 -1.514711e+00
      vertex   1.044605e+00 7.500000e+00 -2.812259e+00
      vertex   1.369888e+00 7.500000e+00 -2.668971e+00
    endloop
  endfacet
  facet normal 0.000000e+00 -1.000000e+00 0.000000e+00
    outer loop
      vertex   7.717838e-01 7.500000e+00 -1.514711e+00
      vertex   1.369888e+00 7.500000e+00 -2.668971e+00
      vertex   1.675940e+00 7.500000e+00 -2.488217e+00
    endloop
  endfacet
  facet normal 0.000000e+00 -1.000000e+00 0.000000e+00
    outer loop
      vertex   7.717838e-01 7.500000e+00 -1.514711e+00
      vertex   1.675940e+00 7.500000e+00 -2.488217e+00
      vertex   9.992349e-01 7.500000e+00 -1.375329e+00
    endloop
  endfacet
  facet normal 0.000000e+00 -1.000000e+00 0.000000e+00
    outer loop
      vertex   9.992349e-01 7.500000e+00 -1.375329e+00
      vertex   1.675940e+00 7.500000e+00 -2.488217e+00
      vertex   1.958466e+00 7.500000e+00 -2.272534e+00
    endloop
  endfacet
  facet normal 0.000000e+00 -1.000000e+00 0.000000e+00
    outer loop
      vertex   9.992349e-01 7.500000e+00 -1.375329e+00
      vertex   1.958466e+00 7.500000e+00 -2.272534e+00
      vertex   1.202082e+00 7.500000e+00 -1.202082e+00
    endloop
  endfacet
  facet normal 0.000000e+00 -1.000000e+00 0.000000e+00
    outer loop
      vertex   1.202082e+00 7.500000e+00 -1.202082e+00
      vertex   1.958466e+00 7.500000e+00 -2.272534e+00
      vertex   2.213500e+00 7.500000e+00 -2.024949e+00
    endloop
  endfacet
  facet normal 0.000000e+00 -1.000000e+00 0.000000e+00
    outer loop
      vertex   1.202082e+00 7.500000e+00 -1.202082e+00
      vertex   2.213500e+00 7.500000e+00 -2.024949e+00
      vertex   1.375329e+00 7.500000e+00 -9.992349e-01
    endloop
  endfacet
  facet normal 0.000000e+00 -1.000000e+00 0.000000e+00
    outer loop
      vertex   1.375329e+00 7.500000e+00 -9.992349e-01
      vertex   2.213500e+00 7.500000e+00 -2.024949e+00
      vertex   2.437461e+00 7.500000e+00 -1.748938e+00
    endloop
  endfacet
  facet normal 0.000000e+00 -1.000000e+00 0.000000e+00
    outer loop
      vertex   1.375329e+00 7.500000e+00 -9.992349e-01
      vertex   2.437461e+00 7.500000e+00 -1.748938e+00
      vertex   2.627205e+00 7.500000e+00 -1.448377e+00
    endloop
  endfacet
  facet normal 0.000000e+00 -1.000000e+00 0.000000e+00
    outer loop
      vertex   1.375329e+00 7.500000e+00 -9.992349e-01
      vertex   2.627205e+00 7.500000e+00 -1.448377e+00
      vertex   1.514711e+00 7.500000e+00 -7.717838e-01
    endloop
  endfacet
  facet normal 0.000000e+00 -1.000000e+00 0.000000e+00
    outer loop
      vertex   1.514711e+00 7.500000e+00 -7.717838e-01
      vertex   2.627205e+00 7.500000e+00 -1.448377e+00
      vertex   2.780069e+00 7.500000e+00 -1.127483e+00
    endloop
  endfacet
  facet normal 0.000000e+00 -1.000000e+00 0.000000e+00
    outer loop
      vertex   1.514711e+00 7.500000e+00 -7.717838e-01
      vertex   2.780069e+00 7.500000e+00 -1.127483e+00
      vertex   1.616796e+00 7.500000e+00 -5.253289e-01
    endloop
  endfacet
  facet normal 0.000000e+00 -1.000000e+00 0.000000e+00
    outer loop
      vertex   1.616796e+00 7.500000e+00 -5.253289e-01
      vertex   2.780069e+00 7.500000e+00 -1.127483e+00
      vertex   2.893907e+00 7.500000e+00 -7.907615e-01
    endloop
  endfacet
  facet normal 0.000000e+00 -1.000000e+00 0.000000e+00
    outer loop
      vertex   1.616796e+00 7.500000e+00 -5.253289e-01
      vertex   2.893907e+00 7.500000e+00 -7.907615e-01
      vertex   1.679070e+00 7.500000e+00 -2.659386e-01
    endloop
  endfacet
  facet normal 0.000000e+00 -1.000000e+00 0.000000e+00
    outer loop
      vertex   1.679070e+00 7.500000e+00 -2.659386e-01
      vertex   2.893907e+00 7.500000e+00 -7.907615e-01
      vertex   2.967121e+00 7.500000e+00 -4.429397e-01
    endloop
  endfacet
  facet normal 0.000000e+00 -1.000000e+00 0.000000e+00
    outer loop
      vertex   1.679070e+00 7.500000e+00 -2.659386e-01
      vertex   2.967121e+00 7.500000e+00 -4.429397e-01
      vertex   2.998683e+00 7.500000e+00 -8.889998e-02
    endloop
  endfacet
  facet normal 0.000000e+00 -1.000000e+00 0.000000e+00
    outer loop
      vertex   1.679070e+00 7.500000e+00 -2.659386e-01
      vertex   2.998683e+00 7.500000e+00 -8.889998e-02
      vertex   1.700000e+00 7.500000e+00 -1.040950e-16
    endloop
  endfacet
  facet normal 0.000000e+00 -1.000000e+00 0.000000e+00
    outer loop
      vertex   1.700000e+00 7.500000e+00 -1.040950e-16
      vertex   2.998683e+00 7.500000e+00 -8.889998e-02
      vertex   2.988150e+00 7.500000e+00 2.663877e-01
    endloop
  endfacet
  facet normal 0.000000e+00 -1.000000e+00 0.000000e+00
    outer loop
      vertex   1.700000e+00 7.500000e+00 -1.040950e-16
      vertex   2.988150e+00 7.500000e+00 2.663877e-01
      vertex   1.679070e+00 7.500000e+00 2.659386e-01
    endloop
  endfacet
  facet normal 0.000000e+00 -1.000000e+00 0.000000e+00
    outer loop
      vertex   1.679070e+00 7.500000e+00 2.659386e-01
      vertex   2.988150e+00 7.500000e+00 2.663877e-01
      vertex   2.935669e+00 7.500000e+00 6.179359e-01
    endloop
  endfacet
  facet normal 0.000000e+00 -1.000000e+00 0.000000e+00
    outer loop
      vertex   1.679070e+00 7.500000e+00 2.659386e-01
      vertex   2.935669e+00 7.500000e+00 6.179359e-01
      vertex   1.616796e+00 7.500000e+00 5.253289e-01
    endloop
  endfacet
  facet normal 0.000000e+00 -1.000000e+00 0.000000e+00
    outer loop
      vertex   1.616796e+00 7.500000e+00 5.253289e-01
      vertex   2.935669e+00 7.500000e+00 6.179359e-01
      vertex   2.841979e+00 7.500000e+00 9.608096e-01
    endloop
  endfacet
  facet normal 0.000000e+00 -1.000000e+00 0.000000e+00
    outer loop
      vertex   1.616796e+00 7.500000e+00 5.253289e-01
      vertex   2.841979e+00 7.500000e+00 9.608096e-01
      vertex   2.708393e+00 7.500000e+00 1.290196e+00
    endloop
  endfacet
  facet normal 0.000000e+00 -1.000000e+00 0.000000e+00
    outer loop
      vertex   1.616796e+00 7.500000e+00 5.253289e-01
      vertex   2.708393e+00 7.500000e+00 1.290196e+00
      vertex   1.514711e+00 7.500000e+00 7.717838e-01
    endloop
  endfacet
  facet normal 0.000000e+00 -1.000000e+00 0.000000e+00
    outer loop
      vertex   1.514711e+00 7.500000e+00 7.717838e-01
      vertex   2.708393e+00 7.500000e+00 1.290196e+00
      vertex   2.536788e+00 7.500000e+00 1.601470e+00
    endloop
  endfacet
  facet normal 0.000000e+00 -1.000000e+00 0.000000e+00
    outer loop
      vertex   1.514711e+00 7.500000e+00 7.717838e-01
      vertex   2.536788e+00 7.500000e+00 1.601470e+00
      vertex   1.375329e+00 7.500000e+00 9.992349e-01
    endloop
  endfacet
  facet normal 0.000000e+00 -1.000000e+00 0.000000e+00
    outer loop
      vertex   1.375329e+00 7.500000e+00 9.992349e-01
      vertex   2.536788e+00 7.500000e+00 1.601470e+00
      vertex   2.329572e+00 7.500000e+00 1.890264e+00
    endloop
  endfacet
  facet normal 0.000000e+00 -1.000000e+00 0.000000e+00
    outer loop
      vertex   1.375329e+00 7.500000e+00 9.992349e-01
      vertex   2.329572e+00 7.500000e+00 1.890264e+00
      vertex   1.202082e+00 7.500000e+00 1.202082e+00
    endloop
  endfacet
  facet normal 0.000000e+00 -1.000000e+00 0.000000e+00
    outer loop
      vertex   1.202082e+00 7.500000e+00 1.202082e+00
      vertex   2.329572e+00 7.500000e+00 1.890264e+00
      vertex   2.089653e+00 7.500000e+00 2.152522e+00
    endloop
  endfacet
  facet normal 0.000000e+00 -1.000000e+00 0.000000e+00
    outer loop
      vertex   1.202082e+00 7.500000e+00 1.202082e+00
      vertex   2.089653e+00 7.500000e+00 2.152522e+00
      vertex   1.820400e+00 7.500000e+00 2.384563e+00
    endloop
  endfacet
  facet normal 0.000000e+00 -1.000000e+00 0.000000e+00
    outer loop
      vertex   1.202082e+00 7.500000e+00 1.202082e+00
      vertex   1.820400e+00 7.500000e+00 2.384563e+00
      vertex   9.992349e-01 7.500000e+00 1.375329e+00
    endloop
  endfacet
  facet normal 0.000000e+00 -1.000000e+00 0.000000e+00
    outer loop
      vertex   9.992349e-01 7.500000e+00 1.375329e+00
      vertex   1.820400e+00 7.500000e+00 2.384563e+00
      vertex   1.525593e+00 7.500000e+00 2.583131e+00
    endloop
  endfacet
  facet normal 0.000000e+00 -1.000000e+00 0.000000e+00
    outer loop
      vertex   9.992349e-01 7.500000e+00 1.375329e+00
      vertex   1.525593e+00 7.500000e+00 2.583131e+00
      vertex   7.717838e-01 7.500000e+00 1.514711e+00
    endloop
  endfacet
  facet normal 0.000000e+00 -1.000000e+00 0.000000e+00
    outer loop
      vertex   7.717838e-01 7.500000e+00 1.514711e+00
      vertex   1.525593e+00 7.500000e+00 2.583131e+00
      vertex   1.209370e+00 7.500000e+00 2.745437e+00
    endloop
  endfacet
  facet normal 0.000000e+00 -1.000000e+00 0.000000e+00
    outer loop
      vertex   7.717838e-01 7.500000e+00 1.514711e+00
      vertex   1.209370e+00 7.500000e+00 2.745437e+00
      vertex   5.253289e-01 7.500000e+00 1.616796e+00
    endloop
  endfacet
  facet normal 0.000000e+00 -1.000000e+00 0.000000e+00
    outer loop
      vertex   5.253289e-01 7.500000e+00 1.616796e+00
      vertex   1.209370e+00 7.500000e+00 2.745437e+00
      vertex   8.761703e-01 7.500000e+00 2.869203e+00
    endloop
  endfacet
  facet normal 0.000000e+00 -1.000000e+00 0.000000e+00
    outer loop
      vertex   5.253289e-01 7.500000e+00 1.616796e+00
      vertex   8.761703e-01 7.500000e+00 2.869203e+00
      vertex   5.306708e-01 7.500000e+00 2.952692e+00
    endloop
  endfacet
  facet normal 0.000000e+00 -1.000000e+00 0.000000e+00
    outer loop
      vertex   5.253289e-01 7.500000e+00 1.616796e+00
      vertex   5.306708e-01 7.500000e+00 2.952692e+00
      vertex   2.659386e-01 7.500000e+00 1.679070e+00
    endloop
  endfacet
  facet normal 0.000000e+00 -1.000000e+00 0.000000e+00
    outer loop
      vertex   2.659386e-01 7.500000e+00 1.679070e+00
      vertex   5.306708e-01 7.500000e+00 2.952692e+00
      vertex   1.777219e-01 7.500000e+00 2.994731e+00
    endloop
  endfacet
  facet normal 0.000000e+00 -1.000000e+00 0.000000e+00
    outer loop
      vertex   2.659386e-01 7.500000e+00 1.679070e+00
      vertex   1.777219e-01 7.500000e+00 2.994731e+00
      vertex   2.081900e-16 7.500000e+00 1.700000e+00
    endloop
  endfacet
  facet normal 0.000000e+00 -1.000000e+00 0.000000e+00
    outer loop
      vertex   2.081900e-16 7.500000e+00 1.700000e+00
      vertex   1.777219e-01 7.500000e+00 2.994731e+00
      vertex   -1.777219e-01 7.500000e+00 2.994731e+00
    endloop
  endfacet
  facet normal -0.000000e+00 -1.000000e+00 0.000000e+00
    outer loop
      vertex   2.081900e-16 7.500000e+00 1.700000e+00
      vertex   -1.777219e-01 7.500000e+00 2.994731e+00
      vertex   -2.659386e-01 7.500000e+00 1.679070e+00
    endloop
  endfacet
  facet normal 0.000000e+00 -1.000000e+00 0.000000e+00
    outer loop
      vertex   -2.659386e-01 7.500000e+00 1.679070e+00
      vertex   -1.777219e-01 7.500000e+00 2.994731e+00
      vertex   -5.306708e-01 7.500000e+00 2.952692e+00
    endloop
  endfacet
  facet normal -0.000000e+00 -1.000000e+00 0.000000e+00
    outer loop
      vertex   -2.659386e-01 7.500000e+00 1.679070e+00
      vertex   -5.306708e-01 7.500000e+00 2.952692e+00
      vertex   -5.253289e-01 7.500000e+00 1.616796e+00
    endloop
  endfacet
  facet normal 0.000000e+00 -1.000000e+00 0.000000e+00
    outer loop
      vertex   -5.253289e-01 7.500000e+00 1.616796e+00
      vertex   -5.306708e-01 7.500000e+00 2.952692e+00
      vertex   -8.761703e-01 7.500000e+00 2.869203e+00
    endloop
  endfacet
  facet normal 0.000000e+00 -1.000000e+00 0.000000e+00
    outer loop
      vertex   -5.253289e-01 7.500000e+00 1.616796e+00
      vertex   -8.761703e-01 7.500000e+00 2.869203e+00
      vertex   -1.209370e+00 7.500000e+00 2.745437e+00
    endloop
  endfacet
  facet normal -0.000000e+00 -1.000000e+00 0.000000e+00
    outer loop
      vertex   -5.253289e-01 7.500000e+00 1.616796e+00
      vertex   -1.209370e+00 7.500000e+00 2.745437e+00
      vertex   -7.717838e-01 7.500000e+00 1.514711e+00
    endloop
  endfacet
  facet normal 0.000000e+00 -1.000000e+00 0.000000e+00
    outer loop
      vertex   -7.717838e-01 7.500000e+00 1.514711e+00
      vertex   -1.209370e+00 7.500000e+00 2.745437e+00
      vertex   -1.525593e+00 7.500000e+00 2.583131e+00
    endloop
  endfacet
  facet normal -0.000000e+00 -1.000000e+00 0.000000e+00
    outer loop
      vertex   -7.717838e-01 7.500000e+00 1.514711e+00
      vertex   -1.525593e+00 7.500000e+00 2.583131e+00
      vertex   -9.992349e-01 7.500000e+00 1.375329e+00
    endloop
  endfacet
  facet normal 0.000000e+00 -1.000000e+00 0.000000e+00
    outer loop
      vertex   -9.992349e-01 7.500000e+00 1.375329e+00
      vertex   -1.525593e+00 7.500000e+00 2.583131e+00
      vertex   -1.820400e+00 7.500000e+00 2.384563e+00
    endloop
  endfacet
  facet normal -0.000000e+00 -1.000000e+00 0.000000e+00
    outer loop
      vertex   -9.992349e-01 7.500000e+00 1.375329e+00
      vertex   -1.820400e+00 7.500000e+00 2.384563e+00
      vertex   -1.202082e+00 7.500000e+00 1.202082e+00
    endloop
  endfacet
  facet normal 0.000000e+00 -1.000000e+00 0.000000e+00
    outer loop
      vertex   -1.202082e+00 7.500000e+00 1.202082e+00
      vertex   -1.820400e+00 7.500000e+00 2.384563e+00
      vertex   -2.089653e+00 7.500000e+00 2.152522e+00
    endloop
  endfacet
  facet normal 0.000000e+00 -1.000000e+00 0.000000e+00
    outer loop
      vertex   -1.202082e+00 7.500000e+00 1.202082e+00
      vertex   -2.089653e+00 7.500000e+00 2.152522e+00
      vertex   -2.329572e+00 7.500000e+00 1.890264e+00
    endloop
  endfacet
  facet normal -0.000000e+00 -1.000000e+00 0.000000e+00
    outer loop
      vertex   -1.202082e+00 7.500000e+00 1.202082e+00
      vertex   -2.329572e+00 7.500000e+00 1.890264e+00
      vertex   -1.375329e+00 7.500000e+00 9.992349e-01
    endloop
  endfacet
  facet normal 0.000000e+00 -1.000000e+00 0.000000e+00
    outer loop
      vertex   -1.375329e+00 7.500000e+00 9.992349e-01
      vertex   -2.329572e+00 7.500000e+00 1.890264e+00
      vertex   -2.536788e+00 7.500000e+00 1.601470e+00
    endloop
  endfacet
  facet normal -0.000000e+00 -1.000000e+00 0.000000e+00
    outer loop
      vertex   -1.375329e+00 7.500000e+00 9.992349e-01
      vertex   -2.536788e+00 7.500000e+00 1.601470e+00
      vertex   -1.514711e+00 7.500000e+00 7.717838e-01
    endloop
  endfacet
  facet normal 0.000000e+00 -1.000000e+00 0.000000e+00
    outer loop
      vertex   -1.514711e+00 7.500000e+00 7.717838e-01
      vertex   -2.536788e+00 7.500000e+00 1.601470e+00
      vertex   -2.708393e+00 7.500000e+00 1.290196e+00
    endloop
  endfacet
  facet normal -0.000000e+00 -1.000000e+00 0.000000e+00
    outer loop
      vertex   -1.514711e+00 7.500000e+00 7.717838e-01
      vertex   -2.708393e+00 7.500000e+00 1.290196e+00
      vertex   -1.616796e+00 7.500000e+00 5.253289e-01
    endloop
  endfacet
  facet normal 0.000000e+00 -1.000000e+00 0.000000e+00
    outer loop
      vertex   -1.616796e+00 7.500000e+00 5.253289e-01
      vertex   -2.708393e+00 7.500000e+00 1.290196e+00
      vertex   -2.841979e+00 7.500000e+00 9.608096e-01
    endloop
  endfacet
  facet normal 0.000000e+00 -1.000000e+00 0.000000e+00
    outer loop
      vertex   -1.616796e+00 7.500000e+00 5.253289e-01
      vertex   -2.841979e+00 7.500000e+00 9.608096e-01
      vertex   -2.935669e+00 7.500000e+00 6.179359e-01
    endloop
  endfacet
  facet normal -0.000000e+00 -1.000000e+00 0.000000e+00
    outer loop
      vertex   -1.616796e+00 7.500000e+00 5.253289e-01
      vertex   -2.935669e+00 7.500000e+00 6.179359e-01
      vertex   -1.679070e+00 7.500000e+00 2.659386e-01
    endloop
  endfacet
  facet normal 0.000000e+00 -1.000000e+00 0.000000e+00
    outer loop
      vertex   -1.679070e+00 7.500000e+00 2.659386e-01
      vertex   -2.935669e+00 7.500000e+00 6.179359e-01
      vertex   -2.988150e+00 7.500000e+00 2.663877e-01
    endloop
  endfacet
  facet normal -0.000000e+00 -1.000000e+00 0.000000e+00
    outer loop
      vertex   -1.679070e+00 7.500000e+00 2.659386e-01
      vertex   -2.988150e+00 7.500000e+00 2.663877e-01
      vertex   -1.700000e+00 7.500000e+00 -1.040950e-16
    endloop
  endfacet
  facet normal -0.000000e+00 -1.000000e+00 0.000000e+00
    outer loop
      vertex   -1.700000e+00 7.500000e+00 -1.040950e-16
      vertex   -2.988150e+00 7.500000e+00 2.663877e-01
      vertex   -2.998683e+00 7.500000e+00 -8.889998e-02
    endloop
  endfacet
  facet normal 0.000000e+00 -1.000000e+00 -0.000000e+00
    outer loop
      vertex   -1.700000e+00 7.500000e+00 -1.040950e-16
      vertex   -2.998683e+00 7.500000e+00 -8.889998e-02
      vertex   -1.679070e+00 7.500000e+00 -2.659386e-01
    endloop
  endfacet
  facet normal -0.000000e+00 -1.000000e+00 0.000000e+00
    outer loop
      vertex   -1.679070e+00 7.500000e+00 -2.659386e-01
      vertex   -2.998683e+00 7.500000e+00 -8.889998e-02
      vertex   -2.967121e+00 7.500000e+00 -4.429397e-01
    endloop
  endfacet
  facet normal 0.000000e+00 -1.000000e+00 0.000000e+00
    outer loop
      vertex   -1.679070e+00 7.500000e+00 -2.659386e-01
      vertex   -2.967121e+00 7.500000e+00 -4.429397e-01
      vertex   -2.893907e+00 7.500000e+00 -7.907615e-01
    endloop
  endfacet
  facet normal 0.000000e+00 -1.000000e+00 -0.000000e+00
    outer loop
      vertex   -1.679070e+00 7.500000e+00 -2.659386e-01
      vertex   -2.893907e+00 7.500000e+00 -7.907615e-01
      vertex   -1.616796e+00 7.500000e+00 -5.253289e-01
    endloop
  endfacet
  facet normal 0.000000e+00 -1.000000e+00 0.000000e+00
    outer loop
      vertex   -1.616796e+00 7.500000e+00 -5.253289e-01
      vertex   -2.893907e+00 7.500000e+00 -7.907615e-01
      vertex   -2.780069e+00 7.500000e+00 -1.127483e+00
    endloop
  endfacet
  facet normal 0.000000e+00 -1.000000e+00 -0.000000e+00
    outer loop
      vertex   -1.616796e+00 7.500000e+00 -5.253289e-01
      vertex   -2.780069e+00 7.500000e+00 -1.127483e+00
      vertex   -1.514711e+00 7.500000e+00 -7.717838e-01
    endloop
  endfacet
  facet normal 0.000000e+00 -1.000000e+00 0.000000e+00
    outer loop
      vertex   -1.514711e+00 7.500000e+00 -7.717838e-01
      vertex   -2.780069e+00 7.500000e+00 -1.127483e+00
      vertex   -2.627205e+00 7.500000e+00 -1.448377e+00
    endloop
  endfacet
  facet normal 0.000000e+00 -1.000000e+00 -0.000000e+00
    outer loop
      vertex   -1.514711e+00 7.500000e+00 -7.717838e-01
      vertex   -2.627205e+00 7.500000e+00 -1.448377e+00
      vertex   -1.375329e+00 7.500000e+00 -9.992349e-01
    endloop
  endfacet
  facet normal 0.000000e+00 -1.000000e+00 0.000000e+00
    outer loop
      vertex   -1.375329e+00 7.500000e+00 -9.992349e-01
      vertex   -2.627205e+00 7.500000e+00 -1.448377e+00
      vertex   -2.437461e+00 7.500000e+00 -1.748938e+00
    endloop
  endfacet
  facet normal 0.000000e+00 -1.000000e+00 0.000000e+00
    outer loop
      vertex   -1.375329e+00 7.500000e+00 -9.992349e-01
      vertex   -2.437461e+00 7.500000e+00 -1.748938e+00
      vertex   -2.213500e+00 7.500000e+00 -2.024949e+00
    endloop
  endfacet
  facet normal 0.000000e+00 -1.000000e+00 -0.000000e+00
    outer loop
      vertex   -1.375329e+00 7.500000e+00 -9.992349e-01
      vertex   -2.213500e+00 7.500000e+00 -2.024949e+00
      vertex   -1.202082e+00 7.500000e+00 -1.202082e+00
    endloop
  endfacet
  facet normal 0.000000e+00 -1.000000e+00 0.000000e+00
    outer loop
      vertex   -1.202082e+00 7.500000e+00 -1.202082e+00
      vertex   -2.213500e+00 7.500000e+00 -2.024949e+00
      vertex   -1.958466e+00 7.500000e+00 -2.272534e+00
    endloop
  endfacet
  facet normal 0.000000e+00 -1.000000e+00 -0.000000e+00
    outer loop
      vertex   -1.202082e+00 7.500000e+00 -1.202082e+00
      vertex   -1.958466e+00 7.500000e+00 -2.272534e+00
      vertex   -9.992349e-01 7.500000e+00 -1.375329e+00
    endloop
  endfacet
  facet normal 0.000000e+00 -1.000000e+00 0.000000e+00
    outer loop
      vertex   -9.992349e-01 7.500000e+00 -1.375329e+00
      vertex   -1.958466e+00 7.500000e+00 -2.272534e+00
      vertex   -1.675940e+00 7.500000e+00 -2.488217e+00
    endloop
  endfacet
  facet normal 0.000000e+00 -1.000000e+00 -0.000000e+00
    outer loop
      vertex   -9.992349e-01 7.500000e+00 -1.375329e+00
      vertex   -1.675940e+00 7.500000e+00 -2.488217e+00
      vertex   -7.717838e-01 7.500000e+00 -1.514711e+00
    endloop
  endfacet
  facet normal 0.000000e+00 -1.000000e+00 0.000000e+00
    outer loop
      vertex   -7.717838e-01 7.500000e+00 -1.514711e+00
      vertex   -1.675940e+00 7.500000e+00 -2.488217e+00
      vertex   -1.369888e+00 7.500000e+00 -2.668971e+00
    endloop
  endfacet
  facet normal 0.000000e+00 -1.000000e+00 0.000000e+00
    outer loop
      vertex   -7.717838e-01 7.500000e+00 -1.514711e+00
      vertex   -1.369888e+00 7.500000e+00 -2.668971e+00
      vertex   -1.044605e+00 7.500000e+00 -2.812259e+00
    endloop
  endfacet
  facet normal 0.000000e+00 -1.000000e+00 -0.000000e+00
    outer loop
      vertex   -7.717838e-01 7.500000e+00 -1.514711e+00
      vertex   -1.044605e+00 7.500000e+00 -2.812259e+00
      vertex   -5.253289e-01 7.500000e+00 -1.616796e+00
    endloop
  endfacet
  facet normal 0.000000e+00 -1.000000e+00 0.000000e+00
    outer loop
      vertex   -5.253289e-01 7.500000e+00 -1.616796e+00
      vertex   -1.044605e+00 7.500000e+00 -2.812259e+00
      vertex   -7.046581e-01 7.500000e+00 -2.916069e+00
    endloop
  endfacet
  facet normal 0.000000e+00 -1.000000e+00 -0.000000e+00
    outer loop
      vertex   -5.253289e-01 7.500000e+00 -1.616796e+00
      vertex   -7.046581e-01 7.500000e+00 -2.916069e+00
      vertex   -2.659386e-01 7.500000e+00 -1.679070e+00
    endloop
  endfacet
  facet normal 0.000000e+00 -1.000000e+00 0.000000e+00
    outer loop
      vertex   -2.659386e-01 7.500000e+00 -1.679070e+00
      vertex   -7.046581e-01 7.500000e+00 -2.916069e+00
      vertex   -3.548195e-01 7.500000e+00 -2.978943e+00
    endloop
  endfacet
  facet normal 0.000000e+00 -1.000000e+00 -0.000000e+00
    outer loop
      vertex   -2.659386e-01 7.500000e+00 -1.679070e+00
      vertex   -3.548195e-01 7.500000e+00 -2.978943e+00
      vertex   0.000000e+00 7.500000e+00 -1.700000e+00
    endloop
  endfacet
  facet normal 9.995805e-01 -1.422896e-03 -2.892841e-02
    outer loop
      vertex   -2.994996e+00 4.761187e+00 1.732087e-01
      vertex   -3.000000e+00 4.767072e+00 1.032048e-15
      vertex   -2.998683e+00 7.500000e+00 -8.889998e-02
    endloop
  endfacet
  facet normal 9.995832e-01 4.570490e-04 2.886416e-02
    outer loop
      vertex   -2.998683e+00 7.500000e+00 -8.889998e-02
      vertex   -3.000000e+00 4.767072e+00 1.032048e-15
      vertex   -2.994996e+00 4.761187e+00 -1.732112e-01
    endloop
  endfacet
  facet normal 9.962443e-01 -1.324048e-03 8.657630e-02
    outer loop
      vertex   -2.998683e+00 7.500000e+00 -8.889998e-02
      vertex   -2.994996e+00 4.761187e+00 -1.732112e-01
      vertex   -2.980068e+00 4.743664e+00 -3.452524e-01
    endloop
  endfacet
  facet normal 9.960487e-01 -1.531793e-03 8.879579e-02
    outer loop
      vertex   -2.998683e+00 7.500000e+00 -8.889998e-02
      vertex   -2.980068e+00 4.743664e+00 -3.452524e-01
      vertex   -2.967121e+00 7.500000e+00 -4.429397e-01
    endloop
  endfacet
  facet normal 9.896790e-01 4.298604e-04 1.433014e-01
    outer loop
      vertex   -2.967121e+00 7.500000e+00 -4.429397e-01
      vertex   -2.980068e+00 4.743664e+00 -3.452524e-01
      vertex   -2.955532e+00 4.714973e+00 -5.146172e-01
    endloop
  endfacet
  facet normal 9.798965e-01 -1.057304e-03 1.995035e-01
    outer loop
      vertex   -2.967121e+00 7.500000e+00 -4.429397e-01
      vertex   -2.955532e+00 4.714973e+00 -5.146172e-01
      vertex   -2.921786e+00 4.675722e+00 -6.805762e-01
    endloop
  endfacet
  facet normal 9.785552e-01 -1.623630e-03 2.059783e-01
    outer loop
      vertex   -2.967121e+00 7.500000e+00 -4.429397e-01
      vertex   -2.921786e+00 4.675722e+00 -6.805762e-01
      vertex   -2.893907e+00 7.500000e+00 -7.907615e-01
    endloop
  endfacet
  facet normal 9.672888e-01 3.484951e-04 2.536774e-01
    outer loop
      vertex   -2.893907e+00 7.500000e+00 -7.907615e-01
      vertex   -2.921786e+00 4.675722e+00 -6.805762e-01
      vertex   -2.879519e+00 4.626909e+00 -8.416778e-01
    endloop
  endfacet
  facet normal 9.517424e-01 -6.725119e-04 3.068973e-01
    outer loop
      vertex   -2.893907e+00 7.500000e+00 -7.907615e-01
      vertex   -2.879519e+00 4.626909e+00 -8.416778e-01
      vertex   -2.829276e+00 4.569414e+00 -9.976133e-01
    endloop
  endfacet
  facet normal 9.473250e-01 -1.713785e-03 3.202694e-01
    outer loop
      vertex   -2.893907e+00 7.500000e+00 -7.907615e-01
      vertex   -2.829276e+00 4.569414e+00 -9.976133e-01
      vertex   -2.780069e+00 7.500000e+00 -1.127483e+00
    endloop
  endfacet
  facet normal 9.338269e-01 1.727170e-04 3.577251e-01
    outer loop
      vertex   -2.780069e+00 7.500000e+00 -1.127483e+00
      vertex   -2.829276e+00 4.569414e+00 -9.976133e-01
      vertex   -2.771587e+00 4.504098e+00 -1.148178e+00
    endloop
  endfacet
  facet normal 9.133726e-01 -2.264420e-04 4.071247e-01
    outer loop
      vertex   -2.780069e+00 7.500000e+00 -1.127483e+00
      vertex   -2.771587e+00 4.504098e+00 -1.148178e+00
      vertex   -2.706980e+00 4.431826e+00 -1.293162e+00
    endloop
  endfacet
  facet normal 9.027965e-01 -1.717115e-03 4.300646e-01
    outer loop
      vertex   -2.780069e+00 7.500000e+00 -1.127483e+00
      vertex   -2.706980e+00 4.431826e+00 -1.293162e+00
      vertex   -2.627205e+00 7.500000e+00 -1.448377e+00
    endloop
  endfacet
  facet normal 8.791618e-01 1.247612e-03 4.765217e-01
    outer loop
      vertex   -2.627205e+00 7.500000e+00 -1.448377e+00
      vertex   -2.706980e+00 4.431826e+00 -1.293162e+00
      vertex   -2.559035e+00 4.269902e+00 -1.565690e+00
    endloop
  endfacet
  facet normal 8.455950e-01 -1.541909e-03 5.338227e-01
    outer loop
      vertex   -2.627205e+00 7.500000e+00 -1.448377e+00
      vertex   -2.559035e+00 4.269902e+00 -1.565690e+00
      vertex   -2.437461e+00 7.500000e+00 -1.748938e+00
    endloop
  endfacet
  facet normal 8.260183e-01 8.866458e-04 5.636426e-01
    outer loop
      vertex   -2.437461e+00 7.500000e+00 -1.748938e+00
      vertex   -2.559035e+00 4.269902e+00 -1.565690e+00
      vertex   -2.389125e+00 4.090289e+00 -1.814410e+00
    endloop
  endfacet
  facet normal 7.765234e-01 -1.090830e-03 6.300875e-01
    outer loop
      vertex   -2.437461e+00 7.500000e+00 -1.748938e+00
      vertex   -2.389125e+00 4.090289e+00 -1.814410e+00
      vertex   -2.213500e+00 7.500000e+00 -2.024949e+00
    endloop
  endfacet
  facet normal 7.660122e-01 2.371396e-04 6.428260e-01
    outer loop
      vertex   -2.213500e+00 7.500000e+00 -2.024949e+00
      vertex   -2.389125e+00 4.090289e+00 -1.814410e+00
      vertex   -2.200777e+00 3.899453e+00 -2.038781e+00
    endloop
  endfacet
  facet normal 7.002908e-01 -2.679746e-04 7.138577e-01
    outer loop
      vertex   -2.213500e+00 7.500000e+00 -2.024949e+00
      vertex   -2.200777e+00 3.899453e+00 -2.038781e+00
      vertex   -1.996890e+00 3.703340e+00 -2.238867e+00
    endloop
  endfacet
  facet normal 6.965509e-01 -6.869667e-04 7.175071e-01
    outer loop
      vertex   -2.213500e+00 7.500000e+00 -2.024949e+00
      vertex   -1.996890e+00 3.703340e+00 -2.238867e+00
      vertex   -1.958466e+00 7.500000e+00 -2.272534e+00
    endloop
  endfacet
  facet normal 6.304047e-01 5.035041e-04 7.762665e-01
    outer loop
      vertex   -1.958466e+00 7.500000e+00 -2.272534e+00
      vertex   -1.996890e+00 3.703340e+00 -2.238867e+00
      vertex   -1.780046e+00 3.507933e+00 -2.414839e+00
    endloop
  endfacet
  facet normal 6.067997e-01 -1.214073e-03 7.948539e-01
    outer loop
      vertex   -1.958466e+00 7.500000e+00 -2.272534e+00
      vertex   -1.780046e+00 3.507933e+00 -2.414839e+00
      vertex   -1.675940e+00 7.500000e+00 -2.488217e+00
    endloop
  endfacet
  facet normal 5.564814e-01 7.599631e-04 8.308597e-01
    outer loop
      vertex   -1.675940e+00 7.500000e+00 -2.488217e+00
      vertex   -1.780046e+00 3.507933e+00 -2.414839e+00
      vertex   -1.552831e+00 3.319244e+00 -2.566848e+00
    endloop
  endfacet
  facet normal 5.085307e-01 -1.219706e-03 8.610430e-01
    outer loop
      vertex   -1.675940e+00 7.500000e+00 -2.488217e+00
      vertex   -1.552831e+00 3.319244e+00 -2.566848e+00
      vertex   -1.369888e+00 7.500000e+00 -2.668971e+00
    endloop
  endfacet
  facet normal 4.789566e-01 4.846738e-04 8.778384e-01
    outer loop
      vertex   -1.369888e+00 7.500000e+00 -2.668971e+00
      vertex   -1.552831e+00 3.319244e+00 -2.566848e+00
      vertex   -1.316565e+00 3.142390e+00 -2.695659e+00
    endloop
  endfacet
  facet normal 4.031233e-01 -6.717605e-04 9.151454e-01
    outer loop
      vertex   -1.369888e+00 7.500000e+00 -2.668971e+00
      vertex   -1.316565e+00 3.142390e+00 -2.695659e+00
      vertex   -1.044605e+00 7.500000e+00 -2.812259e+00
    endloop
  endfacet
  facet normal 3.975872e-01 -2.615257e-04 9.175643e-01
    outer loop
      vertex   -1.044605e+00 7.500000e+00 -2.812259e+00
      vertex   -1.316565e+00 3.142390e+00 -2.695659e+00
      vertex   -1.067832e+00 2.980465e+00 -2.803483e+00
    endloop
  endfacet
  facet normal 3.130982e-01 2.351253e-04 9.497207e-01
    outer loop
      vertex   -1.044605e+00 7.500000e+00 -2.812259e+00
      vertex   -1.067832e+00 2.980465e+00 -2.803483e+00
      vertex   -8.076409e-01 2.841487e+00 -2.889227e+00
    endloop
  endfacet
  facet normal 2.920566e-01 -9.455591e-04 9.564006e-01
    outer loop
      vertex   -1.044605e+00 7.500000e+00 -2.812259e+00
      vertex   -8.076409e-01 2.841487e+00 -2.889227e+00
      vertex   -7.046581e-01 7.500000e+00 -2.916069e+00
    endloop
  endfacet
  facet normal 2.471087e-01 1.206026e-04 9.689878e-01
    outer loop
      vertex   -7.046581e-01 7.500000e+00 -2.916069e+00
      vertex   -8.076409e-01 2.841487e+00 -2.889227e+00
      vertex   -6.737646e-01 2.783281e+00 -2.923360e+00
    endloop
  endfacet
  facet normal 2.019603e-01 -1.911963e-04 9.793937e-01
    outer loop
      vertex   -7.046581e-01 7.500000e+00 -2.916069e+00
      vertex   -6.737646e-01 2.783281e+00 -2.923360e+00
      vertex   -5.374716e-01 2.733987e+00 -2.951475e+00
    endloop
  endfacet
  facet normal 1.768902e-01 -1.106556e-03 9.842300e-01
    outer loop
      vertex   -7.046581e-01 7.500000e+00 -2.916069e+00
      vertex   -5.374716e-01 2.733987e+00 -2.951475e+00
      vertex   -3.548195e-01 7.500000e+00 -2.978943e+00
    endloop
  endfacet
  facet normal 1.561335e-01 -2.908728e-04 9.877359e-01
    outer loop
      vertex   -3.548195e-01 7.500000e+00 -2.978943e+00
      vertex   -5.374716e-01 2.733987e+00 -2.951475e+00
      vertex   -3.983011e-01 2.694557e+00 -2.973485e+00
    endloop
  endfacet
  facet normal 1.091308e-01 1.415725e-04 9.940274e-01
    outer loop
      vertex   -3.548195e-01 7.500000e+00 -2.978943e+00
      vertex   -3.983011e-01 2.694557e+00 -2.973485e+00
      vertex   -2.561619e-01 2.666061e+00 -2.989086e+00
    endloop
  endfacet
  facet normal 6.090052e-02 -8.514138e-04 9.981435e-01
    outer loop
      vertex   -2.561619e-01 2.666061e+00 -2.989086e+00
      vertex   -1.109985e-01 2.649580e+00 -2.997957e+00
      vertex   -3.548195e-01 7.500000e+00 -2.978943e+00
    endloop
  endfacet
  facet normal 5.924060e-02 -9.352457e-04 9.982433e-01
    outer loop
      vertex   -3.548195e-01 7.500000e+00 -2.978943e+00
      vertex   -1.109985e-01 2.649580e+00 -2.997957e+00
      vertex   0.000000e+00 7.500000e+00 -3.000000e+00
    endloop
  endfacet
  facet normal 1.234683e-02 1.385937e-04 9.999238e-01
    outer loop
      vertex   0.000000e+00 7.500000e+00 -3.000000e+00
      vertex   -1.109985e-01 2.649580e+00 -2.997957e+00
      vertex   3.675844e-02 2.646176e+00 -2.999781e+00
    endloop
  endfacet
  facet normal -3.640739e-02 -2.306527e-04 9.993370e-01
    outer loop
      vertex   0.000000e+00 7.500000e+00 -3.000000e+00
      vertex   3.675844e-02 2.646176e+00 -2.999781e+00
      vertex   1.829552e-01 2.656140e+00 -2.994453e+00
    endloop
  endfacet
  facet normal -5.924059e-02 -1.094328e-03 9.982431e-01
    outer loop
      vertex   0.000000e+00 7.500000e+00 -3.000000e+00
      vertex   1.829552e-01 2.656140e+00 -2.994453e+00
      vertex   3.548195e-01 7.500000e+00 -2.978943e+00
    endloop
  endfacet
  facet normal -8.494734e-02 -1.762820e-04 9.963854e-01
    outer loop
      vertex   3.548195e-01 7.500000e+00 -2.978943e+00
      vertex   1.829552e-01 2.656140e+00 -2.994453e+00
      vertex   3.267385e-01 2.678686e+00 -2.982190e+00
    endloop
  endfacet
  facet normal -1.327660e-01 1.057579e-04 9.911474e-01
    outer loop
      vertex   3.548195e-01 7.500000e+00 -2.978943e+00
      vertex   3.267385e-01 2.678686e+00 -2.982190e+00
      vertex   4.682441e-01 2.712951e+00 -2.963239e+00
    endloop
  endfacet
  facet normal -1.768902e-01 -9.624163e-04 9.842301e-01
    outer loop
      vertex   3.548195e-01 7.500000e+00 -2.978943e+00
      vertex   4.682441e-01 2.712951e+00 -2.963239e+00
      vertex   7.046581e-01 7.500000e+00 -2.916069e+00
    endloop
  endfacet
  facet normal -1.791506e-01 -8.467556e-04 9.838213e-01
    outer loop
      vertex   7.046581e-01 7.500000e+00 -2.916069e+00
      vertex   4.682441e-01 2.712951e+00 -2.963239e+00
      vertex   6.073442e-01 2.757962e+00 -2.937871e+00
    endloop
  endfacet
  facet normal -2.475980e-01 6.266655e-04 9.688626e-01
    outer loop
      vertex   7.046581e-01 7.500000e+00 -2.916069e+00
      vertex   6.073442e-01 2.757962e+00 -2.937871e+00
      vertex   8.741787e-01 2.873879e+00 -2.869755e+00
    endloop
  endfacet
  facet normal -2.920566e-01 -1.127249e-03 9.564004e-01
    outer loop
      vertex   7.046581e-01 7.500000e+00 -2.916069e+00
      vertex   8.741787e-01 2.873879e+00 -2.869755e+00
      vertex   1.044605e+00 7.500000e+00 -2.812259e+00
    endloop
  endfacet
  facet normal -3.333948e-01 5.648434e-04 9.427871e-01
    outer loop
      vertex   1.044605e+00 7.500000e+00 -2.812259e+00
      vertex   8.741787e-01 2.873879e+00 -2.869755e+00
      vertex   1.123528e+00 3.014490e+00 -2.781662e+00
    endloop
  endfacet
  facet normal -4.031233e-01 -8.505889e-04 9.151453e-01
    outer loop
      vertex   1.044605e+00 7.500000e+00 -2.812259e+00
      vertex   1.123528e+00 3.014490e+00 -2.781662e+00
      vertex   1.369888e+00 7.500000e+00 -2.668971e+00
    endloop
  endfacet
  facet normal -4.138134e-01 -1.432702e-04 9.103617e-01
    outer loop
      vertex   1.369888e+00 7.500000e+00 -2.668971e+00
      vertex   1.123528e+00 3.014490e+00 -2.781662e+00
      vertex   1.357715e+00 3.171659e+00 -2.675186e+00
    endloop
  endfacet
  facet normal -4.910320e-01 1.302134e-04 8.711415e-01
    outer loop
      vertex   1.369888e+00 7.500000e+00 -2.668971e+00
      vertex   1.357715e+00 3.171659e+00 -2.675186e+00
      vertex   1.585606e+00 3.345260e+00 -2.546758e+00
    endloop
  endfacet
  facet normal -5.085308e-01 -1.075393e-03 8.610431e-01
    outer loop
      vertex   1.369888e+00 7.500000e+00 -2.668971e+00
      vertex   1.585606e+00 3.345260e+00 -2.546758e+00
      vertex   1.675940e+00 7.500000e+00 -2.488217e+00
    endloop
  endfacet
  facet normal -5.660871e-01 6.931029e-04 8.243451e-01
    outer loop
      vertex   1.675940e+00 7.500000e+00 -2.488217e+00
      vertex   1.585606e+00 3.345260e+00 -2.546758e+00
      vertex   1.805529e+00 3.530093e+00 -2.395889e+00
    endloop
  endfacet
  facet normal -6.067996e-01 -1.321737e-03 7.948537e-01
    outer loop
      vertex   1.675940e+00 7.500000e+00 -2.488217e+00
      vertex   1.805529e+00 3.530093e+00 -2.395889e+00
      vertex   1.958466e+00 7.500000e+00 -2.272534e+00
    endloop
  endfacet
  facet normal -6.378603e-01 6.424107e-04 7.701518e-01
    outer loop
      vertex   1.958466e+00 7.500000e+00 -2.272534e+00
      vertex   1.805529e+00 3.530093e+00 -2.395889e+00
      vertex   2.015339e+00 3.720664e+00 -2.222277e+00
    endloop
  endfacet
  facet normal -6.965507e-01 -9.408385e-04 7.175069e-01
    outer loop
      vertex   1.958466e+00 7.500000e+00 -2.272534e+00
      vertex   2.015339e+00 3.720664e+00 -2.222277e+00
      vertex   2.213500e+00 7.500000e+00 -2.024949e+00
    endloop
  endfacet
  facet normal -7.055015e-01 -1.212950e-05 7.087084e-01
    outer loop
      vertex   2.213500e+00 7.500000e+00 -2.024949e+00
      vertex   2.015339e+00 3.720664e+00 -2.222277e+00
      vertex   2.212880e+00 3.911472e+00 -2.025627e+00
    endloop
  endfacet
  facet normal -7.689034e-01 1.191652e-05 6.393649e-01
    outer loop
      vertex   2.213500e+00 7.500000e+00 -2.024949e+00
      vertex   2.212880e+00 3.911472e+00 -2.025627e+00
      vertex   2.395493e+00 4.096872e+00 -1.806020e+00
    endloop
  endfacet
  facet normal -7.765235e-01 -9.924202e-04 6.300875e-01
    outer loop
      vertex   2.213500e+00 7.500000e+00 -2.024949e+00
      vertex   2.395493e+00 4.096872e+00 -1.806020e+00
      vertex   2.437461e+00 7.500000e+00 -1.748938e+00
    endloop
  endfacet
  facet normal -8.271764e-01 7.752643e-04 5.619418e-01
    outer loop
      vertex   2.437461e+00 7.500000e+00 -1.748938e+00
      vertex   2.395493e+00 4.096872e+00 -1.806020e+00
      vertex   2.560157e+00 4.271100e+00 -1.563875e+00
    endloop
  endfacet
  facet normal -8.455950e-01 -1.536272e-03 5.338227e-01
    outer loop
      vertex   2.437461e+00 7.500000e+00 -1.748938e+00
      vertex   2.560157e+00 4.271100e+00 -1.563875e+00
      vertex   2.627205e+00 7.500000e+00 -1.448377e+00
    endloop
  endfacet
  facet normal -8.787664e-01 1.176115e-03 4.772507e-01
    outer loop
      vertex   2.627205e+00 7.500000e+00 -1.448377e+00
      vertex   2.560157e+00 4.271100e+00 -1.563875e+00
      vertex   2.703896e+00 4.428401e+00 -1.299595e+00
    endloop
  endfacet
  facet normal -9.027965e-01 -1.709452e-03 4.300646e-01
    outer loop
      vertex   2.627205e+00 7.500000e+00 -1.448377e+00
      vertex   2.703896e+00 4.428401e+00 -1.299595e+00
      vertex   2.780069e+00 7.500000e+00 -1.127483e+00
    endloop
  endfacet
  facet normal -9.226726e-01 1.275969e-03 3.855821e-01
    outer loop
      vertex   2.780069e+00 7.500000e+00 -1.127483e+00
      vertex   2.703896e+00 4.428401e+00 -1.299595e+00
      vertex   2.823610e+00 4.562950e+00 -1.013573e+00
    endloop
  endfacet
  facet normal -9.473251e-01 -1.622561e-03 3.202694e-01
    outer loop
      vertex   2.780069e+00 7.500000e+00 -1.127483e+00
      vertex   2.823610e+00 4.562950e+00 -1.013573e+00
      vertex   2.893907e+00 7.500000e+00 -7.907615e-01
    endloop
  endfacet
  facet normal -9.496898e-01 -1.028936e-03 3.131905e-01
    outer loop
      vertex   2.893907e+00 7.500000e+00 -7.907615e-01
      vertex   2.823610e+00 4.562950e+00 -1.013573e+00
      vertex   2.873296e+00 4.619744e+00 -8.627214e-01
    endloop
  endfacet
  facet normal -9.651956e-01 3.727236e-04 2.615289e-01
    outer loop
      vertex   2.893907e+00 7.500000e+00 -7.907615e-01
      vertex   2.873296e+00 4.619744e+00 -8.627214e-01
      vertex   2.915544e+00 4.668481e+00 -7.068702e-01
    endloop
  endfacet
  facet normal -9.778806e-01 -1.275778e-03 2.091601e-01
    outer loop
      vertex   2.915544e+00 4.668481e+00 -7.068702e-01
      vertex   2.949860e+00 4.708360e+00 -5.461907e-01
      vertex   2.893907e+00 7.500000e+00 -7.907615e-01
    endloop
  endfacet
  facet normal -9.785553e-01 -1.568048e-03 2.059784e-01
    outer loop
      vertex   2.893907e+00 7.500000e+00 -7.907615e-01
      vertex   2.949860e+00 4.708360e+00 -5.461907e-01
      vertex   2.967121e+00 7.500000e+00 -4.429397e-01
    endloop
  endfacet
  facet normal -9.879741e-01 3.897634e-04 1.546187e-01
    outer loop
      vertex   2.967121e+00 7.500000e+00 -4.429397e-01
      vertex   2.949860e+00 4.708360e+00 -5.461907e-01
      vertex   2.975639e+00 4.738475e+00 -3.815501e-01
    endloop
  endfacet
  facet normal -9.950467e-01 -8.594671e-04 9.940522e-02
    outer loop
      vertex   2.967121e+00 7.500000e+00 -4.429397e-01
      vertex   2.975639e+00 4.738475e+00 -3.815501e-01
      vertex   2.992352e+00 4.758080e+00 -2.140835e-01
    endloop
  endfacet
  facet normal -9.960483e-01 -1.754210e-03 8.879576e-02
    outer loop
      vertex   2.967121e+00 7.500000e+00 -4.429397e-01
      vertex   2.992352e+00 4.758080e+00 -2.140835e-01
      vertex   2.998683e+00 7.500000e+00 -8.889998e-02
    endloop
  endfacet
  facet normal -9.990690e-01 3.372025e-04 4.313992e-02
    outer loop
      vertex   2.998683e+00 7.500000e+00 -8.889998e-02
      vertex   2.992352e+00 4.758080e+00 -2.140835e-01
      vertex   2.999666e+00 4.766679e+00 -4.474919e-02
    endloop
  endfacet
  facet normal -9.999098e-01 -5.766245e-04 -1.341525e-02
    outer loop
      vertex   2.998683e+00 7.500000e+00 -8.889998e-02
      vertex   2.999666e+00 4.766679e+00 -4.474919e-02
      vertex   2.997388e+00 4.764000e+00 1.251577e-01
    endloop
  endfacet
  facet normal -9.995591e-01 -1.845648e-03 -2.963328e-02
    outer loop
      vertex   2.998683e+00 7.500000e+00 -8.889998e-02
      vertex   2.997388e+00 4.764000e+00 1.251577e-01
      vertex   2.988150e+00 7.500000e+00 2.663877e-01
    endloop
  endfacet
  facet normal -9.975528e-01 2.405455e-04 -6.991714e-02
    outer loop
      vertex   2.988150e+00 7.500000e+00 2.663877e-01
      vertex   2.997388e+00 4.764000e+00 1.251577e-01
      vertex   2.985531e+00 4.750072e+00 2.942928e-01
    endloop
  endfacet
  facet normal -9.920298e-01 -3.338512e-04 -1.260032e-01
    outer loop
      vertex   2.988150e+00 7.500000e+00 2.663877e-01
      vertex   2.985531e+00 4.750072e+00 2.942928e-01
      vertex   2.964343e+00 4.725259e+00 4.611732e-01
    endloop
  endfacet
  facet normal -9.890384e-01 -1.878851e-03 -1.476463e-01
    outer loop
      vertex   2.988150e+00 7.500000e+00 2.663877e-01
      vertex   2.964343e+00 4.725259e+00 4.611732e-01
      vertex   2.935669e+00 7.500000e+00 6.179359e-01
    endloop
  endfacet
  facet normal -9.834649e-01 6.867595e-05 -1.810986e-01
    outer loop
      vertex   2.935669e+00 7.500000e+00 6.179359e-01
      vertex   2.964343e+00 4.725259e+00 4.611732e-01
      vertex   2.934165e+00 4.690094e+00 6.250430e-01
    endloop
  endfacet
  facet normal -9.719846e-01 -7.391864e-05 -2.350444e-01
    outer loop
      vertex   2.935669e+00 7.500000e+00 6.179359e-01
      vertex   2.934165e+00 4.690094e+00 6.250430e-01
      vertex   2.895535e+00 4.645360e+00 7.848021e-01
    endloop
  endfacet
  facet normal -9.646339e-01 -1.845691e-03 -2.635867e-01
    outer loop
      vertex   2.935669e+00 7.500000e+00 6.179359e-01
      vertex   2.895535e+00 4.645360e+00 7.848021e-01
      vertex   2.841979e+00 7.500000e+00 9.608096e-01
    endloop
  endfacet
  facet normal -9.577651e-01 -2.392344e-04 -2.875515e-01
    outer loop
      vertex   2.841979e+00 7.500000e+00 9.608096e-01
      vertex   2.895535e+00 4.645360e+00 7.848021e-01
      vertex   2.849081e+00 4.592006e+00 9.395746e-01
    endloop
  endfacet
  facet normal -9.410734e-01 1.713942e-04 -3.382023e-01
    outer loop
      vertex   2.841979e+00 7.500000e+00 9.608096e-01
      vertex   2.849081e+00 4.592006e+00 9.395746e-01
      vertex   2.795304e+00 4.530853e+00 1.089181e+00
    endloop
  endfacet
  facet normal -9.266883e-01 -1.681457e-03 -3.758271e-01
    outer loop
      vertex   2.841979e+00 7.500000e+00 9.608096e-01
      vertex   2.795304e+00 4.530853e+00 1.089181e+00
      vertex   2.708393e+00 7.500000e+00 1.290196e+00
    endloop
  endfacet
  facet normal -9.218411e-01 -7.447524e-04 -3.875672e-01
    outer loop
      vertex   2.708393e+00 7.500000e+00 1.290196e+00
      vertex   2.795304e+00 4.530853e+00 1.089181e+00
      vertex   2.734707e+00 4.462726e+00 1.233444e+00
    endloop
  endfacet
  facet normal -8.896322e-01 8.256238e-04 -4.566770e-01
    outer loop
      vertex   2.708393e+00 7.500000e+00 1.290196e+00
      vertex   2.734707e+00 4.462726e+00 1.233444e+00
      vertex   2.594964e+00 4.308759e+00 1.505393e+00
    endloop
  endfacet
  facet normal -8.757340e-01 -1.429386e-03 -4.827917e-01
    outer loop
      vertex   2.708393e+00 7.500000e+00 1.290196e+00
      vertex   2.594964e+00 4.308759e+00 1.505393e+00
      vertex   2.536788e+00 7.500000e+00 1.601470e+00
    endloop
  endfacet
  facet normal -8.393827e-01 1.062205e-03 -5.435399e-01
    outer loop
      vertex   2.536788e+00 7.500000e+00 1.601470e+00
      vertex   2.594964e+00 4.308759e+00 1.505393e+00
      vertex   2.433149e+00 4.136150e+00 1.754945e+00
    endloop
  endfacet
  facet normal -8.124859e-01 -1.565859e-03 -5.829788e-01
    outer loop
      vertex   2.536788e+00 7.500000e+00 1.601470e+00
      vertex   2.433149e+00 4.136150e+00 1.754945e+00
      vertex   2.329572e+00 7.500000e+00 1.890264e+00
    endloop
  endfacet
  facet normal -7.822066e-01 9.771664e-04 -6.230183e-01
    outer loop
      vertex   2.329572e+00 7.500000e+00 1.890264e+00
      vertex   2.433149e+00 4.136150e+00 1.754945e+00
      vertex   2.252381e+00 3.950864e+00 1.981611e+00
    endloop
  endfacet
  facet normal -7.378326e-01 -1.325370e-03 -6.749824e-01
    outer loop
      vertex   2.329572e+00 7.500000e+00 1.890264e+00
      vertex   2.252381e+00 3.950864e+00 1.981611e+00
      vertex   2.089653e+00 7.500000e+00 2.152522e+00
    endloop
  endfacet
  facet normal -7.191006e-01 4.929175e-04 -6.949058e-01
    outer loop
      vertex   2.089653e+00 7.500000e+00 2.152522e+00
      vertex   2.252381e+00 3.950864e+00 1.981611e+00
      vertex   2.055804e+00 3.758858e+00 2.184896e+00
    endloop
  endfacet
  facet normal -6.528220e-01 -6.485153e-04 -7.575111e-01
    outer loop
      vertex   2.089653e+00 7.500000e+00 2.152522e+00
      vertex   2.055804e+00 3.758858e+00 2.184896e+00
      vertex   1.820400e+00 7.500000e+00 2.384563e+00
    endloop
  endfacet
  facet normal -6.507956e-01 -4.280507e-04 -7.592529e-01
    outer loop
      vertex   1.820400e+00 7.500000e+00 2.384563e+00
      vertex   2.055804e+00 3.758858e+00 2.184896e+00
      vertex   1.846118e+00 3.565918e+00 2.364737e+00
    endloop
  endfacet
  facet normal -5.793413e-01 3.204193e-04 -8.150850e-01
    outer loop
      vertex   1.820400e+00 7.500000e+00 2.384563e+00
      vertex   1.846118e+00 3.565918e+00 2.364737e+00
      vertex   1.625638e+00 3.377734e+00 2.521375e+00
    endloop
  endfacet
  facet normal -5.586464e-01 -1.132604e-03 -8.294052e-01
    outer loop
      vertex   1.820400e+00 7.500000e+00 2.384563e+00
      vertex   1.625638e+00 3.377734e+00 2.521375e+00
      vertex   1.525593e+00 7.500000e+00 2.583131e+00
    endloop
  endfacet
  facet normal -5.045882e-01 6.880352e-04 -8.633599e-01
    outer loop
      vertex   1.525593e+00 7.500000e+00 2.583131e+00
      vertex   1.625638e+00 3.377734e+00 2.521375e+00
      vertex   1.396676e+00 3.200000e+00 2.655049e+00
    endloop
  endfacet
  facet normal -4.566289e-01 -1.189634e-03 -8.896565e-01
    outer loop
      vertex   1.525593e+00 7.500000e+00 2.583131e+00
      vertex   1.396676e+00 3.200000e+00 2.655049e+00
      vertex   1.209370e+00 7.500000e+00 2.745437e+00
    endloop
  endfacet
  facet normal -4.265093e-01 4.340244e-04 -9.044831e-01
    outer loop
      vertex   1.209370e+00 7.500000e+00 2.745437e+00
      vertex   1.396676e+00 3.200000e+00 2.655049e+00
      vertex   1.159152e+00 3.036854e+00 2.766975e+00
    endloop
  endfacet
  facet normal -3.482016e-01 -6.060149e-04 -9.374195e-01
    outer loop
      vertex   1.209370e+00 7.500000e+00 2.745437e+00
      vertex   1.159152e+00 3.036854e+00 2.766975e+00
      vertex   8.761703e-01 7.500000e+00 2.869203e+00
    endloop
  endfacet
  facet normal -3.436749e-01 -2.807746e-04 -9.390886e-01
    outer loop
      vertex   8.761703e-01 7.500000e+00 2.869203e+00
      vertex   1.159152e+00 3.036854e+00 2.766975e+00
      vertex   9.027711e-01 2.888402e+00 2.860847e+00
    endloop
  endfacet
  facet normal -2.787301e-01 1.324031e-04 -9.603695e-01
    outer loop
      vertex   8.761703e-01 7.500000e+00 2.869203e+00
      vertex   9.027711e-01 2.888402e+00 2.860847e+00
      vertex   7.675587e-01 2.823015e+00 2.900081e+00
    endloop
  endfacet
  facet normal -2.348859e-01 -9.627056e-04 -9.720225e-01
    outer loop
      vertex   8.761703e-01 7.500000e+00 2.869203e+00
      vertex   7.675587e-01 2.823015e+00 2.900081e+00
      vertex   5.306708e-01 7.500000e+00 2.952692e+00
    endloop
  endfacet
  facet normal -2.326622e-01 -8.440564e-04 -9.725573e-01
    outer loop
      vertex   5.306708e-01 7.500000e+00 2.952692e+00
      vertex   7.675587e-01 2.823015e+00 2.900081e+00
      vertex   6.280610e-01 2.765584e+00 2.933502e+00
    endloop
  endfacet
  facet normal -1.856973e-01 1.627763e-04 -9.826070e-01
    outer loop
      vertex   5.306708e-01 7.500000e+00 2.952692e+00
      vertex   6.280610e-01 2.765584e+00 2.933502e+00
      vertex   4.846332e-01 2.717679e+00 2.960600e+00
    endloop
  endfacet
  facet normal -1.374392e-01 -3.148557e-04 -9.905102e-01
    outer loop
      vertex   4.846332e-01 2.717679e+00 2.960600e+00
      vertex   3.386116e-01 2.681108e+00 2.980873e+00
      vertex   5.306708e-01 7.500000e+00 2.952692e+00
    endloop
  endfacet
  facet normal -1.182731e-01 -1.093175e-03 -9.929805e-01
    outer loop
      vertex   5.306708e-01 7.500000e+00 2.952692e+00
      vertex   3.386116e-01 2.681108e+00 2.980873e+00
      vertex   1.777219e-01 7.500000e+00 2.994731e+00
    endloop
  endfacet
  facet normal -8.825167e-02 -8.187518e-05 -9.960982e-01
    outer loop
      vertex   1.777219e-01 7.500000e+00 2.994731e+00
      vertex   3.386116e-01 2.681108e+00 2.980873e+00
      vertex   1.903142e-01 2.657000e+00 2.994014e+00
    endloop
  endfacet
  facet normal -3.808826e-02 4.902542e-05 -9.992744e-01
    outer loop
      vertex   1.777219e-01 7.500000e+00 2.994731e+00
      vertex   1.903142e-01 2.657000e+00 2.994014e+00
      vertex   3.956209e-02 2.646253e+00 2.999759e+00
    endloop
  endfacet
  facet normal -0.000000e+00 -1.035892e-03 -9.999995e-01
    outer loop
      vertex   1.777219e-01 7.500000e+00 2.994731e+00
      vertex   3.956209e-02 2.646253e+00 2.999759e+00
      vertex   -1.777219e-01 7.500000e+00 2.994731e+00
    endloop
  endfacet
  facet normal 1.243518e-02 -4.791356e-04 -9.999226e-01
    outer loop
      vertex   -1.777219e-01 7.500000e+00 2.994731e+00
      vertex   3.956209e-02 2.646253e+00 2.999759e+00
      vertex   -1.135422e-01 2.649748e+00 2.997853e+00
    endloop
  endfacet
  facet normal 6.294625e-02 1.904654e-04 -9.980169e-01
    outer loop
      vertex   -1.777219e-01 7.500000e+00 2.994731e+00
      vertex   -1.135422e-01 2.649748e+00 2.997853e+00
      vertex   -2.647888e-01 2.667432e+00 2.988318e+00
    endloop
  endfacet
  facet normal 1.128001e-01 -7.135757e-04 -9.936174e-01
    outer loop
      vertex   -2.647888e-01 2.667432e+00 2.988318e+00
      vertex   -4.127442e-01 2.698117e+00 2.971499e+00
      vertex   -1.777219e-01 7.500000e+00 2.994731e+00
    endloop
  endfacet
  facet normal 1.182731e-01 -9.845244e-04 -9.929806e-01
    outer loop
      vertex   -1.777219e-01 7.500000e+00 2.994731e+00
      vertex   -4.127442e-01 2.698117e+00 2.971499e+00
      vertex   -5.306708e-01 7.500000e+00 2.952692e+00
    endloop
  endfacet
  facet normal 1.619269e-01 1.117389e-04 -9.868028e-01
    outer loop
      vertex   -5.306708e-01 7.500000e+00 2.952692e+00
      vertex   -4.127442e-01 2.698117e+00 2.971499e+00
      vertex   -5.574469e-01 2.740559e+00 2.947759e+00
    endloop
  endfacet
  facet normal 2.094833e-01 -1.651255e-04 -9.778122e-01
    outer loop
      vertex   -5.306708e-01 7.500000e+00 2.952692e+00
      vertex   -5.574469e-01 2.740559e+00 2.947759e+00
      vertex   -6.988404e-01 2.793456e+00 2.917458e+00
    endloop
  endfacet
  facet normal 2.348859e-01 -1.116130e-03 -9.720223e-01
    outer loop
      vertex   -5.306708e-01 7.500000e+00 2.952692e+00
      vertex   -6.988404e-01 2.793456e+00 2.917458e+00
      vertex   -8.761703e-01 7.500000e+00 2.869203e+00
    endloop
  endfacet
  facet normal 2.560953e-01 -2.619527e-04 -9.666515e-01
    outer loop
      vertex   -8.761703e-01 7.500000e+00 2.869203e+00
      vertex   -6.988404e-01 2.793456e+00 2.917458e+00
      vertex   -8.363722e-01 2.855176e+00 2.881005e+00
    endloop
  endfacet
  facet normal 3.230345e-01 3.630928e-04 -9.463871e-01
    outer loop
      vertex   -8.761703e-01 7.500000e+00 2.869203e+00
      vertex   -8.363722e-01 2.855176e+00 2.881005e+00
      vertex   -1.098493e+00 2.998994e+00 2.791590e+00
    endloop
  endfacet
  facet normal 3.482014e-01 -1.034640e-03 -9.374192e-01
    outer loop
      vertex   -8.761703e-01 7.500000e+00 2.869203e+00
      vertex   -1.098493e+00 2.998994e+00 2.791590e+00
      vertex   -1.209370e+00 7.500000e+00 2.745437e+00
    endloop
  endfacet
  facet normal 4.072409e-01 6.668360e-04 -9.133206e-01
    outer loop
      vertex   -1.209370e+00 7.500000e+00 2.745437e+00
      vertex   -1.098493e+00 2.998994e+00 2.791590e+00
      vertex   -1.341475e+00 3.160072e+00 2.683364e+00
    endloop
  endfacet
  facet normal 4.566289e-01 -1.174970e-03 -8.896565e-01
    outer loop
      vertex   -1.209370e+00 7.500000e+00 2.745437e+00
      vertex   -1.341475e+00 3.160072e+00 2.683364e+00
      vertex   -1.525593e+00 7.500000e+00 2.583131e+00
    endloop
  endfacet
  facet normal 4.864946e-01 4.609633e-04 -8.736835e-01
    outer loop
      vertex   -1.525593e+00 7.500000e+00 2.583131e+00
      vertex   -1.341475e+00 3.160072e+00 2.683364e+00
      vertex   -1.572934e+00 3.335144e+00 2.554572e+00
    endloop
  endfacet
  facet normal 5.616743e-01 -7.112433e-04 -8.273581e-01
    outer loop
      vertex   -1.525593e+00 7.500000e+00 2.583131e+00
      vertex   -1.572934e+00 3.335144e+00 2.554572e+00
      vertex   -1.796563e+00 3.522184e+00 2.402595e+00
    endloop
  endfacet
  facet normal 5.586467e-01 -4.120733e-04 -8.294056e-01
    outer loop
      vertex   -1.525593e+00 7.500000e+00 2.583131e+00
      vertex   -1.796563e+00 3.522184e+00 2.402595e+00
      vertex   -1.820400e+00 7.500000e+00 2.384563e+00
    endloop
  endfacet
  facet normal 6.351725e-01 3.050621e-04 -7.723702e-01
    outer loop
      vertex   -1.820400e+00 7.500000e+00 2.384563e+00
      vertex   -1.796563e+00 3.522184e+00 2.402595e+00
      vertex   -2.009899e+00 3.715405e+00 2.227231e+00
    endloop
  endfacet
  facet normal 6.528217e-01 -1.196389e-03 -7.575107e-01
    outer loop
      vertex   -1.820400e+00 7.500000e+00 2.384563e+00
      vertex   -2.009899e+00 3.715405e+00 2.227231e+00
      vertex   -2.089653e+00 7.500000e+00 2.152522e+00
    endloop
  endfacet
  facet normal 7.046282e-01 8.415831e-04 -7.095762e-01
    outer loop
      vertex   -2.089653e+00 7.500000e+00 2.152522e+00
      vertex   -2.009899e+00 3.715405e+00 2.227231e+00
      vertex   -2.210482e+00 3.909023e+00 2.028277e+00
    endloop
  endfacet
  facet normal 7.378325e-01 -1.472592e-03 -6.749823e-01
    outer loop
      vertex   -2.089653e+00 7.500000e+00 2.152522e+00
      vertex   -2.210482e+00 3.909023e+00 2.028277e+00
      vertex   -2.329572e+00 7.500000e+00 1.890264e+00
    endloop
  endfacet
  facet normal 7.690558e-01 9.388458e-04 -6.391810e-01
    outer loop
      vertex   -2.329572e+00 7.500000e+00 1.890264e+00
      vertex   -2.210482e+00 3.909023e+00 2.028277e+00
      vertex   -2.395858e+00 4.097275e+00 1.805511e+00
    endloop
  endfacet
  facet normal 8.124862e-01 -1.307027e-03 -5.829790e-01
    outer loop
      vertex   -2.329572e+00 7.500000e+00 1.890264e+00
      vertex   -2.395858e+00 4.097275e+00 1.805511e+00
      vertex   -2.536788e+00 7.500000e+00 1.601470e+00
    endloop
  endfacet
  facet normal 8.277561e-01 6.380968e-04 -5.610877e-01
    outer loop
      vertex   -2.536788e+00 7.500000e+00 1.601470e+00
      vertex   -2.395858e+00 4.097275e+00 1.805511e+00
      vertex   -2.563425e+00 4.274634e+00 1.558505e+00
    endloop
  endfacet
  facet normal 8.757347e-01 -8.011016e-04 -4.827920e-01
    outer loop
      vertex   -2.536788e+00 7.500000e+00 1.601470e+00
      vertex   -2.563425e+00 4.274634e+00 1.558505e+00
      vertex   -2.708393e+00 7.500000e+00 1.290196e+00
    endloop
  endfacet
  facet normal 8.800060e-01 4.220389e-05 -4.749625e-01
    outer loop
      vertex   -2.708393e+00 7.500000e+00 1.290196e+00
      vertex   -2.563425e+00 4.274634e+00 1.558505e+00
      vertex   -2.709627e+00 4.434762e+00 1.287638e+00
    endloop
  endfacet
  facet normal 9.141985e-01 -2.971361e-05 -4.052668e-01
    outer loop
      vertex   -2.708393e+00 7.500000e+00 1.290196e+00
      vertex   -2.709627e+00 4.434762e+00 1.287638e+00
      vertex   -2.773541e+00 4.506300e+00 1.143455e+00
    endloop
  endfacet
  facet normal 9.266882e-01 -1.744542e-03 -3.758270e-01
    outer loop
      vertex   -2.708393e+00 7.500000e+00 1.290196e+00
      vertex   -2.773541e+00 4.506300e+00 1.143455e+00
      vertex   -2.841979e+00 7.500000e+00 9.608096e-01
    endloop
  endfacet
  facet normal 9.343204e-01 -3.868978e-04 -3.564340e-01
    outer loop
      vertex   -2.841979e+00 7.500000e+00 9.608096e-01
      vertex   -2.773541e+00 4.506300e+00 1.143455e+00
      vertex   -2.830686e+00 4.571031e+00 9.935907e-01
    endloop
  endfacet
  facet normal 9.522203e-01 2.531585e-04 -3.054119e-01
    outer loop
      vertex   -2.841979e+00 7.500000e+00 9.608096e-01
      vertex   -2.830686e+00 4.571031e+00 9.935907e-01
      vertex   -2.880443e+00 4.627975e+00 8.385046e-01
    endloop
  endfacet
  facet normal 9.646342e-01 -1.694218e-03 -2.635868e-01
    outer loop
      vertex   -2.841979e+00 7.500000e+00 9.608096e-01
      vertex   -2.880443e+00 4.627975e+00 8.385046e-01
      vertex   -2.935669e+00 7.500000e+00 6.179359e-01
    endloop
  endfacet
  facet normal 9.674226e-01 -8.402489e-04 -2.531654e-01
    outer loop
      vertex   -2.935669e+00 7.500000e+00 6.179359e-01
      vertex   -2.880443e+00 4.627975e+00 8.385046e-01
      vertex   -2.922280e+00 4.676287e+00 6.784737e-01
    endloop
  endfacet
  facet normal 9.800706e-01 3.885037e-04 -1.986492e-01
    outer loop
      vertex   -2.935669e+00 7.500000e+00 6.179359e-01
      vertex   -2.922280e+00 4.676287e+00 6.784737e-01
      vertex   -2.955690e+00 4.715157e+00 5.137123e-01
    endloop
  endfacet
  facet normal 9.890389e-01 -1.584768e-03 -1.476464e-01
    outer loop
      vertex   -2.935669e+00 7.500000e+00 6.179359e-01
      vertex   -2.955690e+00 4.715157e+00 5.137123e-01
      vertex   -2.988150e+00 7.500000e+00 2.663877e-01
    endloop
  endfacet
  facet normal 9.896730e-01 -1.194789e-03 -1.433385e-01
    outer loop
      vertex   -2.988150e+00 7.500000e+00 2.663877e-01
      vertex   -2.955690e+00 4.715157e+00 5.137123e-01
      vertex   -2.980120e+00 4.743726e+00 3.448024e-01
    endloop
  endfacet
  facet normal 9.962672e-01 4.465039e-04 -8.632236e-02
    outer loop
      vertex   -2.988150e+00 7.500000e+00 2.663877e-01
      vertex   -2.980120e+00 4.743726e+00 3.448024e-01
      vertex   -2.994996e+00 4.761187e+00 1.732087e-01
    endloop
  endfacet
  facet normal 9.995597e-01 -1.490383e-03 -2.963329e-02
    outer loop
      vertex   -2.988150e+00 7.500000e+00 2.663877e-01
      vertex   -2.994996e+00 4.761187e+00 1.732087e-01
      vertex   -2.998683e+00 7.500000e+00 -8.889998e-02
    endloop
  endfacet
  facet normal -7.845910e-02 -0.000000e+00 -9.969173e-01
    outer loop
      vertex   2.659386e-01 1.200000e+01 1.679070e+00
      vertex   2.659386e-01 7.500000e+00 1.679070e+00
      vertex   -2.081900e-16 1.200000e+01 1.700000e+00
    endloop
  endfacet
  facet normal -7.845910e-02 -7.259731e-18 -9.969173e-01
    outer loop
      vertex   -2.081900e-16 1.200000e+01 1.700000e+00
      vertex   2.659386e-01 7.500000e+00 1.679070e+00
      vertex   2.081900e-16 7.500000e+00 1.700000e+00
    endloop
  endfacet
  facet normal 7.845910e-02 7.259731e-18 -9.969173e-01
    outer loop
      vertex   -2.081900e-16 1.200000e+01 1.700000e+00
      vertex   2.081900e-16 7.500000e+00 1.700000e+00
      vertex   -2.659386e-01 1.200000e+01 1.679070e+00
    endloop
  endfacet
  facet normal 7.845910e-02 0.000000e+00 -9.969173e-01
    outer loop
      vertex   -2.659386e-01 1.200000e+01 1.679070e+00
      vertex   2.081900e-16 7.500000e+00 1.700000e+00
      vertex   -2.659386e-01 7.500000e+00 1.679070e+00
    endloop
  endfacet
  facet normal 2.334454e-01 0.000000e+00 -9.723699e-01
    outer loop
      vertex   -2.659386e-01 1.200000e+01 1.679070e+00
      vertex   -2.659386e-01 7.500000e+00 1.679070e+00
      vertex   -5.253289e-01 1.200000e+01 1.616796e+00
    endloop
  endfacet
  facet normal 2.334454e-01 0.000000e+00 -9.723699e-01
    outer loop
      vertex   -5.253289e-01 1.200000e+01 1.616796e+00
      vertex   -2.659386e-01 7.500000e+00 1.679070e+00
      vertex   -5.253289e-01 7.500000e+00 1.616796e+00
    endloop
  endfacet
  facet normal 3.826834e-01 0.000000e+00 -9.238795e-01
    outer loop
      vertex   -5.253289e-01 1.200000e+01 1.616796e+00
      vertex   -5.253289e-01 7.500000e+00 1.616796e+00
      vertex   -7.717838e-01 1.200000e+01 1.514711e+00
    endloop
  endfacet
  facet normal 3.826834e-01 0.000000e+00 -9.238795e-01
    outer loop
      vertex   -7.717838e-01 1.200000e+01 1.514711e+00
      vertex   -5.253289e-01 7.500000e+00 1.616796e+00
      vertex   -7.717838e-01 7.500000e+00 1.514711e+00
    endloop
  endfacet
  facet normal 5.224986e-01 0.000000e+00 -8.526402e-01
    outer loop
      vertex   -7.717838e-01 1.200000e+01 1.514711e+00
      vertex   -7.717838e-01 7.500000e+00 1.514711e+00
      vertex   -9.992349e-01 1.200000e+01 1.375329e+00
    endloop
  endfacet
  facet normal 5.224986e-01 0.000000e+00 -8.526402e-01
    outer loop
      vertex   -9.992349e-01 1.200000e+01 1.375329e+00
      vertex   -7.717838e-01 7.500000e+00 1.514711e+00
      vertex   -9.992349e-01 7.500000e+00 1.375329e+00
    endloop
  endfacet
  facet normal 6.494480e-01 0.000000e+00 -7.604060e-01
    outer loop
      vertex   -9.992349e-01 1.200000e+01 1.375329e+00
      vertex   -9.992349e-01 7.500000e+00 1.375329e+00
      vertex   -1.202082e+00 1.200000e+01 1.202082e+00
    endloop
  endfacet
  facet normal 6.494480e-01 0.000000e+00 -7.604060e-01
    outer loop
      vertex   -1.202082e+00 1.200000e+01 1.202082e+00
      vertex   -9.992349e-01 7.500000e+00 1.375329e+00
      vertex   -1.202082e+00 7.500000e+00 1.202082e+00
    endloop
  endfacet
  facet normal 7.604060e-01 0.000000e+00 -6.494480e-01
    outer loop
      vertex   -1.202082e+00 1.200000e+01 1.202082e+00
      vertex   -1.202082e+00 7.500000e+00 1.202082e+00
      vertex   -1.375329e+00 1.200000e+01 9.992349e-01
    endloop
  endfacet
  facet normal 7.604060e-01 0.000000e+00 -6.494480e-01
    outer loop
      vertex   -1.375329e+00 1.200000e+01 9.992349e-01
      vertex   -1.202082e+00 7.500000e+00 1.202082e+00
      vertex   -1.375329e+00 7.500000e+00 9.992349e-01
    endloop
  endfacet
  facet normal 8.526402e-01 0.000000e+00 -5.224986e-01
    outer loop
      vertex   -1.375329e+00 1.200000e+01 9.992349e-01
      vertex   -1.375329e+00 7.500000e+00 9.992349e-01
      vertex   -1.514711e+00 1.200000e+01 7.717838e-01
    endloop
  endfacet
  facet normal 8.526402e-01 0.000000e+00 -5.224986e-01
    outer loop
      vertex   -1.514711e+00 1.200000e+01 7.717838e-01
      vertex   -1.375329e+00 7.500000e+00 9.992349e-01
      vertex   -1.514711e+00 7.500000e+00 7.717838e-01
    endloop
  endfacet
  facet normal 9.238795e-01 0.000000e+00 -3.826834e-01
    outer loop
      vertex   -1.514711e+00 1.200000e+01 7.717838e-01
      vertex   -1.514711e+00 7.500000e+00 7.717838e-01
      vertex   -1.616796e+00 1.200000e+01 5.253289e-01
    endloop
  endfacet
  facet normal 9.238795e-01 0.000000e+00 -3.826834e-01
    outer loop
      vertex   -1.616796e+00 1.200000e+01 5.253289e-01
      vertex   -1.514711e+00 7.500000e+00 7.717838e-01
      vertex   -1.616796e+00 7.500000e+00 5.253289e-01
    endloop
  endfacet
  facet normal 9.723699e-01 0.000000e+00 -2.334454e-01
    outer loop
      vertex   -1.616796e+00 1.200000e+01 5.253289e-01
      vertex   -1.616796e+00 7.500000e+00 5.253289e-01
      vertex   -1.679070e+00 1.200000e+01 2.659386e-01
    endloop
  endfacet
  facet normal 9.723699e-01 0.000000e+00 -2.334454e-01
    outer loop
      vertex   -1.679070e+00 1.200000e+01 2.659386e-01
      vertex   -1.616796e+00 7.500000e+00 5.253289e-01
      vertex   -1.679070e+00 7.500000e+00 2.659386e-01
    endloop
  endfacet
  facet normal 9.969173e-01 0.000000e+00 -7.845910e-02
    outer loop
      vertex   -1.679070e+00 1.200000e+01 2.659386e-01
      vertex   -1.679070e+00 7.500000e+00 2.659386e-01
      vertex   -1.700000e+00 1.200000e+01 -1.040950e-16
    endloop
  endfacet
  facet normal 9.969173e-01 0.000000e+00 -7.845910e-02
    outer loop
      vertex   -1.700000e+00 1.200000e+01 -1.040950e-16
      vertex   -1.679070e+00 7.500000e+00 2.659386e-01
      vertex   -1.700000e+00 7.500000e+00 -1.040950e-16
    endloop
  endfacet
  facet normal 9.969173e-01 0.000000e+00 7.845910e-02
    outer loop
      vertex   -1.700000e+00 1.200000e+01 -1.040950e-16
      vertex   -1.700000e+00 7.500000e+00 -1.040950e-16
      vertex   -1.679070e+00 1.200000e+01 -2.659386e-01
    endloop
  endfacet
  facet normal 9.969173e-01 0.000000e+00 7.845910e-02
    outer loop
      vertex   -1.679070e+00 1.200000e+01 -2.659386e-01
      vertex   -1.700000e+00 7.500000e+00 -1.040950e-16
      vertex   -1.679070e+00 7.500000e+00 -2.659386e-01
    endloop
  endfacet
  facet normal 9.723699e-01 0.000000e+00 2.334454e-01
    outer loop
      vertex   -1.679070e+00 1.200000e+01 -2.659386e-01
      vertex   -1.679070e+00 7.500000e+00 -2.659386e-01
      vertex   -1.616796e+00 1.200000e+01 -5.253289e-01
    endloop
  endfacet
  facet normal 9.723699e-01 0.000000e+00 2.334454e-01
    outer loop
      vertex   -1.616796e+00 1.200000e+01 -5.253289e-01
      vertex   -1.679070e+00 7.500000e+00 -2.659386e-01
      vertex   -1.616796e+00 7.500000e+00 -5.253289e-01
    endloop
  endfacet
  facet normal 9.238795e-01 0.000000e+00 3.826834e-01
    outer loop
      vertex   -1.616796e+00 1.200000e+01 -5.253289e-01
      vertex   -1.616796e+00 7.500000e+00 -5.253289e-01
      vertex   -1.514711e+00 1.200000e+01 -7.717838e-01
    endloop
  endfacet
  facet normal 9.238795e-01 0.000000e+00 3.826834e-01
    outer loop
      vertex   -1.514711e+00 1.200000e+01 -7.717838e-01
      vertex   -1.616796e+00 7.500000e+00 -5.253289e-01
      vertex   -1.514711e+00 7.500000e+00 -7.717838e-01
    endloop
  endfacet
  facet normal 8.526402e-01 0.000000e+00 5.224986e-01
    outer loop
      vertex   -1.514711e+00 1.200000e+01 -7.717838e-01
      vertex   -1.514711e+00 7.500000e+00 -7.717838e-01
      vertex   -1.375329e+00 1.200000e+01 -9.992349e-01
    endloop
  endfacet
  facet normal 8.526402e-01 0.000000e+00 5.224986e-01
    outer loop
      vertex   -1.375329e+00 1.200000e+01 -9.992349e-01
      vertex   -1.514711e+00 7.500000e+00 -7.717838e-01
      vertex   -1.375329e+00 7.500000e+00 -9.992349e-01
    endloop
  endfacet
  facet normal 7.604060e-01 0.000000e+00 6.494480e-01
    outer loop
      vertex   -1.375329e+00 1.200000e+01 -9.992349e-01
      vertex   -1.375329e+00 7.500000e+00 -9.992349e-01
      vertex   -1.202082e+00 1.200000e+01 -1.202082e+00
    endloop
  endfacet
  facet normal 7.604060e-01 0.000000e+00 6.494480e-01
    outer loop
      vertex   -1.202082e+00 1.200000e+01 -1.202082e+00
      vertex   -1.375329e+00 7.500000e+00 -9.992349e-01
      vertex   -1.202082e+00 7.500000e+00 -1.202082e+00
    endloop
  endfacet
  facet normal 6.494480e-01 0.000000e+00 7.604060e-01
    outer loop
      vertex   -1.202082e+00 1.200000e+01 -1.202082e+00
      vertex   -1.202082e+00 7.500000e+00 -1.202082e+00
      vertex   -9.992349e-01 1.200000e+01 -1.375329e+00
    endloop
  endfacet
  facet normal 6.494480e-01 0.000000e+00 7.604060e-01
    outer loop
      vertex   -9.992349e-01 1.200000e+01 -1.375329e+00
      vertex   -1.202082e+00 7.500000e+00 -1.202082e+00
      vertex   -9.992349e-01 7.500000e+00 -1.375329e+00
    endloop
  endfacet
  facet normal 5.224986e-01 0.000000e+00 8.526402e-01
    outer loop
      vertex   -9.992349e-01 1.200000e+01 -1.375329e+00
      vertex   -9.992349e-01 7.500000e+00 -1.375329e+00
      vertex   -7.717838e-01 1.200000e+01 -1.514711e+00
    endloop
  endfacet
  facet normal 5.224986e-01 0.000000e+00 8.526402e-01
    outer loop
      vertex   -7.717838e-01 1.200000e+01 -1.514711e+00
      vertex   -9.992349e-01 7.500000e+00 -1.375329e+00
      vertex   -7.717838e-01 7.500000e+00 -1.514711e+00
    endloop
  endfacet
  facet normal 3.826834e-01 0.000000e+00 9.238795e-01
    outer loop
      vertex   -7.717838e-01 1.200000e+01 -1.514711e+00
      vertex   -7.717838e-01 7.500000e+00 -1.514711e+00
      vertex   -5.253289e-01 1.200000e+01 -1.616796e+00
    endloop
  endfacet
  facet normal 3.826834e-01 0.000000e+00 9.238795e-01
    outer loop
      vertex   -5.253289e-01 1.200000e+01 -1.616796e+00
      vertex   -7.717838e-01 7.500000e+00 -1.514711e+00
      vertex   -5.253289e-01 7.500000e+00 -1.616796e+00
    endloop
  endfacet
  facet normal 2.334454e-01 0.000000e+00 9.723699e-01
    outer loop
      vertex   -5.253289e-01 1.200000e+01 -1.616796e+00
      vertex   -5.253289e-01 7.500000e+00 -1.616796e+00
      vertex   -2.659386e-01 1.200000e+01 -1.679070e+00
    endloop
  endfacet
  facet normal 2.334454e-01 0.000000e+00 9.723699e-01
    outer loop
      vertex   -2.659386e-01 1.200000e+01 -1.679070e+00
      vertex   -5.253289e-01 7.500000e+00 -1.616796e+00
      vertex   -2.659386e-01 7.500000e+00 -1.679070e+00
    endloop
  endfacet
  facet normal 7.845910e-02 0.000000e+00 9.969173e-01
    outer loop
      vertex   -2.659386e-01 1.200000e+01 -1.679070e+00
      vertex   -2.659386e-01 7.500000e+00 -1.679070e+00
      vertex   0.000000e+00 1.200000e+01 -1.700000e+00
    endloop
  endfacet
  facet normal 7.845910e-02 0.000000e+00 9.969173e-01
    outer loop
      vertex   0.000000e+00 1.200000e+01 -1.700000e+00
      vertex   -2.659386e-01 7.500000e+00 -1.679070e+00
      vertex   0.000000e+00 7.500000e+00 -1.700000e+00
    endloop
  endfacet
  facet normal -7.845910e-02 0.000000e+00 9.969173e-01
    outer loop
      vertex   0.000000e+00 1.200000e+01 -1.700000e+00
      vertex   0.000000e+00 7.500000e+00 -1.700000e+00
      vertex   2.659386e-01 1.200000e+01 -1.679070e+00
    endloop
  endfacet
  facet normal -7.845910e-02 0.000000e+00 9.969173e-01
    outer loop
      vertex   2.659386e-01 1.200000e+01 -1.679070e+00
      vertex   0.000000e+00 7.500000e+00 -1.700000e+00
      vertex   2.659386e-01 7.500000e+00 -1.679070e+00
    endloop
  endfacet
  facet normal -2.334454e-01 0.000000e+00 9.723699e-01
    outer loop
      vertex   2.659386e-01 1.200000e+01 -1.679070e+00
      vertex   2.659386e-01 7.500000e+00 -1.679070e+00
      vertex   5.253289e-01 1.200000e+01 -1.616796e+00
    endloop
  endfacet
  facet normal -2.334454e-01 0.000000e+00 9.723699e-01
    outer loop
      vertex   5.253289e-01 1.200000e+01 -1.616796e+00
      vertex   2.659386e-01 7.500000e+00 -1.679070e+00
      vertex   5.253289e-01 7.500000e+00 -1.616796e+00
    endloop
  endfacet
  facet normal -3.826834e-01 0.000000e+00 9.238795e-01
    outer loop
      vertex   5.253289e-01 1.200000e+01 -1.616796e+00
      vertex   5.253289e-01 7.500000e+00 -1.616796e+00
      vertex   7.717838e-01 1.200000e+01 -1.514711e+00
    endloop
  endfacet
  facet normal -3.826834e-01 0.000000e+00 9.238795e-01
    outer loop
      vertex   7.717838e-01 1.200000e+01 -1.514711e+00
      vertex   5.253289e-01 7.500000e+00 -1.616796e+00
      vertex   7.717838e-01 7.500000e+00 -1.514711e+00
    endloop
  endfacet
  facet normal -5.224986e-01 0.000000e+00 8.526402e-01
    outer loop
      vertex   7.717838e-01 1.200000e+01 -1.514711e+00
      vertex   7.717838e-01 7.500000e+00 -1.514711e+00
      vertex   9.992349e-01 1.200000e+01 -1.375329e+00
    endloop
  endfacet
  facet normal -5.224986e-01 0.000000e+00 8.526402e-01
    outer loop
      vertex   9.992349e-01 1.200000e+01 -1.375329e+00
      vertex   7.717838e-01 7.500000e+00 -1.514711e+00
      vertex   9.992349e-01 7.500000e+00 -1.375329e+00
    endloop
  endfacet
  facet normal -6.494480e-01 0.000000e+00 7.604060e-01
    outer loop
      vertex   9.992349e-01 1.200000e+01 -1.375329e+00
      vertex   9.992349e-01 7.500000e+00 -1.375329e+00
      vertex   1.202082e+00 1.200000e+01 -1.202082e+00
    endloop
  endfacet
  facet normal -6.494480e-01 0.000000e+00 7.604060e-01
    outer loop
      vertex   1.202082e+00 1.200000e+01 -1.202082e+00
      vertex   9.992349e-01 7.500000e+00 -1.375329e+00
      vertex   1.202082e+00 7.500000e+00 -1.202082e+00
    endloop
  endfacet
  facet normal -7.604060e-01 0.000000e+00 6.494480e-01
    outer loop
      vertex   1.202082e+00 1.200000e+01 -1.202082e+00
      vertex   1.202082e+00 7.500000e+00 -1.202082e+00
      vertex   1.375329e+00 1.200000e+01 -9.992349e-01
    endloop
  endfacet
  facet normal -7.604060e-01 0.000000e+00 6.494480e-01
    outer loop
      vertex   1.375329e+00 1.200000e+01 -9.992349e-01
      vertex   1.202082e+00 7.500000e+00 -1.202082e+00
      vertex   1.375329e+00 7.500000e+00 -9.992349e-01
    endloop
  endfacet
  facet normal -8.526402e-01 0.000000e+00 5.224986e-01
    outer loop
      vertex   1.375329e+00 1.200000e+01 -9.992349e-01
      vertex   1.375329e+00 7.500000e+00 -9.992349e-01
      vertex   1.514711e+00 1.200000e+01 -7.717838e-01
    endloop
  endfacet
  facet normal -8.526402e-01 0.000000e+00 5.224986e-01
    outer loop
      vertex   1.514711e+00 1.200000e+01 -7.717838e-01
      vertex   1.375329e+00 7.500000e+00 -9.992349e-01
      vertex   1.514711e+00 7.500000e+00 -7.717838e-01
    endloop
  endfacet
  facet normal -9.238795e-01 0.000000e+00 3.826834e-01
    outer loop
      vertex   1.514711e+00 1.200000e+01 -7.717838e-01
      vertex   1.514711e+00 7.500000e+00 -7.717838e-01
      vertex   1.616796e+00 1.200000e+01 -5.253289e-01
    endloop
  endfacet
  facet normal -9.238795e-01 0.000000e+00 3.826834e-01
    outer loop
      vertex   1.616796e+00 1.200000e+01 -5.253289e-01
      vertex   1.514711e+00 7.500000e+00 -7.717838e-01
      vertex   1.616796e+00 7.500000e+00 -5.253289e-01
    endloop
  endfacet
  facet normal -9.723699e-01 0.000000e+00 2.334454e-01
    outer loop
      vertex   1.616796e+00 1.200000e+01 -5.253289e-01
      vertex   1.616796e+00 7.500000e+00 -5.253289e-01
      vertex   1.679070e+00 1.200000e+01 -2.659386e-01
    endloop
  endfacet
  facet normal -9.723699e-01 0.000000e+00 2.334454e-01
    outer loop
      vertex   1.679070e+00 1.200000e+01 -2.659386e-01
      vertex   1.616796e+00 7.500000e+00 -5.253289e-01
      vertex   1.679070e+00 7.500000e+00 -2.659386e-01
    endloop
  endfacet
  facet normal -9.969173e-01 0.000000e+00 7.845910e-02
    outer loop
      vertex   1.679070e+00 1.200000e+01 -2.659386e-01
      vertex   1.679070e+00 7.500000e+00 -2.659386e-01
      vertex   1.700000e+00 1.200000e+01 -1.040950e-16
    endloop
  endfacet
  facet normal -9.969173e-01 0.000000e+00 7.845910e-02
    outer loop
      vertex   1.700000e+00 1.200000e+01 -1.040950e-16
      vertex   1.679070e+00 7.500000e+00 -2.659386e-01
      vertex   1.700000e+00 7.500000e+00 -1.040950e-16
    endloop
  endfacet
  facet normal -9.969173e-01 -0.000000e+00 -7.845910e-02
    outer loop
      vertex   1.700000e+00 1.200000e+01 -1.040950e-16
      vertex   1.700000e+00 7.500000e+00 -1.040950e-16
      vertex   1.679070e+00 1.200000e+01 2.659386e-01
    endloop
  endfacet
  facet normal -9.969173e-01 -0.000000e+00 -7.845910e-02
    outer loop
      vertex   1.679070e+00 1.200000e+01 2.659386e-01
      vertex   1.700000e+00 7.500000e+00 -1.040950e-16
      vertex   1.679070e+00 7.500000e+00 2.659386e-01
    endloop
  endfacet
  facet normal -9.723699e-01 -0.000000e+00 -2.334454e-01
    outer loop
      vertex   1.679070e+00 1.200000e+01 2.659386e-01
      vertex   1.679070e+00 7.500000e+00 2.659386e-01
      vertex   1.616796e+00 1.200000e+01 5.253289e-01
    endloop
  endfacet
  facet normal -9.723699e-01 -0.000000e+00 -2.334454e-01
    outer loop
      vertex   1.616796e+00 1.200000e+01 5.253289e-01
      vertex   1.679070e+00 7.500000e+00 2.659386e-01
      vertex   1.616796e+00 7.500000e+00 5.253289e-01
    endloop
  endfacet
  facet normal -9.238795e-01 -0.000000e+00 -3.826834e-01
    outer loop
      vertex   1.616796e+00 1.200000e+01 5.253289e-01
      vertex   1.616796e+00 7.500000e+00 5.253289e-01
      vertex   1.514711e+00 1.200000e+01 7.717838e-01
    endloop
  endfacet
  facet normal -9.238795e-01 -0.000000e+00 -3.826834e-01
    outer loop
      vertex   1.514711e+00 1.200000e+01 7.717838e-01
      vertex   1.616796e+00 7.500000e+00 5.253289e-01
      vertex   1.514711e+00 7.500000e+00 7.717838e-01
    endloop
  endfacet
  facet normal -8.526402e-01 -0.000000e+00 -5.224986e-01
    outer loop
      vertex   1.514711e+00 1.200000e+01 7.717838e-01
      vertex   1.514711e+00 7.500000e+00 7.717838e-01
      vertex   1.375329e+00 1.200000e+01 9.992349e-01
    endloop
  endfacet
  facet normal -8.526402e-01 -0.000000e+00 -5.224986e-01
    outer loop
      vertex   1.375329e+00 1.200000e+01 9.992349e-01
      vertex   1.514711e+00 7.500000e+00 7.717838e-01
      vertex   1.375329e+00 7.500000e+00 9.992349e-01
    endloop
  endfacet
  facet normal -7.604060e-01 -0.000000e+00 -6.494480e-01
    outer loop
      vertex   1.375329e+00 1.200000e+01 9.992349e-01
      vertex   1.375329e+00 7.500000e+00 9.992349e-01
      vertex   1.202082e+00 1.200000e+01 1.202082e+00
    endloop
  endfacet
  facet normal -7.604060e-01 -0.000000e+00 -6.494480e-01
    outer loop
      vertex   1.202082e+00 1.200000e+01 1.202082e+00
      vertex   1.375329e+00 7.500000e+00 9.992349e-01
      vertex   1.202082e+00 7.500000e+00 1.202082e+00
    endloop
  endfacet
  facet normal -6.494480e-01 -0.000000e+00 -7.604060e-01
    outer loop
      vertex   1.202082e+00 1.200000e+01 1.202082e+00
      vertex   1.202082e+00 7.500000e+00 1.202082e+00
      vertex   9.992349e-01 1.200000e+01 1.375329e+00
    endloop
  endfacet
  facet normal -6.494480e-01 -0.000000e+00 -7.604060e-01
    outer loop
      vertex   9.992349e-01 1.200000e+01 1.375329e+00
      vertex   1.202082e+00 7.500000e+00 1.202082e+00
      vertex   9.992349e-01 7.500000e+00 1.375329e+00
    endloop
  endfacet
  facet normal -5.224986e-01 -0.000000e+00 -8.526402e-01
    outer loop
      vertex   9.992349e-01 1.200000e+01 1.375329e+00
      vertex   9.992349e-01 7.500000e+00 1.375329e+00
      vertex   7.717838e-01 1.200000e+01 1.514711e+00
    endloop
  endfacet
  facet normal -5.224986e-01 -0.000000e+00 -8.526402e-01
    outer loop
      vertex   7.717838e-01 1.200000e+01 1.514711e+00
      vertex   9.992349e-01 7.500000e+00 1.375329e+00
      vertex   7.717838e-01 7.500000e+00 1.514711e+00
    endloop
  endfacet
  facet normal -3.826834e-01 -0.000000e+00 -9.238795e-01
    outer loop
      vertex   7.717838e-01 1.200000e+01 1.514711e+00
      vertex   7.717838e-01 7.500000e+00 1.514711e+00
      vertex   5.253289e-01 1.200000e+01 1.616796e+00
    endloop
  endfacet
  facet normal -3.826834e-01 -0.000000e+00 -9.238795e-01
    outer loop
      vertex   5.253289e-01 1.200000e+01 1.616796e+00
      vertex   7.717838e-01 7.500000e+00 1.514711e+00
      vertex   5.253289e-01 7.500000e+00 1.616796e+00
    endloop
  endfacet
  facet normal -2.334454e-01 -0.000000e+00 -9.723699e-01
    outer loop
      vertex   5.253289e-01 1.200000e+01 1.616796e+00
      vertex   5.253289e-01 7.500000e+00 1.616796e+00
      vertex   2.659386e-01 1.200000e+01 1.679070e+00
    endloop
  endfacet
  facet normal -2.334454e-01 -0.000000e+00 -9.723699e-01
    outer loop
      vertex   2.659386e-01 1.200000e+01 1.679070e+00
      vertex   5.253289e-01 7.500000e+00 1.616796e+00
      vertex   2.659386e-01 7.500000e+00 1.679070e+00
    endloop
  endfacet
  facet normal -8.890288e-01 2.962535e-01 -3.490868e-01
    outer loop
      vertex   -3.546607e+00 -3.431496e+00 3.900000e+00
      vertex   -3.800000e+00 -3.793338e+00 4.238245e+00
      vertex   -3.474805e+00 -3.216027e+00 3.900000e+00
    endloop
  endfacet
  facet normal -8.879346e-01 2.918828e-01 -3.554948e-01
    outer loop
      vertex   -3.474805e+00 -3.216027e+00 3.900000e+00
      vertex   -3.800000e+00 -3.793338e+00 4.238245e+00
      vertex   -3.800000e+00 -3.418840e+00 4.545731e+00
    endloop
  endfacet
  facet normal -8.909624e-01 2.727610e-01 -3.630254e-01
    outer loop
      vertex   -3.474805e+00 -3.216027e+00 3.900000e+00
      vertex   -3.800000e+00 -3.418840e+00 4.545731e+00
      vertex   -3.474805e+00 -2.850753e+00 4.174451e+00
    endloop
  endfacet
  facet normal -8.879384e-01 2.605620e-01 -3.790421e-01
    outer loop
      vertex   -3.474805e+00 -2.850753e+00 4.174451e+00
      vertex   -3.800000e+00 -3.418840e+00 4.545731e+00
      vertex   -3.800000e+00 -3.019529e+00 4.820226e+00
    endloop
  endfacet
  facet normal -8.909362e-01 2.388957e-01 -3.862143e-01
    outer loop
      vertex   -3.474805e+00 -2.850753e+00 4.174451e+00
      vertex   -3.800000e+00 -3.019529e+00 4.820226e+00
      vertex   -3.474805e+00 -2.462190e+00 4.414799e+00
    endloop
  endfacet
  facet normal -8.879830e-01 2.273122e-01 -3.997692e-01
    outer loop
      vertex   -3.474805e+00 -2.462190e+00 4.414799e+00
      vertex   -3.800000e+00 -3.019529e+00 4.820226e+00
      vertex   -3.800000e+00 -2.598304e+00 5.059738e+00
    endloop
  endfacet
  facet normal -8.908658e-01 2.031097e-01 -4.063307e-01
    outer loop
      vertex   -3.474805e+00 -2.462190e+00 4.414799e+00
      vertex   -3.800000e+00 -2.598304e+00 5.059738e+00
      vertex   -3.474805e+00 -2.053513e+00 4.619081e+00
    endloop
  endfacet
  facet normal -8.880683e-01 1.923925e-01 -4.175162e-01
    outer loop
      vertex   -3.474805e+00 -2.053513e+00 4.619081e+00
      vertex   -3.800000e+00 -2.598304e+00 5.059738e+00
      vertex   -3.800000e+00 -2.158222e+00 5.262529e+00
    endloop
  endfacet
  facet normal -8.907509e-01 1.656739e-01 -4.232198e-01
    outer loop
      vertex   -3.474805e+00 -2.053513e+00 4.619081e+00
      vertex   -3.800000e+00 -2.158222e+00 5.262529e+00
      vertex   -3.474805e+00 -1.628060e+00 4.785629e+00
    endloop
  endfacet
  facet normal -8.881944e-01 1.560752e-01 -4.321473e-01
    outer loop
      vertex   -3.474805e+00 -1.628060e+00 4.785629e+00
      vertex   -3.800000e+00 -2.158222e+00 5.262529e+00
      vertex   -3.800000e+00 -1.702477e+00 5.427127e+00
    endloop
  endfacet
  facet normal -8.905914e-01 1.268711e-01 -4.367502e-01
    outer loop
      vertex   -3.474805e+00 -1.628060e+00 4.785629e+00
      vertex   -3.800000e+00 -1.702477e+00 5.427127e+00
      vertex   -3.474805e+00 -1.189308e+00 4.913082e+00
    endloop
  endfacet
  facet normal -8.883609e-01 1.186440e-01 -4.435522e-01
    outer loop
      vertex   -3.474805e+00 -1.189308e+00 4.913082e+00
      vertex   -3.800000e+00 -1.702477e+00 5.427127e+00
      vertex   -3.800000e+00 -1.234375e+00 5.552337e+00
    endloop
  endfacet
  facet normal -8.903870e-01 8.699438e-02 -4.468142e-01
    outer loop
      vertex   -3.474805e+00 -1.189308e+00 4.913082e+00
      vertex   -3.800000e+00 -1.234375e+00 5.552337e+00
      vertex   -3.474805e+00 -7.408392e-01 5.000399e+00
    endloop
  endfacet
  facet normal -8.885676e-01 8.039089e-02 -4.516470e-01
    outer loop
      vertex   -3.474805e+00 -7.408392e-01 5.000399e+00
      vertex   -3.800000e+00 -1.234375e+00 5.552337e+00
      vertex   -3.800000e+00 -7.573155e-01 5.637252e+00
    endloop
  endfacet
  facet normal -8.901374e-01 4.634503e-02 -4.533294e-01
    outer loop
      vertex   -3.474805e+00 -7.408392e-01 5.000399e+00
      vertex   -3.800000e+00 -7.573155e-01 5.637252e+00
      vertex   -3.474805e+00 -2.863185e-01 5.046865e+00
    endloop
  endfacet
  facet normal -8.888141e-01 4.161439e-02 -4.563745e-01
    outer loop
      vertex   -3.474805e+00 -2.863185e-01 5.046865e+00
      vertex   -3.800000e+00 -7.573155e-01 5.637252e+00
      vertex   -3.800000e+00 -2.747594e-01 5.681253e+00
    endloop
  endfacet
  facet normal -8.898421e-01 5.230441e-03 -4.562385e-01
    outer loop
      vertex   -3.474805e+00 -2.863185e-01 5.046865e+00
      vertex   -3.800000e+00 -2.747594e-01 5.681253e+00
      vertex   -3.474805e+00 1.705412e-01 5.052103e+00
    endloop
  endfacet
  facet normal -8.891002e-01 2.616437e-03 -4.577052e-01
    outer loop
      vertex   -3.474805e+00 1.705412e-01 5.052103e+00
      vertex   -3.800000e+00 -2.747594e-01 5.681253e+00
      vertex   -3.800000e+00 2.097907e-01 5.684023e+00
    endloop
  endfacet
  facet normal -8.895007e-01 -3.603796e-02 -4.555104e-01
    outer loop
      vertex   -3.474805e+00 1.705412e-01 5.052103e+00
      vertex   -3.800000e+00 2.097907e-01 5.684023e+00
      vertex   -3.474805e+00 6.260077e-01 5.016068e+00
    endloop
  endfacet
  facet normal -8.894253e-01 -3.629989e-02 -4.556369e-01
    outer loop
      vertex   -3.474805e+00 6.260077e-01 5.016068e+00
      vertex   -3.800000e+00 2.097907e-01 5.684023e+00
      vertex   -3.800000e+00 6.928182e-01 5.645541e+00
    endloop
  endfacet
  facet normal -8.891657e-01 -7.503193e-02 -4.513919e-01
    outer loop
      vertex   -3.474805e+00 6.260077e-01 5.016068e+00
      vertex   -3.800000e+00 6.928182e-01 5.645541e+00
      vertex   -3.800000e+00 1.170818e+00 5.566087e+00
    endloop
  endfacet
  facet normal -8.896648e-01 3.073851e-01 -3.376552e-01
    outer loop
      vertex   -3.546607e+00 -3.431496e+00 3.900000e+00
      vertex   -3.624401e+00 -3.656657e+00 3.900000e+00
      vertex   -3.800000e+00 -3.793338e+00 4.238245e+00
    endloop
  endfacet
  facet normal -8.880185e-01 3.172784e-01 -3.328027e-01
    outer loop
      vertex   -3.800000e+00 -3.793338e+00 4.238245e+00
      vertex   -3.624401e+00 -3.656657e+00 3.900000e+00
      vertex   -3.708680e+00 -3.892542e+00 3.900000e+00
    endloop
  endfacet
  facet normal -8.843007e-01 3.259313e-01 -3.343368e-01
    outer loop
      vertex   -3.800000e+00 -3.793338e+00 4.238245e+00
      vertex   -3.708680e+00 -3.892542e+00 3.900000e+00
      vertex   -3.800000e+00 -4.140306e+00 3.900000e+00
    endloop
  endfacet
  facet normal -8.897738e-01 -7.692989e-02 -4.498714e-01
    outer loop
      vertex   -3.474805e+00 6.260077e-01 5.016068e+00
      vertex   -3.800000e+00 1.170818e+00 5.566087e+00
      vertex   -3.474805e+00 1.076360e+00 4.939056e+00
    endloop
  endfacet
  facet normal -8.888713e-01 -1.133207e-01 -4.439214e-01
    outer loop
      vertex   -3.474805e+00 1.076360e+00 4.939056e+00
      vertex   -3.800000e+00 1.170818e+00 5.566087e+00
      vertex   -3.800000e+00 1.640320e+00 5.446236e+00
    endloop
  endfacet
  facet normal -8.900788e-01 -1.170825e-01 -4.405127e-01
    outer loop
      vertex   -3.474805e+00 1.076360e+00 4.939056e+00
      vertex   -3.800000e+00 1.640320e+00 5.446236e+00
      vertex   -3.474805e+00 1.517920e+00 4.821696e+00
    endloop
  endfacet
  facet normal -8.886164e-01 -1.508559e-01 -4.331321e-01
    outer loop
      vertex   -3.474805e+00 1.517920e+00 4.821696e+00
      vertex   -3.800000e+00 1.640320e+00 5.446236e+00
      vertex   -3.800000e+00 2.097917e+00 5.286859e+00
    endloop
  endfacet
  facet normal -8.903380e-01 -1.562051e-01 -4.276659e-01
    outer loop
      vertex   -3.474805e+00 1.517920e+00 4.821696e+00
      vertex   -3.800000e+00 2.097917e+00 5.286859e+00
      vertex   -3.474805e+00 1.947079e+00 4.664945e+00
    endloop
  endfacet
  facet normal -8.884012e-01 -1.873440e-01 -4.191008e-01
    outer loop
      vertex   -3.474805e+00 1.947079e+00 4.664945e+00
      vertex   -3.800000e+00 2.097917e+00 5.286859e+00
      vertex   -3.800000e+00 2.540289e+00 5.089112e+00
    endloop
  endfacet
  facet normal -8.905519e-01 -1.940033e-01 -4.114365e-01
    outer loop
      vertex   -3.474805e+00 1.947079e+00 4.664945e+00
      vertex   -3.800000e+00 2.540289e+00 5.089112e+00
      vertex   -3.474805e+00 2.360331e+00 4.470085e+00
    endloop
  endfacet
  facet normal -8.882262e-01 -2.224994e-01 -4.019306e-01
    outer loop
      vertex   -3.474805e+00 2.360331e+00 4.470085e+00
      vertex   -3.800000e+00 2.540289e+00 5.089112e+00
      vertex   -3.800000e+00 2.964225e+00 4.854432e+00
    endloop
  endfacet
  facet normal -8.907209e-01 -2.301925e-01 -3.919537e-01
    outer loop
      vertex   -3.474805e+00 2.360331e+00 4.470085e+00
      vertex   -3.800000e+00 2.964225e+00 4.854432e+00
      vertex   -3.474805e+00 2.754302e+00 4.238708e+00
    endloop
  endfacet
  facet normal -8.880916e-01 -2.560468e-01 -3.817504e-01
    outer loop
      vertex   -3.474805e+00 2.754302e+00 4.238708e+00
      vertex   -3.800000e+00 2.964225e+00 4.854432e+00
      vertex   -3.800000e+00 3.366647e+00 4.584520e+00
    endloop
  endfacet
  facet normal -8.908452e-01 -2.645006e-01 -3.693701e-01
    outer loop
      vertex   -3.474805e+00 2.754302e+00 4.238708e+00
      vertex   -3.800000e+00 3.366647e+00 4.584520e+00
      vertex   -3.474805e+00 3.125772e+00 3.972704e+00
    endloop
  endfacet
  facet normal -8.879976e-01 -2.877234e-01 -3.587136e-01
    outer loop
      vertex   -3.474805e+00 3.125772e+00 3.972704e+00
      vertex   -3.800000e+00 3.366647e+00 4.584520e+00
      vertex   -3.800000e+00 3.744636e+00 4.281335e+00
    endloop
  endfacet
  facet normal -8.909250e-01 -2.966690e-01 -3.438606e-01
    outer loop
      vertex   -3.474805e+00 3.125772e+00 3.972704e+00
      vertex   -3.800000e+00 3.744636e+00 4.281335e+00
      vertex   -3.474805e+00 3.471707e+00 3.674246e+00
    endloop
  endfacet
  facet normal -8.879444e-01 -3.172817e-01 -3.329971e-01
    outer loop
      vertex   -3.474805e+00 3.471707e+00 3.674246e+00
      vertex   -3.800000e+00 3.744636e+00 4.281335e+00
      vertex   -3.800000e+00 4.095449e+00 3.947079e+00
    endloop
  endfacet
  facet normal -8.909606e-01 -3.264549e-01 -3.156208e-01
    outer loop
      vertex   -3.474805e+00 3.471707e+00 3.674246e+00
      vertex   -3.800000e+00 4.095449e+00 3.947079e+00
      vertex   -3.474805e+00 3.789280e+00 3.345771e+00
    endloop
  endfacet
  facet normal -8.879320e-01 -3.444909e-01 -3.047995e-01
    outer loop
      vertex   -3.474805e+00 3.789280e+00 3.345771e+00
      vertex   -3.800000e+00 4.095449e+00 3.947079e+00
      vertex   -3.800000e+00 4.416538e+00 3.584177e+00
    endloop
  endfacet
  facet normal -8.909518e-01 -3.536327e-01 -2.848662e-01
    outer loop
      vertex   -3.474805e+00 3.789280e+00 3.345771e+00
      vertex   -3.800000e+00 4.416538e+00 3.584177e+00
      vertex   -3.474805e+00 4.075898e+00 2.989964e+00
    endloop
  endfacet
  facet normal -8.879605e-01 -3.691394e-01 -2.743397e-01
    outer loop
      vertex   -3.474805e+00 4.075898e+00 2.989964e+00
      vertex   -3.800000e+00 4.416538e+00 3.584177e+00
      vertex   -3.800000e+00 4.705575e+00 3.195262e+00
    endloop
  endfacet
  facet normal -8.908988e-01 -3.779958e-01 -2.518302e-01
    outer loop
      vertex   -3.474805e+00 4.075898e+00 2.989964e+00
      vertex   -3.800000e+00 4.705575e+00 3.195262e+00
      vertex   -3.474805e+00 4.329218e+00 2.609732e+00
    endloop
  endfacet
  facet normal -8.880298e-01 -3.910361e-01 -2.418549e-01
    outer loop
      vertex   -3.474805e+00 4.329218e+00 2.609732e+00
      vertex   -3.800000e+00 4.705575e+00 3.195262e+00
      vertex   -3.800000e+00 4.960460e+00 2.783158e+00
    endloop
  endfacet
  facet normal -8.908015e-01 -3.993578e-01 -2.167627e-01
    outer loop
      vertex   -3.474805e+00 4.329218e+00 2.609732e+00
      vertex   -3.800000e+00 4.960460e+00 2.783158e+00
      vertex   -3.474805e+00 4.547172e+00 2.208179e+00
    endloop
  endfacet
  facet normal -8.881398e-01 -4.100127e-01 -2.075987e-01
    outer loop
      vertex   -3.474805e+00 4.547172e+00 2.208179e+00
      vertex   -3.800000e+00 4.960460e+00 2.783158e+00
      vertex   -3.800000e+00 5.179345e+00 2.350855e+00
    endloop
  endfacet
  facet normal -8.906596e-01 -4.175538e-01 -1.799286e-01
    outer loop
      vertex   -3.474805e+00 4.547172e+00 2.208179e+00
      vertex   -3.800000e+00 5.179345e+00 2.350855e+00
      vertex   -3.474805e+00 4.727979e+00 1.788588e+00
    endloop
  endfacet
  facet normal -8.882904e-01 -4.259244e-01 -1.718387e-01
    outer loop
      vertex   -3.474805e+00 4.727979e+00 1.788588e+00
      vertex   -3.800000e+00 5.179345e+00 2.350855e+00
      vertex   -3.800000e+00 5.360640e+00 1.901491e+00
    endloop
  endfacet
  facet normal -8.904730e-01 -4.324415e-01 -1.416057e-01
    outer loop
      vertex   -3.474805e+00 4.727979e+00 1.788588e+00
      vertex   -3.800000e+00 5.360640e+00 1.901491e+00
      vertex   -3.474805e+00 4.870161e+00 1.354385e+00
    endloop
  endfacet
  facet normal -8.884813e-01 -4.386516e-01 -1.348546e-01
    outer loop
      vertex   -3.474805e+00 4.870161e+00 1.354385e+00
      vertex   -3.800000e+00 5.360640e+00 1.901491e+00
      vertex   -3.800000e+00 5.503031e+00 1.438326e+00
    endloop
  endfacet
  facet normal -8.902413e-01 -4.439027e-01 -1.020830e-01
    outer loop
      vertex   -3.474805e+00 4.870161e+00 1.354385e+00
      vertex   -3.800000e+00 5.503031e+00 1.438326e+00
      vertex   -3.474805e+00 4.972558e+00 9.091172e-01
    endloop
  endfacet
  facet normal -8.887122e-01 -4.481007e-01 -9.693537e-02
    outer loop
      vertex   -3.474805e+00 4.972558e+00 9.091172e-01
      vertex   -3.800000e+00 5.503031e+00 1.438326e+00
      vertex   -3.800000e+00 5.605483e+00 9.647230e-01
    endloop
  endfacet
  facet normal -8.899640e-01 -4.518431e-01 -6.165850e-02
    outer loop
      vertex   -3.474805e+00 4.972558e+00 9.091172e-01
      vertex   -3.800000e+00 5.605483e+00 9.647230e-01
      vertex   -3.474805e+00 5.034333e+00 4.564229e-01
    endloop
  endfacet
  facet normal -8.889827e-01 -4.542046e-01 -5.837716e-02
    outer loop
      vertex   -3.474805e+00 5.034333e+00 4.564229e-01
      vertex   -3.800000e+00 5.605483e+00 9.647230e-01
      vertex   -3.800000e+00 5.667254e+00 4.841182e-01
    endloop
  endfacet
  facet normal -8.896409e-01 -4.561942e-01 -2.063743e-02
    outer loop
      vertex   -3.474805e+00 5.034333e+00 4.564229e-01
      vertex   -3.800000e+00 5.667254e+00 4.841182e-01
      vertex   -3.474805e+00 5.054981e+00 9.911059e-16
    endloop
  endfacet
  facet normal -8.892925e-01 -4.569239e-01 -1.948061e-02
    outer loop
      vertex   -3.474805e+00 5.054981e+00 9.911059e-16
      vertex   -3.800000e+00 5.667254e+00 4.841182e-01
      vertex   -3.800000e+00 5.687894e+00 1.573288e-15
    endloop
  endfacet
  facet normal -8.892925e-01 -4.569239e-01 1.948061e-02
    outer loop
      vertex   -3.474805e+00 5.054981e+00 9.911059e-16
      vertex   -3.800000e+00 5.687894e+00 1.573288e-15
      vertex   -3.800000e+00 5.667254e+00 -4.841182e-01
    endloop
  endfacet
  facet normal -8.896409e-01 -4.561942e-01 2.063743e-02
    outer loop
      vertex   -3.474805e+00 5.054981e+00 9.911059e-16
      vertex   -3.800000e+00 5.667254e+00 -4.841182e-01
      vertex   -3.474805e+00 5.034333e+00 -4.564229e-01
    endloop
  endfacet
  facet normal -8.889827e-01 -4.542046e-01 5.837716e-02
    outer loop
      vertex   -3.474805e+00 5.034333e+00 -4.564229e-01
      vertex   -3.800000e+00 5.667254e+00 -4.841182e-01
      vertex   -3.800000e+00 5.605483e+00 -9.647230e-01
    endloop
  endfacet
  facet normal -8.899640e-01 -4.518431e-01 6.165850e-02
    outer loop
      vertex   -3.474805e+00 5.034333e+00 -4.564229e-01
      vertex   -3.800000e+00 5.605483e+00 -9.647230e-01
      vertex   -3.474805e+00 4.972558e+00 -9.091172e-01
    endloop
  endfacet
  facet normal -8.887122e-01 -4.481007e-01 9.693537e-02
    outer loop
      vertex   -3.474805e+00 4.972558e+00 -9.091172e-01
      vertex   -3.800000e+00 5.605483e+00 -9.647230e-01
      vertex   -3.800000e+00 5.503031e+00 -1.438326e+00
    endloop
  endfacet
  facet normal -8.902413e-01 -4.439027e-01 1.020830e-01
    outer loop
      vertex   -3.474805e+00 4.972558e+00 -9.091172e-01
      vertex   -3.800000e+00 5.503031e+00 -1.438326e+00
      vertex   -3.474805e+00 4.870161e+00 -1.354385e+00
    endloop
  endfacet
  facet normal -8.884813e-01 -4.386516e-01 1.348546e-01
    outer loop
      vertex   -3.474805e+00 4.870161e+00 -1.354385e+00
      vertex   -3.800000e+00 5.503031e+00 -1.438326e+00
      vertex   -3.800000e+00 5.360640e+00 -1.901491e+00
    endloop
  endfacet
  facet normal -8.904730e-01 -4.324415e-01 1.416057e-01
    outer loop
      vertex   -3.474805e+00 4.870161e+00 -1.354385e+00
      vertex   -3.800000e+00 5.360640e+00 -1.901491e+00
      vertex   -3.474805e+00 4.727979e+00 -1.788588e+00
    endloop
  endfacet
  facet normal -8.882904e-01 -4.259244e-01 1.718387e-01
    outer loop
      vertex   -3.474805e+00 4.727979e+00 -1.788588e+00
      vertex   -3.800000e+00 5.360640e+00 -1.901491e+00
      vertex   -3.800000e+00 5.179345e+00 -2.350855e+00
    endloop
  endfacet
  facet normal -8.906596e-01 -4.175538e-01 1.799286e-01
    outer loop
      vertex   -3.474805e+00 4.727979e+00 -1.788588e+00
      vertex   -3.800000e+00 5.179345e+00 -2.350855e+00
      vertex   -3.474805e+00 4.547172e+00 -2.208179e+00
    endloop
  endfacet
  facet normal -8.881398e-01 -4.100127e-01 2.075987e-01
    outer loop
      vertex   -3.474805e+00 4.547172e+00 -2.208179e+00
      vertex   -3.800000e+00 5.179345e+00 -2.350855e+00
      vertex   -3.800000e+00 4.960460e+00 -2.783158e+00
    endloop
  endfacet
  facet normal -8.908015e-01 -3.993578e-01 2.167627e-01
    outer loop
      vertex   -3.474805e+00 4.547172e+00 -2.208179e+00
      vertex   -3.800000e+00 4.960460e+00 -2.783158e+00
      vertex   -3.474805e+00 4.329218e+00 -2.609732e+00
    endloop
  endfacet
  facet normal -8.880298e-01 -3.910361e-01 2.418549e-01
    outer loop
      vertex   -3.474805e+00 4.329218e+00 -2.609732e+00
      vertex   -3.800000e+00 4.960460e+00 -2.783158e+00
      vertex   -3.800000e+00 4.705575e+00 -3.195262e+00
    endloop
  endfacet
  facet normal -8.908988e-01 -3.779958e-01 2.518302e-01
    outer loop
      vertex   -3.474805e+00 4.329218e+00 -2.609732e+00
      vertex   -3.800000e+00 4.705575e+00 -3.195262e+00
      vertex   -3.474805e+00 4.075898e+00 -2.989964e+00
    endloop
  endfacet
  facet normal -8.879605e-01 -3.691394e-01 2.743397e-01
    outer loop
      vertex   -3.474805e+00 4.075898e+00 -2.989964e+00
      vertex   -3.800000e+00 4.705575e+00 -3.195262e+00
      vertex   -3.800000e+00 4.416538e+00 -3.584177e+00
    endloop
  endfacet
  facet normal -8.909518e-01 -3.536327e-01 2.848662e-01
    outer loop
      vertex   -3.474805e+00 4.075898e+00 -2.989964e+00
      vertex   -3.800000e+00 4.416538e+00 -3.584177e+00
      vertex   -3.474805e+00 3.789280e+00 -3.345771e+00
    endloop
  endfacet
  facet normal -8.879320e-01 -3.444909e-01 3.047995e-01
    outer loop
      vertex   -3.474805e+00 3.789280e+00 -3.345771e+00
      vertex   -3.800000e+00 4.416538e+00 -3.584177e+00
      vertex   -3.800000e+00 4.095449e+00 -3.947079e+00
    endloop
  endfacet
  facet normal -8.909606e-01 -3.264549e-01 3.156208e-01
    outer loop
      vertex   -3.474805e+00 3.789280e+00 -3.345771e+00
      vertex   -3.800000e+00 4.095449e+00 -3.947079e+00
      vertex   -3.474805e+00 3.471707e+00 -3.674246e+00
    endloop
  endfacet
  facet normal -8.879444e-01 -3.172817e-01 3.329971e-01
    outer loop
      vertex   -3.474805e+00 3.471707e+00 -3.674246e+00
      vertex   -3.800000e+00 4.095449e+00 -3.947079e+00
      vertex   -3.800000e+00 3.744636e+00 -4.281335e+00
    endloop
  endfacet
  facet normal -8.909250e-01 -2.966690e-01 3.438606e-01
    outer loop
      vertex   -3.474805e+00 3.471707e+00 -3.674246e+00
      vertex   -3.800000e+00 3.744636e+00 -4.281335e+00
      vertex   -3.474805e+00 3.125772e+00 -3.972704e+00
    endloop
  endfacet
  facet normal -8.879976e-01 -2.877234e-01 3.587136e-01
    outer loop
      vertex   -3.474805e+00 3.125772e+00 -3.972704e+00
      vertex   -3.800000e+00 3.744636e+00 -4.281335e+00
      vertex   -3.800000e+00 3.366647e+00 -4.584520e+00
    endloop
  endfacet
  facet normal -8.908452e-01 -2.645006e-01 3.693701e-01
    outer loop
      vertex   -3.474805e+00 3.125772e+00 -3.972704e+00
      vertex   -3.800000e+00 3.366647e+00 -4.584520e+00
      vertex   -3.474805e+00 2.754302e+00 -4.238708e+00
    endloop
  endfacet
  facet normal -8.880916e-01 -2.560468e-01 3.817504e-01
    outer loop
      vertex   -3.474805e+00 2.754302e+00 -4.238708e+00
      vertex   -3.800000e+00 3.366647e+00 -4.584520e+00
      vertex   -3.800000e+00 2.964225e+00 -4.854432e+00
    endloop
  endfacet
  facet normal -8.907209e-01 -2.301925e-01 3.919537e-01
    outer loop
      vertex   -3.474805e+00 2.754302e+00 -4.238708e+00
      vertex   -3.800000e+00 2.964225e+00 -4.854432e+00
      vertex   -3.474805e+00 2.360331e+00 -4.470085e+00
    endloop
  endfacet
  facet normal -8.882262e-01 -2.224994e-01 4.019306e-01
    outer loop
      vertex   -3.474805e+00 2.360331e+00 -4.470085e+00
      vertex   -3.800000e+00 2.964225e+00 -4.854432e+00
      vertex   -3.800000e+00 2.540289e+00 -5.089112e+00
    endloop
  endfacet
  facet normal -8.905519e-01 -1.940033e-01 4.114365e-01
    outer loop
      vertex   -3.474805e+00 2.360331e+00 -4.470085e+00
      vertex   -3.800000e+00 2.540289e+00 -5.089112e+00
      vertex   -3.474805e+00 1.947079e+00 -4.664945e+00
    endloop
  endfacet
  facet normal -8.884012e-01 -1.873440e-01 4.191008e-01
    outer loop
      vertex   -3.474805e+00 1.947079e+00 -4.664945e+00
      vertex   -3.800000e+00 2.540289e+00 -5.089112e+00
      vertex   -3.800000e+00 2.097917e+00 -5.286859e+00
    endloop
  endfacet
  facet normal -8.903380e-01 -1.562051e-01 4.276659e-01
    outer loop
      vertex   -3.474805e+00 1.947079e+00 -4.664945e+00
      vertex   -3.800000e+00 2.097917e+00 -5.286859e+00
      vertex   -3.474805e+00 1.517920e+00 -4.821696e+00
    endloop
  endfacet
  facet normal -8.886164e-01 -1.508559e-01 4.331321e-01
    outer loop
      vertex   -3.474805e+00 1.517920e+00 -4.821696e+00
      vertex   -3.800000e+00 2.097917e+00 -5.286859e+00
      vertex   -3.800000e+00 1.640320e+00 -5.446236e+00
    endloop
  endfacet
  facet normal -8.900788e-01 -1.170825e-01 4.405127e-01
    outer loop
      vertex   -3.474805e+00 1.517920e+00 -4.821696e+00
      vertex   -3.800000e+00 1.640320e+00 -5.446236e+00
      vertex   -3.474805e+00 1.076360e+00 -4.939056e+00
    endloop
  endfacet
  facet normal -8.888713e-01 -1.133207e-01 4.439214e-01
    outer loop
      vertex   -3.474805e+00 1.076360e+00 -4.939056e+00
      vertex   -3.800000e+00 1.640320e+00 -5.446236e+00
      vertex   -3.800000e+00 1.170818e+00 -5.566087e+00
    endloop
  endfacet
  facet normal -8.897738e-01 -7.692989e-02 4.498714e-01
    outer loop
      vertex   -3.474805e+00 1.076360e+00 -4.939056e+00
      vertex   -3.800000e+00 1.170818e+00 -5.566087e+00
      vertex   -3.474805e+00 6.260077e-01 -5.016068e+00
    endloop
  endfacet
  facet normal -8.891657e-01 -7.503193e-02 4.513919e-01
    outer loop
      vertex   -3.474805e+00 6.260077e-01 -5.016068e+00
      vertex   -3.800000e+00 1.170818e+00 -5.566087e+00
      vertex   -3.800000e+00 6.928182e-01 -5.645541e+00
    endloop
  endfacet
  facet normal -8.894253e-01 -3.629989e-02 4.556369e-01
    outer loop
      vertex   -3.474805e+00 6.260077e-01 -5.016068e+00
      vertex   -3.800000e+00 6.928182e-01 -5.645541e+00
      vertex   -3.800000e+00 2.097907e-01 -5.684023e+00
    endloop
  endfacet
  facet normal -8.895007e-01 -3.603796e-02 4.555104e-01
    outer loop
      vertex   -3.474805e+00 6.260077e-01 -5.016068e+00
      vertex   -3.800000e+00 2.097907e-01 -5.684023e+00
      vertex   -3.474805e+00 1.705412e-01 -5.052103e+00
    endloop
  endfacet
  facet normal -8.891002e-01 2.616437e-03 4.577052e-01
    outer loop
      vertex   -3.474805e+00 1.705412e-01 -5.052103e+00
      vertex   -3.800000e+00 2.097907e-01 -5.684023e+00
      vertex   -3.800000e+00 -2.747594e-01 -5.681253e+00
    endloop
  endfacet
  facet normal -8.898421e-01 5.230441e-03 4.562385e-01
    outer loop
      vertex   -3.474805e+00 1.705412e-01 -5.052103e+00
      vertex   -3.800000e+00 -2.747594e-01 -5.681253e+00
      vertex   -3.474805e+00 -2.863185e-01 -5.046865e+00
    endloop
  endfacet
  facet normal -8.888141e-01 4.161439e-02 4.563745e-01
    outer loop
      vertex   -3.474805e+00 -2.863185e-01 -5.046865e+00
      vertex   -3.800000e+00 -2.747594e-01 -5.681253e+00
      vertex   -3.800000e+00 -7.573155e-01 -5.637252e+00
    endloop
  endfacet
  facet normal -8.901374e-01 4.634503e-02 4.533294e-01
    outer loop
      vertex   -3.474805e+00 -2.863185e-01 -5.046865e+00
      vertex   -3.800000e+00 -7.573155e-01 -5.637252e+00
      vertex   -3.474805e+00 -7.408392e-01 -5.000399e+00
    endloop
  endfacet
  facet normal -8.885676e-01 8.039089e-02 4.516470e-01
    outer loop
      vertex   -3.474805e+00 -7.408392e-01 -5.000399e+00
      vertex   -3.800000e+00 -7.573155e-01 -5.637252e+00
      vertex   -3.800000e+00 -1.234375e+00 -5.552337e+00
    endloop
  endfacet
  facet normal -8.903870e-01 8.699438e-02 4.468142e-01
    outer loop
      vertex   -3.474805e+00 -7.408392e-01 -5.000399e+00
      vertex   -3.800000e+00 -1.234375e+00 -5.552337e+00
      vertex   -3.474805e+00 -1.189308e+00 -4.913082e+00
    endloop
  endfacet
  facet normal -8.883609e-01 1.186440e-01 4.435522e-01
    outer loop
      vertex   -3.474805e+00 -1.189308e+00 -4.913082e+00
      vertex   -3.800000e+00 -1.234375e+00 -5.552337e+00
      vertex   -3.800000e+00 -1.702477e+00 -5.427127e+00
    endloop
  endfacet
  facet normal -8.905914e-01 1.268711e-01 4.367502e-01
    outer loop
      vertex   -3.474805e+00 -1.189308e+00 -4.913082e+00
      vertex   -3.800000e+00 -1.702477e+00 -5.427127e+00
      vertex   -3.474805e+00 -1.628060e+00 -4.785629e+00
    endloop
  endfacet
  facet normal -8.881944e-01 1.560752e-01 4.321473e-01
    outer loop
      vertex   -3.474805e+00 -1.628060e+00 -4.785629e+00
      vertex   -3.800000e+00 -1.702477e+00 -5.427127e+00
      vertex   -3.800000e+00 -2.158222e+00 -5.262529e+00
    endloop
  endfacet
  facet normal -8.907509e-01 1.656739e-01 4.232198e-01
    outer loop
      vertex   -3.474805e+00 -1.628060e+00 -4.785629e+00
      vertex   -3.800000e+00 -2.158222e+00 -5.262529e+00
      vertex   -3.474805e+00 -2.053513e+00 -4.619081e+00
    endloop
  endfacet
  facet normal -8.880683e-01 1.923925e-01 4.175162e-01
    outer loop
      vertex   -3.474805e+00 -2.053513e+00 -4.619081e+00
      vertex   -3.800000e+00 -2.158222e+00 -5.262529e+00
      vertex   -3.800000e+00 -2.598304e+00 -5.059738e+00
    endloop
  endfacet
  facet normal -8.908658e-01 2.031097e-01 4.063307e-01
    outer loop
      vertex   -3.474805e+00 -2.053513e+00 -4.619081e+00
      vertex   -3.800000e+00 -2.598304e+00 -5.059738e+00
      vertex   -3.474805e+00 -2.462190e+00 -4.414799e+00
    endloop
  endfacet
  facet normal -8.879830e-01 2.273122e-01 3.997692e-01
    outer loop
      vertex   -3.474805e+00 -2.462190e+00 -4.414799e+00
      vertex   -3.800000e+00 -2.598304e+00 -5.059738e+00
      vertex   -3.800000e+00 -3.019529e+00 -4.820226e+00
    endloop
  endfacet
  facet normal -8.909362e-01 2.388957e-01 3.862143e-01
    outer loop
      vertex   -3.474805e+00 -2.462190e+00 -4.414799e+00
      vertex   -3.800000e+00 -3.019529e+00 -4.820226e+00
      vertex   -3.474805e+00 -2.850753e+00 -4.174451e+00
    endloop
  endfacet
  facet normal -8.879384e-01 2.605620e-01 3.790421e-01
    outer loop
      vertex   -3.474805e+00 -2.850753e+00 -4.174451e+00
      vertex   -3.800000e+00 -3.019529e+00 -4.820226e+00
      vertex   -3.800000e+00 -3.418840e+00 -4.545731e+00
    endloop
  endfacet
  facet normal -8.909624e-01 2.727610e-01 3.630254e-01
    outer loop
      vertex   -3.474805e+00 -2.850753e+00 -4.174451e+00
      vertex   -3.800000e+00 -3.418840e+00 -4.545731e+00
      vertex   -3.474805e+00 -3.216027e+00 -3.900000e+00
    endloop
  endfacet
  facet normal -8.872864e-01 2.956729e-01 3.539779e-01
    outer loop
      vertex   -3.474805e+00 -3.216027e+00 -3.900000e+00
      vertex   -3.800000e+00 -3.418840e+00 -4.545731e+00
      vertex   -3.546607e+00 -3.431496e+00 -3.900000e+00
    endloop
  endfacet
  facet normal -8.886521e-01 2.910022e-01 3.544223e-01
    outer loop
      vertex   -3.546607e+00 -3.431496e+00 -3.900000e+00
      vertex   -3.800000e+00 -3.418840e+00 -4.545731e+00
      vertex   -3.800000e+00 -3.793338e+00 -4.238245e+00
    endloop
  endfacet
  facet normal -8.896648e-01 3.073851e-01 3.376552e-01
    outer loop
      vertex   -3.546607e+00 -3.431496e+00 -3.900000e+00
      vertex   -3.800000e+00 -3.793338e+00 -4.238245e+00
      vertex   -3.624401e+00 -3.656657e+00 -3.900000e+00
    endloop
  endfacet
  facet normal -8.880185e-01 3.172784e-01 3.328027e-01
    outer loop
      vertex   -3.624401e+00 -3.656657e+00 -3.900000e+00
      vertex   -3.800000e+00 -3.793338e+00 -4.238245e+00
      vertex   -3.708680e+00 -3.892542e+00 -3.900000e+00
    endloop
  endfacet
  facet normal -8.843007e-01 3.259313e-01 3.343368e-01
    outer loop
      vertex   -3.708680e+00 -3.892542e+00 -3.900000e+00
      vertex   -3.800000e+00 -3.793338e+00 -4.238245e+00
      vertex   -3.800000e+00 -4.140306e+00 -3.900000e+00
    endloop
  endfacet
  facet normal -5.070241e-01 -8.618077e-01 -1.463088e-02
    outer loop
      vertex   -2.994996e+00 4.761187e+00 1.732087e-01
      vertex   -3.379005e+00 4.985758e+00 2.528490e-01
      vertex   -3.000000e+00 4.767072e+00 1.032048e-15
    endloop
  endfacet
  facet normal -5.105169e-01 -8.595918e-01 -2.178278e-02
    outer loop
      vertex   -3.000000e+00 4.767072e+00 1.032048e-15
      vertex   -3.379005e+00 4.985758e+00 2.528490e-01
      vertex   -3.379005e+00 4.992165e+00 9.990773e-16
    endloop
  endfacet
  facet normal -5.105846e-01 -8.597059e-01 1.445794e-02
    outer loop
      vertex   -3.000000e+00 4.767072e+00 1.032048e-15
      vertex   -3.379005e+00 4.992165e+00 9.990773e-16
      vertex   -2.994996e+00 4.761187e+00 -1.732112e-01
    endloop
  endfacet
  facet normal -5.080672e-01 -8.610410e-01 2.181951e-02
    outer loop
      vertex   -2.994996e+00 4.761187e+00 -1.732112e-01
      vertex   -3.379005e+00 4.992165e+00 9.990773e-16
      vertex   -3.379005e+00 4.985758e+00 -2.528490e-01
    endloop
  endfacet
  facet normal -5.109958e-01 -8.585020e-01 4.310089e-02
    outer loop
      vertex   -2.994996e+00 4.761187e+00 -1.732112e-01
      vertex   -3.379005e+00 4.985758e+00 -2.528490e-01
      vertex   -2.980068e+00 4.743664e+00 -3.452524e-01
    endloop
  endfacet
  facet normal -5.065533e-01 -8.597194e-01 6.547019e-02
    outer loop
      vertex   -2.980068e+00 4.743664e+00 -3.452524e-01
      vertex   -3.379005e+00 4.985758e+00 -2.528490e-01
      vertex   -3.379005e+00 4.966552e+00 -5.050490e-01
    endloop
  endfacet
  facet normal -5.082363e-01 -8.582228e-01 7.175942e-02
    outer loop
      vertex   -2.980068e+00 4.743664e+00 -3.452524e-01
      vertex   -3.379005e+00 4.966552e+00 -5.050490e-01
      vertex   -2.955532e+00 4.714973e+00 -5.146172e-01
    endloop
  endfacet
  facet normal -5.058888e-01 -8.556869e-01 1.089795e-01
    outer loop
      vertex   -2.955532e+00 4.714973e+00 -5.146172e-01
      vertex   -3.379005e+00 4.966552e+00 -5.050490e-01
      vertex   -3.379005e+00 4.934597e+00 -7.559525e-01
    endloop
  endfacet
  facet normal -5.057525e-01 -8.558124e-01 1.086260e-01
    outer loop
      vertex   -2.955532e+00 4.714973e+00 -5.146172e-01
      vertex   -3.379005e+00 4.934597e+00 -7.559525e-01
      vertex   -2.939199e+00 4.679646e+00 -7.168955e-01
    endloop
  endfacet
  facet normal -5.057565e-01 -8.491452e-01 1.521931e-01
    outer loop
      vertex   -2.939199e+00 4.679646e+00 -7.168955e-01
      vertex   -3.379005e+00 4.934597e+00 -7.559525e-01
      vertex   -2.939199e+00 4.637330e+00 -9.529955e-01
    endloop
  endfacet
  facet normal -4.478844e-01 -8.800677e-01 1.577354e-01
    outer loop
      vertex   -2.939199e+00 4.679646e+00 -7.168955e-01
      vertex   -2.939199e+00 4.637330e+00 -9.529955e-01
      vertex   -2.879519e+00 4.626909e+00 -8.416778e-01
    endloop
  endfacet
  facet normal -4.673688e-01 -8.676925e-01 1.693402e-01
    outer loop
      vertex   -2.879519e+00 4.626909e+00 -8.416778e-01
      vertex   -2.939199e+00 4.637330e+00 -9.529955e-01
      vertex   -2.829276e+00 4.569414e+00 -9.976133e-01
    endloop
  endfacet
  facet normal -4.539282e-01 -8.677229e-01 2.024998e-01
    outer loop
      vertex   -2.829276e+00 4.569414e+00 -9.976133e-01
      vertex   -2.939199e+00 4.637330e+00 -9.529955e-01
      vertex   -2.771587e+00 4.504098e+00 -1.148178e+00
    endloop
  endfacet
  facet normal -4.550866e-01 -8.673990e-01 2.012839e-01
    outer loop
      vertex   -2.771587e+00 4.504098e+00 -1.148178e+00
      vertex   -2.939199e+00 4.637330e+00 -9.529955e-01
      vertex   -2.939199e+00 4.583110e+00 -1.186649e+00
    endloop
  endfacet
  facet normal -4.572472e-01 -8.603743e-01 2.251246e-01
    outer loop
      vertex   -2.771587e+00 4.504098e+00 -1.148178e+00
      vertex   -2.939199e+00 4.583110e+00 -1.186649e+00
      vertex   -2.706980e+00 4.431826e+00 -1.293162e+00
    endloop
  endfacet
  facet normal -4.473227e-01 -8.598648e-01 2.460384e-01
    outer loop
      vertex   -2.706980e+00 4.431826e+00 -1.293162e+00
      vertex   -2.939199e+00 4.583110e+00 -1.186649e+00
      vertex   -2.939199e+00 4.517124e+00 -1.417257e+00
    endloop
  endfacet
  facet normal -4.526279e-01 -8.526752e-01 2.609080e-01
    outer loop
      vertex   -2.706980e+00 4.431826e+00 -1.293162e+00
      vertex   -2.939199e+00 4.517124e+00 -1.417257e+00
      vertex   -2.559035e+00 4.269902e+00 -1.565690e+00
    endloop
  endfacet
  facet normal -4.393379e-01 -8.500365e-01 2.905514e-01
    outer loop
      vertex   -2.559035e+00 4.269902e+00 -1.565690e+00
      vertex   -2.939199e+00 4.517124e+00 -1.417257e+00
      vertex   -2.939199e+00 4.439544e+00 -1.644226e+00
    endloop
  endfacet
  facet normal -4.407594e-01 -8.335824e-01 3.329737e-01
    outer loop
      vertex   -2.559035e+00 4.269902e+00 -1.565690e+00
      vertex   -2.939199e+00 4.439544e+00 -1.644226e+00
      vertex   -2.939199e+00 4.350567e+00 -1.866975e+00
    endloop
  endfacet
  facet normal -5.057565e-01 -8.011269e-01 3.200094e-01
    outer loop
      vertex   -2.939199e+00 4.350567e+00 -1.866975e+00
      vertex   -2.939199e+00 4.439544e+00 -1.644226e+00
      vertex   -3.379005e+00 4.681414e+00 -1.733805e+00
    endloop
  endfacet
  facet normal -5.057565e-01 -8.011269e-01 3.200094e-01
    outer loop
      vertex   -2.939199e+00 4.350567e+00 -1.866975e+00
      vertex   -3.379005e+00 4.681414e+00 -1.733805e+00
      vertex   -3.379005e+00 4.587589e+00 -1.968690e+00
    endloop
  endfacet
  facet normal -5.528759e-01 -7.738127e-01 3.090988e-01
    outer loop
      vertex   -3.379005e+00 4.587589e+00 -1.968690e+00
      vertex   -3.379005e+00 4.681414e+00 -1.733805e+00
      vertex   -3.474805e+00 4.727979e+00 -1.788588e+00
    endloop
  endfacet
  facet normal -5.156524e-01 -7.868533e-01 3.390640e-01
    outer loop
      vertex   -3.379005e+00 4.587589e+00 -1.968690e+00
      vertex   -3.474805e+00 4.727979e+00 -1.788588e+00
      vertex   -3.474805e+00 4.547172e+00 -2.208179e+00
    endloop
  endfacet
  facet normal -5.109904e-01 -8.585070e-01 -4.306291e-02
    outer loop
      vertex   -2.994996e+00 4.761187e+00 1.732087e-01
      vertex   -2.980120e+00 4.743726e+00 3.448024e-01
      vertex   -3.379005e+00 4.985758e+00 2.528490e-01
    endloop
  endfacet
  facet normal -5.065587e-01 -8.597162e-01 -6.546995e-02
    outer loop
      vertex   -3.379005e+00 4.985758e+00 2.528490e-01
      vertex   -2.980120e+00 4.743726e+00 3.448024e-01
      vertex   -3.379005e+00 4.966552e+00 5.050490e-01
    endloop
  endfacet
  facet normal -5.548543e-01 -8.295457e-01 -6.317237e-02
    outer loop
      vertex   -3.379005e+00 4.985758e+00 2.528490e-01
      vertex   -3.379005e+00 4.966552e+00 5.050490e-01
      vertex   -3.474805e+00 5.034333e+00 4.564229e-01
    endloop
  endfacet
  facet normal -5.376910e-01 -8.363860e-01 -1.065214e-01
    outer loop
      vertex   -3.474805e+00 5.034333e+00 4.564229e-01
      vertex   -3.379005e+00 4.966552e+00 5.050490e-01
      vertex   -3.379005e+00 4.934597e+00 7.559525e-01
    endloop
  endfacet
  facet normal -5.199979e-01 -8.463241e-01 -1.154894e-01
    outer loop
      vertex   -3.474805e+00 5.034333e+00 4.564229e-01
      vertex   -3.379005e+00 4.934597e+00 7.559525e-01
      vertex   -3.474805e+00 4.972558e+00 9.091172e-01
    endloop
  endfacet
  facet normal -5.578134e-01 -8.169484e-01 -1.464225e-01
    outer loop
      vertex   -3.474805e+00 4.972558e+00 9.091172e-01
      vertex   -3.379005e+00 4.934597e+00 7.559525e-01
      vertex   -3.379005e+00 4.889976e+00 1.004916e+00
    endloop
  endfacet
  facet normal -5.244699e-01 -8.297705e-01 -1.908199e-01
    outer loop
      vertex   -3.474805e+00 4.972558e+00 9.091172e-01
      vertex   -3.379005e+00 4.889976e+00 1.004916e+00
      vertex   -3.474805e+00 4.870161e+00 1.354385e+00
    endloop
  endfacet
  facet normal -5.288532e-01 -8.267453e-01 -1.918500e-01
    outer loop
      vertex   -3.474805e+00 4.870161e+00 1.354385e+00
      vertex   -3.379005e+00 4.889976e+00 1.004916e+00
      vertex   -3.379005e+00 4.832801e+00 1.251299e+00
    endloop
  endfacet
  facet normal -5.571597e-01 -7.983656e-01 -2.284413e-01
    outer loop
      vertex   -3.474805e+00 4.870161e+00 1.354385e+00
      vertex   -3.379005e+00 4.832801e+00 1.251299e+00
      vertex   -3.379005e+00 4.763221e+00 1.494470e+00
    endloop
  endfacet
  facet normal -5.057565e-01 -8.293914e-01 -2.373189e-01
    outer loop
      vertex   -3.379005e+00 4.763221e+00 1.494470e+00
      vertex   -3.379005e+00 4.832801e+00 1.251299e+00
      vertex   -2.939199e+00 4.583110e+00 1.186649e+00
    endloop
  endfacet
  facet normal -5.057565e-01 -8.293914e-01 -2.373189e-01
    outer loop
      vertex   -3.379005e+00 4.763221e+00 1.494470e+00
      vertex   -2.939199e+00 4.583110e+00 1.186649e+00
      vertex   -2.939199e+00 4.517124e+00 1.417257e+00
    endloop
  endfacet
  facet normal -4.473876e-01 -8.598336e-01 -2.460295e-01
    outer loop
      vertex   -2.939199e+00 4.517124e+00 1.417257e+00
      vertex   -2.939199e+00 4.583110e+00 1.186649e+00
      vertex   -2.709627e+00 4.434762e+00 1.287638e+00
    endloop
  endfacet
  facet normal -4.527280e-01 -8.529394e-01 -2.598686e-01
    outer loop
      vertex   -2.939199e+00 4.517124e+00 1.417257e+00
      vertex   -2.709627e+00 4.434762e+00 1.287638e+00
      vertex   -2.563425e+00 4.274634e+00 1.558505e+00
    endloop
  endfacet
  facet normal -5.082203e-01 -8.582409e-01 -7.165727e-02
    outer loop
      vertex   -2.980120e+00 4.743726e+00 3.448024e-01
      vertex   -2.955690e+00 4.715157e+00 5.137123e-01
      vertex   -3.379005e+00 4.966552e+00 5.050490e-01
    endloop
  endfacet
  facet normal -5.059266e-01 -8.556648e-01 -1.089767e-01
    outer loop
      vertex   -3.379005e+00 4.966552e+00 5.050490e-01
      vertex   -2.955690e+00 4.715157e+00 5.137123e-01
      vertex   -3.379005e+00 4.934597e+00 7.559525e-01
    endloop
  endfacet
  facet normal -5.026703e-01 -8.586018e-01 -1.006258e-01
    outer loop
      vertex   -2.955690e+00 4.715157e+00 5.137123e-01
      vertex   -2.922280e+00 4.676287e+00 6.784737e-01
      vertex   -3.379005e+00 4.934597e+00 7.559525e-01
    endloop
  endfacet
  facet normal -5.057951e-01 -8.497882e-01 -1.484296e-01
    outer loop
      vertex   -3.379005e+00 4.934597e+00 7.559525e-01
      vertex   -2.922280e+00 4.676287e+00 6.784737e-01
      vertex   -2.939199e+00 4.679646e+00 7.168955e-01
    endloop
  endfacet
  facet normal -5.057565e-01 -8.491452e-01 -1.521931e-01
    outer loop
      vertex   -3.379005e+00 4.934597e+00 7.559525e-01
      vertex   -2.939199e+00 4.679646e+00 7.168955e-01
      vertex   -3.379005e+00 4.889976e+00 1.004916e+00
    endloop
  endfacet
  facet normal -5.057565e-01 -8.491452e-01 -1.521931e-01
    outer loop
      vertex   -3.379005e+00 4.889976e+00 1.004916e+00
      vertex   -2.939199e+00 4.679646e+00 7.168955e-01
      vertex   -2.939199e+00 4.637330e+00 9.529955e-01
    endloop
  endfacet
  facet normal -5.057565e-01 -8.403469e-01 -1.950063e-01
    outer loop
      vertex   -3.379005e+00 4.889976e+00 1.004916e+00
      vertex   -2.939199e+00 4.637330e+00 9.529955e-01
      vertex   -3.379005e+00 4.832801e+00 1.251299e+00
    endloop
  endfacet
  facet normal -5.057565e-01 -8.403469e-01 -1.950063e-01
    outer loop
      vertex   -3.379005e+00 4.832801e+00 1.251299e+00
      vertex   -2.939199e+00 4.637330e+00 9.529955e-01
      vertex   -2.939199e+00 4.583110e+00 1.186649e+00
    endloop
  endfacet
  facet normal -4.806160e-01 -8.663377e-01 -1.358945e-01
    outer loop
      vertex   -2.922280e+00 4.676287e+00 6.784737e-01
      vertex   -2.880443e+00 4.627975e+00 8.385046e-01
      vertex   -2.939199e+00 4.679646e+00 7.168955e-01
    endloop
  endfacet
  facet normal -4.475658e-01 -8.802247e-01 -1.577636e-01
    outer loop
      vertex   -2.939199e+00 4.679646e+00 7.168955e-01
      vertex   -2.880443e+00 4.627975e+00 8.385046e-01
      vertex   -2.939199e+00 4.637330e+00 9.529955e-01
    endloop
  endfacet
  facet normal -4.671306e-01 -8.679242e-01 -1.688092e-01
    outer loop
      vertex   -2.880443e+00 4.627975e+00 8.385046e-01
      vertex   -2.830686e+00 4.571031e+00 9.935907e-01
      vertex   -2.939199e+00 4.637330e+00 9.529955e-01
    endloop
  endfacet
  facet normal -4.547489e-01 -8.675670e-01 -2.013229e-01
    outer loop
      vertex   -2.939199e+00 4.637330e+00 9.529955e-01
      vertex   -2.830686e+00 4.571031e+00 9.935907e-01
      vertex   -2.939199e+00 4.583110e+00 1.186649e+00
    endloop
  endfacet
  facet normal -4.547520e-01 -8.675649e-01 -2.013248e-01
    outer loop
      vertex   -2.830686e+00 4.571031e+00 9.935907e-01
      vertex   -2.773541e+00 4.506300e+00 1.143455e+00
      vertex   -2.939199e+00 4.583110e+00 1.186649e+00
    endloop
  endfacet
  facet normal -4.574429e-01 -8.605178e-01 -2.241764e-01
    outer loop
      vertex   -2.939199e+00 4.583110e+00 1.186649e+00
      vertex   -2.773541e+00 4.506300e+00 1.143455e+00
      vertex   -2.709627e+00 4.434762e+00 1.287638e+00
    endloop
  endfacet
  facet normal -4.029543e-01 -8.507231e-01 -3.374877e-01
    outer loop
      vertex   -2.395858e+00 4.097275e+00 1.805511e+00
      vertex   -2.479834e+00 4.147276e+00 1.779736e+00
      vertex   -2.563425e+00 4.274634e+00 1.558505e+00
    endloop
  endfacet
  facet normal -4.408326e-01 -8.397926e-01 -3.168832e-01
    outer loop
      vertex   -2.563425e+00 4.274634e+00 1.558505e+00
      vertex   -2.479834e+00 4.147276e+00 1.779736e+00
      vertex   -2.939199e+00 4.439544e+00 1.644226e+00
    endloop
  endfacet
  facet normal -4.393246e-01 -8.500427e-01 -2.905535e-01
    outer loop
      vertex   -2.563425e+00 4.274634e+00 1.558505e+00
      vertex   -2.939199e+00 4.439544e+00 1.644226e+00
      vertex   -2.939199e+00 4.517124e+00 1.417257e+00
    endloop
  endfacet
  facet normal -5.057565e-01 -8.163069e-01 -2.790223e-01
    outer loop
      vertex   -2.939199e+00 4.517124e+00 1.417257e+00
      vertex   -2.939199e+00 4.439544e+00 1.644226e+00
      vertex   -3.379005e+00 4.681414e+00 1.733805e+00
    endloop
  endfacet
  facet normal -5.057565e-01 -8.163069e-01 -2.790223e-01
    outer loop
      vertex   -2.939199e+00 4.517124e+00 1.417257e+00
      vertex   -3.379005e+00 4.681414e+00 1.733805e+00
      vertex   -3.379005e+00 4.763221e+00 1.494470e+00
    endloop
  endfacet
  facet normal -5.419662e-01 -7.952282e-01 -2.718174e-01
    outer loop
      vertex   -3.379005e+00 4.763221e+00 1.494470e+00
      vertex   -3.379005e+00 4.681414e+00 1.733805e+00
      vertex   -3.474805e+00 4.727979e+00 1.788588e+00
    endloop
  endfacet
  facet normal -5.181397e-01 -8.128267e-01 -2.661653e-01
    outer loop
      vertex   -3.379005e+00 4.763221e+00 1.494470e+00
      vertex   -3.474805e+00 4.727979e+00 1.788588e+00
      vertex   -3.474805e+00 4.870161e+00 1.354385e+00
    endloop
  endfacet
  facet normal -3.816454e-01 -8.398943e-01 -3.859072e-01
    outer loop
      vertex   -2.479834e+00 4.147276e+00 1.779736e+00
      vertex   -2.395858e+00 4.097275e+00 1.805511e+00
      vertex   -2.479834e+00 4.051811e+00 1.987508e+00
    endloop
  endfacet
  facet normal -3.854435e-01 -8.376126e-01 -3.870898e-01
    outer loop
      vertex   -2.479834e+00 4.051811e+00 1.987508e+00
      vertex   -2.395858e+00 4.097275e+00 1.805511e+00
      vertex   -2.210482e+00 3.909023e+00 2.028277e+00
    endloop
  endfacet
  facet normal -3.712276e-01 -8.230224e-01 -4.299118e-01
    outer loop
      vertex   -2.479834e+00 4.051811e+00 1.987508e+00
      vertex   -2.210482e+00 3.909023e+00 2.028277e+00
      vertex   -2.479834e+00 3.945945e+00 2.190178e+00
    endloop
  endfacet
  facet normal -3.705051e-01 -8.241027e-01 -4.284633e-01
    outer loop
      vertex   -2.479834e+00 3.945945e+00 2.190178e+00
      vertex   -2.210482e+00 3.909023e+00 2.028277e+00
      vertex   -2.009899e+00 3.715405e+00 2.227231e+00
    endloop
  endfacet
  facet normal -3.574766e-01 -8.048279e-01 -4.737747e-01
    outer loop
      vertex   -2.479834e+00 3.945945e+00 2.190178e+00
      vertex   -2.009899e+00 3.715405e+00 2.227231e+00
      vertex   -2.479834e+00 3.829950e+00 2.387226e+00
    endloop
  endfacet
  facet normal -3.589703e-01 -7.991023e-01 -4.822612e-01
    outer loop
      vertex   -2.479834e+00 3.829950e+00 2.387226e+00
      vertex   -2.009899e+00 3.715405e+00 2.227231e+00
      vertex   -2.003965e+00 3.674614e+00 2.290404e+00
    endloop
  endfacet
  facet normal -3.589023e-01 -7.793419e-01 -5.136295e-01
    outer loop
      vertex   -2.479834e+00 3.829950e+00 2.387226e+00
      vertex   -2.003965e+00 3.674614e+00 2.290404e+00
      vertex   -2.479834e+00 3.704123e+00 2.578146e+00
    endloop
  endfacet
  facet normal -3.589023e-01 -7.793419e-01 -5.136295e-01
    outer loop
      vertex   -2.479834e+00 3.704123e+00 2.578146e+00
      vertex   -2.003965e+00 3.674614e+00 2.290404e+00
      vertex   -2.003965e+00 3.553890e+00 2.473581e+00
    endloop
  endfacet
  facet normal -3.589023e-01 -7.523267e-01 -5.524433e-01
    outer loop
      vertex   -2.479834e+00 3.704123e+00 2.578146e+00
      vertex   -2.003965e+00 3.553890e+00 2.473581e+00
      vertex   -2.479834e+00 3.568788e+00 2.762447e+00
    endloop
  endfacet
  facet normal -3.589023e-01 -7.523267e-01 -5.524433e-01
    outer loop
      vertex   -2.479834e+00 3.568788e+00 2.762447e+00
      vertex   -2.003965e+00 3.553890e+00 2.473581e+00
      vertex   -2.003965e+00 3.424044e+00 2.650407e+00
    endloop
  endfacet
  facet normal -3.589023e-01 -7.233803e-01 -5.898390e-01
    outer loop
      vertex   -2.479834e+00 3.568788e+00 2.762447e+00
      vertex   -2.003965e+00 3.424044e+00 2.650407e+00
      vertex   -2.479834e+00 3.424292e+00 2.939658e+00
    endloop
  endfacet
  facet normal -3.589023e-01 -7.233803e-01 -5.898390e-01
    outer loop
      vertex   -2.479834e+00 3.424292e+00 2.939658e+00
      vertex   -2.003965e+00 3.424044e+00 2.650407e+00
      vertex   -2.003965e+00 3.285408e+00 2.820431e+00
    endloop
  endfacet
  facet normal -3.589023e-01 -6.925770e-01 -6.257205e-01
    outer loop
      vertex   -2.479834e+00 3.424292e+00 2.939658e+00
      vertex   -2.003965e+00 3.285408e+00 2.820431e+00
      vertex   -2.479834e+00 3.271005e+00 3.109322e+00
    endloop
  endfacet
  facet normal -3.589023e-01 -6.925770e-01 -6.257205e-01
    outer loop
      vertex   -2.479834e+00 3.271005e+00 3.109322e+00
      vertex   -2.003965e+00 3.285408e+00 2.820431e+00
      vertex   -2.003965e+00 3.138339e+00 2.983214e+00
    endloop
  endfacet
  facet normal -3.589023e-01 -6.599959e-01 -6.599959e-01
    outer loop
      vertex   -2.479834e+00 3.271005e+00 3.109322e+00
      vertex   -2.003965e+00 3.138339e+00 2.983214e+00
      vertex   -2.479834e+00 3.109322e+00 3.271005e+00
    endloop
  endfacet
  facet normal -3.589023e-01 -6.599959e-01 -6.599959e-01
    outer loop
      vertex   -2.479834e+00 3.109322e+00 3.271005e+00
      vertex   -2.003965e+00 3.138339e+00 2.983214e+00
      vertex   -2.003965e+00 2.983214e+00 3.138339e+00
    endloop
  endfacet
  facet normal -3.589023e-01 -6.257205e-01 -6.925770e-01
    outer loop
      vertex   -2.479834e+00 3.109322e+00 3.271005e+00
      vertex   -2.003965e+00 2.983214e+00 3.138339e+00
      vertex   -2.479834e+00 2.939658e+00 3.424292e+00
    endloop
  endfacet
  facet normal -3.589023e-01 -6.257205e-01 -6.925770e-01
    outer loop
      vertex   -2.479834e+00 2.939658e+00 3.424292e+00
      vertex   -2.003965e+00 2.983214e+00 3.138339e+00
      vertex   -2.003965e+00 2.820431e+00 3.285408e+00
    endloop
  endfacet
  facet normal -3.589023e-01 -5.898390e-01 -7.233803e-01
    outer loop
      vertex   -2.479834e+00 2.939658e+00 3.424292e+00
      vertex   -2.003965e+00 2.820431e+00 3.285408e+00
      vertex   -2.479834e+00 2.762447e+00 3.568788e+00
    endloop
  endfacet
  facet normal -3.589023e-01 -5.898390e-01 -7.233803e-01
    outer loop
      vertex   -2.479834e+00 2.762447e+00 3.568788e+00
      vertex   -2.003965e+00 2.820431e+00 3.285408e+00
      vertex   -2.003965e+00 2.650407e+00 3.424044e+00
    endloop
  endfacet
  facet normal -3.589023e-01 -5.524433e-01 -7.523267e-01
    outer loop
      vertex   -2.479834e+00 2.762447e+00 3.568788e+00
      vertex   -2.003965e+00 2.650407e+00 3.424044e+00
      vertex   -2.479834e+00 2.578146e+00 3.704123e+00
    endloop
  endfacet
  facet normal -3.589023e-01 -5.524433e-01 -7.523267e-01
    outer loop
      vertex   -2.479834e+00 2.578146e+00 3.704123e+00
      vertex   -2.003965e+00 2.650407e+00 3.424044e+00
      vertex   -2.003965e+00 2.473581e+00 3.553890e+00
    endloop
  endfacet
  facet normal -3.589023e-01 -5.136295e-01 -7.793419e-01
    outer loop
      vertex   -2.479834e+00 2.578146e+00 3.704123e+00
      vertex   -2.003965e+00 2.473581e+00 3.553890e+00
      vertex   -2.479834e+00 2.387226e+00 3.829950e+00
    endloop
  endfacet
  facet normal -3.589023e-01 -5.136295e-01 -7.793419e-01
    outer loop
      vertex   -2.479834e+00 2.387226e+00 3.829950e+00
      vertex   -2.003965e+00 2.473581e+00 3.553890e+00
      vertex   -2.003965e+00 2.290404e+00 3.674614e+00
    endloop
  endfacet
  facet normal -3.589023e-01 -4.734973e-01 -8.043565e-01
    outer loop
      vertex   -2.479834e+00 2.387226e+00 3.829950e+00
      vertex   -2.003965e+00 2.290404e+00 3.674614e+00
      vertex   -2.479834e+00 2.190178e+00 3.945945e+00
    endloop
  endfacet
  facet normal -3.589023e-01 -4.734973e-01 -8.043565e-01
    outer loop
      vertex   -2.479834e+00 2.190178e+00 3.945945e+00
      vertex   -2.003965e+00 2.290404e+00 3.674614e+00
      vertex   -2.003965e+00 2.101348e+00 3.785904e+00
    endloop
  endfacet
  facet normal -3.589023e-01 -4.321495e-01 -8.273064e-01
    outer loop
      vertex   -2.479834e+00 2.190178e+00 3.945945e+00
      vertex   -2.003965e+00 2.101348e+00 3.785904e+00
      vertex   -2.479834e+00 1.987508e+00 4.051811e+00
    endloop
  endfacet
  facet normal -3.589023e-01 -4.321495e-01 -8.273064e-01
    outer loop
      vertex   -2.479834e+00 1.987508e+00 4.051811e+00
      vertex   -2.003965e+00 2.101348e+00 3.785904e+00
      vertex   -2.003965e+00 1.906898e+00 3.887477e+00
    endloop
  endfacet
  facet normal -3.589023e-01 -3.896925e-01 -8.481326e-01
    outer loop
      vertex   -2.479834e+00 1.987508e+00 4.051811e+00
      vertex   -2.003965e+00 1.906898e+00 3.887477e+00
      vertex   -2.479834e+00 1.779736e+00 4.147276e+00
    endloop
  endfacet
  facet normal -3.589023e-01 -3.896925e-01 -8.481326e-01
    outer loop
      vertex   -2.479834e+00 1.779736e+00 4.147276e+00
      vertex   -2.003965e+00 1.906898e+00 3.887477e+00
      vertex   -2.003965e+00 1.707553e+00 3.979070e+00
    endloop
  endfacet
  facet normal -3.589023e-01 -3.462351e-01 -8.667816e-01
    outer loop
      vertex   -2.479834e+00 1.779736e+00 4.147276e+00
      vertex   -2.003965e+00 1.707553e+00 3.979070e+00
      vertex   -2.479834e+00 1.567396e+00 4.232095e+00
    endloop
  endfacet
  facet normal -3.589023e-01 -3.462351e-01 -8.667816e-01
    outer loop
      vertex   -2.479834e+00 1.567396e+00 4.232095e+00
      vertex   -2.003965e+00 1.707553e+00 3.979070e+00
      vertex   -2.003965e+00 1.503825e+00 4.060449e+00
    endloop
  endfacet
  facet normal -3.589023e-01 -3.018890e-01 -8.832056e-01
    outer loop
      vertex   -2.479834e+00 1.567396e+00 4.232095e+00
      vertex   -2.003965e+00 1.503825e+00 4.060449e+00
      vertex   -2.479834e+00 1.351032e+00 4.306051e+00
    endloop
  endfacet
  facet normal -3.589023e-01 -3.018890e-01 -8.832056e-01
    outer loop
      vertex   -2.479834e+00 1.351032e+00 4.306051e+00
      vertex   -2.003965e+00 1.503825e+00 4.060449e+00
      vertex   -2.003965e+00 1.296237e+00 4.131405e+00
    endloop
  endfacet
  facet normal -3.589023e-01 -2.567679e-01 -8.973625e-01
    outer loop
      vertex   -2.479834e+00 1.351032e+00 4.306051e+00
      vertex   -2.003965e+00 1.296237e+00 4.131405e+00
      vertex   -2.479834e+00 1.131200e+00 4.368953e+00
    endloop
  endfacet
  facet normal -3.589023e-01 -2.567679e-01 -8.973625e-01
    outer loop
      vertex   -2.479834e+00 1.131200e+00 4.368953e+00
      vertex   -2.003965e+00 1.296237e+00 4.131405e+00
      vertex   -2.003965e+00 1.085321e+00 4.191756e+00
    endloop
  endfacet
  facet normal -3.589023e-01 -2.109876e-01 -9.092158e-01
    outer loop
      vertex   -2.479834e+00 1.131200e+00 4.368953e+00
      vertex   -2.003965e+00 1.085321e+00 4.191756e+00
      vertex   -2.479834e+00 9.084645e-01 4.420640e+00
    endloop
  endfacet
  facet normal -3.589023e-01 -2.109876e-01 -9.092158e-01
    outer loop
      vertex   -2.479834e+00 9.084645e-01 4.420640e+00
      vertex   -2.003965e+00 1.085321e+00 4.191756e+00
      vertex   -2.003965e+00 8.716188e-01 4.241346e+00
    endloop
  endfacet
  facet normal -3.589023e-01 -1.646658e-01 -9.187352e-01
    outer loop
      vertex   -2.479834e+00 9.084645e-01 4.420640e+00
      vertex   -2.003965e+00 8.716188e-01 4.241346e+00
      vertex   -2.479834e+00 6.833968e-01 4.460979e+00
    endloop
  endfacet
  facet normal -3.589023e-01 -1.646658e-01 -9.187352e-01
    outer loop
      vertex   -2.479834e+00 6.833968e-01 4.460979e+00
      vertex   -2.003965e+00 8.716188e-01 4.241346e+00
      vertex   -2.003965e+00 6.556794e-01 4.280049e+00
    endloop
  endfacet
  facet normal -3.589023e-01 -1.179213e-01 -9.258962e-01
    outer loop
      vertex   -2.479834e+00 6.833968e-01 4.460979e+00
      vertex   -2.003965e+00 6.556794e-01 4.280049e+00
      vertex   -2.479834e+00 4.565748e-01 4.489866e+00
    endloop
  endfacet
  facet normal -3.589023e-01 -1.179213e-01 -9.258962e-01
    outer loop
      vertex   -2.479834e+00 4.565748e-01 4.489866e+00
      vertex   -2.003965e+00 6.556794e-01 4.280049e+00
      vertex   -2.003965e+00 4.380569e-01 4.307765e+00
    endloop
  endfacet
  facet normal -3.589023e-01 -7.087408e-02 -9.306804e-01
    outer loop
      vertex   -2.479834e+00 4.565748e-01 4.489866e+00
      vertex   -2.003965e+00 4.380569e-01 4.307765e+00
      vertex   -2.479834e+00 2.285808e-01 4.507229e+00
    endloop
  endfacet
  facet normal -3.589023e-01 -7.087408e-02 -9.306804e-01
    outer loop
      vertex   -2.479834e+00 2.285808e-01 4.507229e+00
      vertex   -2.003965e+00 4.380569e-01 4.307765e+00
      vertex   -2.003965e+00 2.193099e-01 4.324424e+00
    endloop
  endfacet
  facet normal -3.589023e-01 -2.364493e-02 -9.330756e-01
    outer loop
      vertex   -2.479834e+00 2.285808e-01 4.507229e+00
      vertex   -2.003965e+00 2.193099e-01 4.324424e+00
      vertex   -2.479834e+00 0.000000e+00 4.513021e+00
    endloop
  endfacet
  facet normal -3.589023e-01 -2.364493e-02 -9.330756e-01
    outer loop
      vertex   -2.479834e+00 0.000000e+00 4.513021e+00
      vertex   -2.003965e+00 2.193099e-01 4.324424e+00
      vertex   -2.003965e+00 0.000000e+00 4.329981e+00
    endloop
  endfacet
  facet normal -3.589023e-01 2.364493e-02 -9.330756e-01
    outer loop
      vertex   -2.479834e+00 0.000000e+00 4.513021e+00
      vertex   -2.003965e+00 0.000000e+00 4.329981e+00
      vertex   -2.479834e+00 -2.285808e-01 4.507229e+00
    endloop
  endfacet
  facet normal -3.589023e-01 2.364493e-02 -9.330756e-01
    outer loop
      vertex   -2.479834e+00 -2.285808e-01 4.507229e+00
      vertex   -2.003965e+00 0.000000e+00 4.329981e+00
      vertex   -2.003965e+00 -2.193099e-01 4.324424e+00
    endloop
  endfacet
  facet normal -3.589023e-01 7.087408e-02 -9.306804e-01
    outer loop
      vertex   -2.479834e+00 -2.285808e-01 4.507229e+00
      vertex   -2.003965e+00 -2.193099e-01 4.324424e+00
      vertex   -2.479834e+00 -4.565748e-01 4.489866e+00
    endloop
  endfacet
  facet normal -3.589023e-01 7.087408e-02 -9.306804e-01
    outer loop
      vertex   -2.479834e+00 -4.565748e-01 4.489866e+00
      vertex   -2.003965e+00 -2.193099e-01 4.324424e+00
      vertex   -2.003965e+00 -4.380569e-01 4.307765e+00
    endloop
  endfacet
  facet normal -3.589023e-01 1.179213e-01 -9.258962e-01
    outer loop
      vertex   -2.479834e+00 -4.565748e-01 4.489866e+00
      vertex   -2.003965e+00 -4.380569e-01 4.307765e+00
      vertex   -2.479834e+00 -6.833968e-01 4.460979e+00
    endloop
  endfacet
  facet normal -3.589023e-01 1.179213e-01 -9.258962e-01
    outer loop
      vertex   -2.479834e+00 -6.833968e-01 4.460979e+00
      vertex   -2.003965e+00 -4.380569e-01 4.307765e+00
      vertex   -2.003965e+00 -6.556794e-01 4.280049e+00
    endloop
  endfacet
  facet normal -3.589023e-01 1.646658e-01 -9.187352e-01
    outer loop
      vertex   -2.479834e+00 -6.833968e-01 4.460979e+00
      vertex   -2.003965e+00 -6.556794e-01 4.280049e+00
      vertex   -2.479834e+00 -9.084645e-01 4.420640e+00
    endloop
  endfacet
  facet normal -3.589023e-01 1.646658e-01 -9.187352e-01
    outer loop
      vertex   -2.479834e+00 -9.084645e-01 4.420640e+00
      vertex   -2.003965e+00 -6.556794e-01 4.280049e+00
      vertex   -2.003965e+00 -8.716188e-01 4.241346e+00
    endloop
  endfacet
  facet normal -3.589023e-01 2.109876e-01 -9.092158e-01
    outer loop
      vertex   -2.479834e+00 -9.084645e-01 4.420640e+00
      vertex   -2.003965e+00 -8.716188e-01 4.241346e+00
      vertex   -2.479834e+00 -1.131200e+00 4.368953e+00
    endloop
  endfacet
  facet normal -3.589023e-01 2.109876e-01 -9.092158e-01
    outer loop
      vertex   -2.479834e+00 -1.131200e+00 4.368953e+00
      vertex   -2.003965e+00 -8.716188e-01 4.241346e+00
      vertex   -2.003965e+00 -1.085321e+00 4.191756e+00
    endloop
  endfacet
  facet normal -3.589023e-01 2.567679e-01 -8.973625e-01
    outer loop
      vertex   -2.479834e+00 -1.131200e+00 4.368953e+00
      vertex   -2.003965e+00 -1.085321e+00 4.191756e+00
      vertex   -2.479834e+00 -1.351032e+00 4.306051e+00
    endloop
  endfacet
  facet normal -3.589023e-01 2.567679e-01 -8.973625e-01
    outer loop
      vertex   -2.479834e+00 -1.351032e+00 4.306051e+00
      vertex   -2.003965e+00 -1.085321e+00 4.191756e+00
      vertex   -2.003965e+00 -1.296237e+00 4.131405e+00
    endloop
  endfacet
  facet normal -3.589023e-01 3.018890e-01 -8.832056e-01
    outer loop
      vertex   -2.479834e+00 -1.351032e+00 4.306051e+00
      vertex   -2.003965e+00 -1.296237e+00 4.131405e+00
      vertex   -2.479834e+00 -1.567396e+00 4.232095e+00
    endloop
  endfacet
  facet normal -3.589023e-01 3.018890e-01 -8.832056e-01
    outer loop
      vertex   -2.479834e+00 -1.567396e+00 4.232095e+00
      vertex   -2.003965e+00 -1.296237e+00 4.131405e+00
      vertex   -2.003965e+00 -1.503825e+00 4.060449e+00
    endloop
  endfacet
  facet normal -3.589023e-01 3.462351e-01 -8.667816e-01
    outer loop
      vertex   -2.479834e+00 -1.567396e+00 4.232095e+00
      vertex   -2.003965e+00 -1.503825e+00 4.060449e+00
      vertex   -2.479834e+00 -1.779736e+00 4.147276e+00
    endloop
  endfacet
  facet normal -3.589023e-01 3.462351e-01 -8.667816e-01
    outer loop
      vertex   -2.479834e+00 -1.779736e+00 4.147276e+00
      vertex   -2.003965e+00 -1.503825e+00 4.060449e+00
      vertex   -2.003965e+00 -1.707553e+00 3.979070e+00
    endloop
  endfacet
  facet normal -3.589023e-01 3.896925e-01 -8.481326e-01
    outer loop
      vertex   -2.479834e+00 -1.779736e+00 4.147276e+00
      vertex   -2.003965e+00 -1.707553e+00 3.979070e+00
      vertex   -2.479834e+00 -1.987508e+00 4.051811e+00
    endloop
  endfacet
  facet normal -3.774975e-01 4.283559e-01 -8.209792e-01
    outer loop
      vertex   -2.479834e+00 -1.987508e+00 4.051811e+00
      vertex   -2.003965e+00 -1.707553e+00 3.979070e+00
      vertex   -2.284672e+00 -2.106476e+00 3.900000e+00
    endloop
  endfacet
  facet normal -3.771631e-01 4.288029e-01 -8.208996e-01
    outer loop
      vertex   -2.479834e+00 -1.987508e+00 4.051811e+00
      vertex   -2.284672e+00 -2.106476e+00 3.900000e+00
      vertex   -2.479834e+00 -2.190178e+00 3.945945e+00
    endloop
  endfacet
  facet normal -3.808665e-01 4.423485e-01 -8.119535e-01
    outer loop
      vertex   -2.479834e+00 -2.190178e+00 3.945945e+00
      vertex   -2.284672e+00 -2.106476e+00 3.900000e+00
      vertex   -2.692178e+00 -2.457343e+00 3.900000e+00
    endloop
  endfacet
  facet normal -4.334454e-01 4.760906e-01 -7.651554e-01
    outer loop
      vertex   -2.479834e+00 -2.190178e+00 3.945945e+00
      vertex   -2.692178e+00 -2.457343e+00 3.900000e+00
      vertex   -2.939199e+00 -2.297536e+00 4.139367e+00
    endloop
  endfacet
  facet normal -4.521165e-01 4.524870e-01 -7.686652e-01
    outer loop
      vertex   -2.939199e+00 -2.297536e+00 4.139367e+00
      vertex   -2.692178e+00 -2.457343e+00 3.900000e+00
      vertex   -2.939199e+00 -2.504243e+00 4.017686e+00
    endloop
  endfacet
  facet normal -5.057565e-01 4.376320e-01 -7.434302e-01
    outer loop
      vertex   -2.939199e+00 -2.297536e+00 4.139367e+00
      vertex   -2.939199e+00 -2.504243e+00 4.017686e+00
      vertex   -3.379005e+00 -2.640676e+00 4.236573e+00
    endloop
  endfacet
  facet normal -5.057565e-01 4.747245e-01 -7.203104e-01
    outer loop
      vertex   -3.379005e+00 -2.640676e+00 4.236573e+00
      vertex   -2.939199e+00 -2.504243e+00 4.017686e+00
      vertex   -3.379005e+00 -2.851865e+00 4.097387e+00
    endloop
  endfacet
  facet normal -5.538984e-01 4.581651e-01 -6.951844e-01
    outer loop
      vertex   -3.379005e+00 -2.640676e+00 4.236573e+00
      vertex   -3.379005e+00 -2.851865e+00 4.097387e+00
      vertex   -3.474805e+00 -2.850753e+00 4.174451e+00
    endloop
  endfacet
  facet normal -5.399552e-01 4.981792e-01 -6.784289e-01
    outer loop
      vertex   -3.474805e+00 -2.850753e+00 4.174451e+00
      vertex   -3.379005e+00 -2.851865e+00 4.097387e+00
      vertex   -3.379005e+00 -3.055734e+00 3.947683e+00
    endloop
  endfacet
  facet normal -5.189799e-01 5.134643e-01 -6.833844e-01
    outer loop
      vertex   -3.474805e+00 -2.850753e+00 4.174451e+00
      vertex   -3.379005e+00 -3.055734e+00 3.947683e+00
      vertex   -3.474805e+00 -3.216027e+00 3.900000e+00
    endloop
  endfacet
  facet normal -5.175012e-01 5.130142e-01 -6.848422e-01
    outer loop
      vertex   -3.474805e+00 -3.216027e+00 3.900000e+00
      vertex   -3.379005e+00 -3.055734e+00 3.947683e+00
      vertex   -3.091671e+00 -2.829542e+00 3.900000e+00
    endloop
  endfacet
  facet normal -5.143027e-01 5.075989e-01 -6.912569e-01
    outer loop
      vertex   -3.091671e+00 -2.829542e+00 3.900000e+00
      vertex   -3.379005e+00 -3.055734e+00 3.947683e+00
      vertex   -3.379005e+00 -2.851865e+00 4.097387e+00
    endloop
  endfacet
  facet normal -5.177641e-01 4.950980e-01 -6.977093e-01
    outer loop
      vertex   -3.091671e+00 -2.829542e+00 3.900000e+00
      vertex   -3.379005e+00 -2.851865e+00 4.097387e+00
      vertex   -2.939199e+00 -2.504243e+00 4.017686e+00
    endloop
  endfacet
  facet normal -3.280356e-01 -8.073481e-01 -4.904913e-01
    outer loop
      vertex   -2.009899e+00 3.715405e+00 2.227231e+00
      vertex   -1.796563e+00 3.522184e+00 2.402595e+00
      vertex   -2.003965e+00 3.674614e+00 2.290404e+00
    endloop
  endfacet
  facet normal -3.013043e-01 -7.961690e-01 -5.247195e-01
    outer loop
      vertex   -2.003965e+00 3.674614e+00 2.290404e+00
      vertex   -1.796563e+00 3.522184e+00 2.402595e+00
      vertex   -2.003965e+00 3.553890e+00 2.473581e+00
    endloop
  endfacet
  facet normal -3.024904e-01 -7.922569e-01 -5.299325e-01
    outer loop
      vertex   -1.796563e+00 3.522184e+00 2.402595e+00
      vertex   -1.572934e+00 3.335144e+00 2.554572e+00
      vertex   -2.003965e+00 3.553890e+00 2.473581e+00
    endloop
  endfacet
  facet normal -2.854479e-01 -7.724928e-01 -5.672515e-01
    outer loop
      vertex   -2.003965e+00 3.553890e+00 2.473581e+00
      vertex   -1.572934e+00 3.335144e+00 2.554572e+00
      vertex   -2.003965e+00 3.424044e+00 2.650407e+00
    endloop
  endfacet
  facet normal -2.261020e-01 -7.532747e-01 -6.176206e-01
    outer loop
      vertex   -1.341475e+00 3.160072e+00 2.683364e+00
      vertex   -1.514761e+00 3.176418e+00 2.726865e+00
      vertex   -1.572934e+00 3.335144e+00 2.554572e+00
    endloop
  endfacet
  facet normal -2.815465e-01 -7.512133e-01 -5.970010e-01
    outer loop
      vertex   -1.572934e+00 3.335144e+00 2.554572e+00
      vertex   -1.514761e+00 3.176418e+00 2.726865e+00
      vertex   -2.003965e+00 3.285408e+00 2.820431e+00
    endloop
  endfacet
  facet normal -2.876566e-01 -7.422585e-01 -6.052321e-01
    outer loop
      vertex   -1.572934e+00 3.335144e+00 2.554572e+00
      vertex   -2.003965e+00 3.285408e+00 2.820431e+00
      vertex   -2.003965e+00 3.424044e+00 2.650407e+00
    endloop
  endfacet
  facet normal -2.258417e-01 -7.546118e-01 -6.160816e-01
    outer loop
      vertex   -1.341475e+00 3.160072e+00 2.683364e+00
      vertex   -1.098493e+00 2.998994e+00 2.791590e+00
      vertex   -1.514761e+00 3.176418e+00 2.726865e+00
    endloop
  endfacet
  facet normal -2.074175e-01 -7.258767e-01 -6.558057e-01
    outer loop
      vertex   -1.514761e+00 3.176418e+00 2.726865e+00
      vertex   -1.098493e+00 2.998994e+00 2.791590e+00
      vertex   -1.514761e+00 3.034227e+00 2.884248e+00
    endloop
  endfacet
  facet normal -2.816493e-01 -7.119750e-01 -6.432459e-01
    outer loop
      vertex   -1.514761e+00 3.176418e+00 2.726865e+00
      vertex   -1.514761e+00 3.034227e+00 2.884248e+00
      vertex   -2.003965e+00 3.138339e+00 2.983214e+00
    endloop
  endfacet
  facet normal -2.816493e-01 -6.784813e-01 -6.784813e-01
    outer loop
      vertex   -2.003965e+00 3.138339e+00 2.983214e+00
      vertex   -1.514761e+00 3.034227e+00 2.884248e+00
      vertex   -2.003965e+00 2.983214e+00 3.138339e+00
    endloop
  endfacet
  facet normal -1.432258e-01 -6.975461e-01 -7.020796e-01
    outer loop
      vertex   -8.363722e-01 2.855176e+00 2.881005e+00
      vertex   -1.015476e+00 2.813084e+00 2.959363e+00
      vertex   -1.098493e+00 2.998994e+00 2.791590e+00
    endloop
  endfacet
  facet normal -2.024106e-01 -7.043732e-01 -6.803590e-01
    outer loop
      vertex   -1.098493e+00 2.998994e+00 2.791590e+00
      vertex   -1.015476e+00 2.813084e+00 2.959363e+00
      vertex   -1.514761e+00 2.884248e+00 3.034227e+00
    endloop
  endfacet
  facet normal -2.122960e-01 -6.909886e-01 -6.909886e-01
    outer loop
      vertex   -1.098493e+00 2.998994e+00 2.791590e+00
      vertex   -1.514761e+00 2.884248e+00 3.034227e+00
      vertex   -1.514761e+00 3.034227e+00 2.884248e+00
    endloop
  endfacet
  facet normal -2.816493e-01 -6.784813e-01 -6.784813e-01
    outer loop
      vertex   -1.514761e+00 3.034227e+00 2.884248e+00
      vertex   -1.514761e+00 2.884248e+00 3.034227e+00
      vertex   -2.003965e+00 2.983214e+00 3.138339e+00
    endloop
  endfacet
  facet normal -1.354683e-01 -7.100068e-01 -6.910418e-01
    outer loop
      vertex   -8.363722e-01 2.855176e+00 2.881005e+00
      vertex   -6.988404e-01 2.793456e+00 2.917458e+00
      vertex   -1.015476e+00 2.813084e+00 2.959363e+00
    endloop
  endfacet
  facet normal -1.384127e-01 -6.639321e-01 -7.348714e-01
    outer loop
      vertex   -1.015476e+00 2.813084e+00 2.959363e+00
      vertex   -6.988404e-01 2.793456e+00 2.917458e+00
      vertex   -1.015476e+00 2.659584e+00 3.098045e+00
    endloop
  endfacet
  facet normal -2.025252e-01 -6.564925e-01 -7.266369e-01
    outer loop
      vertex   -1.015476e+00 2.813084e+00 2.959363e+00
      vertex   -1.015476e+00 2.659584e+00 3.098045e+00
      vertex   -1.514761e+00 2.726865e+00 3.176418e+00
    endloop
  endfacet
  facet normal -2.025252e-01 -6.188463e-01 -7.589550e-01
    outer loop
      vertex   -1.514761e+00 2.726865e+00 3.176418e+00
      vertex   -1.015476e+00 2.659584e+00 3.098045e+00
      vertex   -1.514761e+00 2.562482e+00 3.310454e+00
    endloop
  endfacet
  facet normal -2.816493e-01 -6.063594e-01 -7.436410e-01
    outer loop
      vertex   -1.514761e+00 2.726865e+00 3.176418e+00
      vertex   -1.514761e+00 2.562482e+00 3.310454e+00
      vertex   -2.003965e+00 2.650407e+00 3.424044e+00
    endloop
  endfacet
  facet normal -2.816493e-01 -5.679163e-01 -7.733982e-01
    outer loop
      vertex   -2.003965e+00 2.650407e+00 3.424044e+00
      vertex   -1.514761e+00 2.562482e+00 3.310454e+00
      vertex   -2.003965e+00 2.473581e+00 3.553890e+00
    endloop
  endfacet
  facet normal -1.091150e-01 -6.974088e-01 -7.083184e-01
    outer loop
      vertex   -6.988404e-01 2.793456e+00 2.917458e+00
      vertex   -5.574469e-01 2.740559e+00 2.947759e+00
      vertex   -1.015476e+00 2.659584e+00 3.098045e+00
    endloop
  endfacet
  facet normal -1.220365e-01 -6.695390e-01 -7.326831e-01
    outer loop
      vertex   -1.015476e+00 2.659584e+00 3.098045e+00
      vertex   -5.574469e-01 2.740559e+00 2.947759e+00
      vertex   -5.094330e-01 2.619036e+00 3.050812e+00
    endloop
  endfacet
  facet normal -1.220557e-01 -6.272172e-01 -7.692211e-01
    outer loop
      vertex   -1.015476e+00 2.659584e+00 3.098045e+00
      vertex   -5.094330e-01 2.619036e+00 3.050812e+00
      vertex   -1.015476e+00 2.499258e+00 3.228775e+00
    endloop
  endfacet
  facet normal -1.220557e-01 -6.272172e-01 -7.692211e-01
    outer loop
      vertex   -1.015476e+00 2.499258e+00 3.228775e+00
      vertex   -5.094330e-01 2.619036e+00 3.050812e+00
      vertex   -5.094330e-01 2.461154e+00 3.179548e+00
    endloop
  endfacet
  facet normal -1.220557e-01 -5.874517e-01 -8.000018e-01
    outer loop
      vertex   -1.015476e+00 2.499258e+00 3.228775e+00
      vertex   -5.094330e-01 2.461154e+00 3.179548e+00
      vertex   -1.015476e+00 2.332515e+00 3.351216e+00
    endloop
  endfacet
  facet normal -1.220557e-01 -5.874517e-01 -8.000018e-01
    outer loop
      vertex   -1.015476e+00 2.332515e+00 3.351216e+00
      vertex   -5.094330e-01 2.461154e+00 3.179548e+00
      vertex   -5.094330e-01 2.296953e+00 3.300123e+00
    endloop
  endfacet
  facet normal -1.220557e-01 -5.461783e-01 -8.287289e-01
    outer loop
      vertex   -1.015476e+00 2.332515e+00 3.351216e+00
      vertex   -5.094330e-01 2.296953e+00 3.300123e+00
      vertex   -1.015476e+00 2.159785e+00 3.465054e+00
    endloop
  endfacet
  facet normal -1.220557e-01 -5.461783e-01 -8.287289e-01
    outer loop
      vertex   -1.015476e+00 2.159785e+00 3.465054e+00
      vertex   -5.094330e-01 2.296953e+00 3.300123e+00
      vertex   -5.094330e-01 2.126857e+00 3.412226e+00
    endloop
  endfacet
  facet normal -1.220557e-01 -5.035029e-01 -8.553287e-01
    outer loop
      vertex   -1.015476e+00 2.159785e+00 3.465054e+00
      vertex   -5.094330e-01 2.126857e+00 3.412226e+00
      vertex   -1.015476e+00 1.981511e+00 3.569998e+00
    endloop
  endfacet
  facet normal -1.220557e-01 -5.035029e-01 -8.553287e-01
    outer loop
      vertex   -1.015476e+00 1.981511e+00 3.569998e+00
      vertex   -5.094330e-01 2.126857e+00 3.412226e+00
      vertex   -5.094330e-01 1.951300e+00 3.515570e+00
    endloop
  endfacet
  facet normal -1.220557e-01 -4.595349e-01 -8.797329e-01
    outer loop
      vertex   -1.015476e+00 1.981511e+00 3.569998e+00
      vertex   -5.094330e-01 1.951300e+00 3.515570e+00
      vertex   -1.015476e+00 1.798150e+00 3.665778e+00
    endloop
  endfacet
  facet normal -1.220557e-01 -4.595349e-01 -8.797329e-01
    outer loop
      vertex   -1.015476e+00 1.798150e+00 3.665778e+00
      vertex   -5.094330e-01 1.951300e+00 3.515570e+00
      vertex   -5.094330e-01 1.770735e+00 3.609889e+00
    endloop
  endfacet
  facet normal -1.220557e-01 -4.143874e-01 -9.018789e-01
    outer loop
      vertex   -1.015476e+00 1.798150e+00 3.665778e+00
      vertex   -5.094330e-01 1.770735e+00 3.609889e+00
      vertex   -1.015476e+00 1.610174e+00 3.752148e+00
    endloop
  endfacet
  facet normal -1.220557e-01 -4.143874e-01 -9.018789e-01
    outer loop
      vertex   -1.015476e+00 1.610174e+00 3.752148e+00
      vertex   -5.094330e-01 1.770735e+00 3.609889e+00
      vertex   -5.094330e-01 1.585625e+00 3.694942e+00
    endloop
  endfacet
  facet normal -1.220557e-01 -3.681761e-01 -9.217097e-01
    outer loop
      vertex   -1.015476e+00 1.610174e+00 3.752148e+00
      vertex   -5.094330e-01 1.585625e+00 3.694942e+00
      vertex   -1.015476e+00 1.418064e+00 3.828886e+00
    endloop
  endfacet
  facet normal -1.220557e-01 -3.681761e-01 -9.217097e-01
    outer loop
      vertex   -1.015476e+00 1.418064e+00 3.828886e+00
      vertex   -5.094330e-01 1.585625e+00 3.694942e+00
      vertex   -5.094330e-01 1.396444e+00 3.770510e+00
    endloop
  endfacet
  facet normal -1.220557e-01 -3.210197e-01 -9.391745e-01
    outer loop
      vertex   -1.015476e+00 1.418064e+00 3.828886e+00
      vertex   -5.094330e-01 1.396444e+00 3.770510e+00
      vertex   -1.015476e+00 1.222314e+00 3.895795e+00
    endloop
  endfacet
  facet normal -1.220557e-01 -3.210197e-01 -9.391745e-01
    outer loop
      vertex   -1.015476e+00 1.222314e+00 3.895795e+00
      vertex   -5.094330e-01 1.396444e+00 3.770510e+00
      vertex   -5.094330e-01 1.203678e+00 3.836400e+00
    endloop
  endfacet
  facet normal -1.220557e-01 -2.730393e-01 -9.542285e-01
    outer loop
      vertex   -1.015476e+00 1.222314e+00 3.895795e+00
      vertex   -5.094330e-01 1.203678e+00 3.836400e+00
      vertex   -1.015476e+00 1.023426e+00 3.952704e+00
    endloop
  endfacet
  facet normal -1.220557e-01 -2.730393e-01 -9.542285e-01
    outer loop
      vertex   -1.015476e+00 1.023426e+00 3.952704e+00
      vertex   -5.094330e-01 1.203678e+00 3.836400e+00
      vertex   -5.094330e-01 1.007823e+00 3.892441e+00
    endloop
  endfacet
  facet normal -1.220557e-01 -2.243580e-01 -9.668329e-01
    outer loop
      vertex   -1.015476e+00 1.023426e+00 3.952704e+00
      vertex   -5.094330e-01 1.007823e+00 3.892441e+00
      vertex   -1.015476e+00 8.219113e-01 3.999467e+00
    endloop
  endfacet
  facet normal -1.220557e-01 -2.243580e-01 -9.668329e-01
    outer loop
      vertex   -1.015476e+00 8.219113e-01 3.999467e+00
      vertex   -5.094330e-01 1.007823e+00 3.892441e+00
      vertex   -5.094330e-01 8.093804e-01 3.938490e+00
    endloop
  endfacet
  facet normal -1.220557e-01 -1.751007e-01 -9.769555e-01
    outer loop
      vertex   -1.015476e+00 8.219113e-01 3.999467e+00
      vertex   -5.094330e-01 8.093804e-01 3.938490e+00
      vertex   -1.015476e+00 6.182867e-01 4.035963e+00
    endloop
  endfacet
  facet normal -1.220557e-01 -1.751007e-01 -9.769555e-01
    outer loop
      vertex   -1.015476e+00 6.182867e-01 4.035963e+00
      vertex   -5.094330e-01 8.093804e-01 3.938490e+00
      vertex   -5.094330e-01 6.088603e-01 3.974430e+00
    endloop
  endfacet
  facet normal -1.220557e-01 -1.253940e-01 -9.845703e-01
    outer loop
      vertex   -1.015476e+00 6.182867e-01 4.035963e+00
      vertex   -5.094330e-01 6.088603e-01 3.974430e+00
      vertex   -1.015476e+00 4.130750e-01 4.062098e+00
    endloop
  endfacet
  facet normal -1.220557e-01 -1.253940e-01 -9.845703e-01
    outer loop
      vertex   -1.015476e+00 4.130750e-01 4.062098e+00
      vertex   -5.094330e-01 6.088603e-01 3.974430e+00
      vertex   -5.094330e-01 4.067772e-01 4.000167e+00
    endloop
  endfacet
  facet normal -1.220557e-01 -7.536538e-02 -9.896577e-01
    outer loop
      vertex   -1.015476e+00 4.130750e-01 4.062098e+00
      vertex   -5.094330e-01 4.067772e-01 4.000167e+00
      vertex   -1.015476e+00 2.068029e-01 4.077806e+00
    endloop
  endfacet
  facet normal -1.220557e-01 -7.536538e-02 -9.896577e-01
    outer loop
      vertex   -1.015476e+00 2.068029e-01 4.077806e+00
      vertex   -5.094330e-01 4.067772e-01 4.000167e+00
      vertex   -5.094330e-01 2.036500e-01 4.015636e+00
    endloop
  endfacet
  facet normal -1.220557e-01 -2.514331e-02 -9.922047e-01
    outer loop
      vertex   -1.015476e+00 2.068029e-01 4.077806e+00
      vertex   -5.094330e-01 2.036500e-01 4.015636e+00
      vertex   -1.015476e+00 0.000000e+00 4.083047e+00
    endloop
  endfacet
  facet normal -1.220557e-01 -2.514331e-02 -9.922047e-01
    outer loop
      vertex   -1.015476e+00 0.000000e+00 4.083047e+00
      vertex   -5.094330e-01 2.036500e-01 4.015636e+00
      vertex   -5.094330e-01 0.000000e+00 4.020796e+00
    endloop
  endfacet
  facet normal -1.220557e-01 2.514331e-02 -9.922047e-01
    outer loop
      vertex   -1.015476e+00 0.000000e+00 4.083047e+00
      vertex   -5.094330e-01 0.000000e+00 4.020796e+00
      vertex   -1.015476e+00 -2.068029e-01 4.077806e+00
    endloop
  endfacet
  facet normal -1.220557e-01 2.514331e-02 -9.922047e-01
    outer loop
      vertex   -1.015476e+00 -2.068029e-01 4.077806e+00
      vertex   -5.094330e-01 0.000000e+00 4.020796e+00
      vertex   -5.094330e-01 -2.036500e-01 4.015636e+00
    endloop
  endfacet
  facet normal -1.220557e-01 7.536538e-02 -9.896577e-01
    outer loop
      vertex   -1.015476e+00 -2.068029e-01 4.077806e+00
      vertex   -5.094330e-01 -2.036500e-01 4.015636e+00
      vertex   -1.015476e+00 -4.130750e-01 4.062098e+00
    endloop
  endfacet
  facet normal -1.220557e-01 7.536538e-02 -9.896577e-01
    outer loop
      vertex   -1.015476e+00 -4.130750e-01 4.062098e+00
      vertex   -5.094330e-01 -2.036500e-01 4.015636e+00
      vertex   -5.094330e-01 -4.067772e-01 4.000167e+00
    endloop
  endfacet
  facet normal -1.220557e-01 1.253940e-01 -9.845703e-01
    outer loop
      vertex   -1.015476e+00 -4.130750e-01 4.062098e+00
      vertex   -5.094330e-01 -4.067772e-01 4.000167e+00
      vertex   -1.015476e+00 -6.182867e-01 4.035963e+00
    endloop
  endfacet
  facet normal -1.220557e-01 1.253940e-01 -9.845703e-01
    outer loop
      vertex   -1.015476e+00 -6.182867e-01 4.035963e+00
      vertex   -5.094330e-01 -4.067772e-01 4.000167e+00
      vertex   -5.094330e-01 -6.088603e-01 3.974430e+00
    endloop
  endfacet
  facet normal -1.220557e-01 1.751007e-01 -9.769555e-01
    outer loop
      vertex   -1.015476e+00 -6.182867e-01 4.035963e+00
      vertex   -5.094330e-01 -6.088603e-01 3.974430e+00
      vertex   -1.015476e+00 -8.219113e-01 3.999467e+00
    endloop
  endfacet
  facet normal -1.220557e-01 1.751007e-01 -9.769555e-01
    outer loop
      vertex   -1.015476e+00 -8.219113e-01 3.999467e+00
      vertex   -5.094330e-01 -6.088603e-01 3.974430e+00
      vertex   -5.094330e-01 -8.093804e-01 3.938490e+00
    endloop
  endfacet
  facet normal -1.220557e-01 2.243580e-01 -9.668329e-01
    outer loop
      vertex   -1.015476e+00 -8.219113e-01 3.999467e+00
      vertex   -5.094330e-01 -8.093804e-01 3.938490e+00
      vertex   -1.015476e+00 -1.023426e+00 3.952704e+00
    endloop
  endfacet
  facet normal -1.206945e-01 2.210783e-01 -9.677589e-01
    outer loop
      vertex   -1.015476e+00 -1.023426e+00 3.952704e+00
      vertex   -5.094330e-01 -8.093804e-01 3.938490e+00
      vertex   -5.203232e-01 -9.838156e-01 3.900000e+00
    endloop
  endfacet
  facet normal -1.254248e-01 3.170327e-01 -9.400845e-01
    outer loop
      vertex   -1.015476e+00 -1.023426e+00 3.952704e+00
      vertex   -5.203232e-01 -9.838156e-01 3.900000e+00
      vertex   -7.618523e-01 -1.079370e+00 3.900000e+00
    endloop
  endfacet
  facet normal -7.150202e-02 -6.613938e-01 -7.466228e-01
    outer loop
      vertex   -5.574469e-01 2.740559e+00 2.947759e+00
      vertex   -4.127442e-01 2.698117e+00 2.971499e+00
      vertex   -5.094330e-01 2.619036e+00 3.050812e+00
    endloop
  endfacet
  facet normal -5.554297e-02 -6.723789e-01 -7.381203e-01
    outer loop
      vertex   -5.094330e-01 2.619036e+00 3.050812e+00
      vertex   -4.127442e-01 2.698117e+00 2.971499e+00
      vertex   -2.647888e-01 2.667432e+00 2.988318e+00
    endloop
  endfacet
  facet normal -3.881812e-02 -7.107556e-01 -7.023671e-01
    outer loop
      vertex   -5.094330e-01 2.619036e+00 3.050812e+00
      vertex   -2.647888e-01 2.667432e+00 2.988318e+00
      vertex   -1.135422e-01 2.649748e+00 2.997853e+00
    endloop
  endfacet
  facet normal -4.069061e-02 -7.018253e-01 -7.111860e-01
    outer loop
      vertex   -5.094330e-01 2.619036e+00 3.050812e+00
      vertex   -1.135422e-01 2.649748e+00 2.997853e+00
      vertex   -2.957711e-17 2.605490e+00 3.035032e+00
    endloop
  endfacet
  facet normal -5.420886e-03 -6.513238e-01 -7.587805e-01
    outer loop
      vertex   -2.957711e-17 2.605490e+00 3.035032e+00
      vertex   -1.135422e-01 2.649748e+00 2.997853e+00
      vertex   3.956209e-02 2.646253e+00 2.999759e+00
    endloop
  endfacet
  facet normal 1.891279e-02 -6.646632e-01 -7.469037e-01
    outer loop
      vertex   -2.957711e-17 2.605490e+00 3.035032e+00
      vertex   3.956209e-02 2.646253e+00 2.999759e+00
      vertex   1.903142e-01 2.657000e+00 2.994014e+00
    endloop
  endfacet
  facet normal 4.065513e-02 -7.100304e-01 -7.029964e-01
    outer loop
      vertex   -2.957711e-17 2.605490e+00 3.035032e+00
      vertex   1.903142e-01 2.657000e+00 2.994014e+00
      vertex   5.094330e-01 2.619036e+00 3.050812e+00
    endloop
  endfacet
  facet normal 4.738544e-02 -6.868104e-01 -7.252904e-01
    outer loop
      vertex   5.094330e-01 2.619036e+00 3.050812e+00
      vertex   1.903142e-01 2.657000e+00 2.994014e+00
      vertex   3.386116e-01 2.681108e+00 2.980873e+00
    endloop
  endfacet
  facet normal 6.316598e-02 -6.648265e-01 -7.443223e-01
    outer loop
      vertex   5.094330e-01 2.619036e+00 3.050812e+00
      vertex   3.386116e-01 2.681108e+00 2.980873e+00
      vertex   4.846332e-01 2.717679e+00 2.960600e+00
    endloop
  endfacet
  facet normal 8.014392e-02 -6.616506e-01 -7.455169e-01
    outer loop
      vertex   4.846332e-01 2.717679e+00 2.960600e+00
      vertex   6.280610e-01 2.765584e+00 2.933502e+00
      vertex   5.094330e-01 2.619036e+00 3.050812e+00
    endloop
  endfacet
  facet normal 1.219811e-01 -6.785656e-01 -7.243406e-01
    outer loop
      vertex   5.094330e-01 2.619036e+00 3.050812e+00
      vertex   6.280610e-01 2.765584e+00 2.933502e+00
      vertex   1.015476e+00 2.659584e+00 3.098045e+00
    endloop
  endfacet
  facet normal 1.220557e-01 -6.272172e-01 -7.692211e-01
    outer loop
      vertex   5.094330e-01 2.619036e+00 3.050812e+00
      vertex   1.015476e+00 2.659584e+00 3.098045e+00
      vertex   5.094330e-01 2.461154e+00 3.179548e+00
    endloop
  endfacet
  facet normal 1.220557e-01 -6.272172e-01 -7.692211e-01
    outer loop
      vertex   5.094330e-01 2.461154e+00 3.179548e+00
      vertex   1.015476e+00 2.659584e+00 3.098045e+00
      vertex   1.015476e+00 2.499258e+00 3.228775e+00
    endloop
  endfacet
  facet normal 1.220557e-01 -5.874517e-01 -8.000018e-01
    outer loop
      vertex   5.094330e-01 2.461154e+00 3.179548e+00
      vertex   1.015476e+00 2.499258e+00 3.228775e+00
      vertex   5.094330e-01 2.296953e+00 3.300123e+00
    endloop
  endfacet
  facet normal 1.220557e-01 -5.874517e-01 -8.000018e-01
    outer loop
      vertex   5.094330e-01 2.296953e+00 3.300123e+00
      vertex   1.015476e+00 2.499258e+00 3.228775e+00
      vertex   1.015476e+00 2.332515e+00 3.351216e+00
    endloop
  endfacet
  facet normal 1.220557e-01 -5.461783e-01 -8.287289e-01
    outer loop
      vertex   5.094330e-01 2.296953e+00 3.300123e+00
      vertex   1.015476e+00 2.332515e+00 3.351216e+00
      vertex   5.094330e-01 2.126857e+00 3.412226e+00
    endloop
  endfacet
  facet normal 1.220557e-01 -5.461783e-01 -8.287289e-01
    outer loop
      vertex   5.094330e-01 2.126857e+00 3.412226e+00
      vertex   1.015476e+00 2.332515e+00 3.351216e+00
      vertex   1.015476e+00 2.159785e+00 3.465054e+00
    endloop
  endfacet
  facet normal 1.220557e-01 -5.035029e-01 -8.553287e-01
    outer loop
      vertex   5.094330e-01 2.126857e+00 3.412226e+00
      vertex   1.015476e+00 2.159785e+00 3.465054e+00
      vertex   5.094330e-01 1.951300e+00 3.515570e+00
    endloop
  endfacet
  facet normal 1.220557e-01 -5.035029e-01 -8.553287e-01
    outer loop
      vertex   5.094330e-01 1.951300e+00 3.515570e+00
      vertex   1.015476e+00 2.159785e+00 3.465054e+00
      vertex   1.015476e+00 1.981511e+00 3.569998e+00
    endloop
  endfacet
  facet normal 1.220557e-01 -4.595349e-01 -8.797329e-01
    outer loop
      vertex   5.094330e-01 1.951300e+00 3.515570e+00
      vertex   1.015476e+00 1.981511e+00 3.569998e+00
      vertex   5.094330e-01 1.770735e+00 3.609889e+00
    endloop
  endfacet
  facet normal 1.220557e-01 -4.595349e-01 -8.797329e-01
    outer loop
      vertex   5.094330e-01 1.770735e+00 3.609889e+00
      vertex   1.015476e+00 1.981511e+00 3.569998e+00
      vertex   1.015476e+00 1.798150e+00 3.665778e+00
    endloop
  endfacet
  facet normal 1.220557e-01 -4.143874e-01 -9.018789e-01
    outer loop
      vertex   5.094330e-01 1.770735e+00 3.609889e+00
      vertex   1.015476e+00 1.798150e+00 3.665778e+00
      vertex   5.094330e-01 1.585625e+00 3.694942e+00
    endloop
  endfacet
  facet normal 1.220557e-01 -4.143874e-01 -9.018789e-01
    outer loop
      vertex   5.094330e-01 1.585625e+00 3.694942e+00
      vertex   1.015476e+00 1.798150e+00 3.665778e+00
      vertex   1.015476e+00 1.610174e+00 3.752148e+00
    endloop
  endfacet
  facet normal 1.220557e-01 -3.681761e-01 -9.217097e-01
    outer loop
      vertex   5.094330e-01 1.585625e+00 3.694942e+00
      vertex   1.015476e+00 1.610174e+00 3.752148e+00
      vertex   5.094330e-01 1.396444e+00 3.770510e+00
    endloop
  endfacet
  facet normal 1.220557e-01 -3.681761e-01 -9.217097e-01
    outer loop
      vertex   5.094330e-01 1.396444e+00 3.770510e+00
      vertex   1.015476e+00 1.610174e+00 3.752148e+00
      vertex   1.015476e+00 1.418064e+00 3.828886e+00
    endloop
  endfacet
  facet normal 1.220557e-01 -3.210197e-01 -9.391745e-01
    outer loop
      vertex   5.094330e-01 1.396444e+00 3.770510e+00
      vertex   1.015476e+00 1.418064e+00 3.828886e+00
      vertex   5.094330e-01 1.203678e+00 3.836400e+00
    endloop
  endfacet
  facet normal 1.220557e-01 -3.210197e-01 -9.391745e-01
    outer loop
      vertex   5.094330e-01 1.203678e+00 3.836400e+00
      vertex   1.015476e+00 1.418064e+00 3.828886e+00
      vertex   1.015476e+00 1.222314e+00 3.895795e+00
    endloop
  endfacet
  facet normal 1.220557e-01 -2.730393e-01 -9.542285e-01
    outer loop
      vertex   5.094330e-01 1.203678e+00 3.836400e+00
      vertex   1.015476e+00 1.222314e+00 3.895795e+00
      vertex   5.094330e-01 1.007823e+00 3.892441e+00
    endloop
  endfacet
  facet normal 1.220557e-01 -2.730393e-01 -9.542285e-01
    outer loop
      vertex   5.094330e-01 1.007823e+00 3.892441e+00
      vertex   1.015476e+00 1.222314e+00 3.895795e+00
      vertex   1.015476e+00 1.023426e+00 3.952704e+00
    endloop
  endfacet
  facet normal 1.220557e-01 -2.243580e-01 -9.668329e-01
    outer loop
      vertex   5.094330e-01 1.007823e+00 3.892441e+00
      vertex   1.015476e+00 1.023426e+00 3.952704e+00
      vertex   5.094330e-01 8.093804e-01 3.938490e+00
    endloop
  endfacet
  facet normal 1.220557e-01 -2.243580e-01 -9.668329e-01
    outer loop
      vertex   5.094330e-01 8.093804e-01 3.938490e+00
      vertex   1.015476e+00 1.023426e+00 3.952704e+00
      vertex   1.015476e+00 8.219113e-01 3.999467e+00
    endloop
  endfacet
  facet normal 1.220557e-01 -1.751007e-01 -9.769555e-01
    outer loop
      vertex   5.094330e-01 8.093804e-01 3.938490e+00
      vertex   1.015476e+00 8.219113e-01 3.999467e+00
      vertex   5.094330e-01 6.088603e-01 3.974430e+00
    endloop
  endfacet
  facet normal 1.220557e-01 -1.751007e-01 -9.769555e-01
    outer loop
      vertex   5.094330e-01 6.088603e-01 3.974430e+00
      vertex   1.015476e+00 8.219113e-01 3.999467e+00
      vertex   1.015476e+00 6.182867e-01 4.035963e+00
    endloop
  endfacet
  facet normal 1.220557e-01 -1.253940e-01 -9.845703e-01
    outer loop
      vertex   5.094330e-01 6.088603e-01 3.974430e+00
      vertex   1.015476e+00 6.182867e-01 4.035963e+00
      vertex   5.094330e-01 4.067772e-01 4.000167e+00
    endloop
  endfacet
  facet normal 1.220557e-01 -1.253940e-01 -9.845703e-01
    outer loop
      vertex   5.094330e-01 4.067772e-01 4.000167e+00
      vertex   1.015476e+00 6.182867e-01 4.035963e+00
      vertex   1.015476e+00 4.130750e-01 4.062098e+00
    endloop
  endfacet
  facet normal 1.220557e-01 -7.536538e-02 -9.896577e-01
    outer loop
      vertex   5.094330e-01 4.067772e-01 4.000167e+00
      vertex   1.015476e+00 4.130750e-01 4.062098e+00
      vertex   5.094330e-01 2.036500e-01 4.015636e+00
    endloop
  endfacet
  facet normal 1.220557e-01 -7.536538e-02 -9.896577e-01
    outer loop
      vertex   5.094330e-01 2.036500e-01 4.015636e+00
      vertex   1.015476e+00 4.130750e-01 4.062098e+00
      vertex   1.015476e+00 2.068029e-01 4.077806e+00
    endloop
  endfacet
  facet normal 1.220557e-01 -2.514331e-02 -9.922047e-01
    outer loop
      vertex   5.094330e-01 2.036500e-01 4.015636e+00
      vertex   1.015476e+00 2.068029e-01 4.077806e+00
      vertex   5.094330e-01 0.000000e+00 4.020796e+00
    endloop
  endfacet
  facet normal 1.220557e-01 -2.514331e-02 -9.922047e-01
    outer loop
      vertex   5.094330e-01 0.000000e+00 4.020796e+00
      vertex   1.015476e+00 2.068029e-01 4.077806e+00
      vertex   1.015476e+00 0.000000e+00 4.083047e+00
    endloop
  endfacet
  facet normal 1.220557e-01 2.514331e-02 -9.922047e-01
    outer loop
      vertex   5.094330e-01 0.000000e+00 4.020796e+00
      vertex   1.015476e+00 0.000000e+00 4.083047e+00
      vertex   5.094330e-01 -2.036500e-01 4.015636e+00
    endloop
  endfacet
  facet normal 1.220557e-01 2.514331e-02 -9.922047e-01
    outer loop
      vertex   5.094330e-01 -2.036500e-01 4.015636e+00
      vertex   1.015476e+00 0.000000e+00 4.083047e+00
      vertex   1.015476e+00 -2.068029e-01 4.077806e+00
    endloop
  endfacet
  facet normal 1.220557e-01 7.536538e-02 -9.896577e-01
    outer loop
      vertex   5.094330e-01 -2.036500e-01 4.015636e+00
      vertex   1.015476e+00 -2.068029e-01 4.077806e+00
      vertex   5.094330e-01 -4.067772e-01 4.000167e+00
    endloop
  endfacet
  facet normal 1.220557e-01 7.536538e-02 -9.896577e-01
    outer loop
      vertex   5.094330e-01 -4.067772e-01 4.000167e+00
      vertex   1.015476e+00 -2.068029e-01 4.077806e+00
      vertex   1.015476e+00 -4.130750e-01 4.062098e+00
    endloop
  endfacet
  facet normal 1.220557e-01 1.253940e-01 -9.845703e-01
    outer loop
      vertex   5.094330e-01 -4.067772e-01 4.000167e+00
      vertex   1.015476e+00 -4.130750e-01 4.062098e+00
      vertex   5.094330e-01 -6.088603e-01 3.974430e+00
    endloop
  endfacet
  facet normal 1.220557e-01 1.253940e-01 -9.845703e-01
    outer loop
      vertex   5.094330e-01 -6.088603e-01 3.974430e+00
      vertex   1.015476e+00 -4.130750e-01 4.062098e+00
      vertex   1.015476e+00 -6.182867e-01 4.035963e+00
    endloop
  endfacet
  facet normal 1.220557e-01 1.751007e-01 -9.769555e-01
    outer loop
      vertex   5.094330e-01 -6.088603e-01 3.974430e+00
      vertex   1.015476e+00 -6.182867e-01 4.035963e+00
      vertex   5.094330e-01 -8.093804e-01 3.938490e+00
    endloop
  endfacet
  facet normal 1.220557e-01 1.751007e-01 -9.769555e-01
    outer loop
      vertex   5.094330e-01 -8.093804e-01 3.938490e+00
      vertex   1.015476e+00 -6.182867e-01 4.035963e+00
      vertex   1.015476e+00 -8.219113e-01 3.999467e+00
    endloop
  endfacet
  facet normal 1.220652e-01 2.211236e-01 -9.675766e-01
    outer loop
      vertex   5.094330e-01 -8.093804e-01 3.938490e+00
      vertex   1.015476e+00 -8.219113e-01 3.999467e+00
      vertex   5.203232e-01 -9.838156e-01 3.900000e+00
    endloop
  endfacet
  facet normal 1.208759e-01 2.243906e-01 -9.669736e-01
    outer loop
      vertex   5.203232e-01 -9.838156e-01 3.900000e+00
      vertex   1.015476e+00 -8.219113e-01 3.999467e+00
      vertex   1.015476e+00 -1.023426e+00 3.952704e+00
    endloop
  endfacet
  facet normal 1.254248e-01 3.170327e-01 -9.400845e-01
    outer loop
      vertex   5.203232e-01 -9.838156e-01 3.900000e+00
      vertex   1.015476e+00 -1.023426e+00 3.952704e+00
      vertex   7.618523e-01 -1.079370e+00 3.900000e+00
    endloop
  endfacet
  facet normal 1.379348e-01 2.719076e-01 -9.523866e-01
    outer loop
      vertex   7.618523e-01 -1.079370e+00 3.900000e+00
      vertex   1.015476e+00 -1.023426e+00 3.952704e+00
      vertex   9.934855e-01 -1.196874e+00 3.900000e+00
    endloop
  endfacet
  facet normal 2.025609e-01 2.611100e-01 -9.438171e-01
    outer loop
      vertex   9.934855e-01 -1.196874e+00 3.900000e+00
      vertex   1.015476e+00 -1.023426e+00 3.952704e+00
      vertex   1.514761e+00 -1.049316e+00 4.052698e+00
    endloop
  endfacet
  facet normal 1.996550e-01 2.695574e-01 -9.420598e-01
    outer loop
      vertex   9.934855e-01 -1.196874e+00 3.900000e+00
      vertex   1.514761e+00 -1.049316e+00 4.052698e+00
      vertex   1.514761e+00 -1.253235e+00 3.994349e+00
    endloop
  endfacet
  facet normal 2.816493e-01 2.639595e-01 -9.224961e-01
    outer loop
      vertex   1.514761e+00 -1.253235e+00 3.994349e+00
      vertex   1.514761e+00 -1.049316e+00 4.052698e+00
      vertex   2.003965e+00 -1.085321e+00 4.191756e+00
    endloop
  endfacet
  facet normal 2.816493e-01 2.639595e-01 -9.224961e-01
    outer loop
      vertex   1.514761e+00 -1.253235e+00 3.994349e+00
      vertex   2.003965e+00 -1.085321e+00 4.191756e+00
      vertex   2.003965e+00 -1.296237e+00 4.131405e+00
    endloop
  endfacet
  facet normal 3.589023e-01 2.567679e-01 -8.973625e-01
    outer loop
      vertex   2.003965e+00 -1.296237e+00 4.131405e+00
      vertex   2.003965e+00 -1.085321e+00 4.191756e+00
      vertex   2.479834e+00 -1.131200e+00 4.368953e+00
    endloop
  endfacet
  facet normal 3.589023e-01 2.567679e-01 -8.973625e-01
    outer loop
      vertex   2.003965e+00 -1.296237e+00 4.131405e+00
      vertex   2.479834e+00 -1.131200e+00 4.368953e+00
      vertex   2.479834e+00 -1.351032e+00 4.306051e+00
    endloop
  endfacet
  facet normal 4.337707e-01 2.478680e-01 -8.662589e-01
    outer loop
      vertex   2.479834e+00 -1.351032e+00 4.306051e+00
      vertex   2.479834e+00 -1.131200e+00 4.368953e+00
      vertex   2.939199e+00 -1.186649e+00 4.583110e+00
    endloop
  endfacet
  facet normal 4.337707e-01 2.478680e-01 -8.662589e-01
    outer loop
      vertex   2.479834e+00 -1.351032e+00 4.306051e+00
      vertex   2.939199e+00 -1.186649e+00 4.583110e+00
      vertex   2.939199e+00 -1.417257e+00 4.517124e+00
    endloop
  endfacet
  facet normal 5.057565e-01 2.373189e-01 -8.293914e-01
    outer loop
      vertex   2.939199e+00 -1.417257e+00 4.517124e+00
      vertex   2.939199e+00 -1.186649e+00 4.583110e+00
      vertex   3.379005e+00 -1.251299e+00 4.832801e+00
    endloop
  endfacet
  facet normal 5.057565e-01 2.373189e-01 -8.293914e-01
    outer loop
      vertex   2.939199e+00 -1.417257e+00 4.517124e+00
      vertex   3.379005e+00 -1.251299e+00 4.832801e+00
      vertex   3.379005e+00 -1.494470e+00 4.763221e+00
    endloop
  endfacet
  facet normal 5.316173e-01 2.330022e-01 -8.143052e-01
    outer loop
      vertex   3.379005e+00 -1.494470e+00 4.763221e+00
      vertex   3.379005e+00 -1.251299e+00 4.832801e+00
      vertex   3.474805e+00 -1.189308e+00 4.913082e+00
    endloop
  endfacet
  facet normal 5.230043e-01 2.377639e-01 -8.184955e-01
    outer loop
      vertex   3.379005e+00 -1.494470e+00 4.763221e+00
      vertex   3.474805e+00 -1.189308e+00 4.913082e+00
      vertex   3.474805e+00 -1.628060e+00 4.785629e+00
    endloop
  endfacet
  facet normal 1.305974e-01 -6.646433e-01 -7.356586e-01
    outer loop
      vertex   1.015476e+00 2.659584e+00 3.098045e+00
      vertex   6.280610e-01 2.765584e+00 2.933502e+00
      vertex   1.015476e+00 2.813084e+00 2.959363e+00
    endloop
  endfacet
  facet normal 1.337720e-01 -7.207478e-01 -6.801674e-01
    outer loop
      vertex   1.015476e+00 2.813084e+00 2.959363e+00
      vertex   6.280610e-01 2.765584e+00 2.933502e+00
      vertex   7.675587e-01 2.823015e+00 2.900081e+00
    endloop
  endfacet
  facet normal 1.383565e-01 -7.040500e-01 -6.965422e-01
    outer loop
      vertex   1.015476e+00 2.813084e+00 2.959363e+00
      vertex   7.675587e-01 2.823015e+00 2.900081e+00
      vertex   9.027711e-01 2.888402e+00 2.860847e+00
    endloop
  endfacet
  facet normal 1.470239e-01 -6.974372e-01 -7.014024e-01
    outer loop
      vertex   9.027711e-01 2.888402e+00 2.860847e+00
      vertex   1.159152e+00 3.036854e+00 2.766975e+00
      vertex   1.015476e+00 2.813084e+00 2.959363e+00
    endloop
  endfacet
  facet normal 2.023366e-01 -7.099101e-01 -6.746018e-01
    outer loop
      vertex   1.015476e+00 2.813084e+00 2.959363e+00
      vertex   1.159152e+00 3.036854e+00 2.766975e+00
      vertex   1.514761e+00 2.884248e+00 3.034227e+00
    endloop
  endfacet
  facet normal 2.025252e-01 -6.564925e-01 -7.266369e-01
    outer loop
      vertex   1.015476e+00 2.813084e+00 2.959363e+00
      vertex   1.514761e+00 2.884248e+00 3.034227e+00
      vertex   1.015476e+00 2.659584e+00 3.098045e+00
    endloop
  endfacet
  facet normal 2.025252e-01 -6.564925e-01 -7.266369e-01
    outer loop
      vertex   1.015476e+00 2.659584e+00 3.098045e+00
      vertex   1.514761e+00 2.884248e+00 3.034227e+00
      vertex   1.514761e+00 2.726865e+00 3.176418e+00
    endloop
  endfacet
  facet normal 2.025252e-01 -6.188463e-01 -7.589550e-01
    outer loop
      vertex   1.015476e+00 2.659584e+00 3.098045e+00
      vertex   1.514761e+00 2.726865e+00 3.176418e+00
      vertex   1.015476e+00 2.499258e+00 3.228775e+00
    endloop
  endfacet
  facet normal 2.025252e-01 -6.188463e-01 -7.589550e-01
    outer loop
      vertex   1.015476e+00 2.499258e+00 3.228775e+00
      vertex   1.514761e+00 2.726865e+00 3.176418e+00
      vertex   1.514761e+00 2.562482e+00 3.310454e+00
    endloop
  endfacet
  facet normal 2.025252e-01 -5.796116e-01 -7.893250e-01
    outer loop
      vertex   1.015476e+00 2.499258e+00 3.228775e+00
      vertex   1.514761e+00 2.562482e+00 3.310454e+00
      vertex   1.015476e+00 2.332515e+00 3.351216e+00
    endloop
  endfacet
  facet normal 2.025252e-01 -5.796116e-01 -7.893250e-01
    outer loop
      vertex   1.015476e+00 2.332515e+00 3.351216e+00
      vertex   1.514761e+00 2.562482e+00 3.310454e+00
      vertex   1.514761e+00 2.391522e+00 3.435993e+00
    endloop
  endfacet
  facet normal 2.025252e-01 -5.388890e-01 -8.176687e-01
    outer loop
      vertex   1.015476e+00 2.332515e+00 3.351216e+00
      vertex   1.514761e+00 2.391522e+00 3.435993e+00
      vertex   1.015476e+00 2.159785e+00 3.465054e+00
    endloop
  endfacet
  facet normal 2.025252e-01 -5.388890e-01 -8.176687e-01
    outer loop
      vertex   1.015476e+00 2.159785e+00 3.465054e+00
      vertex   1.514761e+00 2.391522e+00 3.435993e+00
      vertex   1.514761e+00 2.214422e+00 3.552712e+00
    endloop
  endfacet
  facet normal 2.025252e-01 -4.967831e-01 -8.439135e-01
    outer loop
      vertex   1.015476e+00 2.159785e+00 3.465054e+00
      vertex   1.514761e+00 2.214422e+00 3.552712e+00
      vertex   1.015476e+00 1.981511e+00 3.569998e+00
    endloop
  endfacet
  facet normal 2.025252e-01 -4.967831e-01 -8.439135e-01
    outer loop
      vertex   1.015476e+00 1.981511e+00 3.569998e+00
      vertex   1.514761e+00 2.214422e+00 3.552712e+00
      vertex   1.514761e+00 2.031638e+00 3.660310e+00
    endloop
  endfacet
  facet normal 2.025252e-01 -4.534020e-01 -8.679920e-01
    outer loop
      vertex   1.015476e+00 1.981511e+00 3.569998e+00
      vertex   1.514761e+00 2.031638e+00 3.660310e+00
      vertex   1.015476e+00 1.798150e+00 3.665778e+00
    endloop
  endfacet
  facet normal 2.025252e-01 -4.534020e-01 -8.679920e-01
    outer loop
      vertex   1.015476e+00 1.798150e+00 3.665778e+00
      vertex   1.514761e+00 2.031638e+00 3.660310e+00
      vertex   1.514761e+00 1.843639e+00 3.758513e+00
    endloop
  endfacet
  facet normal 2.025252e-01 -4.088570e-01 -8.898424e-01
    outer loop
      vertex   1.015476e+00 1.798150e+00 3.665778e+00
      vertex   1.514761e+00 1.843639e+00 3.758513e+00
      vertex   1.015476e+00 1.610174e+00 3.752148e+00
    endloop
  endfacet
  facet normal 2.025252e-01 -4.088570e-01 -8.898424e-01
    outer loop
      vertex   1.015476e+00 1.610174e+00 3.752148e+00
      vertex   1.514761e+00 1.843639e+00 3.758513e+00
      vertex   1.514761e+00 1.650907e+00 3.847068e+00
    endloop
  endfacet
  facet normal 2.025252e-01 -3.632624e-01 -9.094086e-01
    outer loop
      vertex   1.015476e+00 1.610174e+00 3.752148e+00
      vertex   1.514761e+00 1.650907e+00 3.847068e+00
      vertex   1.015476e+00 1.418064e+00 3.828886e+00
    endloop
  endfacet
  facet normal 2.025252e-01 -3.632624e-01 -9.094086e-01
    outer loop
      vertex   1.015476e+00 1.418064e+00 3.828886e+00
      vertex   1.514761e+00 1.650907e+00 3.847068e+00
      vertex   1.514761e+00 1.453937e+00 3.925747e+00
    endloop
  endfacet
  facet normal 2.025252e-01 -3.167354e-01 -9.266403e-01
    outer loop
      vertex   1.015476e+00 1.418064e+00 3.828886e+00
      vertex   1.514761e+00 1.453937e+00 3.925747e+00
      vertex   1.015476e+00 1.222314e+00 3.895795e+00
    endloop
  endfacet
  facet normal 2.025252e-01 -3.167354e-01 -9.266403e-01
    outer loop
      vertex   1.015476e+00 1.222314e+00 3.895795e+00
      vertex   1.514761e+00 1.453937e+00 3.925747e+00
      vertex   1.514761e+00 1.253235e+00 3.994349e+00
    endloop
  endfacet
  facet normal 2.025252e-01 -2.693953e-01 -9.414933e-01
    outer loop
      vertex   1.015476e+00 1.222314e+00 3.895795e+00
      vertex   1.514761e+00 1.253235e+00 3.994349e+00
      vertex   1.015476e+00 1.023426e+00 3.952704e+00
    endloop
  endfacet
  facet normal 2.025252e-01 -2.693953e-01 -9.414933e-01
    outer loop
      vertex   1.015476e+00 1.023426e+00 3.952704e+00
      vertex   1.514761e+00 1.253235e+00 3.994349e+00
      vertex   1.514761e+00 1.049316e+00 4.052698e+00
    endloop
  endfacet
  facet normal 2.025252e-01 -2.213637e-01 -9.539296e-01
    outer loop
      vertex   1.015476e+00 1.023426e+00 3.952704e+00
      vertex   1.514761e+00 1.049316e+00 4.052698e+00
      vertex   1.015476e+00 8.219113e-01 3.999467e+00
    endloop
  endfacet
  facet normal 2.025252e-01 -2.213637e-01 -9.539296e-01
    outer loop
      vertex   1.015476e+00 8.219113e-01 3.999467e+00
      vertex   1.514761e+00 1.049316e+00 4.052698e+00
      vertex   1.514761e+00 8.427036e-01 4.100643e+00
    endloop
  endfacet
  facet normal 2.025252e-01 -1.727638e-01 -9.639171e-01
    outer loop
      vertex   1.015476e+00 8.219113e-01 3.999467e+00
      vertex   1.514761e+00 8.427036e-01 4.100643e+00
      vertex   1.015476e+00 6.182867e-01 4.035963e+00
    endloop
  endfacet
  facet normal 2.025252e-01 -1.727638e-01 -9.639171e-01
    outer loop
      vertex   1.015476e+00 6.182867e-01 4.035963e+00
      vertex   1.514761e+00 8.427036e-01 4.100643e+00
      vertex   1.514761e+00 6.339278e-01 4.138062e+00
    endloop
  endfacet
  facet normal 2.025252e-01 -1.237205e-01 -9.714303e-01
    outer loop
      vertex   1.015476e+00 6.182867e-01 4.035963e+00
      vertex   1.514761e+00 6.339278e-01 4.138062e+00
      vertex   1.015476e+00 4.130750e-01 4.062098e+00
    endloop
  endfacet
  facet normal 2.025252e-01 -1.237205e-01 -9.714303e-01
    outer loop
      vertex   1.015476e+00 4.130750e-01 4.062098e+00
      vertex   1.514761e+00 6.339278e-01 4.138062e+00
      vertex   1.514761e+00 4.235248e-01 4.164859e+00
    endloop
  endfacet
  facet normal 2.025252e-01 -7.435956e-02 -9.764498e-01
    outer loop
      vertex   1.015476e+00 4.130750e-01 4.062098e+00
      vertex   1.514761e+00 4.235248e-01 4.164859e+00
      vertex   1.015476e+00 2.068029e-01 4.077806e+00
    endloop
  endfacet
  facet normal 2.025252e-01 -7.435956e-02 -9.764498e-01
    outer loop
      vertex   1.015476e+00 2.068029e-01 4.077806e+00
      vertex   1.514761e+00 4.235248e-01 4.164859e+00
      vertex   1.514761e+00 2.120345e-01 4.180965e+00
    endloop
  endfacet
  facet normal 2.025252e-01 -2.480775e-02 -9.789628e-01
    outer loop
      vertex   1.015476e+00 2.068029e-01 4.077806e+00
      vertex   1.514761e+00 2.120345e-01 4.180965e+00
      vertex   1.015476e+00 0.000000e+00 4.083047e+00
    endloop
  endfacet
  facet normal 2.025252e-01 -2.480775e-02 -9.789628e-01
    outer loop
      vertex   1.015476e+00 0.000000e+00 4.083047e+00
      vertex   1.514761e+00 2.120345e-01 4.180965e+00
      vertex   1.514761e+00 0.000000e+00 4.186338e+00
    endloop
  endfacet
  facet normal 2.025252e-01 2.480775e-02 -9.789628e-01
    outer loop
      vertex   1.015476e+00 0.000000e+00 4.083047e+00
      vertex   1.514761e+00 0.000000e+00 4.186338e+00
      vertex   1.015476e+00 -2.068029e-01 4.077806e+00
    endloop
  endfacet
  facet normal 2.025252e-01 2.480775e-02 -9.789628e-01
    outer loop
      vertex   1.015476e+00 -2.068029e-01 4.077806e+00
      vertex   1.514761e+00 0.000000e+00 4.186338e+00
      vertex   1.514761e+00 -2.120345e-01 4.180965e+00
    endloop
  endfacet
  facet normal 2.025252e-01 7.435956e-02 -9.764498e-01
    outer loop
      vertex   1.015476e+00 -2.068029e-01 4.077806e+00
      vertex   1.514761e+00 -2.120345e-01 4.180965e+00
      vertex   1.015476e+00 -4.130750e-01 4.062098e+00
    endloop
  endfacet
  facet normal 2.025252e-01 7.435956e-02 -9.764498e-01
    outer loop
      vertex   1.015476e+00 -4.130750e-01 4.062098e+00
      vertex   1.514761e+00 -2.120345e-01 4.180965e+00
      vertex   1.514761e+00 -4.235248e-01 4.164859e+00
    endloop
  endfacet
  facet normal 2.025252e-01 1.237205e-01 -9.714303e-01
    outer loop
      vertex   1.015476e+00 -4.130750e-01 4.062098e+00
      vertex   1.514761e+00 -4.235248e-01 4.164859e+00
      vertex   1.015476e+00 -6.182867e-01 4.035963e+00
    endloop
  endfacet
  facet normal 2.025252e-01 1.237205e-01 -9.714303e-01
    outer loop
      vertex   1.015476e+00 -6.182867e-01 4.035963e+00
      vertex   1.514761e+00 -4.235248e-01 4.164859e+00
      vertex   1.514761e+00 -6.339278e-01 4.138062e+00
    endloop
  endfacet
  facet normal 2.025252e-01 1.727638e-01 -9.639171e-01
    outer loop
      vertex   1.015476e+00 -6.182867e-01 4.035963e+00
      vertex   1.514761e+00 -6.339278e-01 4.138062e+00
      vertex   1.015476e+00 -8.219113e-01 3.999467e+00
    endloop
  endfacet
  facet normal 2.025252e-01 1.727638e-01 -9.639171e-01
    outer loop
      vertex   1.015476e+00 -8.219113e-01 3.999467e+00
      vertex   1.514761e+00 -6.339278e-01 4.138062e+00
      vertex   1.514761e+00 -8.427036e-01 4.100643e+00
    endloop
  endfacet
  facet normal 2.025252e-01 2.213637e-01 -9.539296e-01
    outer loop
      vertex   1.015476e+00 -8.219113e-01 3.999467e+00
      vertex   1.514761e+00 -8.427036e-01 4.100643e+00
      vertex   1.015476e+00 -1.023426e+00 3.952704e+00
    endloop
  endfacet
  facet normal 2.025252e-01 2.213637e-01 -9.539296e-01
    outer loop
      vertex   1.015476e+00 -1.023426e+00 3.952704e+00
      vertex   1.514761e+00 -8.427036e-01 4.100643e+00
      vertex   1.514761e+00 -1.049316e+00 4.052698e+00
    endloop
  endfacet
  facet normal 2.257100e-01 -7.528122e-01 -6.183274e-01
    outer loop
      vertex   1.396676e+00 3.200000e+00 2.655049e+00
      vertex   1.514761e+00 3.176418e+00 2.726865e+00
      vertex   1.159152e+00 3.036854e+00 2.766975e+00
    endloop
  endfacet
  facet normal 2.107575e-01 -7.253468e-01 -6.553269e-01
    outer loop
      vertex   1.159152e+00 3.036854e+00 2.766975e+00
      vertex   1.514761e+00 3.176418e+00 2.726865e+00
      vertex   1.514761e+00 3.034227e+00 2.884248e+00
    endloop
  endfacet
  facet normal 2.222658e-01 -6.894193e-01 -6.894193e-01
    outer loop
      vertex   1.159152e+00 3.036854e+00 2.766975e+00
      vertex   1.514761e+00 3.034227e+00 2.884248e+00
      vertex   1.514761e+00 2.884248e+00 3.034227e+00
    endloop
  endfacet
  facet normal 2.816493e-01 -6.784813e-01 -6.784813e-01
    outer loop
      vertex   1.514761e+00 2.884248e+00 3.034227e+00
      vertex   1.514761e+00 3.034227e+00 2.884248e+00
      vertex   2.003965e+00 3.138339e+00 2.983214e+00
    endloop
  endfacet
  facet normal 2.816493e-01 -6.784813e-01 -6.784813e-01
    outer loop
      vertex   1.514761e+00 2.884248e+00 3.034227e+00
      vertex   2.003965e+00 3.138339e+00 2.983214e+00
      vertex   2.003965e+00 2.983214e+00 3.138339e+00
    endloop
  endfacet
  facet normal 3.589023e-01 -6.599959e-01 -6.599959e-01
    outer loop
      vertex   2.003965e+00 2.983214e+00 3.138339e+00
      vertex   2.003965e+00 3.138339e+00 2.983214e+00
      vertex   2.479834e+00 3.271005e+00 3.109322e+00
    endloop
  endfacet
  facet normal 3.589023e-01 -6.599959e-01 -6.599959e-01
    outer loop
      vertex   2.003965e+00 2.983214e+00 3.138339e+00
      vertex   2.479834e+00 3.271005e+00 3.109322e+00
      vertex   2.479834e+00 3.109322e+00 3.271005e+00
    endloop
  endfacet
  facet normal 4.337707e-01 -6.371197e-01 -6.371197e-01
    outer loop
      vertex   2.479834e+00 3.109322e+00 3.271005e+00
      vertex   2.479834e+00 3.271005e+00 3.109322e+00
      vertex   2.939199e+00 3.431343e+00 3.261735e+00
    endloop
  endfacet
  facet normal 4.337707e-01 -6.371197e-01 -6.371197e-01
    outer loop
      vertex   2.479834e+00 3.109322e+00 3.271005e+00
      vertex   2.939199e+00 3.431343e+00 3.261735e+00
      vertex   2.939199e+00 3.261735e+00 3.431343e+00
    endloop
  endfacet
  facet normal 5.057565e-01 -6.100042e-01 -6.100042e-01
    outer loop
      vertex   2.939199e+00 3.261735e+00 3.431343e+00
      vertex   2.939199e+00 3.431343e+00 3.261735e+00
      vertex   3.379005e+00 3.618285e+00 3.439437e+00
    endloop
  endfacet
  facet normal 5.057565e-01 -6.100042e-01 -6.100042e-01
    outer loop
      vertex   2.939199e+00 3.261735e+00 3.431343e+00
      vertex   3.379005e+00 3.618285e+00 3.439437e+00
      vertex   3.379005e+00 3.439437e+00 3.618285e+00
    endloop
  endfacet
  facet normal 5.457126e-01 -5.925360e-01 -5.925360e-01
    outer loop
      vertex   3.379005e+00 3.439437e+00 3.618285e+00
      vertex   3.379005e+00 3.618285e+00 3.439437e+00
      vertex   3.474805e+00 3.471707e+00 3.674246e+00
    endloop
  endfacet
  facet normal 5.504062e-01 -5.597023e-01 -6.195049e-01
    outer loop
      vertex   3.379005e+00 3.439437e+00 3.618285e+00
      vertex   3.474805e+00 3.471707e+00 3.674246e+00
      vertex   3.379005e+00 3.251759e+00 3.787846e+00
    endloop
  endfacet
  facet normal 5.157150e-01 -5.596696e-01 -6.486971e-01
    outer loop
      vertex   3.379005e+00 3.251759e+00 3.787846e+00
      vertex   3.474805e+00 3.471707e+00 3.674246e+00
      vertex   3.474805e+00 3.125772e+00 3.972704e+00
    endloop
  endfacet
  facet normal 5.534016e-01 -5.263537e-01 -6.455218e-01
    outer loop
      vertex   3.379005e+00 3.251759e+00 3.787846e+00
      vertex   3.474805e+00 3.125772e+00 3.972704e+00
      vertex   3.379005e+00 3.055734e+00 3.947683e+00
    endloop
  endfacet
  facet normal 5.409764e-01 -4.977909e-01 -6.779002e-01
    outer loop
      vertex   3.379005e+00 3.055734e+00 3.947683e+00
      vertex   3.474805e+00 3.125772e+00 3.972704e+00
      vertex   3.379005e+00 2.851865e+00 4.097387e+00
    endloop
  endfacet
  facet normal 5.057565e-01 -5.105983e-01 -6.953414e-01
    outer loop
      vertex   3.379005e+00 3.055734e+00 3.947683e+00
      vertex   3.379005e+00 2.851865e+00 4.097387e+00
      vertex   2.939199e+00 2.704521e+00 3.885691e+00
    endloop
  endfacet
  facet normal 5.057565e-01 -4.747245e-01 -7.203104e-01
    outer loop
      vertex   2.939199e+00 2.704521e+00 3.885691e+00
      vertex   3.379005e+00 2.851865e+00 4.097387e+00
      vertex   2.939199e+00 2.504243e+00 4.017686e+00
    endloop
  endfacet
  facet normal 4.337707e-01 -4.958266e-01 -7.523291e-01
    outer loop
      vertex   2.939199e+00 2.704521e+00 3.885691e+00
      vertex   2.939199e+00 2.504243e+00 4.017686e+00
      vertex   2.479834e+00 2.387226e+00 3.829950e+00
    endloop
  endfacet
  facet normal 4.337707e-01 -4.570853e-01 -7.764766e-01
    outer loop
      vertex   2.479834e+00 2.387226e+00 3.829950e+00
      vertex   2.939199e+00 2.504243e+00 4.017686e+00
      vertex   2.479834e+00 2.190178e+00 3.945945e+00
    endloop
  endfacet
  facet normal 3.589023e-01 -4.734973e-01 -8.043565e-01
    outer loop
      vertex   2.479834e+00 2.387226e+00 3.829950e+00
      vertex   2.479834e+00 2.190178e+00 3.945945e+00
      vertex   2.003965e+00 2.101348e+00 3.785904e+00
    endloop
  endfacet
  facet normal 3.589023e-01 -4.321495e-01 -8.273064e-01
    outer loop
      vertex   2.003965e+00 2.101348e+00 3.785904e+00
      vertex   2.479834e+00 2.190178e+00 3.945945e+00
      vertex   2.003965e+00 1.906898e+00 3.887477e+00
    endloop
  endfacet
  facet normal 2.816493e-01 -4.442533e-01 -8.504779e-01
    outer loop
      vertex   2.003965e+00 2.101348e+00 3.785904e+00
      vertex   2.003965e+00 1.906898e+00 3.887477e+00
      vertex   1.514761e+00 1.843639e+00 3.758513e+00
    endloop
  endfacet
  facet normal 2.816493e-01 -4.006071e-01 -8.718874e-01
    outer loop
      vertex   1.514761e+00 1.843639e+00 3.758513e+00
      vertex   2.003965e+00 1.906898e+00 3.887477e+00
      vertex   1.514761e+00 1.650907e+00 3.847068e+00
    endloop
  endfacet
  facet normal 2.248536e-01 -7.539237e-01 -6.172843e-01
    outer loop
      vertex   1.396676e+00 3.200000e+00 2.655049e+00
      vertex   1.625638e+00 3.377734e+00 2.521375e+00
      vertex   1.514761e+00 3.176418e+00 2.726865e+00
    endloop
  endfacet
  facet normal 2.814395e-01 -7.569697e-01 -5.897361e-01
    outer loop
      vertex   1.514761e+00 3.176418e+00 2.726865e+00
      vertex   1.625638e+00 3.377734e+00 2.521375e+00
      vertex   2.003965e+00 3.285408e+00 2.820431e+00
    endloop
  endfacet
  facet normal 2.816493e-01 -7.119750e-01 -6.432459e-01
    outer loop
      vertex   1.514761e+00 3.176418e+00 2.726865e+00
      vertex   2.003965e+00 3.285408e+00 2.820431e+00
      vertex   1.514761e+00 3.034227e+00 2.884248e+00
    endloop
  endfacet
  facet normal 2.816493e-01 -7.119750e-01 -6.432459e-01
    outer loop
      vertex   1.514761e+00 3.034227e+00 2.884248e+00
      vertex   2.003965e+00 3.285408e+00 2.820431e+00
      vertex   2.003965e+00 3.138339e+00 2.983214e+00
    endloop
  endfacet
  facet normal 3.030389e-01 -7.938692e-01 -5.271993e-01
    outer loop
      vertex   1.846118e+00 3.565918e+00 2.364737e+00
      vertex   2.003965e+00 3.553890e+00 2.473581e+00
      vertex   1.625638e+00 3.377734e+00 2.521375e+00
    endloop
  endfacet
  facet normal 2.878132e-01 -7.719224e-01 -5.668327e-01
    outer loop
      vertex   1.625638e+00 3.377734e+00 2.521375e+00
      vertex   2.003965e+00 3.553890e+00 2.473581e+00
      vertex   2.003965e+00 3.424044e+00 2.650407e+00
    endloop
  endfacet
  facet normal 2.964456e-01 -7.401785e-01 -6.035361e-01
    outer loop
      vertex   1.625638e+00 3.377734e+00 2.521375e+00
      vertex   2.003965e+00 3.424044e+00 2.650407e+00
      vertex   2.003965e+00 3.285408e+00 2.820431e+00
    endloop
  endfacet
  facet normal 3.589023e-01 -7.233803e-01 -5.898390e-01
    outer loop
      vertex   2.003965e+00 3.285408e+00 2.820431e+00
      vertex   2.003965e+00 3.424044e+00 2.650407e+00
      vertex   2.479834e+00 3.568788e+00 2.762447e+00
    endloop
  endfacet
  facet normal 3.589023e-01 -7.233803e-01 -5.898390e-01
    outer loop
      vertex   2.003965e+00 3.285408e+00 2.820431e+00
      vertex   2.479834e+00 3.568788e+00 2.762447e+00
      vertex   2.479834e+00 3.424292e+00 2.939658e+00
    endloop
  endfacet
  facet normal 4.337707e-01 -6.983072e-01 -5.693945e-01
    outer loop
      vertex   2.479834e+00 3.424292e+00 2.939658e+00
      vertex   2.479834e+00 3.568788e+00 2.762447e+00
      vertex   2.939199e+00 3.743722e+00 2.897857e+00
    endloop
  endfacet
  facet normal 4.337707e-01 -6.983072e-01 -5.693945e-01
    outer loop
      vertex   2.479834e+00 3.424292e+00 2.939658e+00
      vertex   2.939199e+00 3.743722e+00 2.897857e+00
      vertex   2.939199e+00 3.592143e+00 3.083754e+00
    endloop
  endfacet
  facet normal 5.057565e-01 -6.685876e-01 -5.451614e-01
    outer loop
      vertex   2.939199e+00 3.592143e+00 3.083754e+00
      vertex   2.939199e+00 3.743722e+00 2.897857e+00
      vertex   3.379005e+00 3.947683e+00 3.055734e+00
    endloop
  endfacet
  facet normal 5.057565e-01 -6.685876e-01 -5.451614e-01
    outer loop
      vertex   2.939199e+00 3.592143e+00 3.083754e+00
      vertex   3.379005e+00 3.947683e+00 3.055734e+00
      vertex   3.379005e+00 3.787846e+00 3.251759e+00
    endloop
  endfacet
  facet normal 5.340942e-01 -6.552176e-01 -5.342596e-01
    outer loop
      vertex   3.379005e+00 3.787846e+00 3.251759e+00
      vertex   3.379005e+00 3.947683e+00 3.055734e+00
      vertex   3.474805e+00 3.789280e+00 3.345771e+00
    endloop
  endfacet
  facet normal 5.560293e-01 -6.167340e-01 -5.571989e-01
    outer loop
      vertex   3.379005e+00 3.787846e+00 3.251759e+00
      vertex   3.474805e+00 3.789280e+00 3.345771e+00
      vertex   3.379005e+00 3.618285e+00 3.439437e+00
    endloop
  endfacet
  facet normal 5.167881e-01 -6.154905e-01 -5.950643e-01
    outer loop
      vertex   3.379005e+00 3.618285e+00 3.439437e+00
      vertex   3.474805e+00 3.789280e+00 3.345771e+00
      vertex   3.474805e+00 3.471707e+00 3.674246e+00
    endloop
  endfacet
  facet normal 3.011674e-01 -7.962051e-01 -5.247433e-01
    outer loop
      vertex   2.003965e+00 3.553890e+00 2.473581e+00
      vertex   1.846118e+00 3.565918e+00 2.364737e+00
      vertex   2.003965e+00 3.674614e+00 2.290404e+00
    endloop
  endfacet
  facet normal 3.294709e-01 -8.101007e-01 -4.849596e-01
    outer loop
      vertex   2.003965e+00 3.674614e+00 2.290404e+00
      vertex   1.846118e+00 3.565918e+00 2.364737e+00
      vertex   2.055804e+00 3.758858e+00 2.184896e+00
    endloop
  endfacet
  facet normal 3.588453e-01 -8.073847e-01 -4.683588e-01
    outer loop
      vertex   2.003965e+00 3.674614e+00 2.290404e+00
      vertex   2.055804e+00 3.758858e+00 2.184896e+00
      vertex   2.479834e+00 3.829950e+00 2.387226e+00
    endloop
  endfacet
  facet normal 3.605447e-01 -8.038109e-01 -4.731760e-01
    outer loop
      vertex   2.479834e+00 3.829950e+00 2.387226e+00
      vertex   2.055804e+00 3.758858e+00 2.184896e+00
      vertex   2.479834e+00 3.945945e+00 2.190178e+00
    endloop
  endfacet
  facet normal 4.337707e-01 -7.764766e-01 -4.570853e-01
    outer loop
      vertex   2.479834e+00 3.829950e+00 2.387226e+00
      vertex   2.479834e+00 3.945945e+00 2.190178e+00
      vertex   2.939199e+00 4.139367e+00 2.297536e+00
    endloop
  endfacet
  facet normal 4.337707e-01 -7.986310e-01 -4.171708e-01
    outer loop
      vertex   2.939199e+00 4.139367e+00 2.297536e+00
      vertex   2.479834e+00 3.945945e+00 2.190178e+00
      vertex   2.939199e+00 4.250422e+00 2.084932e+00
    endloop
  endfacet
  facet normal 5.057565e-01 -7.646418e-01 -3.994162e-01
    outer loop
      vertex   2.939199e+00 4.139367e+00 2.297536e+00
      vertex   2.939199e+00 4.250422e+00 2.084932e+00
      vertex   3.379005e+00 4.481989e+00 2.198520e+00
    endloop
  endfacet
  facet normal 5.057565e-01 -7.838904e-01 -3.601751e-01
    outer loop
      vertex   3.379005e+00 4.481989e+00 2.198520e+00
      vertex   2.939199e+00 4.250422e+00 2.084932e+00
      vertex   3.379005e+00 4.587589e+00 1.968690e+00
    endloop
  endfacet
  facet normal 5.510520e-01 -7.582610e-01 -3.483991e-01
    outer loop
      vertex   3.379005e+00 4.481989e+00 2.198520e+00
      vertex   3.379005e+00 4.587589e+00 1.968690e+00
      vertex   3.474805e+00 4.547172e+00 2.208179e+00
    endloop
  endfacet
  facet normal 5.156524e-01 -7.868533e-01 -3.390640e-01
    outer loop
      vertex   3.474805e+00 4.547172e+00 2.208179e+00
      vertex   3.379005e+00 4.587589e+00 1.968690e+00
      vertex   3.474805e+00 4.727979e+00 1.788588e+00
    endloop
  endfacet
  facet normal 5.528759e-01 -7.738127e-01 -3.090988e-01
    outer loop
      vertex   3.474805e+00 4.727979e+00 1.788588e+00
      vertex   3.379005e+00 4.587589e+00 1.968690e+00
      vertex   3.379005e+00 4.681414e+00 1.733805e+00
    endloop
  endfacet
  facet normal 5.419662e-01 -7.952282e-01 -2.718174e-01
    outer loop
      vertex   3.474805e+00 4.727979e+00 1.788588e+00
      vertex   3.379005e+00 4.681414e+00 1.733805e+00
      vertex   3.379005e+00 4.763221e+00 1.494470e+00
    endloop
  endfacet
  facet normal 5.057565e-01 -8.163069e-01 -2.790223e-01
    outer loop
      vertex   3.379005e+00 4.763221e+00 1.494470e+00
      vertex   3.379005e+00 4.681414e+00 1.733805e+00
      vertex   2.939199e+00 4.439544e+00 1.644226e+00
    endloop
  endfacet
  facet normal 5.057565e-01 -8.163069e-01 -2.790223e-01
    outer loop
      vertex   3.379005e+00 4.763221e+00 1.494470e+00
      vertex   2.939199e+00 4.439544e+00 1.644226e+00
      vertex   2.939199e+00 4.517124e+00 1.417257e+00
    endloop
  endfacet
  facet normal 4.399810e-01 -8.497386e-01 -2.904496e-01
    outer loop
      vertex   2.939199e+00 4.517124e+00 1.417257e+00
      vertex   2.939199e+00 4.439544e+00 1.644226e+00
      vertex   2.594964e+00 4.308759e+00 1.505393e+00
    endloop
  endfacet
  facet normal 4.533286e-01 -8.552034e-01 -2.512375e-01
    outer loop
      vertex   2.939199e+00 4.517124e+00 1.417257e+00
      vertex   2.594964e+00 4.308759e+00 1.505393e+00
      vertex   2.734707e+00 4.462726e+00 1.233444e+00
    endloop
  endfacet
  facet normal 3.701496e-01 -8.269920e-01 -4.231707e-01
    outer loop
      vertex   2.055804e+00 3.758858e+00 2.184896e+00
      vertex   2.252381e+00 3.950864e+00 1.981611e+00
      vertex   2.479834e+00 3.945945e+00 2.190178e+00
    endloop
  endfacet
  facet normal 3.756887e-01 -8.214305e-01 -4.290802e-01
    outer loop
      vertex   2.479834e+00 3.945945e+00 2.190178e+00
      vertex   2.252381e+00 3.950864e+00 1.981611e+00
      vertex   2.479834e+00 4.051811e+00 1.987508e+00
    endloop
  endfacet
  facet normal 4.337707e-01 -7.986310e-01 -4.171708e-01
    outer loop
      vertex   2.479834e+00 3.945945e+00 2.190178e+00
      vertex   2.479834e+00 4.051811e+00 1.987508e+00
      vertex   2.939199e+00 4.250422e+00 2.084932e+00
    endloop
  endfacet
  facet normal 4.337707e-01 -8.187354e-01 -3.761853e-01
    outer loop
      vertex   2.939199e+00 4.250422e+00 2.084932e+00
      vertex   2.479834e+00 4.051811e+00 1.987508e+00
      vertex   2.939199e+00 4.350567e+00 1.866975e+00
    endloop
  endfacet
  facet normal 5.057565e-01 -7.838904e-01 -3.601751e-01
    outer loop
      vertex   2.939199e+00 4.250422e+00 2.084932e+00
      vertex   2.939199e+00 4.350567e+00 1.866975e+00
      vertex   3.379005e+00 4.587589e+00 1.968690e+00
    endloop
  endfacet
  facet normal 5.057565e-01 -8.011269e-01 -3.200094e-01
    outer loop
      vertex   3.379005e+00 4.587589e+00 1.968690e+00
      vertex   2.939199e+00 4.350567e+00 1.866975e+00
      vertex   3.379005e+00 4.681414e+00 1.733805e+00
    endloop
  endfacet
  facet normal 3.826002e-01 -8.395355e-01 -3.857424e-01
    outer loop
      vertex   2.479834e+00 4.051811e+00 1.987508e+00
      vertex   2.252381e+00 3.950864e+00 1.981611e+00
      vertex   2.479834e+00 4.147276e+00 1.779736e+00
    endloop
  endfacet
  facet normal 3.967759e-01 -8.399601e-01 -3.701837e-01
    outer loop
      vertex   2.479834e+00 4.147276e+00 1.779736e+00
      vertex   2.252381e+00 3.950864e+00 1.981611e+00
      vertex   2.433149e+00 4.136150e+00 1.754945e+00
    endloop
  endfacet
  facet normal 3.859441e-01 -8.566722e-01 -3.422862e-01
    outer loop
      vertex   2.479834e+00 4.147276e+00 1.779736e+00
      vertex   2.433149e+00 4.136150e+00 1.754945e+00
      vertex   2.594964e+00 4.308759e+00 1.505393e+00
    endloop
  endfacet
  facet normal 4.493769e-01 -8.588742e-01 -2.457550e-01
    outer loop
      vertex   2.939199e+00 4.517124e+00 1.417257e+00
      vertex   2.734707e+00 4.462726e+00 1.233444e+00
      vertex   2.939199e+00 4.583110e+00 1.186649e+00
    endloop
  endfacet
  facet normal 4.585510e-01 -8.623598e-01 -2.146311e-01
    outer loop
      vertex   2.939199e+00 4.583110e+00 1.186649e+00
      vertex   2.734707e+00 4.462726e+00 1.233444e+00
      vertex   2.795304e+00 4.530853e+00 1.089181e+00
    endloop
  endfacet
  facet normal 4.521085e-01 -8.688755e-01 -2.016265e-01
    outer loop
      vertex   2.939199e+00 4.583110e+00 1.186649e+00
      vertex   2.795304e+00 4.530853e+00 1.089181e+00
      vertex   2.939199e+00 4.637330e+00 9.529955e-01
    endloop
  endfacet
  facet normal 4.634859e-01 -8.660604e-01 -1.874041e-01
    outer loop
      vertex   2.939199e+00 4.637330e+00 9.529955e-01
      vertex   2.795304e+00 4.530853e+00 1.089181e+00
      vertex   2.849081e+00 4.592006e+00 9.395746e-01
    endloop
  endfacet
  facet normal 4.625148e-01 -8.717426e-01 -1.616939e-01
    outer loop
      vertex   2.939199e+00 4.637330e+00 9.529955e-01
      vertex   2.849081e+00 4.592006e+00 9.395746e-01
      vertex   2.895535e+00 4.645360e+00 7.848021e-01
    endloop
  endfacet
  facet normal 4.461643e-01 -8.809138e-01 -1.578871e-01
    outer loop
      vertex   2.939199e+00 4.637330e+00 9.529955e-01
      vertex   2.895535e+00 4.645360e+00 7.848021e-01
      vertex   2.939199e+00 4.679646e+00 7.168955e-01
    endloop
  endfacet
  facet normal 4.851247e-01 -8.654599e-01 -1.250327e-01
    outer loop
      vertex   2.939199e+00 4.679646e+00 7.168955e-01
      vertex   2.895535e+00 4.645360e+00 7.848021e-01
      vertex   2.934165e+00 4.690094e+00 6.250430e-01
    endloop
  endfacet
  facet normal 3.857401e-01 -9.140846e-01 -1.251157e-01
    outer loop
      vertex   2.939199e+00 4.679646e+00 7.168955e-01
      vertex   2.934165e+00 4.690094e+00 6.250430e-01
      vertex   2.964343e+00 4.725259e+00 4.611732e-01
    endloop
  endfacet
  facet normal 5.069420e-01 -8.596415e-01 -6.345298e-02
    outer loop
      vertex   2.985531e+00 4.750072e+00 2.942928e-01
      vertex   3.379005e+00 4.966552e+00 5.050490e-01
      vertex   2.964343e+00 4.725259e+00 4.611732e-01
    endloop
  endfacet
  facet normal 5.085374e-01 -8.541405e-01 -1.087826e-01
    outer loop
      vertex   2.964343e+00 4.725259e+00 4.611732e-01
      vertex   3.379005e+00 4.966552e+00 5.050490e-01
      vertex   3.379005e+00 4.934597e+00 7.559525e-01
    endloop
  endfacet
  facet normal 5.056814e-01 -8.565426e-01 -1.030592e-01
    outer loop
      vertex   2.964343e+00 4.725259e+00 4.611732e-01
      vertex   3.379005e+00 4.934597e+00 7.559525e-01
      vertex   2.939199e+00 4.679646e+00 7.168955e-01
    endloop
  endfacet
  facet normal 5.057565e-01 -8.491452e-01 -1.521931e-01
    outer loop
      vertex   2.939199e+00 4.679646e+00 7.168955e-01
      vertex   3.379005e+00 4.934597e+00 7.559525e-01
      vertex   2.939199e+00 4.637330e+00 9.529955e-01
    endloop
  endfacet
  facet normal 5.076761e-01 -8.590607e-01 -6.542002e-02
    outer loop
      vertex   3.379005e+00 4.966552e+00 5.050490e-01
      vertex   2.985531e+00 4.750072e+00 2.942928e-01
      vertex   3.379005e+00 4.985758e+00 2.528490e-01
    endloop
  endfacet
  facet normal 5.108341e-01 -8.589698e-01 -3.492080e-02
    outer loop
      vertex   3.379005e+00 4.985758e+00 2.528490e-01
      vertex   2.985531e+00 4.750072e+00 2.942928e-01
      vertex   2.997388e+00 4.764000e+00 1.251577e-01
    endloop
  endfacet
  facet normal 5.077605e-01 -8.612218e-01 -2.182409e-02
    outer loop
      vertex   3.379005e+00 4.985758e+00 2.528490e-01
      vertex   2.997388e+00 4.764000e+00 1.251577e-01
      vertex   3.379005e+00 4.992165e+00 4.049699e-15
    endloop
  endfacet
  facet normal 5.115359e-01 -8.592359e-01 -6.692204e-03
    outer loop
      vertex   3.379005e+00 4.992165e+00 4.049699e-15
      vertex   2.997388e+00 4.764000e+00 1.251577e-01
      vertex   2.999666e+00 4.766679e+00 -4.474919e-02
    endloop
  endfacet
  facet normal 5.089498e-01 -8.605223e-01 2.171253e-02
    outer loop
      vertex   3.379005e+00 4.992165e+00 4.049699e-15
      vertex   2.999666e+00 4.766679e+00 -4.474919e-02
      vertex   2.992352e+00 4.758080e+00 -2.140835e-01
    endloop
  endfacet
  facet normal 5.089102e-01 -8.605433e-01 2.180690e-02
    outer loop
      vertex   3.379005e+00 4.992165e+00 4.049699e-15
      vertex   2.992352e+00 4.758080e+00 -2.140835e-01
      vertex   3.379005e+00 4.985758e+00 -2.528490e-01
    endloop
  endfacet
  facet normal 5.104696e-01 -8.584666e-01 4.955725e-02
    outer loop
      vertex   3.379005e+00 4.985758e+00 -2.528490e-01
      vertex   2.992352e+00 4.758080e+00 -2.140835e-01
      vertex   2.975639e+00 4.738475e+00 -3.815501e-01
    endloop
  endfacet
  facet normal 5.062611e-01 -8.598905e-01 6.548322e-02
    outer loop
      vertex   3.379005e+00 4.985758e+00 -2.528490e-01
      vertex   2.975639e+00 4.738475e+00 -3.815501e-01
      vertex   3.379005e+00 4.966552e+00 -5.050490e-01
    endloop
  endfacet
  facet normal 5.085443e-01 -8.575648e-01 7.723560e-02
    outer loop
      vertex   3.379005e+00 4.966552e+00 -5.050490e-01
      vertex   2.975639e+00 4.738475e+00 -3.815501e-01
      vertex   2.949860e+00 4.708360e+00 -5.461907e-01
    endloop
  endfacet
  facet normal 5.047582e-01 -8.563436e-01 1.090632e-01
    outer loop
      vertex   3.379005e+00 4.966552e+00 -5.050490e-01
      vertex   2.949860e+00 4.708360e+00 -5.461907e-01
      vertex   3.379005e+00 4.934597e+00 -7.559525e-01
    endloop
  endfacet
  facet normal 5.057905e-01 -8.553180e-01 1.122811e-01
    outer loop
      vertex   3.379005e+00 4.934597e+00 -7.559525e-01
      vertex   2.949860e+00 4.708360e+00 -5.461907e-01
      vertex   2.939199e+00 4.679646e+00 -7.168955e-01
    endloop
  endfacet
  facet normal 5.057565e-01 -8.491452e-01 1.521931e-01
    outer loop
      vertex   3.379005e+00 4.934597e+00 -7.559525e-01
      vertex   2.939199e+00 4.679646e+00 -7.168955e-01
      vertex   3.379005e+00 4.889976e+00 -1.004916e+00
    endloop
  endfacet
  facet normal 5.057565e-01 -8.491452e-01 1.521931e-01
    outer loop
      vertex   3.379005e+00 4.889976e+00 -1.004916e+00
      vertex   2.939199e+00 4.679646e+00 -7.168955e-01
      vertex   2.939199e+00 4.637330e+00 -9.529955e-01
    endloop
  endfacet
  facet normal 5.057565e-01 -8.403469e-01 1.950063e-01
    outer loop
      vertex   3.379005e+00 4.889976e+00 -1.004916e+00
      vertex   2.939199e+00 4.637330e+00 -9.529955e-01
      vertex   3.379005e+00 4.832801e+00 -1.251299e+00
    endloop
  endfacet
  facet normal 5.057565e-01 -8.403469e-01 1.950063e-01
    outer loop
      vertex   3.379005e+00 4.832801e+00 -1.251299e+00
      vertex   2.939199e+00 4.637330e+00 -9.529955e-01
      vertex   2.939199e+00 4.583110e+00 -1.186649e+00
    endloop
  endfacet
  facet normal 5.057565e-01 -8.293914e-01 2.373189e-01
    outer loop
      vertex   3.379005e+00 4.832801e+00 -1.251299e+00
      vertex   2.939199e+00 4.583110e+00 -1.186649e+00
      vertex   3.379005e+00 4.763221e+00 -1.494470e+00
    endloop
  endfacet
  facet normal 5.057565e-01 -8.293914e-01 2.373189e-01
    outer loop
      vertex   3.379005e+00 4.763221e+00 -1.494470e+00
      vertex   2.939199e+00 4.583110e+00 -1.186649e+00
      vertex   2.939199e+00 4.517124e+00 -1.417257e+00
    endloop
  endfacet
  facet normal 5.057565e-01 -8.163069e-01 2.790223e-01
    outer loop
      vertex   3.379005e+00 4.763221e+00 -1.494470e+00
      vertex   2.939199e+00 4.517124e+00 -1.417257e+00
      vertex   3.379005e+00 4.681414e+00 -1.733805e+00
    endloop
  endfacet
  facet normal 5.057565e-01 -8.163069e-01 2.790223e-01
    outer loop
      vertex   3.379005e+00 4.681414e+00 -1.733805e+00
      vertex   2.939199e+00 4.517124e+00 -1.417257e+00
      vertex   2.939199e+00 4.439544e+00 -1.644226e+00
    endloop
  endfacet
  facet normal 5.057565e-01 -8.011269e-01 3.200094e-01
    outer loop
      vertex   3.379005e+00 4.681414e+00 -1.733805e+00
      vertex   2.939199e+00 4.439544e+00 -1.644226e+00
      vertex   3.379005e+00 4.587589e+00 -1.968690e+00
    endloop
  endfacet
  facet normal 5.057565e-01 -8.011269e-01 3.200094e-01
    outer loop
      vertex   3.379005e+00 4.587589e+00 -1.968690e+00
      vertex   2.939199e+00 4.439544e+00 -1.644226e+00
      vertex   2.939199e+00 4.350567e+00 -1.866975e+00
    endloop
  endfacet
  facet normal 5.057565e-01 -7.838904e-01 3.601751e-01
    outer loop
      vertex   3.379005e+00 4.587589e+00 -1.968690e+00
      vertex   2.939199e+00 4.350567e+00 -1.866975e+00
      vertex   3.379005e+00 4.481989e+00 -2.198520e+00
    endloop
  endfacet
  facet normal 5.057565e-01 -7.838904e-01 3.601751e-01
    outer loop
      vertex   3.379005e+00 4.481989e+00 -2.198520e+00
      vertex   2.939199e+00 4.350567e+00 -1.866975e+00
      vertex   2.939199e+00 4.250422e+00 -2.084932e+00
    endloop
  endfacet
  facet normal 5.057565e-01 -7.646418e-01 3.994162e-01
    outer loop
      vertex   3.379005e+00 4.481989e+00 -2.198520e+00
      vertex   2.939199e+00 4.250422e+00 -2.084932e+00
      vertex   3.379005e+00 4.364883e+00 -2.422708e+00
    endloop
  endfacet
  facet normal 5.057565e-01 -7.646418e-01 3.994162e-01
    outer loop
      vertex   3.379005e+00 4.364883e+00 -2.422708e+00
      vertex   2.939199e+00 4.250422e+00 -2.084932e+00
      vertex   2.939199e+00 4.139367e+00 -2.297536e+00
    endloop
  endfacet
  facet normal 5.057565e-01 -7.434302e-01 4.376320e-01
    outer loop
      vertex   3.379005e+00 4.364883e+00 -2.422708e+00
      vertex   2.939199e+00 4.139367e+00 -2.297536e+00
      vertex   3.379005e+00 4.236573e+00 -2.640676e+00
    endloop
  endfacet
  facet normal 5.057565e-01 -7.434302e-01 4.376320e-01
    outer loop
      vertex   3.379005e+00 4.236573e+00 -2.640676e+00
      vertex   2.939199e+00 4.139367e+00 -2.297536e+00
      vertex   2.939199e+00 4.017686e+00 -2.504243e+00
    endloop
  endfacet
  facet normal 5.057565e-01 -7.203104e-01 4.747245e-01
    outer loop
      vertex   3.379005e+00 4.236573e+00 -2.640676e+00
      vertex   2.939199e+00 4.017686e+00 -2.504243e+00
      vertex   3.379005e+00 4.097387e+00 -2.851865e+00
    endloop
  endfacet
  facet normal 5.057565e-01 -7.203104e-01 4.747245e-01
    outer loop
      vertex   3.379005e+00 4.097387e+00 -2.851865e+00
      vertex   2.939199e+00 4.017686e+00 -2.504243e+00
      vertex   2.939199e+00 3.885691e+00 -2.704521e+00
    endloop
  endfacet
  facet normal 5.057565e-01 -6.953414e-01 5.105983e-01
    outer loop
      vertex   3.379005e+00 4.097387e+00 -2.851865e+00
      vertex   2.939199e+00 3.885691e+00 -2.704521e+00
      vertex   3.379005e+00 3.947683e+00 -3.055734e+00
    endloop
  endfacet
  facet normal 5.057565e-01 -6.953414e-01 5.105983e-01
    outer loop
      vertex   3.379005e+00 3.947683e+00 -3.055734e+00
      vertex   2.939199e+00 3.885691e+00 -2.704521e+00
      vertex   2.939199e+00 3.743722e+00 -2.897857e+00
    endloop
  endfacet
  facet normal 5.057565e-01 -6.685876e-01 5.451614e-01
    outer loop
      vertex   3.379005e+00 3.947683e+00 -3.055734e+00
      vertex   2.939199e+00 3.743722e+00 -2.897857e+00
      vertex   3.379005e+00 3.787846e+00 -3.251759e+00
    endloop
  endfacet
  facet normal 5.057565e-01 -6.685876e-01 5.451614e-01
    outer loop
      vertex   3.379005e+00 3.787846e+00 -3.251759e+00
      vertex   2.939199e+00 3.743722e+00 -2.897857e+00
      vertex   2.939199e+00 3.592143e+00 -3.083754e+00
    endloop
  endfacet
  facet normal 5.057565e-01 -6.401175e-01 5.783251e-01
    outer loop
      vertex   3.379005e+00 3.787846e+00 -3.251759e+00
      vertex   2.939199e+00 3.592143e+00 -3.083754e+00
      vertex   3.379005e+00 3.618285e+00 -3.439437e+00
    endloop
  endfacet
  facet normal 5.057565e-01 -6.401175e-01 5.783251e-01
    outer loop
      vertex   3.379005e+00 3.618285e+00 -3.439437e+00
      vertex   2.939199e+00 3.592143e+00 -3.083754e+00
      vertex   2.939199e+00 3.431343e+00 -3.261735e+00
    endloop
  endfacet
  facet normal 5.057565e-01 -6.100042e-01 6.100042e-01
    outer loop
      vertex   3.379005e+00 3.618285e+00 -3.439437e+00
      vertex   2.939199e+00 3.431343e+00 -3.261735e+00
      vertex   3.379005e+00 3.439437e+00 -3.618285e+00
    endloop
  endfacet
  facet normal 5.057565e-01 -6.100042e-01 6.100042e-01
    outer loop
      vertex   3.379005e+00 3.439437e+00 -3.618285e+00
      vertex   2.939199e+00 3.431343e+00 -3.261735e+00
      vertex   2.939199e+00 3.261735e+00 -3.431343e+00
    endloop
  endfacet
  facet normal 5.057565e-01 -5.783251e-01 6.401175e-01
    outer loop
      vertex   3.379005e+00 3.439437e+00 -3.618285e+00
      vertex   2.939199e+00 3.261735e+00 -3.431343e+00
      vertex   3.379005e+00 3.251759e+00 -3.787846e+00
    endloop
  endfacet
  facet normal 5.057565e-01 -5.783251e-01 6.401175e-01
    outer loop
      vertex   3.379005e+00 3.251759e+00 -3.787846e+00
      vertex   2.939199e+00 3.261735e+00 -3.431343e+00
      vertex   2.939199e+00 3.083754e+00 -3.592143e+00
    endloop
  endfacet
  facet normal 5.057565e-01 -5.451614e-01 6.685876e-01
    outer loop
      vertex   3.379005e+00 3.251759e+00 -3.787846e+00
      vertex   2.939199e+00 3.083754e+00 -3.592143e+00
      vertex   3.379005e+00 3.055734e+00 -3.947683e+00
    endloop
  endfacet
  facet normal 5.057565e-01 -5.451614e-01 6.685876e-01
    outer loop
      vertex   3.379005e+00 3.055734e+00 -3.947683e+00
      vertex   2.939199e+00 3.083754e+00 -3.592143e+00
      vertex   2.939199e+00 2.897857e+00 -3.743722e+00
    endloop
  endfacet
  facet normal 5.057565e-01 -5.105983e-01 6.953414e-01
    outer loop
      vertex   3.379005e+00 3.055734e+00 -3.947683e+00
      vertex   2.939199e+00 2.897857e+00 -3.743722e+00
      vertex   3.379005e+00 2.851865e+00 -4.097387e+00
    endloop
  endfacet
  facet normal 5.057565e-01 -5.105983e-01 6.953414e-01
    outer loop
      vertex   3.379005e+00 2.851865e+00 -4.097387e+00
      vertex   2.939199e+00 2.897857e+00 -3.743722e+00
      vertex   2.939199e+00 2.704521e+00 -3.885691e+00
    endloop
  endfacet
  facet normal 5.057565e-01 -4.747245e-01 7.203104e-01
    outer loop
      vertex   3.379005e+00 2.851865e+00 -4.097387e+00
      vertex   2.939199e+00 2.704521e+00 -3.885691e+00
      vertex   3.379005e+00 2.640676e+00 -4.236573e+00
    endloop
  endfacet
  facet normal 5.057565e-01 -4.747245e-01 7.203104e-01
    outer loop
      vertex   3.379005e+00 2.640676e+00 -4.236573e+00
      vertex   2.939199e+00 2.704521e+00 -3.885691e+00
      vertex   2.939199e+00 2.504243e+00 -4.017686e+00
    endloop
  endfacet
  facet normal 5.057565e-01 -4.376320e-01 7.434302e-01
    outer loop
      vertex   3.379005e+00 2.640676e+00 -4.236573e+00
      vertex   2.939199e+00 2.504243e+00 -4.017686e+00
      vertex   3.379005e+00 2.422708e+00 -4.364883e+00
    endloop
  endfacet
  facet normal 5.057565e-01 -4.376320e-01 7.434302e-01
    outer loop
      vertex   3.379005e+00 2.422708e+00 -4.364883e+00
      vertex   2.939199e+00 2.504243e+00 -4.017686e+00
      vertex   2.939199e+00 2.297536e+00 -4.139367e+00
    endloop
  endfacet
  facet normal 5.057565e-01 -3.994162e-01 7.646418e-01
    outer loop
      vertex   3.379005e+00 2.422708e+00 -4.364883e+00
      vertex   2.939199e+00 2.297536e+00 -4.139367e+00
      vertex   3.379005e+00 2.198520e+00 -4.481989e+00
    endloop
  endfacet
  facet normal 5.057565e-01 -3.994162e-01 7.646418e-01
    outer loop
      vertex   3.379005e+00 2.198520e+00 -4.481989e+00
      vertex   2.939199e+00 2.297536e+00 -4.139367e+00
      vertex   2.939199e+00 2.084932e+00 -4.250422e+00
    endloop
  endfacet
  facet normal 5.057565e-01 -3.601751e-01 7.838904e-01
    outer loop
      vertex   3.379005e+00 2.198520e+00 -4.481989e+00
      vertex   2.939199e+00 2.084932e+00 -4.250422e+00
      vertex   3.379005e+00 1.968690e+00 -4.587589e+00
    endloop
  endfacet
  facet normal 5.057565e-01 -3.601751e-01 7.838904e-01
    outer loop
      vertex   3.379005e+00 1.968690e+00 -4.587589e+00
      vertex   2.939199e+00 2.084932e+00 -4.250422e+00
      vertex   2.939199e+00 1.866975e+00 -4.350567e+00
    endloop
  endfacet
  facet normal 5.057565e-01 -3.200094e-01 8.011269e-01
    outer loop
      vertex   3.379005e+00 1.968690e+00 -4.587589e+00
      vertex   2.939199e+00 1.866975e+00 -4.350567e+00
      vertex   3.379005e+00 1.733805e+00 -4.681414e+00
    endloop
  endfacet
  facet normal 5.057565e-01 -3.200094e-01 8.011269e-01
    outer loop
      vertex   3.379005e+00 1.733805e+00 -4.681414e+00
      vertex   2.939199e+00 1.866975e+00 -4.350567e+00
      vertex   2.939199e+00 1.644226e+00 -4.439544e+00
    endloop
  endfacet
  facet normal 5.057565e-01 -2.790223e-01 8.163069e-01
    outer loop
      vertex   3.379005e+00 1.733805e+00 -4.681414e+00
      vertex   2.939199e+00 1.644226e+00 -4.439544e+00
      vertex   3.379005e+00 1.494470e+00 -4.763221e+00
    endloop
  endfacet
  facet normal 5.057565e-01 -2.790223e-01 8.163069e-01
    outer loop
      vertex   3.379005e+00 1.494470e+00 -4.763221e+00
      vertex   2.939199e+00 1.644226e+00 -4.439544e+00
      vertex   2.939199e+00 1.417257e+00 -4.517124e+00
    endloop
  endfacet
  facet normal 5.057565e-01 -2.373189e-01 8.293914e-01
    outer loop
      vertex   3.379005e+00 1.494470e+00 -4.763221e+00
      vertex   2.939199e+00 1.417257e+00 -4.517124e+00
      vertex   3.379005e+00 1.251299e+00 -4.832801e+00
    endloop
  endfacet
  facet normal 5.057565e-01 -2.373189e-01 8.293914e-01
    outer loop
      vertex   3.379005e+00 1.251299e+00 -4.832801e+00
      vertex   2.939199e+00 1.417257e+00 -4.517124e+00
      vertex   2.939199e+00 1.186649e+00 -4.583110e+00
    endloop
  endfacet
  facet normal 5.057565e-01 -1.950063e-01 8.403469e-01
    outer loop
      vertex   3.379005e+00 1.251299e+00 -4.832801e+00
      vertex   2.939199e+00 1.186649e+00 -4.583110e+00
      vertex   3.379005e+00 1.004916e+00 -4.889976e+00
    endloop
  endfacet
  facet normal 5.057565e-01 -1.950063e-01 8.403469e-01
    outer loop
      vertex   3.379005e+00 1.004916e+00 -4.889976e+00
      vertex   2.939199e+00 1.186649e+00 -4.583110e+00
      vertex   2.939199e+00 9.529955e-01 -4.637330e+00
    endloop
  endfacet
  facet normal 5.057565e-01 -1.521931e-01 8.491452e-01
    outer loop
      vertex   3.379005e+00 1.004916e+00 -4.889976e+00
      vertex   2.939199e+00 9.529955e-01 -4.637330e+00
      vertex   3.379005e+00 7.559525e-01 -4.934597e+00
    endloop
  endfacet
  facet normal 5.057565e-01 -1.521931e-01 8.491452e-01
    outer loop
      vertex   3.379005e+00 7.559525e-01 -4.934597e+00
      vertex   2.939199e+00 9.529955e-01 -4.637330e+00
      vertex   2.939199e+00 7.168955e-01 -4.679646e+00
    endloop
  endfacet
  facet normal 5.057565e-01 -1.089893e-01 8.557638e-01
    outer loop
      vertex   3.379005e+00 7.559525e-01 -4.934597e+00
      vertex   2.939199e+00 7.168955e-01 -4.679646e+00
      vertex   3.379005e+00 5.050490e-01 -4.966552e+00
    endloop
  endfacet
  facet normal 5.057565e-01 -1.089893e-01 8.557638e-01
    outer loop
      vertex   3.379005e+00 5.050490e-01 -4.966552e+00
      vertex   2.939199e+00 7.168955e-01 -4.679646e+00
      vertex   2.939199e+00 4.789551e-01 -4.709950e+00
    endloop
  endfacet
  facet normal 5.057565e-01 -6.550569e-02 8.601856e-01
    outer loop
      vertex   3.379005e+00 5.050490e-01 -4.966552e+00
      vertex   2.939199e+00 4.789551e-01 -4.709950e+00
      vertex   3.379005e+00 2.528490e-01 -4.985758e+00
    endloop
  endfacet
  facet normal 5.057565e-01 -6.550569e-02 8.601856e-01
    outer loop
      vertex   3.379005e+00 2.528490e-01 -4.985758e+00
      vertex   2.939199e+00 4.789551e-01 -4.709950e+00
      vertex   2.939199e+00 2.397853e-01 -4.728164e+00
    endloop
  endfacet
  facet normal 5.057565e-01 -2.185393e-02 8.623994e-01
    outer loop
      vertex   3.379005e+00 2.528490e-01 -4.985758e+00
      vertex   2.939199e+00 2.397853e-01 -4.728164e+00
      vertex   3.379005e+00 -6.113639e-16 -4.992165e+00
    endloop
  endfacet
  facet normal 5.057565e-01 -2.185393e-02 8.623994e-01
    outer loop
      vertex   3.379005e+00 -6.113639e-16 -4.992165e+00
      vertex   2.939199e+00 2.397853e-01 -4.728164e+00
      vertex   2.939199e+00 5.797772e-16 -4.734240e+00
    endloop
  endfacet
  facet normal 5.057565e-01 2.185393e-02 8.623994e-01
    outer loop
      vertex   3.379005e+00 -6.113639e-16 -4.992165e+00
      vertex   2.939199e+00 5.797772e-16 -4.734240e+00
      vertex   3.379005e+00 -2.528490e-01 -4.985758e+00
    endloop
  endfacet
  facet normal 5.057565e-01 2.185393e-02 8.623994e-01
    outer loop
      vertex   3.379005e+00 -2.528490e-01 -4.985758e+00
      vertex   2.939199e+00 5.797772e-16 -4.734240e+00
      vertex   2.939199e+00 -2.397853e-01 -4.728164e+00
    endloop
  endfacet
  facet normal 5.057565e-01 6.550569e-02 8.601856e-01
    outer loop
      vertex   3.379005e+00 -2.528490e-01 -4.985758e+00
      vertex   2.939199e+00 -2.397853e-01 -4.728164e+00
      vertex   3.379005e+00 -5.050490e-01 -4.966552e+00
    endloop
  endfacet
  facet normal 5.057565e-01 6.550569e-02 8.601856e-01
    outer loop
      vertex   3.379005e+00 -5.050490e-01 -4.966552e+00
      vertex   2.939199e+00 -2.397853e-01 -4.728164e+00
      vertex   2.939199e+00 -4.789551e-01 -4.709950e+00
    endloop
  endfacet
  facet normal 5.057565e-01 1.089893e-01 8.557638e-01
    outer loop
      vertex   3.379005e+00 -5.050490e-01 -4.966552e+00
      vertex   2.939199e+00 -4.789551e-01 -4.709950e+00
      vertex   3.379005e+00 -7.559525e-01 -4.934597e+00
    endloop
  endfacet
  facet normal 5.057565e-01 1.089893e-01 8.557638e-01
    outer loop
      vertex   3.379005e+00 -7.559525e-01 -4.934597e+00
      vertex   2.939199e+00 -4.789551e-01 -4.709950e+00
      vertex   2.939199e+00 -7.168955e-01 -4.679646e+00
    endloop
  endfacet
  facet normal 5.057565e-01 1.521931e-01 8.491452e-01
    outer loop
      vertex   3.379005e+00 -7.559525e-01 -4.934597e+00
      vertex   2.939199e+00 -7.168955e-01 -4.679646e+00
      vertex   3.379005e+00 -1.004916e+00 -4.889976e+00
    endloop
  endfacet
  facet normal 5.057565e-01 1.521931e-01 8.491452e-01
    outer loop
      vertex   3.379005e+00 -1.004916e+00 -4.889976e+00
      vertex   2.939199e+00 -7.168955e-01 -4.679646e+00
      vertex   2.939199e+00 -9.529955e-01 -4.637330e+00
    endloop
  endfacet
  facet normal 5.057565e-01 1.950063e-01 8.403469e-01
    outer loop
      vertex   3.379005e+00 -1.004916e+00 -4.889976e+00
      vertex   2.939199e+00 -9.529955e-01 -4.637330e+00
      vertex   3.379005e+00 -1.251299e+00 -4.832801e+00
    endloop
  endfacet
  facet normal 5.057565e-01 1.950063e-01 8.403469e-01
    outer loop
      vertex   3.379005e+00 -1.251299e+00 -4.832801e+00
      vertex   2.939199e+00 -9.529955e-01 -4.637330e+00
      vertex   2.939199e+00 -1.186649e+00 -4.583110e+00
    endloop
  endfacet
  facet normal 5.057565e-01 2.373189e-01 8.293914e-01
    outer loop
      vertex   3.379005e+00 -1.251299e+00 -4.832801e+00
      vertex   2.939199e+00 -1.186649e+00 -4.583110e+00
      vertex   3.379005e+00 -1.494470e+00 -4.763221e+00
    endloop
  endfacet
  facet normal 5.057565e-01 2.373189e-01 8.293914e-01
    outer loop
      vertex   3.379005e+00 -1.494470e+00 -4.763221e+00
      vertex   2.939199e+00 -1.186649e+00 -4.583110e+00
      vertex   2.939199e+00 -1.417257e+00 -4.517124e+00
    endloop
  endfacet
  facet normal 5.057565e-01 2.790223e-01 8.163069e-01
    outer loop
      vertex   3.379005e+00 -1.494470e+00 -4.763221e+00
      vertex   2.939199e+00 -1.417257e+00 -4.517124e+00
      vertex   3.379005e+00 -1.733805e+00 -4.681414e+00
    endloop
  endfacet
  facet normal 5.057565e-01 2.790223e-01 8.163069e-01
    outer loop
      vertex   3.379005e+00 -1.733805e+00 -4.681414e+00
      vertex   2.939199e+00 -1.417257e+00 -4.517124e+00
      vertex   2.939199e+00 -1.644226e+00 -4.439544e+00
    endloop
  endfacet
  facet normal 5.057565e-01 3.200094e-01 8.011269e-01
    outer loop
      vertex   3.379005e+00 -1.733805e+00 -4.681414e+00
      vertex   2.939199e+00 -1.644226e+00 -4.439544e+00
      vertex   3.379005e+00 -1.968690e+00 -4.587589e+00
    endloop
  endfacet
  facet normal 5.057565e-01 3.200094e-01 8.011269e-01
    outer loop
      vertex   3.379005e+00 -1.968690e+00 -4.587589e+00
      vertex   2.939199e+00 -1.644226e+00 -4.439544e+00
      vertex   2.939199e+00 -1.866975e+00 -4.350567e+00
    endloop
  endfacet
  facet normal 5.057565e-01 3.601751e-01 7.838904e-01
    outer loop
      vertex   3.379005e+00 -1.968690e+00 -4.587589e+00
      vertex   2.939199e+00 -1.866975e+00 -4.350567e+00
      vertex   3.379005e+00 -2.198520e+00 -4.481989e+00
    endloop
  endfacet
  facet normal 5.057565e-01 3.601751e-01 7.838904e-01
    outer loop
      vertex   3.379005e+00 -2.198520e+00 -4.481989e+00
      vertex   2.939199e+00 -1.866975e+00 -4.350567e+00
      vertex   2.939199e+00 -2.084932e+00 -4.250422e+00
    endloop
  endfacet
  facet normal 5.057565e-01 3.994162e-01 7.646418e-01
    outer loop
      vertex   3.379005e+00 -2.198520e+00 -4.481989e+00
      vertex   2.939199e+00 -2.084932e+00 -4.250422e+00
      vertex   3.379005e+00 -2.422708e+00 -4.364883e+00
    endloop
  endfacet
  facet normal 5.057565e-01 3.994162e-01 7.646418e-01
    outer loop
      vertex   3.379005e+00 -2.422708e+00 -4.364883e+00
      vertex   2.939199e+00 -2.084932e+00 -4.250422e+00
      vertex   2.939199e+00 -2.297536e+00 -4.139367e+00
    endloop
  endfacet
  facet normal 5.057565e-01 4.376320e-01 7.434302e-01
    outer loop
      vertex   3.379005e+00 -2.422708e+00 -4.364883e+00
      vertex   2.939199e+00 -2.297536e+00 -4.139367e+00
      vertex   3.379005e+00 -2.640676e+00 -4.236573e+00
    endloop
  endfacet
  facet normal 5.057565e-01 4.376320e-01 7.434302e-01
    outer loop
      vertex   3.379005e+00 -2.640676e+00 -4.236573e+00
      vertex   2.939199e+00 -2.297536e+00 -4.139367e+00
      vertex   2.939199e+00 -2.504243e+00 -4.017686e+00
    endloop
  endfacet
  facet normal 5.053905e-01 4.930716e-01 7.081390e-01
    outer loop
      vertex   3.379005e+00 -2.640676e+00 -4.236573e+00
      vertex   2.939199e+00 -2.504243e+00 -4.017686e+00
      vertex   3.091671e+00 -2.829542e+00 -3.900000e+00
    endloop
  endfacet
  facet normal 4.496882e-01 4.826652e-01 7.515416e-01
    outer loop
      vertex   3.091671e+00 -2.829542e+00 -3.900000e+00
      vertex   2.939199e+00 -2.504243e+00 -4.017686e+00
      vertex   2.692178e+00 -2.457343e+00 -3.900000e+00
    endloop
  endfacet
  facet normal 4.521165e-01 4.524870e-01 7.686652e-01
    outer loop
      vertex   2.692178e+00 -2.457343e+00 -3.900000e+00
      vertex   2.939199e+00 -2.504243e+00 -4.017686e+00
      vertex   2.939199e+00 -2.297536e+00 -4.139367e+00
    endloop
  endfacet
  facet normal 4.334454e-01 4.760906e-01 7.651554e-01
    outer loop
      vertex   2.692178e+00 -2.457343e+00 -3.900000e+00
      vertex   2.939199e+00 -2.297536e+00 -4.139367e+00
      vertex   2.479834e+00 -2.190178e+00 -3.945945e+00
    endloop
  endfacet
  facet normal 4.337707e-01 4.171708e-01 7.986310e-01
    outer loop
      vertex   2.479834e+00 -2.190178e+00 -3.945945e+00
      vertex   2.939199e+00 -2.297536e+00 -4.139367e+00
      vertex   2.479834e+00 -1.987508e+00 -4.051811e+00
    endloop
  endfacet
  facet normal 3.771631e-01 4.288029e-01 8.208996e-01
    outer loop
      vertex   2.479834e+00 -2.190178e+00 -3.945945e+00
      vertex   2.479834e+00 -1.987508e+00 -4.051811e+00
      vertex   2.284672e+00 -2.106476e+00 -3.900000e+00
    endloop
  endfacet
  facet normal 4.121248e-01 3.804039e-01 8.279167e-01
    outer loop
      vertex   2.284672e+00 -2.106476e+00 -3.900000e+00
      vertex   2.479834e+00 -1.987508e+00 -4.051811e+00
      vertex   2.479834e+00 -1.779736e+00 -4.147276e+00
    endloop
  endfacet
  facet normal 3.584666e-01 4.177185e-01 8.348730e-01
    outer loop
      vertex   2.284672e+00 -2.106476e+00 -3.900000e+00
      vertex   2.479834e+00 -1.779736e+00 -4.147276e+00
      vertex   2.003965e+00 -1.707553e+00 -3.979070e+00
    endloop
  endfacet
  facet normal 3.589023e-01 3.462351e-01 8.667816e-01
    outer loop
      vertex   2.003965e+00 -1.707553e+00 -3.979070e+00
      vertex   2.479834e+00 -1.779736e+00 -4.147276e+00
      vertex   2.003965e+00 -1.503825e+00 -4.060449e+00
    endloop
  endfacet
  facet normal 2.922239e-01 3.547576e-01 8.881172e-01
    outer loop
      vertex   2.003965e+00 -1.707553e+00 -3.979070e+00
      vertex   2.003965e+00 -1.503825e+00 -4.060449e+00
      vertex   1.674140e+00 -1.633814e+00 -3.900000e+00
    endloop
  endfacet
  facet normal 2.814381e-01 3.757496e-01 8.829523e-01
    outer loop
      vertex   1.674140e+00 -1.633814e+00 -3.900000e+00
      vertex   2.003965e+00 -1.503825e+00 -4.060449e+00
      vertex   1.514761e+00 -1.453937e+00 -3.925747e+00
    endloop
  endfacet
  facet normal 2.374237e-01 3.405857e-01 9.097425e-01
    outer loop
      vertex   1.674140e+00 -1.633814e+00 -3.900000e+00
      vertex   1.514761e+00 -1.453937e+00 -3.925747e+00
      vertex   1.456321e+00 -1.481972e+00 -3.900000e+00
    endloop
  endfacet
  facet normal 2.293652e-01 3.544232e-01 9.065185e-01
    outer loop
      vertex   1.456321e+00 -1.481972e+00 -3.900000e+00
      vertex   1.514761e+00 -1.453937e+00 -3.925747e+00
      vertex   1.227205e+00 -1.333700e+00 -3.900000e+00
    endloop
  endfacet
  facet normal 2.148306e-01 3.158861e-01 9.241557e-01
    outer loop
      vertex   1.227205e+00 -1.333700e+00 -3.900000e+00
      vertex   1.514761e+00 -1.453937e+00 -3.925747e+00
      vertex   1.514761e+00 -1.253235e+00 -3.994349e+00
    endloop
  endfacet
  facet normal 2.319657e-01 2.675926e-01 9.351931e-01
    outer loop
      vertex   1.227205e+00 -1.333700e+00 -3.900000e+00
      vertex   1.514761e+00 -1.253235e+00 -3.994349e+00
      vertex   1.514761e+00 -1.049316e+00 -4.052698e+00
    endloop
  endfacet
  facet normal 2.816493e-01 2.639595e-01 9.224961e-01
    outer loop
      vertex   1.514761e+00 -1.049316e+00 -4.052698e+00
      vertex   1.514761e+00 -1.253235e+00 -3.994349e+00
      vertex   2.003965e+00 -1.296237e+00 -4.131405e+00
    endloop
  endfacet
  facet normal 2.816493e-01 2.639595e-01 9.224961e-01
    outer loop
      vertex   1.514761e+00 -1.049316e+00 -4.052698e+00
      vertex   2.003965e+00 -1.296237e+00 -4.131405e+00
      vertex   2.003965e+00 -1.085321e+00 -4.191756e+00
    endloop
  endfacet
  facet normal 3.589023e-01 2.567679e-01 8.973625e-01
    outer loop
      vertex   2.003965e+00 -1.085321e+00 -4.191756e+00
      vertex   2.003965e+00 -1.296237e+00 -4.131405e+00
      vertex   2.479834e+00 -1.351032e+00 -4.306051e+00
    endloop
  endfacet
  facet normal 3.589023e-01 2.567679e-01 8.973625e-01
    outer loop
      vertex   2.003965e+00 -1.085321e+00 -4.191756e+00
      vertex   2.479834e+00 -1.351032e+00 -4.306051e+00
      vertex   2.479834e+00 -1.131200e+00 -4.368953e+00
    endloop
  endfacet
  facet normal 4.337707e-01 2.478680e-01 8.662589e-01
    outer loop
      vertex   2.479834e+00 -1.131200e+00 -4.368953e+00
      vertex   2.479834e+00 -1.351032e+00 -4.306051e+00
      vertex   2.939199e+00 -1.417257e+00 -4.517124e+00
    endloop
  endfacet
  facet normal 4.337707e-01 2.478680e-01 8.662589e-01
    outer loop
      vertex   2.479834e+00 -1.131200e+00 -4.368953e+00
      vertex   2.939199e+00 -1.417257e+00 -4.517124e+00
      vertex   2.939199e+00 -1.186649e+00 -4.583110e+00
    endloop
  endfacet
  facet normal 4.645046e-01 -8.775922e-01 1.186061e-01
    outer loop
      vertex   2.949860e+00 4.708360e+00 -5.461907e-01
      vertex   2.915544e+00 4.668481e+00 -7.068702e-01
      vertex   2.939199e+00 4.679646e+00 -7.168955e-01
    endloop
  endfacet
  facet normal 4.717011e-01 -8.698942e-01 1.441601e-01
    outer loop
      vertex   2.939199e+00 4.679646e+00 -7.168955e-01
      vertex   2.915544e+00 4.668481e+00 -7.068702e-01
      vertex   2.873296e+00 4.619744e+00 -8.627214e-01
    endloop
  endfacet
  facet normal 4.502980e-01 -8.788735e-01 1.575214e-01
    outer loop
      vertex   2.939199e+00 4.679646e+00 -7.168955e-01
      vertex   2.873296e+00 4.619744e+00 -8.627214e-01
      vertex   2.939199e+00 4.637330e+00 -9.529955e-01
    endloop
  endfacet
  facet normal 4.675340e-01 -8.669972e-01 1.724178e-01
    outer loop
      vertex   2.939199e+00 4.637330e+00 -9.529955e-01
      vertex   2.873296e+00 4.619744e+00 -8.627214e-01
      vertex   2.823610e+00 4.562950e+00 -1.013573e+00
    endloop
  endfacet
  facet normal 4.531630e-01 -8.683541e-01 2.015055e-01
    outer loop
      vertex   2.939199e+00 4.637330e+00 -9.529955e-01
      vertex   2.823610e+00 4.562950e+00 -1.013573e+00
      vertex   2.939199e+00 4.583110e+00 -1.186649e+00
    endloop
  endfacet
  facet normal 4.646826e-01 -8.601782e-01 2.101512e-01
    outer loop
      vertex   2.939199e+00 4.583110e+00 -1.186649e+00
      vertex   2.823610e+00 4.562950e+00 -1.013573e+00
      vertex   2.703896e+00 4.428401e+00 -1.299595e+00
    endloop
  endfacet
  facet normal 4.472651e-01 -8.598925e-01 2.460464e-01
    outer loop
      vertex   2.939199e+00 4.583110e+00 -1.186649e+00
      vertex   2.703896e+00 4.428401e+00 -1.299595e+00
      vertex   2.939199e+00 4.517124e+00 -1.417257e+00
    endloop
  endfacet
  facet normal 4.522811e-01 -8.526707e-01 2.615233e-01
    outer loop
      vertex   2.939199e+00 4.517124e+00 -1.417257e+00
      vertex   2.703896e+00 4.428401e+00 -1.299595e+00
      vertex   2.560157e+00 4.271100e+00 -1.563875e+00
    endloop
  endfacet
  facet normal 4.393419e-01 -8.500346e-01 2.905508e-01
    outer loop
      vertex   2.939199e+00 4.517124e+00 -1.417257e+00
      vertex   2.560157e+00 4.271100e+00 -1.563875e+00
      vertex   2.939199e+00 4.439544e+00 -1.644226e+00
    endloop
  endfacet
  facet normal 4.409724e-01 -8.334853e-01 3.329349e-01
    outer loop
      vertex   2.939199e+00 4.439544e+00 -1.644226e+00
      vertex   2.560157e+00 4.271100e+00 -1.563875e+00
      vertex   2.939199e+00 4.350567e+00 -1.866975e+00
    endloop
  endfacet
  facet normal 4.335947e-01 -8.417918e-01 3.215311e-01
    outer loop
      vertex   2.939199e+00 4.350567e+00 -1.866975e+00
      vertex   2.560157e+00 4.271100e+00 -1.563875e+00
      vertex   2.479834e+00 4.147276e+00 -1.779736e+00
    endloop
  endfacet
  facet normal 4.029813e-01 -8.505322e-01 3.379363e-01
    outer loop
      vertex   2.479834e+00 4.147276e+00 -1.779736e+00
      vertex   2.560157e+00 4.271100e+00 -1.563875e+00
      vertex   2.395493e+00 4.096872e+00 -1.806020e+00
    endloop
  endfacet
  facet normal 3.816702e-01 -8.398849e-01 3.859030e-01
    outer loop
      vertex   2.479834e+00 4.147276e+00 -1.779736e+00
      vertex   2.395493e+00 4.096872e+00 -1.806020e+00
      vertex   2.479834e+00 4.051811e+00 -1.987508e+00
    endloop
  endfacet
  facet normal 3.851645e-01 -8.377804e-01 3.870043e-01
    outer loop
      vertex   2.479834e+00 4.051811e+00 -1.987508e+00
      vertex   2.395493e+00 4.096872e+00 -1.806020e+00
      vertex   2.212880e+00 3.911472e+00 -2.025627e+00
    endloop
  endfacet
  facet normal 3.712721e-01 -8.230067e-01 4.299035e-01
    outer loop
      vertex   2.479834e+00 4.051811e+00 -1.987508e+00
      vertex   2.212880e+00 3.911472e+00 -2.025627e+00
      vertex   2.479834e+00 3.945945e+00 -2.190178e+00
    endloop
  endfacet
  facet normal 3.702818e-01 -8.244461e-01 4.279953e-01
    outer loop
      vertex   2.479834e+00 3.945945e+00 -2.190178e+00
      vertex   2.212880e+00 3.911472e+00 -2.025627e+00
      vertex   2.015339e+00 3.720664e+00 -2.222277e+00
    endloop
  endfacet
  facet normal 3.551330e-01 -8.009192e-01 4.820882e-01
    outer loop
      vertex   2.479834e+00 3.945945e+00 -2.190178e+00
      vertex   2.015339e+00 3.720664e+00 -2.222277e+00
      vertex   2.003965e+00 3.674614e+00 -2.290404e+00
    endloop
  endfacet
  facet normal 3.269189e-01 -8.073878e-01 4.911711e-01
    outer loop
      vertex   2.003965e+00 3.674614e+00 -2.290404e+00
      vertex   2.015339e+00 3.720664e+00 -2.222277e+00
      vertex   1.805529e+00 3.530093e+00 -2.395889e+00
    endloop
  endfacet
  facet normal 3.009499e-01 -7.962625e-01 5.247811e-01
    outer loop
      vertex   2.003965e+00 3.674614e+00 -2.290404e+00
      vertex   1.805529e+00 3.530093e+00 -2.395889e+00
      vertex   2.003965e+00 3.553890e+00 -2.473581e+00
    endloop
  endfacet
  facet normal 3.024554e-01 -7.923404e-01 5.298277e-01
    outer loop
      vertex   2.003965e+00 3.553890e+00 -2.473581e+00
      vertex   1.805529e+00 3.530093e+00 -2.395889e+00
      vertex   1.585606e+00 3.345260e+00 -2.546758e+00
    endloop
  endfacet
  facet normal 2.859657e-01 -7.723684e-01 5.671602e-01
    outer loop
      vertex   2.003965e+00 3.553890e+00 -2.473581e+00
      vertex   1.585606e+00 3.345260e+00 -2.546758e+00
      vertex   2.003965e+00 3.424044e+00 -2.650407e+00
    endloop
  endfacet
  facet normal 2.895548e-01 -7.418151e-01 6.048705e-01
    outer loop
      vertex   2.003965e+00 3.424044e+00 -2.650407e+00
      vertex   1.585606e+00 3.345260e+00 -2.546758e+00
      vertex   2.003965e+00 3.285408e+00 -2.820431e+00
    endloop
  endfacet
  facet normal 3.589023e-01 -7.233803e-01 5.898390e-01
    outer loop
      vertex   2.003965e+00 3.424044e+00 -2.650407e+00
      vertex   2.003965e+00 3.285408e+00 -2.820431e+00
      vertex   2.479834e+00 3.424292e+00 -2.939658e+00
    endloop
  endfacet
  facet normal 3.589023e-01 -6.925770e-01 6.257205e-01
    outer loop
      vertex   2.479834e+00 3.424292e+00 -2.939658e+00
      vertex   2.003965e+00 3.285408e+00 -2.820431e+00
      vertex   2.479834e+00 3.271005e+00 -3.109322e+00
    endloop
  endfacet
  facet normal 4.337707e-01 -6.685715e-01 6.040324e-01
    outer loop
      vertex   2.479834e+00 3.424292e+00 -2.939658e+00
      vertex   2.479834e+00 3.271005e+00 -3.109322e+00
      vertex   2.939199e+00 3.431343e+00 -3.261735e+00
    endloop
  endfacet
  facet normal 4.337707e-01 -6.371197e-01 6.371197e-01
    outer loop
      vertex   2.939199e+00 3.431343e+00 -3.261735e+00
      vertex   2.479834e+00 3.271005e+00 -3.109322e+00
      vertex   2.939199e+00 3.261735e+00 -3.431343e+00
    endloop
  endfacet
  facet normal 2.815192e-01 -7.528154e-01 5.949924e-01
    outer loop
      vertex   2.003965e+00 3.285408e+00 -2.820431e+00
      vertex   1.585606e+00 3.345260e+00 -2.546758e+00
      vertex   1.514761e+00 3.176418e+00 -2.726865e+00
    endloop
  endfacet
  facet normal 2.260100e-01 -7.534586e-01 6.174298e-01
    outer loop
      vertex   1.514761e+00 3.176418e+00 -2.726865e+00
      vertex   1.585606e+00 3.345260e+00 -2.546758e+00
      vertex   1.357715e+00 3.171659e+00 -2.675186e+00
    endloop
  endfacet
  facet normal 2.257744e-01 -7.541685e-01 6.166488e-01
    outer loop
      vertex   1.514761e+00 3.176418e+00 -2.726865e+00
      vertex   1.357715e+00 3.171659e+00 -2.675186e+00
      vertex   1.123528e+00 3.014490e+00 -2.781662e+00
    endloop
  endfacet
  facet normal 2.085298e-01 -7.257012e-01 6.556471e-01
    outer loop
      vertex   1.514761e+00 3.176418e+00 -2.726865e+00
      vertex   1.123528e+00 3.014490e+00 -2.781662e+00
      vertex   1.514761e+00 3.034227e+00 -2.884248e+00
    endloop
  endfacet
  facet normal 2.024290e-01 -7.519900e-01 6.273225e-01
    outer loop
      vertex   1.514761e+00 3.034227e+00 -2.884248e+00
      vertex   1.123528e+00 3.014490e+00 -2.781662e+00
      vertex   8.741787e-01 2.873879e+00 -2.869755e+00
    endloop
  endfacet
  facet normal 1.810922e-01 -6.573323e-01 7.315189e-01
    outer loop
      vertex   1.514761e+00 3.034227e+00 -2.884248e+00
      vertex   8.741787e-01 2.873879e+00 -2.869755e+00
      vertex   1.015476e+00 2.813084e+00 -2.959363e+00
    endloop
  endfacet
  facet normal 1.323729e-01 -7.107146e-01 6.909141e-01
    outer loop
      vertex   1.015476e+00 2.813084e+00 -2.959363e+00
      vertex   8.741787e-01 2.873879e+00 -2.869755e+00
      vertex   6.073442e-01 2.757962e+00 -2.937871e+00
    endloop
  endfacet
  facet normal 1.285416e-01 -6.648234e-01 7.358579e-01
    outer loop
      vertex   1.015476e+00 2.813084e+00 -2.959363e+00
      vertex   6.073442e-01 2.757962e+00 -2.937871e+00
      vertex   1.015476e+00 2.659584e+00 -3.098045e+00
    endloop
  endfacet
  facet normal 1.219958e-01 -6.764462e-01 7.263178e-01
    outer loop
      vertex   1.015476e+00 2.659584e+00 -3.098045e+00
      vertex   6.073442e-01 2.757962e+00 -2.937871e+00
      vertex   5.094330e-01 2.619036e+00 -3.050812e+00
    endloop
  endfacet
  facet normal 1.220557e-01 -6.272172e-01 7.692211e-01
    outer loop
      vertex   1.015476e+00 2.659584e+00 -3.098045e+00
      vertex   5.094330e-01 2.619036e+00 -3.050812e+00
      vertex   1.015476e+00 2.499258e+00 -3.228775e+00
    endloop
  endfacet
  facet normal 1.220557e-01 -6.272172e-01 7.692211e-01
    outer loop
      vertex   1.015476e+00 2.499258e+00 -3.228775e+00
      vertex   5.094330e-01 2.619036e+00 -3.050812e+00
      vertex   5.094330e-01 2.461154e+00 -3.179548e+00
    endloop
  endfacet
  facet normal 1.220557e-01 -5.874517e-01 8.000018e-01
    outer loop
      vertex   1.015476e+00 2.499258e+00 -3.228775e+00
      vertex   5.094330e-01 2.461154e+00 -3.179548e+00
      vertex   1.015476e+00 2.332515e+00 -3.351216e+00
    endloop
  endfacet
  facet normal 1.220557e-01 -5.874517e-01 8.000018e-01
    outer loop
      vertex   1.015476e+00 2.332515e+00 -3.351216e+00
      vertex   5.094330e-01 2.461154e+00 -3.179548e+00
      vertex   5.094330e-01 2.296953e+00 -3.300123e+00
    endloop
  endfacet
  facet normal 1.220557e-01 -5.461783e-01 8.287289e-01
    outer loop
      vertex   1.015476e+00 2.332515e+00 -3.351216e+00
      vertex   5.094330e-01 2.296953e+00 -3.300123e+00
      vertex   1.015476e+00 2.159785e+00 -3.465054e+00
    endloop
  endfacet
  facet normal 1.220557e-01 -5.461783e-01 8.287289e-01
    outer loop
      vertex   1.015476e+00 2.159785e+00 -3.465054e+00
      vertex   5.094330e-01 2.296953e+00 -3.300123e+00
      vertex   5.094330e-01 2.126857e+00 -3.412226e+00
    endloop
  endfacet
  facet normal 1.220557e-01 -5.035029e-01 8.553287e-01
    outer loop
      vertex   1.015476e+00 2.159785e+00 -3.465054e+00
      vertex   5.094330e-01 2.126857e+00 -3.412226e+00
      vertex   1.015476e+00 1.981511e+00 -3.569998e+00
    endloop
  endfacet
  facet normal 1.220557e-01 -5.035029e-01 8.553287e-01
    outer loop
      vertex   1.015476e+00 1.981511e+00 -3.569998e+00
      vertex   5.094330e-01 2.126857e+00 -3.412226e+00
      vertex   5.094330e-01 1.951300e+00 -3.515570e+00
    endloop
  endfacet
  facet normal 1.220557e-01 -4.595349e-01 8.797329e-01
    outer loop
      vertex   1.015476e+00 1.981511e+00 -3.569998e+00
      vertex   5.094330e-01 1.951300e+00 -3.515570e+00
      vertex   1.015476e+00 1.798150e+00 -3.665778e+00
    endloop
  endfacet
  facet normal 1.220557e-01 -4.595349e-01 8.797329e-01
    outer loop
      vertex   1.015476e+00 1.798150e+00 -3.665778e+00
      vertex   5.094330e-01 1.951300e+00 -3.515570e+00
      vertex   5.094330e-01 1.770735e+00 -3.609889e+00
    endloop
  endfacet
  facet normal 1.220557e-01 -4.143874e-01 9.018789e-01
    outer loop
      vertex   1.015476e+00 1.798150e+00 -3.665778e+00
      vertex   5.094330e-01 1.770735e+00 -3.609889e+00
      vertex   1.015476e+00 1.610174e+00 -3.752148e+00
    endloop
  endfacet
  facet normal 1.220557e-01 -4.143874e-01 9.018789e-01
    outer loop
      vertex   1.015476e+00 1.610174e+00 -3.752148e+00
      vertex   5.094330e-01 1.770735e+00 -3.609889e+00
      vertex   5.094330e-01 1.585625e+00 -3.694942e+00
    endloop
  endfacet
  facet normal 1.220557e-01 -3.681761e-01 9.217097e-01
    outer loop
      vertex   1.015476e+00 1.610174e+00 -3.752148e+00
      vertex   5.094330e-01 1.585625e+00 -3.694942e+00
      vertex   1.015476e+00 1.418064e+00 -3.828886e+00
    endloop
  endfacet
  facet normal 1.220557e-01 -3.681761e-01 9.217097e-01
    outer loop
      vertex   1.015476e+00 1.418064e+00 -3.828886e+00
      vertex   5.094330e-01 1.585625e+00 -3.694942e+00
      vertex   5.094330e-01 1.396444e+00 -3.770510e+00
    endloop
  endfacet
  facet normal 1.220557e-01 -3.210197e-01 9.391745e-01
    outer loop
      vertex   1.015476e+00 1.418064e+00 -3.828886e+00
      vertex   5.094330e-01 1.396444e+00 -3.770510e+00
      vertex   1.015476e+00 1.222314e+00 -3.895795e+00
    endloop
  endfacet
  facet normal 1.220557e-01 -3.210197e-01 9.391745e-01
    outer loop
      vertex   1.015476e+00 1.222314e+00 -3.895795e+00
      vertex   5.094330e-01 1.396444e+00 -3.770510e+00
      vertex   5.094330e-01 1.203678e+00 -3.836400e+00
    endloop
  endfacet
  facet normal 1.220557e-01 -2.730393e-01 9.542285e-01
    outer loop
      vertex   1.015476e+00 1.222314e+00 -3.895795e+00
      vertex   5.094330e-01 1.203678e+00 -3.836400e+00
      vertex   1.015476e+00 1.023426e+00 -3.952704e+00
    endloop
  endfacet
  facet normal 1.220557e-01 -2.730393e-01 9.542285e-01
    outer loop
      vertex   1.015476e+00 1.023426e+00 -3.952704e+00
      vertex   5.094330e-01 1.203678e+00 -3.836400e+00
      vertex   5.094330e-01 1.007823e+00 -3.892441e+00
    endloop
  endfacet
  facet normal 1.220557e-01 -2.243580e-01 9.668329e-01
    outer loop
      vertex   1.015476e+00 1.023426e+00 -3.952704e+00
      vertex   5.094330e-01 1.007823e+00 -3.892441e+00
      vertex   1.015476e+00 8.219113e-01 -3.999467e+00
    endloop
  endfacet
  facet normal 1.220557e-01 -2.243580e-01 9.668329e-01
    outer loop
      vertex   1.015476e+00 8.219113e-01 -3.999467e+00
      vertex   5.094330e-01 1.007823e+00 -3.892441e+00
      vertex   5.094330e-01 8.093804e-01 -3.938490e+00
    endloop
  endfacet
  facet normal 1.220557e-01 -1.751007e-01 9.769555e-01
    outer loop
      vertex   1.015476e+00 8.219113e-01 -3.999467e+00
      vertex   5.094330e-01 8.093804e-01 -3.938490e+00
      vertex   1.015476e+00 6.182867e-01 -4.035963e+00
    endloop
  endfacet
  facet normal 1.220557e-01 -1.751007e-01 9.769555e-01
    outer loop
      vertex   1.015476e+00 6.182867e-01 -4.035963e+00
      vertex   5.094330e-01 8.093804e-01 -3.938490e+00
      vertex   5.094330e-01 6.088603e-01 -3.974430e+00
    endloop
  endfacet
  facet normal 1.220557e-01 -1.253940e-01 9.845703e-01
    outer loop
      vertex   1.015476e+00 6.182867e-01 -4.035963e+00
      vertex   5.094330e-01 6.088603e-01 -3.974430e+00
      vertex   1.015476e+00 4.130750e-01 -4.062098e+00
    endloop
  endfacet
  facet normal 1.220557e-01 -1.253940e-01 9.845703e-01
    outer loop
      vertex   1.015476e+00 4.130750e-01 -4.062098e+00
      vertex   5.094330e-01 6.088603e-01 -3.974430e+00
      vertex   5.094330e-01 4.067772e-01 -4.000167e+00
    endloop
  endfacet
  facet normal 1.220557e-01 -7.536538e-02 9.896577e-01
    outer loop
      vertex   1.015476e+00 4.130750e-01 -4.062098e+00
      vertex   5.094330e-01 4.067772e-01 -4.000167e+00
      vertex   1.015476e+00 2.068029e-01 -4.077806e+00
    endloop
  endfacet
  facet normal 1.220557e-01 -7.536538e-02 9.896577e-01
    outer loop
      vertex   1.015476e+00 2.068029e-01 -4.077806e+00
      vertex   5.094330e-01 4.067772e-01 -4.000167e+00
      vertex   5.094330e-01 2.036500e-01 -4.015636e+00
    endloop
  endfacet
  facet normal 1.220557e-01 -2.514331e-02 9.922047e-01
    outer loop
      vertex   1.015476e+00 2.068029e-01 -4.077806e+00
      vertex   5.094330e-01 2.036500e-01 -4.015636e+00
      vertex   1.015476e+00 5.000290e-16 -4.083047e+00
    endloop
  endfacet
  facet normal 1.220557e-01 -2.514331e-02 9.922047e-01
    outer loop
      vertex   1.015476e+00 5.000290e-16 -4.083047e+00
      vertex   5.094330e-01 2.036500e-01 -4.015636e+00
      vertex   5.094330e-01 4.924055e-16 -4.020796e+00
    endloop
  endfacet
  facet normal 1.220557e-01 2.514331e-02 9.922047e-01
    outer loop
      vertex   1.015476e+00 5.000290e-16 -4.083047e+00
      vertex   5.094330e-01 4.924055e-16 -4.020796e+00
      vertex   1.015476e+00 -2.068029e-01 -4.077806e+00
    endloop
  endfacet
  facet normal 1.220557e-01 2.514331e-02 9.922047e-01
    outer loop
      vertex   1.015476e+00 -2.068029e-01 -4.077806e+00
      vertex   5.094330e-01 4.924055e-16 -4.020796e+00
      vertex   5.094330e-01 -2.036500e-01 -4.015636e+00
    endloop
  endfacet
  facet normal 1.220557e-01 7.536538e-02 9.896577e-01
    outer loop
      vertex   1.015476e+00 -2.068029e-01 -4.077806e+00
      vertex   5.094330e-01 -2.036500e-01 -4.015636e+00
      vertex   1.015476e+00 -4.130750e-01 -4.062098e+00
    endloop
  endfacet
  facet normal 1.220557e-01 7.536538e-02 9.896577e-01
    outer loop
      vertex   1.015476e+00 -4.130750e-01 -4.062098e+00
      vertex   5.094330e-01 -2.036500e-01 -4.015636e+00
      vertex   5.094330e-01 -4.067772e-01 -4.000167e+00
    endloop
  endfacet
  facet normal 1.220557e-01 1.253940e-01 9.845703e-01
    outer loop
      vertex   1.015476e+00 -4.130750e-01 -4.062098e+00
      vertex   5.094330e-01 -4.067772e-01 -4.000167e+00
      vertex   1.015476e+00 -6.182867e-01 -4.035963e+00
    endloop
  endfacet
  facet normal 1.220557e-01 1.253940e-01 9.845703e-01
    outer loop
      vertex   1.015476e+00 -6.182867e-01 -4.035963e+00
      vertex   5.094330e-01 -4.067772e-01 -4.000167e+00
      vertex   5.094330e-01 -6.088603e-01 -3.974430e+00
    endloop
  endfacet
  facet normal 1.220557e-01 1.751007e-01 9.769555e-01
    outer loop
      vertex   1.015476e+00 -6.182867e-01 -4.035963e+00
      vertex   5.094330e-01 -6.088603e-01 -3.974430e+00
      vertex   1.015476e+00 -8.219113e-01 -3.999467e+00
    endloop
  endfacet
  facet normal 1.220557e-01 1.751007e-01 9.769555e-01
    outer loop
      vertex   1.015476e+00 -8.219113e-01 -3.999467e+00
      vertex   5.094330e-01 -6.088603e-01 -3.974430e+00
      vertex   5.094330e-01 -8.093804e-01 -3.938490e+00
    endloop
  endfacet
  facet normal 1.220652e-01 2.211236e-01 9.675766e-01
    outer loop
      vertex   1.015476e+00 -8.219113e-01 -3.999467e+00
      vertex   5.094330e-01 -8.093804e-01 -3.938490e+00
      vertex   5.203232e-01 -9.838156e-01 -3.900000e+00
    endloop
  endfacet
  facet normal 5.735679e-02 2.185326e-01 9.741425e-01
    outer loop
      vertex   5.203232e-01 -9.838156e-01 -3.900000e+00
      vertex   5.094330e-01 -8.093804e-01 -3.938490e+00
      vertex   2.587157e-01 -9.151532e-01 -3.900000e+00
    endloop
  endfacet
  facet normal 3.849016e-02 2.598799e-01 9.648735e-01
    outer loop
      vertex   2.587157e-01 -9.151532e-01 -3.900000e+00
      vertex   5.094330e-01 -8.093804e-01 -3.938490e+00
      vertex   1.275459e-01 -8.957260e-01 -3.900000e+00
    endloop
  endfacet
  facet normal 4.073521e-02 2.509608e-01 9.671398e-01
    outer loop
      vertex   1.275459e-01 -8.957260e-01 -3.900000e+00
      vertex   5.094330e-01 -8.093804e-01 -3.938490e+00
      vertex   8.281506e-16 -8.051941e-01 -3.918120e+00
    endloop
  endfacet
  facet normal 1.146613e-02 2.117499e-01 9.772566e-01
    outer loop
      vertex   1.275459e-01 -8.957260e-01 -3.900000e+00
      vertex   8.281506e-16 -8.051941e-01 -3.918120e+00
      vertex   -1.132659e-13 -8.888194e-01 -3.900000e+00
    endloop
  endfacet
  facet normal -1.146613e-02 2.117499e-01 9.772566e-01
    outer loop
      vertex   -1.132659e-13 -8.888194e-01 -3.900000e+00
      vertex   8.281506e-16 -8.051941e-01 -3.918120e+00
      vertex   -1.275459e-01 -8.957260e-01 -3.900000e+00
    endloop
  endfacet
  facet normal -4.073521e-02 2.509608e-01 9.671398e-01
    outer loop
      vertex   -1.275459e-01 -8.957260e-01 -3.900000e+00
      vertex   8.281506e-16 -8.051941e-01 -3.918120e+00
      vertex   -5.094330e-01 -8.093804e-01 -3.938490e+00
    endloop
  endfacet
  facet normal -3.849016e-02 2.598799e-01 9.648735e-01
    outer loop
      vertex   -1.275459e-01 -8.957260e-01 -3.900000e+00
      vertex   -5.094330e-01 -8.093804e-01 -3.938490e+00
      vertex   -2.587157e-01 -9.151532e-01 -3.900000e+00
    endloop
  endfacet
  facet normal -5.735679e-02 2.185326e-01 9.741425e-01
    outer loop
      vertex   -2.587157e-01 -9.151532e-01 -3.900000e+00
      vertex   -5.094330e-01 -8.093804e-01 -3.938490e+00
      vertex   -5.203232e-01 -9.838156e-01 -3.900000e+00
    endloop
  endfacet
  facet normal -1.220652e-01 2.211236e-01 9.675766e-01
    outer loop
      vertex   -5.203232e-01 -9.838156e-01 -3.900000e+00
      vertex   -5.094330e-01 -8.093804e-01 -3.938490e+00
      vertex   -1.015476e+00 -8.219113e-01 -3.999467e+00
    endloop
  endfacet
  facet normal -1.208759e-01 2.243906e-01 9.669736e-01
    outer loop
      vertex   -5.203232e-01 -9.838156e-01 -3.900000e+00
      vertex   -1.015476e+00 -8.219113e-01 -3.999467e+00
      vertex   -1.015476e+00 -1.023426e+00 -3.952704e+00
    endloop
  endfacet
  facet normal -2.025252e-01 2.213637e-01 9.539296e-01
    outer loop
      vertex   -1.015476e+00 -1.023426e+00 -3.952704e+00
      vertex   -1.015476e+00 -8.219113e-01 -3.999467e+00
      vertex   -1.514761e+00 -8.427036e-01 -4.100643e+00
    endloop
  endfacet
  facet normal -2.025252e-01 2.213637e-01 9.539296e-01
    outer loop
      vertex   -1.015476e+00 -1.023426e+00 -3.952704e+00
      vertex   -1.514761e+00 -8.427036e-01 -4.100643e+00
      vertex   -1.514761e+00 -1.049316e+00 -4.052698e+00
    endloop
  endfacet
  facet normal -2.816493e-01 2.168971e-01 9.346814e-01
    outer loop
      vertex   -1.514761e+00 -1.049316e+00 -4.052698e+00
      vertex   -1.514761e+00 -8.427036e-01 -4.100643e+00
      vertex   -2.003965e+00 -8.716188e-01 -4.241346e+00
    endloop
  endfacet
  facet normal -2.816493e-01 2.168971e-01 9.346814e-01
    outer loop
      vertex   -1.514761e+00 -1.049316e+00 -4.052698e+00
      vertex   -2.003965e+00 -8.716188e-01 -4.241346e+00
      vertex   -2.003965e+00 -1.085321e+00 -4.191756e+00
    endloop
  endfacet
  facet normal -3.589023e-01 2.109876e-01 9.092158e-01
    outer loop
      vertex   -2.003965e+00 -1.085321e+00 -4.191756e+00
      vertex   -2.003965e+00 -8.716188e-01 -4.241346e+00
      vertex   -2.479834e+00 -9.084645e-01 -4.420640e+00
    endloop
  endfacet
  facet normal -3.589023e-01 2.109876e-01 9.092158e-01
    outer loop
      vertex   -2.003965e+00 -1.085321e+00 -4.191756e+00
      vertex   -2.479834e+00 -9.084645e-01 -4.420640e+00
      vertex   -2.479834e+00 -1.131200e+00 -4.368953e+00
    endloop
  endfacet
  facet normal -4.337707e-01 2.036746e-01 8.777013e-01
    outer loop
      vertex   -2.479834e+00 -1.131200e+00 -4.368953e+00
      vertex   -2.479834e+00 -9.084645e-01 -4.420640e+00
      vertex   -2.939199e+00 -9.529955e-01 -4.637330e+00
    endloop
  endfacet
  facet normal -4.337707e-01 2.036746e-01 8.777013e-01
    outer loop
      vertex   -2.479834e+00 -1.131200e+00 -4.368953e+00
      vertex   -2.939199e+00 -9.529955e-01 -4.637330e+00
      vertex   -2.939199e+00 -1.186649e+00 -4.583110e+00
    endloop
  endfacet
  facet normal -5.057565e-01 1.950063e-01 8.403469e-01
    outer loop
      vertex   -2.939199e+00 -1.186649e+00 -4.583110e+00
      vertex   -2.939199e+00 -9.529955e-01 -4.637330e+00
      vertex   -3.379005e+00 -1.004916e+00 -4.889976e+00
    endloop
  endfacet
  facet normal -5.057565e-01 1.950063e-01 8.403469e-01
    outer loop
      vertex   -2.939199e+00 -1.186649e+00 -4.583110e+00
      vertex   -3.379005e+00 -1.004916e+00 -4.889976e+00
      vertex   -3.379005e+00 -1.251299e+00 -4.832801e+00
    endloop
  endfacet
  facet normal -5.566384e-01 1.877905e-01 8.092517e-01
    outer loop
      vertex   -3.379005e+00 -1.251299e+00 -4.832801e+00
      vertex   -3.379005e+00 -1.004916e+00 -4.889976e+00
      vertex   -3.474805e+00 -1.189308e+00 -4.913082e+00
    endloop
  endfacet
  facet normal -5.316173e-01 2.330022e-01 8.143052e-01
    outer loop
      vertex   -3.379005e+00 -1.251299e+00 -4.832801e+00
      vertex   -3.474805e+00 -1.189308e+00 -4.913082e+00
      vertex   -3.379005e+00 -1.494470e+00 -4.763221e+00
    endloop
  endfacet
  facet normal -5.230043e-01 2.377639e-01 8.184955e-01
    outer loop
      vertex   -3.379005e+00 -1.494470e+00 -4.763221e+00
      vertex   -3.474805e+00 -1.189308e+00 -4.913082e+00
      vertex   -3.474805e+00 -1.628060e+00 -4.785629e+00
    endloop
  endfacet
  facet normal -5.579647e-01 2.684098e-01 7.852589e-01
    outer loop
      vertex   -3.379005e+00 -1.494470e+00 -4.763221e+00
      vertex   -3.474805e+00 -1.628060e+00 -4.785629e+00
      vertex   -3.379005e+00 -1.733805e+00 -4.681414e+00
    endloop
  endfacet
  facet normal -5.211480e-01 3.111102e-01 7.947422e-01
    outer loop
      vertex   -3.379005e+00 -1.733805e+00 -4.681414e+00
      vertex   -3.474805e+00 -1.628060e+00 -4.785629e+00
      vertex   -3.474805e+00 -2.053513e+00 -4.619081e+00
    endloop
  endfacet
  facet normal -5.352832e-01 3.133310e-01 7.844078e-01
    outer loop
      vertex   -3.379005e+00 -1.733805e+00 -4.681414e+00
      vertex   -3.474805e+00 -2.053513e+00 -4.619081e+00
      vertex   -3.379005e+00 -1.968690e+00 -4.587589e+00
    endloop
  endfacet
  facet normal -5.556822e-01 3.471148e-01 7.554658e-01
    outer loop
      vertex   -3.379005e+00 -1.968690e+00 -4.587589e+00
      vertex   -3.474805e+00 -2.053513e+00 -4.619081e+00
      vertex   -3.379005e+00 -2.198520e+00 -4.481989e+00
    endloop
  endfacet
  facet normal -5.057565e-01 3.601751e-01 7.838904e-01
    outer loop
      vertex   -3.379005e+00 -1.968690e+00 -4.587589e+00
      vertex   -3.379005e+00 -2.198520e+00 -4.481989e+00
      vertex   -2.939199e+00 -2.084932e+00 -4.250422e+00
    endloop
  endfacet
  facet normal -5.057565e-01 3.994162e-01 7.646418e-01
    outer loop
      vertex   -2.939199e+00 -2.084932e+00 -4.250422e+00
      vertex   -3.379005e+00 -2.198520e+00 -4.481989e+00
      vertex   -2.939199e+00 -2.297536e+00 -4.139367e+00
    endloop
  endfacet
  facet normal -4.337707e-01 4.171708e-01 7.986310e-01
    outer loop
      vertex   -2.939199e+00 -2.084932e+00 -4.250422e+00
      vertex   -2.939199e+00 -2.297536e+00 -4.139367e+00
      vertex   -2.479834e+00 -2.190178e+00 -3.945945e+00
    endloop
  endfacet
  facet normal -4.334454e-01 4.760906e-01 7.651554e-01
    outer loop
      vertex   -2.479834e+00 -2.190178e+00 -3.945945e+00
      vertex   -2.939199e+00 -2.297536e+00 -4.139367e+00
      vertex   -2.692178e+00 -2.457343e+00 -3.900000e+00
    endloop
  endfacet
  facet normal -3.808665e-01 4.423485e-01 8.119535e-01
    outer loop
      vertex   -2.479834e+00 -2.190178e+00 -3.945945e+00
      vertex   -2.692178e+00 -2.457343e+00 -3.900000e+00
      vertex   -2.284672e+00 -2.106476e+00 -3.900000e+00
    endloop
  endfacet
  facet normal 7.797223e-02 -6.613975e-01 7.459717e-01
    outer loop
      vertex   6.073442e-01 2.757962e+00 -2.937871e+00
      vertex   4.682441e-01 2.712951e+00 -2.963239e+00
      vertex   5.094330e-01 2.619036e+00 -3.050812e+00
    endloop
  endfacet
  facet normal 6.173460e-02 -6.660622e-01 7.433371e-01
    outer loop
      vertex   5.094330e-01 2.619036e+00 -3.050812e+00
      vertex   4.682441e-01 2.712951e+00 -2.963239e+00
      vertex   3.267385e-01 2.678686e+00 -2.982190e+00
    endloop
  endfacet
  facet normal 4.644722e-02 -6.893819e-01 7.229075e-01
    outer loop
      vertex   5.094330e-01 2.619036e+00 -3.050812e+00
      vertex   3.267385e-01 2.678686e+00 -2.982190e+00
      vertex   1.829552e-01 2.656140e+00 -2.994453e+00
    endloop
  endfacet
  facet normal 2.750217e-02 -7.543292e-01 6.559200e-01
    outer loop
      vertex   1.829552e-01 2.656140e+00 -2.994453e+00
      vertex   3.675844e-02 2.646176e+00 -2.999781e+00
      vertex   5.094330e-01 2.619036e+00 -3.050812e+00
    endloop
  endfacet
  facet normal 4.076719e-02 -6.750642e-01 7.366317e-01
    outer loop
      vertex   5.094330e-01 2.619036e+00 -3.050812e+00
      vertex   3.675844e-02 2.646176e+00 -2.999781e+00
      vertex   7.192147e-16 2.605490e+00 -3.035032e+00
    endloop
  endfacet
  facet normal 4.077552e-02 -6.314165e-01 7.743711e-01
    outer loop
      vertex   5.094330e-01 2.619036e+00 -3.050812e+00
      vertex   7.192147e-16 2.605490e+00 -3.035032e+00
      vertex   5.094330e-01 2.461154e+00 -3.179548e+00
    endloop
  endfacet
  facet normal 4.077552e-02 -6.314165e-01 7.743711e-01
    outer loop
      vertex   5.094330e-01 2.461154e+00 -3.179548e+00
      vertex   7.192147e-16 2.605490e+00 -3.035032e+00
      vertex   7.350132e-16 2.448424e+00 -3.163103e+00
    endloop
  endfacet
  facet normal 4.077552e-02 -5.913848e-01 8.053579e-01
    outer loop
      vertex   5.094330e-01 2.461154e+00 -3.179548e+00
      vertex   7.350132e-16 2.448424e+00 -3.163103e+00
      vertex   5.094330e-01 2.296953e+00 -3.300123e+00
    endloop
  endfacet
  facet normal 4.077552e-02 -5.913848e-01 8.053579e-01
    outer loop
      vertex   5.094330e-01 2.296953e+00 -3.300123e+00
      vertex   7.350132e-16 2.448424e+00 -3.163103e+00
      vertex   7.498101e-16 2.285073e+00 -3.283054e+00
    endloop
  endfacet
  facet normal 4.077552e-02 -5.498351e-01 8.342774e-01
    outer loop
      vertex   5.094330e-01 2.296953e+00 -3.300123e+00
      vertex   7.498101e-16 2.285073e+00 -3.283054e+00
      vertex   5.094330e-01 2.126857e+00 -3.412226e+00
    endloop
  endfacet
  facet normal 4.077552e-02 -5.498351e-01 8.342774e-01
    outer loop
      vertex   5.094330e-01 2.126857e+00 -3.412226e+00
      vertex   7.498101e-16 2.285073e+00 -3.283054e+00
      vertex   7.635674e-16 2.115856e+00 -3.394577e+00
    endloop
  endfacet
  facet normal 4.077552e-02 -5.068739e-01 8.610553e-01
    outer loop
      vertex   5.094330e-01 2.126857e+00 -3.412226e+00
      vertex   7.635674e-16 2.115856e+00 -3.394577e+00
      vertex   5.094330e-01 1.951300e+00 -3.515570e+00
    endloop
  endfacet
  facet normal 4.077552e-02 -5.068739e-01 8.610553e-01
    outer loop
      vertex   5.094330e-01 1.951300e+00 -3.515570e+00
      vertex   7.635674e-16 2.115856e+00 -3.394577e+00
      vertex   7.762498e-16 1.941208e+00 -3.497386e+00
    endloop
  endfacet
  facet normal 4.077552e-02 -4.626116e-01 8.856229e-01
    outer loop
      vertex   5.094330e-01 1.951300e+00 -3.515570e+00
      vertex   7.762498e-16 1.941208e+00 -3.497386e+00
      vertex   5.094330e-01 1.770735e+00 -3.609889e+00
    endloop
  endfacet
  facet normal 4.077552e-02 -4.626116e-01 8.856229e-01
    outer loop
      vertex   5.094330e-01 1.770735e+00 -3.609889e+00
      vertex   7.762498e-16 1.941208e+00 -3.497386e+00
      vertex   7.878247e-16 1.761577e+00 -3.591218e+00
    endloop
  endfacet
  facet normal 4.077552e-02 -4.171618e-01 9.079171e-01
    outer loop
      vertex   5.094330e-01 1.770735e+00 -3.609889e+00
      vertex   7.878247e-16 1.761577e+00 -3.591218e+00
      vertex   5.094330e-01 1.585625e+00 -3.694942e+00
    endloop
  endfacet
  facet normal 4.077552e-02 -4.171618e-01 9.079171e-01
    outer loop
      vertex   5.094330e-01 1.585625e+00 -3.694942e+00
      vertex   7.878247e-16 1.761577e+00 -3.591218e+00
      vertex   7.982624e-16 1.577423e+00 -3.675831e+00
    endloop
  endfacet
  facet normal 4.077552e-02 -3.706411e-01 9.278807e-01
    outer loop
      vertex   5.094330e-01 1.585625e+00 -3.694942e+00
      vertex   7.982624e-16 1.577423e+00 -3.675831e+00
      vertex   5.094330e-01 1.396444e+00 -3.770510e+00
    endloop
  endfacet
  facet normal 4.077552e-02 -3.706411e-01 9.278807e-01
    outer loop
      vertex   5.094330e-01 1.396444e+00 -3.770510e+00
      vertex   7.982624e-16 1.577423e+00 -3.675831e+00
      vertex   8.075361e-16 1.389221e+00 -3.751009e+00
    endloop
  endfacet
  facet normal 4.077552e-02 -3.231690e-01 9.454624e-01
    outer loop
      vertex   5.094330e-01 1.396444e+00 -3.770510e+00
      vertex   8.075361e-16 1.389221e+00 -3.751009e+00
      vertex   5.094330e-01 1.203678e+00 -3.836400e+00
    endloop
  endfacet
  facet normal 4.077552e-02 -3.231690e-01 9.454624e-01
    outer loop
      vertex   5.094330e-01 1.203678e+00 -3.836400e+00
      vertex   8.075361e-16 1.389221e+00 -3.751009e+00
      vertex   8.156221e-16 1.197452e+00 -3.816557e+00
    endloop
  endfacet
  facet normal 4.077552e-02 -2.748673e-01 9.606172e-01
    outer loop
      vertex   5.094330e-01 1.203678e+00 -3.836400e+00
      vertex   8.156221e-16 1.197452e+00 -3.816557e+00
      vertex   5.094330e-01 1.007823e+00 -3.892441e+00
    endloop
  endfacet
  facet normal 4.077552e-02 -2.748673e-01 9.606172e-01
    outer loop
      vertex   5.094330e-01 1.007823e+00 -3.892441e+00
      vertex   8.156221e-16 1.197452e+00 -3.816557e+00
      vertex   8.224994e-16 1.002610e+00 -3.872308e+00
    endloop
  endfacet
  facet normal 4.077552e-02 -2.258601e-01 9.733060e-01
    outer loop
      vertex   5.094330e-01 1.007823e+00 -3.892441e+00
      vertex   8.224994e-16 1.002610e+00 -3.872308e+00
      vertex   5.094330e-01 8.093804e-01 -3.938490e+00
    endloop
  endfacet
  facet normal 4.077552e-02 -2.258601e-01 9.733060e-01
    outer loop
      vertex   5.094330e-01 8.093804e-01 -3.938490e+00
      vertex   8.224994e-16 1.002610e+00 -3.872308e+00
      vertex   8.281506e-16 8.051941e-01 -3.918120e+00
    endloop
  endfacet
  facet normal 4.077552e-02 -1.762730e-01 9.834964e-01
    outer loop
      vertex   5.094330e-01 8.093804e-01 -3.938490e+00
      vertex   8.281506e-16 8.051941e-01 -3.918120e+00
      vertex   5.094330e-01 6.088603e-01 -3.974430e+00
    endloop
  endfacet
  facet normal 4.077552e-02 -1.762730e-01 9.834964e-01
    outer loop
      vertex   5.094330e-01 6.088603e-01 -3.974430e+00
      vertex   8.281506e-16 8.051941e-01 -3.918120e+00
      vertex   8.325611e-16 6.057111e-01 -3.953873e+00
    endloop
  endfacet
  facet normal 4.077552e-02 -1.262335e-01 9.911622e-01
    outer loop
      vertex   5.094330e-01 6.088603e-01 -3.974430e+00
      vertex   8.325611e-16 6.057111e-01 -3.953873e+00
      vertex   5.094330e-01 4.067772e-01 -4.000167e+00
    endloop
  endfacet
  facet normal 4.077552e-02 -1.262335e-01 9.911622e-01
    outer loop
      vertex   5.094330e-01 4.067772e-01 -4.000167e+00
      vertex   8.325611e-16 6.057111e-01 -3.953873e+00
      vertex   8.357196e-16 4.046733e-01 -3.979477e+00
    endloop
  endfacet
  facet normal 4.077552e-02 -7.586996e-02 9.962836e-01
    outer loop
      vertex   5.094330e-01 4.067772e-01 -4.000167e+00
      vertex   8.357196e-16 4.046733e-01 -3.979477e+00
      vertex   5.094330e-01 2.036500e-01 -4.015636e+00
    endloop
  endfacet
  facet normal 4.077552e-02 -7.586996e-02 9.962836e-01
    outer loop
      vertex   5.094330e-01 2.036500e-01 -4.015636e+00
      vertex   8.357196e-16 4.046733e-01 -3.979477e+00
      vertex   8.376179e-16 2.025967e-01 -3.994866e+00
    endloop
  endfacet
  facet normal 4.077552e-02 -2.531165e-02 9.988477e-01
    outer loop
      vertex   5.094330e-01 2.036500e-01 -4.015636e+00
      vertex   8.376179e-16 2.025967e-01 -3.994866e+00
      vertex   5.094330e-01 4.924055e-16 -4.020796e+00
    endloop
  endfacet
  facet normal 4.077552e-02 -2.531165e-02 9.988477e-01
    outer loop
      vertex   5.094330e-01 4.924055e-16 -4.020796e+00
      vertex   8.376179e-16 2.025967e-01 -3.994866e+00
      vertex   2.369060e-15 -4.898587e-16 -4.000000e+00
    endloop
  endfacet
  facet normal 4.077552e-02 2.531165e-02 9.988477e-01
    outer loop
      vertex   5.094330e-01 4.924055e-16 -4.020796e+00
      vertex   2.369060e-15 -4.898587e-16 -4.000000e+00
      vertex   5.094330e-01 -2.036500e-01 -4.015636e+00
    endloop
  endfacet
  facet normal 4.077552e-02 2.531165e-02 9.988477e-01
    outer loop
      vertex   5.094330e-01 -2.036500e-01 -4.015636e+00
      vertex   2.369060e-15 -4.898587e-16 -4.000000e+00
      vertex   8.376179e-16 -2.025967e-01 -3.994866e+00
    endloop
  endfacet
  facet normal 4.077552e-02 7.586996e-02 9.962836e-01
    outer loop
      vertex   5.094330e-01 -2.036500e-01 -4.015636e+00
      vertex   8.376179e-16 -2.025967e-01 -3.994866e+00
      vertex   5.094330e-01 -4.067772e-01 -4.000167e+00
    endloop
  endfacet
  facet normal 4.077552e-02 7.586996e-02 9.962836e-01
    outer loop
      vertex   5.094330e-01 -4.067772e-01 -4.000167e+00
      vertex   8.376179e-16 -2.025967e-01 -3.994866e+00
      vertex   8.357196e-16 -4.046733e-01 -3.979477e+00
    endloop
  endfacet
  facet normal 4.077552e-02 1.262335e-01 9.911622e-01
    outer loop
      vertex   5.094330e-01 -4.067772e-01 -4.000167e+00
      vertex   8.357196e-16 -4.046733e-01 -3.979477e+00
      vertex   5.094330e-01 -6.088603e-01 -3.974430e+00
    endloop
  endfacet
  facet normal 4.077552e-02 1.262335e-01 9.911622e-01
    outer loop
      vertex   5.094330e-01 -6.088603e-01 -3.974430e+00
      vertex   8.357196e-16 -4.046733e-01 -3.979477e+00
      vertex   8.325611e-16 -6.057111e-01 -3.953873e+00
    endloop
  endfacet
  facet normal 4.077552e-02 1.762730e-01 9.834964e-01
    outer loop
      vertex   5.094330e-01 -6.088603e-01 -3.974430e+00
      vertex   8.325611e-16 -6.057111e-01 -3.953873e+00
      vertex   5.094330e-01 -8.093804e-01 -3.938490e+00
    endloop
  endfacet
  facet normal 4.077552e-02 1.762730e-01 9.834964e-01
    outer loop
      vertex   5.094330e-01 -8.093804e-01 -3.938490e+00
      vertex   8.325611e-16 -6.057111e-01 -3.953873e+00
      vertex   8.281506e-16 -8.051941e-01 -3.918120e+00
    endloop
  endfacet
  facet normal -5.656557e-03 -6.518897e-01 7.582927e-01
    outer loop
      vertex   3.675844e-02 2.646176e+00 -2.999781e+00
      vertex   -1.109985e-01 2.649580e+00 -2.997957e+00
      vertex   7.192147e-16 2.605490e+00 -3.035032e+00
    endloop
  endfacet
  facet normal -3.465392e-02 -6.928778e-01 7.202218e-01
    outer loop
      vertex   7.192147e-16 2.605490e+00 -3.035032e+00
      vertex   -1.109985e-01 2.649580e+00 -2.997957e+00
      vertex   -2.561619e-01 2.666061e+00 -2.989086e+00
    endloop
  endfacet
  facet normal -4.066752e-02 -7.073153e-01 7.057275e-01
    outer loop
      vertex   7.192147e-16 2.605490e+00 -3.035032e+00
      vertex   -2.561619e-01 2.666061e+00 -2.989086e+00
      vertex   -5.094330e-01 2.619036e+00 -3.050812e+00
    endloop
  endfacet
  facet normal -5.432300e-02 -6.742112e-01 7.365381e-01
    outer loop
      vertex   -5.094330e-01 2.619036e+00 -3.050812e+00
      vertex   -2.561619e-01 2.666061e+00 -2.989086e+00
      vertex   -3.983011e-01 2.694557e+00 -2.973485e+00
    endloop
  endfacet
  facet normal -6.949875e-02 -6.619208e-01 7.463449e-01
    outer loop
      vertex   -5.094330e-01 2.619036e+00 -3.050812e+00
      vertex   -3.983011e-01 2.694557e+00 -2.973485e+00
      vertex   -5.374716e-01 2.733987e+00 -2.951475e+00
    endloop
  endfacet
  facet normal -1.223272e-01 -6.658541e-01 7.359853e-01
    outer loop
      vertex   -5.094330e-01 2.619036e+00 -3.050812e+00
      vertex   -5.374716e-01 2.733987e+00 -2.951475e+00
      vertex   -1.015476e+00 2.813084e+00 -2.959363e+00
    endloop
  endfacet
  facet normal -1.338714e-01 -7.436982e-01 6.549744e-01
    outer loop
      vertex   -1.015476e+00 2.813084e+00 -2.959363e+00
      vertex   -5.374716e-01 2.733987e+00 -2.951475e+00
      vertex   -6.737646e-01 2.783281e+00 -2.923360e+00
    endloop
  endfacet
  facet normal -1.346809e-01 -7.131852e-01 6.879157e-01
    outer loop
      vertex   -1.015476e+00 2.813084e+00 -2.959363e+00
      vertex   -6.737646e-01 2.783281e+00 -2.923360e+00
      vertex   -8.076409e-01 2.841487e+00 -2.889227e+00
    endloop
  endfacet
  facet normal -1.415001e-01 -6.980035e-01 7.019749e-01
    outer loop
      vertex   -8.076409e-01 2.841487e+00 -2.889227e+00
      vertex   -1.067832e+00 2.980465e+00 -2.803483e+00
      vertex   -1.015476e+00 2.813084e+00 -2.959363e+00
    endloop
  endfacet
  facet normal -2.076406e-01 -7.006603e-01 6.826130e-01
    outer loop
      vertex   -1.015476e+00 2.813084e+00 -2.959363e+00
      vertex   -1.067832e+00 2.980465e+00 -2.803483e+00
      vertex   -1.514761e+00 3.034227e+00 -2.884248e+00
    endloop
  endfacet
  facet normal -2.025252e-01 -6.924534e-01 6.924534e-01
    outer loop
      vertex   -1.015476e+00 2.813084e+00 -2.959363e+00
      vertex   -1.514761e+00 3.034227e+00 -2.884248e+00
      vertex   -1.514761e+00 2.884248e+00 -3.034227e+00
    endloop
  endfacet
  facet normal -2.816493e-01 -6.784813e-01 6.784813e-01
    outer loop
      vertex   -1.514761e+00 2.884248e+00 -3.034227e+00
      vertex   -1.514761e+00 3.034227e+00 -2.884248e+00
      vertex   -2.003965e+00 3.138339e+00 -2.983214e+00
    endloop
  endfacet
  facet normal -2.816493e-01 -6.784813e-01 6.784813e-01
    outer loop
      vertex   -1.514761e+00 2.884248e+00 -3.034227e+00
      vertex   -2.003965e+00 3.138339e+00 -2.983214e+00
      vertex   -2.003965e+00 2.983214e+00 -3.138339e+00
    endloop
  endfacet
  facet normal -3.589023e-01 -6.599959e-01 6.599959e-01
    outer loop
      vertex   -2.003965e+00 2.983214e+00 -3.138339e+00
      vertex   -2.003965e+00 3.138339e+00 -2.983214e+00
      vertex   -2.479834e+00 3.271005e+00 -3.109322e+00
    endloop
  endfacet
  facet normal -3.589023e-01 -6.599959e-01 6.599959e-01
    outer loop
      vertex   -2.003965e+00 2.983214e+00 -3.138339e+00
      vertex   -2.479834e+00 3.271005e+00 -3.109322e+00
      vertex   -2.479834e+00 3.109322e+00 -3.271005e+00
    endloop
  endfacet
  facet normal -4.337707e-01 -6.371197e-01 6.371197e-01
    outer loop
      vertex   -2.479834e+00 3.109322e+00 -3.271005e+00
      vertex   -2.479834e+00 3.271005e+00 -3.109322e+00
      vertex   -2.939199e+00 3.431343e+00 -3.261735e+00
    endloop
  endfacet
  facet normal -4.337707e-01 -6.371197e-01 6.371197e-01
    outer loop
      vertex   -2.479834e+00 3.109322e+00 -3.271005e+00
      vertex   -2.939199e+00 3.431343e+00 -3.261735e+00
      vertex   -2.939199e+00 3.261735e+00 -3.431343e+00
    endloop
  endfacet
  facet normal -5.057565e-01 -6.100042e-01 6.100042e-01
    outer loop
      vertex   -2.939199e+00 3.261735e+00 -3.431343e+00
      vertex   -2.939199e+00 3.431343e+00 -3.261735e+00
      vertex   -3.379005e+00 3.618285e+00 -3.439437e+00
    endloop
  endfacet
  facet normal -5.057565e-01 -6.100042e-01 6.100042e-01
    outer loop
      vertex   -2.939199e+00 3.261735e+00 -3.431343e+00
      vertex   -3.379005e+00 3.618285e+00 -3.439437e+00
      vertex   -3.379005e+00 3.439437e+00 -3.618285e+00
    endloop
  endfacet
  facet normal -5.457126e-01 -5.925360e-01 5.925360e-01
    outer loop
      vertex   -3.379005e+00 3.439437e+00 -3.618285e+00
      vertex   -3.379005e+00 3.618285e+00 -3.439437e+00
      vertex   -3.474805e+00 3.471707e+00 -3.674246e+00
    endloop
  endfacet
  facet normal -5.504062e-01 -5.597023e-01 6.195049e-01
    outer loop
      vertex   -3.379005e+00 3.439437e+00 -3.618285e+00
      vertex   -3.474805e+00 3.471707e+00 -3.674246e+00
      vertex   -3.379005e+00 3.251759e+00 -3.787846e+00
    endloop
  endfacet
  facet normal -5.157150e-01 -5.596696e-01 6.486971e-01
    outer loop
      vertex   -3.379005e+00 3.251759e+00 -3.787846e+00
      vertex   -3.474805e+00 3.471707e+00 -3.674246e+00
      vertex   -3.474805e+00 3.125772e+00 -3.972704e+00
    endloop
  endfacet
  facet normal -5.534016e-01 -5.263537e-01 6.455218e-01
    outer loop
      vertex   -3.379005e+00 3.251759e+00 -3.787846e+00
      vertex   -3.474805e+00 3.125772e+00 -3.972704e+00
      vertex   -3.379005e+00 3.055734e+00 -3.947683e+00
    endloop
  endfacet
  facet normal -5.409764e-01 -4.977909e-01 6.779002e-01
    outer loop
      vertex   -3.379005e+00 3.055734e+00 -3.947683e+00
      vertex   -3.474805e+00 3.125772e+00 -3.972704e+00
      vertex   -3.379005e+00 2.851865e+00 -4.097387e+00
    endloop
  endfacet
  facet normal -5.057565e-01 -5.105983e-01 6.953414e-01
    outer loop
      vertex   -3.379005e+00 3.055734e+00 -3.947683e+00
      vertex   -3.379005e+00 2.851865e+00 -4.097387e+00
      vertex   -2.939199e+00 2.704521e+00 -3.885691e+00
    endloop
  endfacet
  facet normal -5.057565e-01 -4.747245e-01 7.203104e-01
    outer loop
      vertex   -2.939199e+00 2.704521e+00 -3.885691e+00
      vertex   -3.379005e+00 2.851865e+00 -4.097387e+00
      vertex   -2.939199e+00 2.504243e+00 -4.017686e+00
    endloop
  endfacet
  facet normal -4.337707e-01 -4.958266e-01 7.523291e-01
    outer loop
      vertex   -2.939199e+00 2.704521e+00 -3.885691e+00
      vertex   -2.939199e+00 2.504243e+00 -4.017686e+00
      vertex   -2.479834e+00 2.387226e+00 -3.829950e+00
    endloop
  endfacet
  facet normal -4.337707e-01 -4.570853e-01 7.764766e-01
    outer loop
      vertex   -2.479834e+00 2.387226e+00 -3.829950e+00
      vertex   -2.939199e+00 2.504243e+00 -4.017686e+00
      vertex   -2.479834e+00 2.190178e+00 -3.945945e+00
    endloop
  endfacet
  facet normal -3.589023e-01 -4.734973e-01 8.043565e-01
    outer loop
      vertex   -2.479834e+00 2.387226e+00 -3.829950e+00
      vertex   -2.479834e+00 2.190178e+00 -3.945945e+00
      vertex   -2.003965e+00 2.101348e+00 -3.785904e+00
    endloop
  endfacet
  facet normal -3.589023e-01 -4.321495e-01 8.273064e-01
    outer loop
      vertex   -2.003965e+00 2.101348e+00 -3.785904e+00
      vertex   -2.479834e+00 2.190178e+00 -3.945945e+00
      vertex   -2.003965e+00 1.906898e+00 -3.887477e+00
    endloop
  endfacet
  facet normal -2.816493e-01 -4.442533e-01 8.504779e-01
    outer loop
      vertex   -2.003965e+00 2.101348e+00 -3.785904e+00
      vertex   -2.003965e+00 1.906898e+00 -3.887477e+00
      vertex   -1.514761e+00 1.843639e+00 -3.758513e+00
    endloop
  endfacet
  facet normal -2.816493e-01 -4.006071e-01 8.718874e-01
    outer loop
      vertex   -1.514761e+00 1.843639e+00 -3.758513e+00
      vertex   -2.003965e+00 1.906898e+00 -3.887477e+00
      vertex   -1.514761e+00 1.650907e+00 -3.847068e+00
    endloop
  endfacet
  facet normal -2.025252e-01 -4.088570e-01 8.898424e-01
    outer loop
      vertex   -1.514761e+00 1.843639e+00 -3.758513e+00
      vertex   -1.514761e+00 1.650907e+00 -3.847068e+00
      vertex   -1.015476e+00 1.610174e+00 -3.752148e+00
    endloop
  endfacet
  facet normal -2.025252e-01 -3.632624e-01 9.094086e-01
    outer loop
      vertex   -1.015476e+00 1.610174e+00 -3.752148e+00
      vertex   -1.514761e+00 1.650907e+00 -3.847068e+00
      vertex   -1.015476e+00 1.418064e+00 -3.828886e+00
    endloop
  endfacet
  facet normal -1.220557e-01 -3.681761e-01 9.217097e-01
    outer loop
      vertex   -1.015476e+00 1.610174e+00 -3.752148e+00
      vertex   -1.015476e+00 1.418064e+00 -3.828886e+00
      vertex   -5.094330e-01 1.396444e+00 -3.770510e+00
    endloop
  endfacet
  facet normal -1.220557e-01 -3.210197e-01 9.391745e-01
    outer loop
      vertex   -5.094330e-01 1.396444e+00 -3.770510e+00
      vertex   -1.015476e+00 1.418064e+00 -3.828886e+00
      vertex   -5.094330e-01 1.203678e+00 -3.836400e+00
    endloop
  endfacet
  facet normal -4.077552e-02 -3.231690e-01 9.454624e-01
    outer loop
      vertex   -5.094330e-01 1.396444e+00 -3.770510e+00
      vertex   -5.094330e-01 1.203678e+00 -3.836400e+00
      vertex   8.156221e-16 1.197452e+00 -3.816557e+00
    endloop
  endfacet
  facet normal -4.077552e-02 -2.748673e-01 9.606172e-01
    outer loop
      vertex   8.156221e-16 1.197452e+00 -3.816557e+00
      vertex   -5.094330e-01 1.203678e+00 -3.836400e+00
      vertex   8.224994e-16 1.002610e+00 -3.872308e+00
    endloop
  endfacet
  facet normal -2.047401e-01 -7.406369e-01 6.399519e-01
    outer loop
      vertex   -1.067832e+00 2.980465e+00 -2.803483e+00
      vertex   -1.316565e+00 3.142390e+00 -2.695659e+00
      vertex   -1.514761e+00 3.034227e+00 -2.884248e+00
    endloop
  endfacet
  facet normal -2.267070e-01 -7.228028e-01 6.528093e-01
    outer loop
      vertex   -1.514761e+00 3.034227e+00 -2.884248e+00
      vertex   -1.316565e+00 3.142390e+00 -2.695659e+00
      vertex   -1.514761e+00 3.177328e+00 -2.725804e+00
    endloop
  endfacet
  facet normal -2.816640e-01 -7.120792e-01 6.431241e-01
    outer loop
      vertex   -1.514761e+00 3.034227e+00 -2.884248e+00
      vertex   -1.514761e+00 3.177328e+00 -2.725804e+00
      vertex   -2.003965e+00 3.286127e+00 -2.819593e+00
    endloop
  endfacet
  facet normal -2.815738e-01 -7.482963e-01 6.006404e-01
    outer loop
      vertex   -2.003965e+00 3.286127e+00 -2.819593e+00
      vertex   -1.514761e+00 3.177328e+00 -2.725804e+00
      vertex   -1.552831e+00 3.319244e+00 -2.566848e+00
    endloop
  endfacet
  facet normal -2.847100e-01 -7.431260e-01 6.055608e-01
    outer loop
      vertex   -2.003965e+00 3.286127e+00 -2.819593e+00
      vertex   -1.552831e+00 3.319244e+00 -2.566848e+00
      vertex   -2.003965e+00 3.424991e+00 -2.649184e+00
    endloop
  endfacet
  facet normal -2.844360e-01 -7.854031e-01 5.497619e-01
    outer loop
      vertex   -2.003965e+00 3.424991e+00 -2.649184e+00
      vertex   -1.552831e+00 3.319244e+00 -2.566848e+00
      vertex   -1.780046e+00 3.507933e+00 -2.414839e+00
    endloop
  endfacet
  facet normal -3.053651e-01 -7.676293e-01 5.634691e-01
    outer loop
      vertex   -2.003965e+00 3.424991e+00 -2.649184e+00
      vertex   -1.780046e+00 3.507933e+00 -2.414839e+00
      vertex   -2.003965e+00 3.553890e+00 -2.473581e+00
    endloop
  endfacet
  facet normal -3.010796e-01 -7.962283e-01 5.247586e-01
    outer loop
      vertex   -2.003965e+00 3.553890e+00 -2.473581e+00
      vertex   -1.780046e+00 3.507933e+00 -2.414839e+00
      vertex   -2.003965e+00 3.674614e+00 -2.290404e+00
    endloop
  endfacet
  facet normal -3.589023e-01 -7.793419e-01 5.136295e-01
    outer loop
      vertex   -2.003965e+00 3.553890e+00 -2.473581e+00
      vertex   -2.003965e+00 3.674614e+00 -2.290404e+00
      vertex   -2.479834e+00 3.829950e+00 -2.387226e+00
    endloop
  endfacet
  facet normal -3.589023e-01 -8.043565e-01 4.734973e-01
    outer loop
      vertex   -2.479834e+00 3.829950e+00 -2.387226e+00
      vertex   -2.003965e+00 3.674614e+00 -2.290404e+00
      vertex   -2.479834e+00 3.945945e+00 -2.190178e+00
    endloop
  endfacet
  facet normal -4.337707e-01 -7.764766e-01 4.570853e-01
    outer loop
      vertex   -2.479834e+00 3.829950e+00 -2.387226e+00
      vertex   -2.479834e+00 3.945945e+00 -2.190178e+00
      vertex   -2.939199e+00 4.139367e+00 -2.297536e+00
    endloop
  endfacet
  facet normal -4.337707e-01 -7.986310e-01 4.171708e-01
    outer loop
      vertex   -2.939199e+00 4.139367e+00 -2.297536e+00
      vertex   -2.479834e+00 3.945945e+00 -2.190178e+00
      vertex   -2.939199e+00 4.250422e+00 -2.084932e+00
    endloop
  endfacet
  facet normal -5.057565e-01 -7.646418e-01 3.994162e-01
    outer loop
      vertex   -2.939199e+00 4.139367e+00 -2.297536e+00
      vertex   -2.939199e+00 4.250422e+00 -2.084932e+00
      vertex   -3.379005e+00 4.481989e+00 -2.198520e+00
    endloop
  endfacet
  facet normal -5.057565e-01 -7.838904e-01 3.601751e-01
    outer loop
      vertex   -3.379005e+00 4.481989e+00 -2.198520e+00
      vertex   -2.939199e+00 4.250422e+00 -2.084932e+00
      vertex   -3.379005e+00 4.587589e+00 -1.968690e+00
    endloop
  endfacet
  facet normal -5.510520e-01 -7.582610e-01 3.483991e-01
    outer loop
      vertex   -3.379005e+00 4.481989e+00 -2.198520e+00
      vertex   -3.379005e+00 4.587589e+00 -1.968690e+00
      vertex   -3.474805e+00 4.547172e+00 -2.208179e+00
    endloop
  endfacet
  facet normal -2.266969e-01 -7.528838e-01 6.178790e-01
    outer loop
      vertex   -1.316565e+00 3.142390e+00 -2.695659e+00
      vertex   -1.552831e+00 3.319244e+00 -2.566848e+00
      vertex   -1.514761e+00 3.177328e+00 -2.725804e+00
    endloop
  endfacet
  facet normal -3.255480e-01 -8.061796e-01 4.940577e-01
    outer loop
      vertex   -1.780046e+00 3.507933e+00 -2.414839e+00
      vertex   -1.996890e+00 3.703340e+00 -2.238867e+00
      vertex   -2.003965e+00 3.674614e+00 -2.290404e+00
    endloop
  endfacet
  facet normal -2.982339e-01 -8.157257e-01 4.956290e-01
    outer loop
      vertex   -2.003965e+00 3.674614e+00 -2.290404e+00
      vertex   -1.996890e+00 3.703340e+00 -2.238867e+00
      vertex   -2.200777e+00 3.899453e+00 -2.038781e+00
    endloop
  endfacet
  facet normal -3.738643e-01 -8.175099e-01 4.380674e-01
    outer loop
      vertex   -2.003965e+00 3.674614e+00 -2.290404e+00
      vertex   -2.200777e+00 3.899453e+00 -2.038781e+00
      vertex   -2.479834e+00 3.945945e+00 -2.190178e+00
    endloop
  endfacet
  facet normal -3.704775e-01 -8.232879e-01 4.300505e-01
    outer loop
      vertex   -2.479834e+00 3.945945e+00 -2.190178e+00
      vertex   -2.200777e+00 3.899453e+00 -2.038781e+00
      vertex   -2.479834e+00 4.051811e+00 -1.987508e+00
    endloop
  endfacet
  facet normal -4.337707e-01 -7.986310e-01 4.171708e-01
    outer loop
      vertex   -2.479834e+00 3.945945e+00 -2.190178e+00
      vertex   -2.479834e+00 4.051811e+00 -1.987508e+00
      vertex   -2.939199e+00 4.250422e+00 -2.084932e+00
    endloop
  endfacet
  facet normal -4.337707e-01 -8.187354e-01 3.761853e-01
    outer loop
      vertex   -2.939199e+00 4.250422e+00 -2.084932e+00
      vertex   -2.479834e+00 4.051811e+00 -1.987508e+00
      vertex   -2.939199e+00 4.350567e+00 -1.866975e+00
    endloop
  endfacet
  facet normal -5.057565e-01 -7.838904e-01 3.601751e-01
    outer loop
      vertex   -2.939199e+00 4.250422e+00 -2.084932e+00
      vertex   -2.939199e+00 4.350567e+00 -1.866975e+00
      vertex   -3.379005e+00 4.587589e+00 -1.968690e+00
    endloop
  endfacet
  facet normal -3.856680e-01 -8.370134e-01 3.881607e-01
    outer loop
      vertex   -2.200777e+00 3.899453e+00 -2.038781e+00
      vertex   -2.389125e+00 4.090289e+00 -1.814410e+00
      vertex   -2.479834e+00 4.051811e+00 -1.987508e+00
    endloop
  endfacet
  facet normal -3.803630e-01 -8.403745e-01 3.861279e-01
    outer loop
      vertex   -2.479834e+00 4.051811e+00 -1.987508e+00
      vertex   -2.389125e+00 4.090289e+00 -1.814410e+00
      vertex   -2.479834e+00 4.147276e+00 -1.779736e+00
    endloop
  endfacet
  facet normal -4.337707e-01 -8.187354e-01 3.761853e-01
    outer loop
      vertex   -2.479834e+00 4.051811e+00 -1.987508e+00
      vertex   -2.479834e+00 4.147276e+00 -1.779736e+00
      vertex   -2.939199e+00 4.350567e+00 -1.866975e+00
    endloop
  endfacet
  facet normal -4.335987e-01 -8.417004e-01 3.217649e-01
    outer loop
      vertex   -2.939199e+00 4.350567e+00 -1.866975e+00
      vertex   -2.479834e+00 4.147276e+00 -1.779736e+00
      vertex   -2.559035e+00 4.269902e+00 -1.565690e+00
    endloop
  endfacet
  facet normal -4.051227e-01 -8.498891e-01 3.369928e-01
    outer loop
      vertex   -2.389125e+00 4.090289e+00 -1.814410e+00
      vertex   -2.559035e+00 4.269902e+00 -1.565690e+00
      vertex   -2.479834e+00 4.147276e+00 -1.779736e+00
    endloop
  endfacet
  facet normal -4.801340e-01 -8.664977e-01 1.365759e-01
    outer loop
      vertex   -2.879519e+00 4.626909e+00 -8.416778e-01
      vertex   -2.921786e+00 4.675722e+00 -6.805762e-01
      vertex   -2.939199e+00 4.679646e+00 -7.168955e-01
    endloop
  endfacet
  facet normal -4.473361e-01 -8.864548e-01 1.186944e-01
    outer loop
      vertex   -2.939199e+00 4.679646e+00 -7.168955e-01
      vertex   -2.921786e+00 4.675722e+00 -6.805762e-01
      vertex   -2.955532e+00 4.714973e+00 -5.146172e-01
    endloop
  endfacet
  facet normal -5.158079e-01 4.506719e-01 -7.285856e-01
    outer loop
      vertex   -3.474805e+00 -2.850753e+00 4.174451e+00
      vertex   -3.474805e+00 -2.462190e+00 4.414799e+00
      vertex   -3.379005e+00 -2.640676e+00 4.236573e+00
    endloop
  endfacet
  facet normal -5.497309e-01 4.237654e-01 -7.198742e-01
    outer loop
      vertex   -3.379005e+00 -2.640676e+00 4.236573e+00
      vertex   -3.474805e+00 -2.462190e+00 4.414799e+00
      vertex   -3.379005e+00 -2.422708e+00 4.364883e+00
    endloop
  endfacet
  facet normal -5.057565e-01 4.376320e-01 -7.434302e-01
    outer loop
      vertex   -3.379005e+00 -2.640676e+00 4.236573e+00
      vertex   -3.379005e+00 -2.422708e+00 4.364883e+00
      vertex   -2.939199e+00 -2.297536e+00 4.139367e+00
    endloop
  endfacet
  facet normal -5.057565e-01 3.994162e-01 -7.646418e-01
    outer loop
      vertex   -2.939199e+00 -2.297536e+00 4.139367e+00
      vertex   -3.379005e+00 -2.422708e+00 4.364883e+00
      vertex   -2.939199e+00 -2.084932e+00 4.250422e+00
    endloop
  endfacet
  facet normal -4.337707e-01 4.171708e-01 -7.986310e-01
    outer loop
      vertex   -2.939199e+00 -2.297536e+00 4.139367e+00
      vertex   -2.939199e+00 -2.084932e+00 4.250422e+00
      vertex   -2.479834e+00 -1.987508e+00 4.051811e+00
    endloop
  endfacet
  facet normal -4.337707e-01 3.761853e-01 -8.187354e-01
    outer loop
      vertex   -2.479834e+00 -1.987508e+00 4.051811e+00
      vertex   -2.939199e+00 -2.084932e+00 4.250422e+00
      vertex   -2.479834e+00 -1.779736e+00 4.147276e+00
    endloop
  endfacet
  facet normal -5.465447e-01 3.877273e-01 -7.422644e-01
    outer loop
      vertex   -3.379005e+00 -2.422708e+00 4.364883e+00
      vertex   -3.474805e+00 -2.462190e+00 4.414799e+00
      vertex   -3.379005e+00 -2.198520e+00 4.481989e+00
    endloop
  endfacet
  facet normal -5.165367e-01 3.828495e-01 -7.659087e-01
    outer loop
      vertex   -3.379005e+00 -2.198520e+00 4.481989e+00
      vertex   -3.474805e+00 -2.462190e+00 4.414799e+00
      vertex   -3.474805e+00 -2.053513e+00 4.619081e+00
    endloop
  endfacet
  facet normal -5.556822e-01 3.471148e-01 -7.554658e-01
    outer loop
      vertex   -3.379005e+00 -2.198520e+00 4.481989e+00
      vertex   -3.474805e+00 -2.053513e+00 4.619081e+00
      vertex   -3.379005e+00 -1.968690e+00 4.587589e+00
    endloop
  endfacet
  facet normal -5.352832e-01 3.133310e-01 -7.844078e-01
    outer loop
      vertex   -3.379005e+00 -1.968690e+00 4.587589e+00
      vertex   -3.474805e+00 -2.053513e+00 4.619081e+00
      vertex   -3.379005e+00 -1.733805e+00 4.681414e+00
    endloop
  endfacet
  facet normal -5.057565e-01 3.200094e-01 -8.011269e-01
    outer loop
      vertex   -3.379005e+00 -1.968690e+00 4.587589e+00
      vertex   -3.379005e+00 -1.733805e+00 4.681414e+00
      vertex   -2.939199e+00 -1.644226e+00 4.439544e+00
    endloop
  endfacet
  facet normal -5.057565e-01 2.790223e-01 -8.163069e-01
    outer loop
      vertex   -2.939199e+00 -1.644226e+00 4.439544e+00
      vertex   -3.379005e+00 -1.733805e+00 4.681414e+00
      vertex   -2.939199e+00 -1.417257e+00 4.517124e+00
    endloop
  endfacet
  facet normal -4.337707e-01 2.914252e-01 -8.525927e-01
    outer loop
      vertex   -2.939199e+00 -1.644226e+00 4.439544e+00
      vertex   -2.939199e+00 -1.417257e+00 4.517124e+00
      vertex   -2.479834e+00 -1.351032e+00 4.306051e+00
    endloop
  endfacet
  facet normal -4.337707e-01 2.478680e-01 -8.662589e-01
    outer loop
      vertex   -2.479834e+00 -1.351032e+00 4.306051e+00
      vertex   -2.939199e+00 -1.417257e+00 4.517124e+00
      vertex   -2.479834e+00 -1.131200e+00 4.368953e+00
    endloop
  endfacet
  facet normal -5.211480e-01 3.111102e-01 -7.947422e-01
    outer loop
      vertex   -3.474805e+00 -2.053513e+00 4.619081e+00
      vertex   -3.474805e+00 -1.628060e+00 4.785629e+00
      vertex   -3.379005e+00 -1.733805e+00 4.681414e+00
    endloop
  endfacet
  facet normal -5.579647e-01 2.684098e-01 -7.852589e-01
    outer loop
      vertex   -3.379005e+00 -1.733805e+00 4.681414e+00
      vertex   -3.474805e+00 -1.628060e+00 4.785629e+00
      vertex   -3.379005e+00 -1.494470e+00 4.763221e+00
    endloop
  endfacet
  facet normal -5.057565e-01 2.790223e-01 -8.163069e-01
    outer loop
      vertex   -3.379005e+00 -1.733805e+00 4.681414e+00
      vertex   -3.379005e+00 -1.494470e+00 4.763221e+00
      vertex   -2.939199e+00 -1.417257e+00 4.517124e+00
    endloop
  endfacet
  facet normal -5.057565e-01 2.373189e-01 -8.293914e-01
    outer loop
      vertex   -2.939199e+00 -1.417257e+00 4.517124e+00
      vertex   -3.379005e+00 -1.494470e+00 4.763221e+00
      vertex   -2.939199e+00 -1.186649e+00 4.583110e+00
    endloop
  endfacet
  facet normal -4.337707e-01 2.478680e-01 -8.662589e-01
    outer loop
      vertex   -2.939199e+00 -1.417257e+00 4.517124e+00
      vertex   -2.939199e+00 -1.186649e+00 4.583110e+00
      vertex   -2.479834e+00 -1.131200e+00 4.368953e+00
    endloop
  endfacet
  facet normal -4.337707e-01 2.036746e-01 -8.777013e-01
    outer loop
      vertex   -2.479834e+00 -1.131200e+00 4.368953e+00
      vertex   -2.939199e+00 -1.186649e+00 4.583110e+00
      vertex   -2.479834e+00 -9.084645e-01 4.420640e+00
    endloop
  endfacet
  facet normal -5.230043e-01 2.377639e-01 -8.184955e-01
    outer loop
      vertex   -3.474805e+00 -1.628060e+00 4.785629e+00
      vertex   -3.474805e+00 -1.189308e+00 4.913082e+00
      vertex   -3.379005e+00 -1.494470e+00 4.763221e+00
    endloop
  endfacet
  facet normal -5.316173e-01 2.330022e-01 -8.143052e-01
    outer loop
      vertex   -3.379005e+00 -1.494470e+00 4.763221e+00
      vertex   -3.474805e+00 -1.189308e+00 4.913082e+00
      vertex   -3.379005e+00 -1.251299e+00 4.832801e+00
    endloop
  endfacet
  facet normal -5.057565e-01 2.373189e-01 -8.293914e-01
    outer loop
      vertex   -3.379005e+00 -1.494470e+00 4.763221e+00
      vertex   -3.379005e+00 -1.251299e+00 4.832801e+00
      vertex   -2.939199e+00 -1.186649e+00 4.583110e+00
    endloop
  endfacet
  facet normal -5.057565e-01 1.950063e-01 -8.403469e-01
    outer loop
      vertex   -2.939199e+00 -1.186649e+00 4.583110e+00
      vertex   -3.379005e+00 -1.251299e+00 4.832801e+00
      vertex   -2.939199e+00 -9.529955e-01 4.637330e+00
    endloop
  endfacet
  facet normal -4.337707e-01 2.036746e-01 -8.777013e-01
    outer loop
      vertex   -2.939199e+00 -1.186649e+00 4.583110e+00
      vertex   -2.939199e+00 -9.529955e-01 4.637330e+00
      vertex   -2.479834e+00 -9.084645e-01 4.420640e+00
    endloop
  endfacet
  facet normal -4.337707e-01 1.589583e-01 -8.868908e-01
    outer loop
      vertex   -2.479834e+00 -9.084645e-01 4.420640e+00
      vertex   -2.939199e+00 -9.529955e-01 4.637330e+00
      vertex   -2.479834e+00 -6.833968e-01 4.460979e+00
    endloop
  endfacet
  facet normal -5.566384e-01 1.877905e-01 -8.092517e-01
    outer loop
      vertex   -3.379005e+00 -1.251299e+00 4.832801e+00
      vertex   -3.474805e+00 -1.189308e+00 4.913082e+00
      vertex   -3.379005e+00 -1.004916e+00 4.889976e+00
    endloop
  endfacet
  facet normal -5.173815e-01 1.635438e-01 -8.399820e-01
    outer loop
      vertex   -3.379005e+00 -1.004916e+00 4.889976e+00
      vertex   -3.474805e+00 -1.189308e+00 4.913082e+00
      vertex   -3.474805e+00 -7.408392e-01 5.000399e+00
    endloop
  endfacet
  facet normal -5.439569e-01 1.480361e-01 -8.259517e-01
    outer loop
      vertex   -3.379005e+00 -1.004916e+00 4.889976e+00
      vertex   -3.474805e+00 -7.408392e-01 5.000399e+00
      vertex   -3.379005e+00 -7.559525e-01 4.934597e+00
    endloop
  endfacet
  facet normal -5.516685e-01 1.053744e-01 -8.273803e-01
    outer loop
      vertex   -3.379005e+00 -7.559525e-01 4.934597e+00
      vertex   -3.474805e+00 -7.408392e-01 5.000399e+00
      vertex   -3.379005e+00 -5.050490e-01 4.966552e+00
    endloop
  endfacet
  facet normal -5.057565e-01 1.089893e-01 -8.557638e-01
    outer loop
      vertex   -3.379005e+00 -7.559525e-01 4.934597e+00
      vertex   -3.379005e+00 -5.050490e-01 4.966552e+00
      vertex   -2.939199e+00 -4.789551e-01 4.709950e+00
    endloop
  endfacet
  facet normal -5.057565e-01 6.550569e-02 -8.601856e-01
    outer loop
      vertex   -2.939199e+00 -4.789551e-01 4.709950e+00
      vertex   -3.379005e+00 -5.050490e-01 4.966552e+00
      vertex   -2.939199e+00 -2.397853e-01 4.728164e+00
    endloop
  endfacet
  facet normal -4.337707e-01 6.841750e-02 -8.984220e-01
    outer loop
      vertex   -2.939199e+00 -4.789551e-01 4.709950e+00
      vertex   -2.939199e+00 -2.397853e-01 4.728164e+00
      vertex   -2.479834e+00 -2.285808e-01 4.507229e+00
    endloop
  endfacet
  facet normal -4.337707e-01 2.282537e-02 -9.007341e-01
    outer loop
      vertex   -2.479834e+00 -2.285808e-01 4.507229e+00
      vertex   -2.939199e+00 -2.397853e-01 4.728164e+00
      vertex   -2.479834e+00 0.000000e+00 4.513021e+00
    endloop
  endfacet
  facet normal -5.156203e-01 8.714044e-02 -8.523745e-01
    outer loop
      vertex   -3.474805e+00 -7.408392e-01 5.000399e+00
      vertex   -3.474805e+00 -2.863185e-01 5.046865e+00
      vertex   -3.379005e+00 -5.050490e-01 4.966552e+00
    endloop
  endfacet
  facet normal -5.523213e-01 6.330022e-02 -8.312246e-01
    outer loop
      vertex   -3.379005e+00 -5.050490e-01 4.966552e+00
      vertex   -3.474805e+00 -2.863185e-01 5.046865e+00
      vertex   -3.379005e+00 -2.528490e-01 4.985758e+00
    endloop
  endfacet
  facet normal -5.057565e-01 6.550569e-02 -8.601856e-01
    outer loop
      vertex   -3.379005e+00 -5.050490e-01 4.966552e+00
      vertex   -3.379005e+00 -2.528490e-01 4.985758e+00
      vertex   -2.939199e+00 -2.397853e-01 4.728164e+00
    endloop
  endfacet
  facet normal -5.057565e-01 2.185393e-02 -8.623994e-01
    outer loop
      vertex   -2.939199e+00 -2.397853e-01 4.728164e+00
      vertex   -3.379005e+00 -2.528490e-01 4.985758e+00
      vertex   -2.939199e+00 0.000000e+00 4.734240e+00
    endloop
  endfacet
  facet normal -4.337707e-01 2.282537e-02 -9.007341e-01
    outer loop
      vertex   -2.939199e+00 -2.397853e-01 4.728164e+00
      vertex   -2.939199e+00 0.000000e+00 4.734240e+00
      vertex   -2.479834e+00 0.000000e+00 4.513021e+00
    endloop
  endfacet
  facet normal -4.337707e-01 -2.282537e-02 -9.007341e-01
    outer loop
      vertex   -2.479834e+00 0.000000e+00 4.513021e+00
      vertex   -2.939199e+00 0.000000e+00 4.734240e+00
      vertex   -2.479834e+00 2.285808e-01 4.507229e+00
    endloop
  endfacet
  facet normal -5.429248e-01 2.127394e-02 -8.395118e-01
    outer loop
      vertex   -3.379005e+00 -2.528490e-01 4.985758e+00
      vertex   -3.474805e+00 -2.863185e-01 5.046865e+00
      vertex   -3.379005e+00 0.000000e+00 4.992165e+00
    endloop
  endfacet
  facet normal -5.177645e-01 9.807303e-03 -8.554670e-01
    outer loop
      vertex   -3.379005e+00 0.000000e+00 4.992165e+00
      vertex   -3.474805e+00 -2.863185e-01 5.046865e+00
      vertex   -3.474805e+00 1.705412e-01 5.052103e+00
    endloop
  endfacet
  facet normal -5.569289e-01 -2.104034e-02 -8.302936e-01
    outer loop
      vertex   -3.379005e+00 0.000000e+00 4.992165e+00
      vertex   -3.474805e+00 1.705412e-01 5.052103e+00
      vertex   -3.379005e+00 2.528490e-01 4.985758e+00
    endloop
  endfacet
  facet normal -5.301789e-01 -6.438261e-02 -8.454379e-01
    outer loop
      vertex   -3.379005e+00 2.528490e-01 4.985758e+00
      vertex   -3.474805e+00 1.705412e-01 5.052103e+00
      vertex   -3.379005e+00 5.050490e-01 4.966552e+00
    endloop
  endfacet
  facet normal -5.057565e-01 -6.550569e-02 -8.601856e-01
    outer loop
      vertex   -3.379005e+00 2.528490e-01 4.985758e+00
      vertex   -3.379005e+00 5.050490e-01 4.966552e+00
      vertex   -2.939199e+00 4.789551e-01 4.709950e+00
    endloop
  endfacet
  facet normal -5.057565e-01 -1.089893e-01 -8.557638e-01
    outer loop
      vertex   -2.939199e+00 4.789551e-01 4.709950e+00
      vertex   -3.379005e+00 5.050490e-01 4.966552e+00
      vertex   -2.939199e+00 7.168955e-01 4.679646e+00
    endloop
  endfacet
  facet normal -4.337707e-01 -1.138340e-01 -8.938036e-01
    outer loop
      vertex   -2.939199e+00 4.789551e-01 4.709950e+00
      vertex   -2.939199e+00 7.168955e-01 4.679646e+00
      vertex   -2.479834e+00 6.833968e-01 4.460979e+00
    endloop
  endfacet
  facet normal -4.337707e-01 -1.589583e-01 -8.868908e-01
    outer loop
      vertex   -2.479834e+00 6.833968e-01 4.460979e+00
      vertex   -2.939199e+00 7.168955e-01 4.679646e+00
      vertex   -2.479834e+00 9.084645e-01 4.420640e+00
    endloop
  endfacet
  facet normal -5.237609e-01 -6.718585e-02 -8.492118e-01
    outer loop
      vertex   -3.474805e+00 1.705412e-01 5.052103e+00
      vertex   -3.474805e+00 6.260077e-01 5.016068e+00
      vertex   -3.379005e+00 5.050490e-01 4.966552e+00
    endloop
  endfacet
  facet normal -5.579006e-01 -1.048494e-01 -8.232579e-01
    outer loop
      vertex   -3.379005e+00 5.050490e-01 4.966552e+00
      vertex   -3.474805e+00 6.260077e-01 5.016068e+00
      vertex   -3.379005e+00 7.559525e-01 4.934597e+00
    endloop
  endfacet
  facet normal -5.057565e-01 -1.089893e-01 -8.557638e-01
    outer loop
      vertex   -3.379005e+00 5.050490e-01 4.966552e+00
      vertex   -3.379005e+00 7.559525e-01 4.934597e+00
      vertex   -2.939199e+00 7.168955e-01 4.679646e+00
    endloop
  endfacet
  facet normal -5.057565e-01 -1.521931e-01 -8.491452e-01
    outer loop
      vertex   -2.939199e+00 7.168955e-01 4.679646e+00
      vertex   -3.379005e+00 7.559525e-01 4.934597e+00
      vertex   -2.939199e+00 9.529955e-01 4.637330e+00
    endloop
  endfacet
  facet normal -4.337707e-01 -1.589583e-01 -8.868908e-01
    outer loop
      vertex   -2.939199e+00 7.168955e-01 4.679646e+00
      vertex   -2.939199e+00 9.529955e-01 4.637330e+00
      vertex   -2.479834e+00 9.084645e-01 4.420640e+00
    endloop
  endfacet
  facet normal -4.337707e-01 -2.036746e-01 -8.777013e-01
    outer loop
      vertex   -2.479834e+00 9.084645e-01 4.420640e+00
      vertex   -2.939199e+00 9.529955e-01 4.637330e+00
      vertex   -2.479834e+00 1.131200e+00 4.368953e+00
    endloop
  endfacet
  facet normal -5.205253e-01 -1.439221e-01 -8.416293e-01
    outer loop
      vertex   -3.474805e+00 6.260077e-01 5.016068e+00
      vertex   -3.474805e+00 1.076360e+00 4.939056e+00
      vertex   -3.379005e+00 7.559525e-01 4.934597e+00
    endloop
  endfacet
  facet normal -5.365705e-01 -1.488728e-01 -8.306196e-01
    outer loop
      vertex   -3.379005e+00 7.559525e-01 4.934597e+00
      vertex   -3.474805e+00 1.076360e+00 4.939056e+00
      vertex   -3.379005e+00 1.004916e+00 4.889976e+00
    endloop
  endfacet
  facet normal -5.057565e-01 -1.521931e-01 -8.491452e-01
    outer loop
      vertex   -3.379005e+00 7.559525e-01 4.934597e+00
      vertex   -3.379005e+00 1.004916e+00 4.889976e+00
      vertex   -2.939199e+00 9.529955e-01 4.637330e+00
    endloop
  endfacet
  facet normal -5.057565e-01 -1.950063e-01 -8.403469e-01
    outer loop
      vertex   -2.939199e+00 9.529955e-01 4.637330e+00
      vertex   -3.379005e+00 1.004916e+00 4.889976e+00
      vertex   -2.939199e+00 1.186649e+00 4.583110e+00
    endloop
  endfacet
  facet normal -4.337707e-01 -2.036746e-01 -8.777013e-01
    outer loop
      vertex   -2.939199e+00 9.529955e-01 4.637330e+00
      vertex   -2.939199e+00 1.186649e+00 4.583110e+00
      vertex   -2.479834e+00 1.131200e+00 4.368953e+00
    endloop
  endfacet
  facet normal -4.337707e-01 -2.478680e-01 -8.662589e-01
    outer loop
      vertex   -2.479834e+00 1.131200e+00 4.368953e+00
      vertex   -2.939199e+00 1.186649e+00 4.583110e+00
      vertex   -2.479834e+00 1.351032e+00 4.306051e+00
    endloop
  endfacet
  facet normal -5.552616e-01 -1.879987e-01 -8.101488e-01
    outer loop
      vertex   -3.379005e+00 1.004916e+00 4.889976e+00
      vertex   -3.474805e+00 1.076360e+00 4.939056e+00
      vertex   -3.379005e+00 1.251299e+00 4.832801e+00
    endloop
  endfacet
  facet normal -5.162920e-01 -2.199856e-01 -8.276768e-01
    outer loop
      vertex   -3.379005e+00 1.251299e+00 4.832801e+00
      vertex   -3.474805e+00 1.076360e+00 4.939056e+00
      vertex   -3.474805e+00 1.517920e+00 4.821696e+00
    endloop
  endfacet
  facet normal -5.474366e-01 -2.302134e-01 -8.045588e-01
    outer loop
      vertex   -3.379005e+00 1.251299e+00 4.832801e+00
      vertex   -3.474805e+00 1.517920e+00 4.821696e+00
      vertex   -3.379005e+00 1.494470e+00 4.763221e+00
    endloop
  endfacet
  facet normal -5.489430e-01 -2.703488e-01 -7.909318e-01
    outer loop
      vertex   -3.379005e+00 1.494470e+00 4.763221e+00
      vertex   -3.474805e+00 1.517920e+00 4.821696e+00
      vertex   -3.379005e+00 1.733805e+00 4.681414e+00
    endloop
  endfacet
  facet normal -5.057565e-01 -2.790223e-01 -8.163069e-01
    outer loop
      vertex   -3.379005e+00 1.494470e+00 4.763221e+00
      vertex   -3.379005e+00 1.733805e+00 4.681414e+00
      vertex   -2.939199e+00 1.644226e+00 4.439544e+00
    endloop
  endfacet
  facet normal -5.057565e-01 -3.200094e-01 -8.011269e-01
    outer loop
      vertex   -2.939199e+00 1.644226e+00 4.439544e+00
      vertex   -3.379005e+00 1.733805e+00 4.681414e+00
      vertex   -2.939199e+00 1.866975e+00 4.350567e+00
    endloop
  endfacet
  facet normal -4.337707e-01 -3.342342e-01 -8.367380e-01
    outer loop
      vertex   -2.939199e+00 1.644226e+00 4.439544e+00
      vertex   -2.939199e+00 1.866975e+00 4.350567e+00
      vertex   -2.479834e+00 1.779736e+00 4.147276e+00
    endloop
  endfacet
  facet normal -4.337707e-01 -3.761853e-01 -8.187354e-01
    outer loop
      vertex   -2.479834e+00 1.779736e+00 4.147276e+00
      vertex   -2.939199e+00 1.866975e+00 4.350567e+00
      vertex   -2.479834e+00 1.987508e+00 4.051811e+00
    endloop
  endfacet
  facet normal -5.159473e-01 -2.938907e-01 -8.046282e-01
    outer loop
      vertex   -3.474805e+00 1.517920e+00 4.821696e+00
      vertex   -3.474805e+00 1.947079e+00 4.664945e+00
      vertex   -3.379005e+00 1.733805e+00 4.681414e+00
    endloop
  endfacet
  facet normal -5.544183e-01 -3.087184e-01 -7.728605e-01
    outer loop
      vertex   -3.379005e+00 1.733805e+00 4.681414e+00
      vertex   -3.474805e+00 1.947079e+00 4.664945e+00
      vertex   -3.379005e+00 1.968690e+00 4.587589e+00
    endloop
  endfacet
  facet normal -5.057565e-01 -3.200094e-01 -8.011269e-01
    outer loop
      vertex   -3.379005e+00 1.733805e+00 4.681414e+00
      vertex   -3.379005e+00 1.968690e+00 4.587589e+00
      vertex   -2.939199e+00 1.866975e+00 4.350567e+00
    endloop
  endfacet
  facet normal -5.057565e-01 -3.601751e-01 -7.838904e-01
    outer loop
      vertex   -2.939199e+00 1.866975e+00 4.350567e+00
      vertex   -3.379005e+00 1.968690e+00 4.587589e+00
      vertex   -2.939199e+00 2.084932e+00 4.250422e+00
    endloop
  endfacet
  facet normal -4.337707e-01 -3.761853e-01 -8.187354e-01
    outer loop
      vertex   -2.939199e+00 1.866975e+00 4.350567e+00
      vertex   -2.939199e+00 2.084932e+00 4.250422e+00
      vertex   -2.479834e+00 1.987508e+00 4.051811e+00
    endloop
  endfacet
  facet normal -4.337707e-01 -4.171708e-01 -7.986310e-01
    outer loop
      vertex   -2.479834e+00 1.987508e+00 4.051811e+00
      vertex   -2.939199e+00 2.084932e+00 4.250422e+00
      vertex   -2.479834e+00 2.190178e+00 3.945945e+00
    endloop
  endfacet
  facet normal -5.387793e-01 -3.517292e-01 -7.655086e-01
    outer loop
      vertex   -3.379005e+00 1.968690e+00 4.587589e+00
      vertex   -3.474805e+00 1.947079e+00 4.664945e+00
      vertex   -3.379005e+00 2.198520e+00 4.481989e+00
    endloop
  endfacet
  facet normal -5.195000e-01 -3.644246e-01 -7.728612e-01
    outer loop
      vertex   -3.379005e+00 2.198520e+00 4.481989e+00
      vertex   -3.474805e+00 1.947079e+00 4.664945e+00
      vertex   -3.474805e+00 2.360331e+00 4.470085e+00
    endloop
  endfacet
  facet normal -5.576982e-01 -3.843075e-01 -7.357176e-01
    outer loop
      vertex   -3.379005e+00 2.198520e+00 4.481989e+00
      vertex   -3.474805e+00 2.360331e+00 4.470085e+00
      vertex   -3.379005e+00 2.422708e+00 4.364883e+00
    endloop
  endfacet
  facet normal -5.252076e-01 -4.309484e-01 -7.337850e-01
    outer loop
      vertex   -3.379005e+00 2.422708e+00 4.364883e+00
      vertex   -3.474805e+00 2.360331e+00 4.470085e+00
      vertex   -3.474805e+00 2.754302e+00 4.238708e+00
    endloop
  endfacet
  facet normal -5.274936e-01 -4.309777e-01 -7.321261e-01
    outer loop
      vertex   -3.379005e+00 2.422708e+00 4.364883e+00
      vertex   -3.474805e+00 2.754302e+00 4.238708e+00
      vertex   -3.379005e+00 2.640676e+00 4.236573e+00
    endloop
  endfacet
  facet normal -5.573623e-01 -4.568912e-01 -6.932516e-01
    outer loop
      vertex   -3.379005e+00 2.640676e+00 4.236573e+00
      vertex   -3.474805e+00 2.754302e+00 4.238708e+00
      vertex   -3.379005e+00 2.851865e+00 4.097387e+00
    endloop
  endfacet
  facet normal -5.057565e-01 -4.747245e-01 -7.203104e-01
    outer loop
      vertex   -3.379005e+00 2.640676e+00 4.236573e+00
      vertex   -3.379005e+00 2.851865e+00 4.097387e+00
      vertex   -2.939199e+00 2.704521e+00 3.885691e+00
    endloop
  endfacet
  facet normal -5.057565e-01 -5.105983e-01 -6.953414e-01
    outer loop
      vertex   -2.939199e+00 2.704521e+00 3.885691e+00
      vertex   -3.379005e+00 2.851865e+00 4.097387e+00
      vertex   -2.939199e+00 2.897857e+00 3.743722e+00
    endloop
  endfacet
  facet normal -4.337707e-01 -5.332950e-01 -7.262502e-01
    outer loop
      vertex   -2.939199e+00 2.704521e+00 3.885691e+00
      vertex   -2.939199e+00 2.897857e+00 3.743722e+00
      vertex   -2.479834e+00 2.762447e+00 3.568788e+00
    endloop
  endfacet
  facet normal -4.337707e-01 -5.693945e-01 -6.983072e-01
    outer loop
      vertex   -2.479834e+00 2.762447e+00 3.568788e+00
      vertex   -2.939199e+00 2.897857e+00 3.743722e+00
      vertex   -2.479834e+00 2.939658e+00 3.424292e+00
    endloop
  endfacet
  facet normal -5.185449e-01 -4.978161e-01 -6.951908e-01
    outer loop
      vertex   -3.474805e+00 2.754302e+00 4.238708e+00
      vertex   -3.474805e+00 3.125772e+00 3.972704e+00
      vertex   -3.379005e+00 2.851865e+00 4.097387e+00
    endloop
  endfacet
  facet normal -5.409764e-01 -4.977909e-01 -6.779002e-01
    outer loop
      vertex   -3.379005e+00 2.851865e+00 4.097387e+00
      vertex   -3.474805e+00 3.125772e+00 3.972704e+00
      vertex   -3.379005e+00 3.055734e+00 3.947683e+00
    endloop
  endfacet
  facet normal -5.057565e-01 -5.105983e-01 -6.953414e-01
    outer loop
      vertex   -3.379005e+00 2.851865e+00 4.097387e+00
      vertex   -3.379005e+00 3.055734e+00 3.947683e+00
      vertex   -2.939199e+00 2.897857e+00 3.743722e+00
    endloop
  endfacet
  facet normal -5.057565e-01 -5.451614e-01 -6.685876e-01
    outer loop
      vertex   -2.939199e+00 2.897857e+00 3.743722e+00
      vertex   -3.379005e+00 3.055734e+00 3.947683e+00
      vertex   -2.939199e+00 3.083754e+00 3.592143e+00
    endloop
  endfacet
  facet normal -4.337707e-01 -5.693945e-01 -6.983072e-01
    outer loop
      vertex   -2.939199e+00 2.897857e+00 3.743722e+00
      vertex   -2.939199e+00 3.083754e+00 3.592143e+00
      vertex   -2.479834e+00 2.939658e+00 3.424292e+00
    endloop
  endfacet
  facet normal -4.337707e-01 -6.040324e-01 -6.685715e-01
    outer loop
      vertex   -2.479834e+00 2.939658e+00 3.424292e+00
      vertex   -2.939199e+00 3.083754e+00 3.592143e+00
      vertex   -2.479834e+00 3.109322e+00 3.271005e+00
    endloop
  endfacet
  facet normal -5.534016e-01 -5.263537e-01 -6.455218e-01
    outer loop
      vertex   -3.379005e+00 3.055734e+00 3.947683e+00
      vertex   -3.474805e+00 3.125772e+00 3.972704e+00
      vertex   -3.379005e+00 3.251759e+00 3.787846e+00
    endloop
  endfacet
  facet normal -5.157150e-01 -5.596696e-01 -6.486971e-01
    outer loop
      vertex   -3.379005e+00 3.251759e+00 3.787846e+00
      vertex   -3.474805e+00 3.125772e+00 3.972704e+00
      vertex   -3.474805e+00 3.471707e+00 3.674246e+00
    endloop
  endfacet
  facet normal -5.504062e-01 -5.597023e-01 -6.195049e-01
    outer loop
      vertex   -3.379005e+00 3.251759e+00 3.787846e+00
      vertex   -3.474805e+00 3.471707e+00 3.674246e+00
      vertex   -3.379005e+00 3.439437e+00 3.618285e+00
    endloop
  endfacet
  facet normal -5.457126e-01 -5.925360e-01 -5.925360e-01
    outer loop
      vertex   -3.379005e+00 3.439437e+00 3.618285e+00
      vertex   -3.474805e+00 3.471707e+00 3.674246e+00
      vertex   -3.379005e+00 3.618285e+00 3.439437e+00
    endloop
  endfacet
  facet normal -5.057565e-01 -6.100042e-01 -6.100042e-01
    outer loop
      vertex   -3.379005e+00 3.439437e+00 3.618285e+00
      vertex   -3.379005e+00 3.618285e+00 3.439437e+00
      vertex   -2.939199e+00 3.431343e+00 3.261735e+00
    endloop
  endfacet
  facet normal -5.057565e-01 -6.401175e-01 -5.783251e-01
    outer loop
      vertex   -2.939199e+00 3.431343e+00 3.261735e+00
      vertex   -3.379005e+00 3.618285e+00 3.439437e+00
      vertex   -2.939199e+00 3.592143e+00 3.083754e+00
    endloop
  endfacet
  facet normal -4.337707e-01 -6.685715e-01 -6.040324e-01
    outer loop
      vertex   -2.939199e+00 3.431343e+00 3.261735e+00
      vertex   -2.939199e+00 3.592143e+00 3.083754e+00
      vertex   -2.479834e+00 3.424292e+00 2.939658e+00
    endloop
  endfacet
  facet normal -4.337707e-01 -6.983072e-01 -5.693945e-01
    outer loop
      vertex   -2.479834e+00 3.424292e+00 2.939658e+00
      vertex   -2.939199e+00 3.592143e+00 3.083754e+00
      vertex   -2.479834e+00 3.568788e+00 2.762447e+00
    endloop
  endfacet
  facet normal -5.167881e-01 -6.154905e-01 -5.950643e-01
    outer loop
      vertex   -3.474805e+00 3.471707e+00 3.674246e+00
      vertex   -3.474805e+00 3.789280e+00 3.345771e+00
      vertex   -3.379005e+00 3.618285e+00 3.439437e+00
    endloop
  endfacet
  facet normal -5.560293e-01 -6.167340e-01 -5.571989e-01
    outer loop
      vertex   -3.379005e+00 3.618285e+00 3.439437e+00
      vertex   -3.474805e+00 3.789280e+00 3.345771e+00
      vertex   -3.379005e+00 3.787846e+00 3.251759e+00
    endloop
  endfacet
  facet normal -5.057565e-01 -6.401175e-01 -5.783251e-01
    outer loop
      vertex   -3.379005e+00 3.618285e+00 3.439437e+00
      vertex   -3.379005e+00 3.787846e+00 3.251759e+00
      vertex   -2.939199e+00 3.592143e+00 3.083754e+00
    endloop
  endfacet
  facet normal -5.057565e-01 -6.685876e-01 -5.451614e-01
    outer loop
      vertex   -2.939199e+00 3.592143e+00 3.083754e+00
      vertex   -3.379005e+00 3.787846e+00 3.251759e+00
      vertex   -2.939199e+00 3.743722e+00 2.897857e+00
    endloop
  endfacet
  facet normal -4.337707e-01 -6.983072e-01 -5.693945e-01
    outer loop
      vertex   -2.939199e+00 3.592143e+00 3.083754e+00
      vertex   -2.939199e+00 3.743722e+00 2.897857e+00
      vertex   -2.479834e+00 3.568788e+00 2.762447e+00
    endloop
  endfacet
  facet normal -4.337707e-01 -7.262502e-01 -5.332950e-01
    outer loop
      vertex   -2.479834e+00 3.568788e+00 2.762447e+00
      vertex   -2.939199e+00 3.743722e+00 2.897857e+00
      vertex   -2.479834e+00 3.704123e+00 2.578146e+00
    endloop
  endfacet
  facet normal -5.340942e-01 -6.552176e-01 -5.342596e-01
    outer loop
      vertex   -3.379005e+00 3.787846e+00 3.251759e+00
      vertex   -3.474805e+00 3.789280e+00 3.345771e+00
      vertex   -3.379005e+00 3.947683e+00 3.055734e+00
    endloop
  endfacet
  facet normal -5.217376e-01 -6.643638e-01 -5.351734e-01
    outer loop
      vertex   -3.379005e+00 3.947683e+00 3.055734e+00
      vertex   -3.474805e+00 3.789280e+00 3.345771e+00
      vertex   -3.474805e+00 4.075898e+00 2.989964e+00
    endloop
  endfacet
  facet normal -5.579927e-01 -6.688792e-01 -4.911667e-01
    outer loop
      vertex   -3.379005e+00 3.947683e+00 3.055734e+00
      vertex   -3.474805e+00 4.075898e+00 2.989964e+00
      vertex   -3.379005e+00 4.097387e+00 2.851865e+00
    endloop
  endfacet
  facet normal -5.223564e-01 -7.096567e-01 -4.727908e-01
    outer loop
      vertex   -3.379005e+00 4.097387e+00 2.851865e+00
      vertex   -3.474805e+00 4.075898e+00 2.989964e+00
      vertex   -3.474805e+00 4.329218e+00 2.609732e+00
    endloop
  endfacet
  facet normal -5.328723e-01 -7.065495e-01 -4.656553e-01
    outer loop
      vertex   -3.379005e+00 4.097387e+00 2.851865e+00
      vertex   -3.474805e+00 4.329218e+00 2.609732e+00
      vertex   -3.379005e+00 4.236573e+00 2.640676e+00
    endloop
  endfacet
  facet normal -5.563480e-01 -7.160889e-01 -4.215371e-01
    outer loop
      vertex   -3.379005e+00 4.236573e+00 2.640676e+00
      vertex   -3.474805e+00 4.329218e+00 2.609732e+00
      vertex   -3.379005e+00 4.364883e+00 2.422708e+00
    endloop
  endfacet
  facet normal -5.057565e-01 -7.434302e-01 -4.376320e-01
    outer loop
      vertex   -3.379005e+00 4.236573e+00 2.640676e+00
      vertex   -3.379005e+00 4.364883e+00 2.422708e+00
      vertex   -2.939199e+00 4.139367e+00 2.297536e+00
    endloop
  endfacet
  facet normal -5.057565e-01 -7.646418e-01 -3.994162e-01
    outer loop
      vertex   -2.939199e+00 4.139367e+00 2.297536e+00
      vertex   -3.379005e+00 4.364883e+00 2.422708e+00
      vertex   -2.939199e+00 4.250422e+00 2.084932e+00
    endloop
  endfacet
  facet normal -4.337707e-01 -7.986310e-01 -4.171708e-01
    outer loop
      vertex   -2.939199e+00 4.139367e+00 2.297536e+00
      vertex   -2.939199e+00 4.250422e+00 2.084932e+00
      vertex   -2.479834e+00 4.051811e+00 1.987508e+00
    endloop
  endfacet
  facet normal -4.337707e-01 -8.187354e-01 -3.761853e-01
    outer loop
      vertex   -2.479834e+00 4.051811e+00 1.987508e+00
      vertex   -2.939199e+00 4.250422e+00 2.084932e+00
      vertex   -2.479834e+00 4.147276e+00 1.779736e+00
    endloop
  endfacet
  facet normal -5.170697e-01 -7.522736e-01 -4.083177e-01
    outer loop
      vertex   -3.474805e+00 4.329218e+00 2.609732e+00
      vertex   -3.474805e+00 4.547172e+00 2.208179e+00
      vertex   -3.379005e+00 4.364883e+00 2.422708e+00
    endloop
  endfacet
  facet normal -5.448501e-01 -7.432426e-01 -3.882382e-01
    outer loop
      vertex   -3.379005e+00 4.364883e+00 2.422708e+00
      vertex   -3.474805e+00 4.547172e+00 2.208179e+00
      vertex   -3.379005e+00 4.481989e+00 2.198520e+00
    endloop
  endfacet
  facet normal -5.057565e-01 -7.646418e-01 -3.994162e-01
    outer loop
      vertex   -3.379005e+00 4.364883e+00 2.422708e+00
      vertex   -3.379005e+00 4.481989e+00 2.198520e+00
      vertex   -2.939199e+00 4.250422e+00 2.084932e+00
    endloop
  endfacet
  facet normal -5.057565e-01 -7.838904e-01 -3.601751e-01
    outer loop
      vertex   -2.939199e+00 4.250422e+00 2.084932e+00
      vertex   -3.379005e+00 4.481989e+00 2.198520e+00
      vertex   -2.939199e+00 4.350567e+00 1.866975e+00
    endloop
  endfacet
  facet normal -4.337707e-01 -8.187354e-01 -3.761853e-01
    outer loop
      vertex   -2.939199e+00 4.250422e+00 2.084932e+00
      vertex   -2.939199e+00 4.350567e+00 1.866975e+00
      vertex   -2.479834e+00 4.147276e+00 1.779736e+00
    endloop
  endfacet
  facet normal -4.337707e-01 -8.367380e-01 -3.342342e-01
    outer loop
      vertex   -2.479834e+00 4.147276e+00 1.779736e+00
      vertex   -2.939199e+00 4.350567e+00 1.866975e+00
      vertex   -2.939199e+00 4.439544e+00 1.644226e+00
    endloop
  endfacet
  facet normal -5.510520e-01 -7.582610e-01 -3.483991e-01
    outer loop
      vertex   -3.379005e+00 4.481989e+00 2.198520e+00
      vertex   -3.474805e+00 4.547172e+00 2.208179e+00
      vertex   -3.379005e+00 4.587589e+00 1.968690e+00
    endloop
  endfacet
  facet normal -5.156524e-01 -7.868533e-01 -3.390640e-01
    outer loop
      vertex   -3.379005e+00 4.587589e+00 1.968690e+00
      vertex   -3.474805e+00 4.547172e+00 2.208179e+00
      vertex   -3.474805e+00 4.727979e+00 1.788588e+00
    endloop
  endfacet
  facet normal -5.528759e-01 -7.738127e-01 -3.090988e-01
    outer loop
      vertex   -3.379005e+00 4.587589e+00 1.968690e+00
      vertex   -3.474805e+00 4.727979e+00 1.788588e+00
      vertex   -3.379005e+00 4.681414e+00 1.733805e+00
    endloop
  endfacet
  facet normal -5.161045e-01 -8.556505e-01 -3.870814e-02
    outer loop
      vertex   -3.474805e+00 5.034333e+00 4.564229e-01
      vertex   -3.474805e+00 5.054981e+00 9.911059e-16
      vertex   -3.379005e+00 4.985758e+00 2.528490e-01
    endloop
  endfacet
  facet normal -5.482048e-01 -8.360757e-01 -2.118687e-02
    outer loop
      vertex   -3.379005e+00 4.985758e+00 2.528490e-01
      vertex   -3.474805e+00 5.054981e+00 9.911059e-16
      vertex   -3.379005e+00 4.992165e+00 9.990773e-16
    endloop
  endfacet
  facet normal -5.482048e-01 -8.360757e-01 2.118687e-02
    outer loop
      vertex   -3.379005e+00 4.992165e+00 9.990773e-16
      vertex   -3.474805e+00 5.054981e+00 9.911059e-16
      vertex   -3.379005e+00 4.985758e+00 -2.528490e-01
    endloop
  endfacet
  facet normal -5.161045e-01 -8.556505e-01 3.870814e-02
    outer loop
      vertex   -3.379005e+00 4.985758e+00 -2.528490e-01
      vertex   -3.474805e+00 5.054981e+00 9.911059e-16
      vertex   -3.474805e+00 5.034333e+00 -4.564229e-01
    endloop
  endfacet
  facet normal -5.548543e-01 -8.295457e-01 6.317237e-02
    outer loop
      vertex   -3.379005e+00 4.985758e+00 -2.528490e-01
      vertex   -3.474805e+00 5.034333e+00 -4.564229e-01
      vertex   -3.379005e+00 4.966552e+00 -5.050490e-01
    endloop
  endfacet
  facet normal -5.376910e-01 -8.363860e-01 1.065214e-01
    outer loop
      vertex   -3.379005e+00 4.966552e+00 -5.050490e-01
      vertex   -3.474805e+00 5.034333e+00 -4.564229e-01
      vertex   -3.379005e+00 4.934597e+00 -7.559525e-01
    endloop
  endfacet
  facet normal -5.199979e-01 -8.463241e-01 1.154894e-01
    outer loop
      vertex   -3.474805e+00 5.034333e+00 -4.564229e-01
      vertex   -3.474805e+00 4.972558e+00 -9.091172e-01
      vertex   -3.379005e+00 4.934597e+00 -7.559525e-01
    endloop
  endfacet
  facet normal -5.578134e-01 -8.169484e-01 1.464225e-01
    outer loop
      vertex   -3.379005e+00 4.934597e+00 -7.559525e-01
      vertex   -3.474805e+00 4.972558e+00 -9.091172e-01
      vertex   -3.379005e+00 4.889976e+00 -1.004916e+00
    endloop
  endfacet
  facet normal -5.057565e-01 -8.491452e-01 1.521931e-01
    outer loop
      vertex   -3.379005e+00 4.934597e+00 -7.559525e-01
      vertex   -3.379005e+00 4.889976e+00 -1.004916e+00
      vertex   -2.939199e+00 4.637330e+00 -9.529955e-01
    endloop
  endfacet
  facet normal -5.057565e-01 -8.403469e-01 1.950063e-01
    outer loop
      vertex   -2.939199e+00 4.637330e+00 -9.529955e-01
      vertex   -3.379005e+00 4.889976e+00 -1.004916e+00
      vertex   -2.939199e+00 4.583110e+00 -1.186649e+00
    endloop
  endfacet
  facet normal -5.244699e-01 -8.297705e-01 1.908199e-01
    outer loop
      vertex   -3.474805e+00 4.972558e+00 -9.091172e-01
      vertex   -3.474805e+00 4.870161e+00 -1.354385e+00
      vertex   -3.379005e+00 4.889976e+00 -1.004916e+00
    endloop
  endfacet
  facet normal -5.288532e-01 -8.267453e-01 1.918500e-01
    outer loop
      vertex   -3.379005e+00 4.889976e+00 -1.004916e+00
      vertex   -3.474805e+00 4.870161e+00 -1.354385e+00
      vertex   -3.379005e+00 4.832801e+00 -1.251299e+00
    endloop
  endfacet
  facet normal -5.057565e-01 -8.403469e-01 1.950063e-01
    outer loop
      vertex   -3.379005e+00 4.889976e+00 -1.004916e+00
      vertex   -3.379005e+00 4.832801e+00 -1.251299e+00
      vertex   -2.939199e+00 4.583110e+00 -1.186649e+00
    endloop
  endfacet
  facet normal -5.057565e-01 -8.293914e-01 2.373189e-01
    outer loop
      vertex   -2.939199e+00 4.583110e+00 -1.186649e+00
      vertex   -3.379005e+00 4.832801e+00 -1.251299e+00
      vertex   -2.939199e+00 4.517124e+00 -1.417257e+00
    endloop
  endfacet
  facet normal -5.571597e-01 -7.983656e-01 2.284413e-01
    outer loop
      vertex   -3.379005e+00 4.832801e+00 -1.251299e+00
      vertex   -3.474805e+00 4.870161e+00 -1.354385e+00
      vertex   -3.379005e+00 4.763221e+00 -1.494470e+00
    endloop
  endfacet
  facet normal -5.181397e-01 -8.128267e-01 2.661653e-01
    outer loop
      vertex   -3.379005e+00 4.763221e+00 -1.494470e+00
      vertex   -3.474805e+00 4.870161e+00 -1.354385e+00
      vertex   -3.474805e+00 4.727979e+00 -1.788588e+00
    endloop
  endfacet
  facet normal -5.419662e-01 -7.952282e-01 2.718174e-01
    outer loop
      vertex   -3.379005e+00 4.763221e+00 -1.494470e+00
      vertex   -3.474805e+00 4.727979e+00 -1.788588e+00
      vertex   -3.379005e+00 4.681414e+00 -1.733805e+00
    endloop
  endfacet
  facet normal -5.448501e-01 -7.432426e-01 3.882382e-01
    outer loop
      vertex   -3.379005e+00 4.481989e+00 -2.198520e+00
      vertex   -3.474805e+00 4.547172e+00 -2.208179e+00
      vertex   -3.379005e+00 4.364883e+00 -2.422708e+00
    endloop
  endfacet
  facet normal -5.170697e-01 -7.522736e-01 4.083177e-01
    outer loop
      vertex   -3.379005e+00 4.364883e+00 -2.422708e+00
      vertex   -3.474805e+00 4.547172e+00 -2.208179e+00
      vertex   -3.474805e+00 4.329218e+00 -2.609732e+00
    endloop
  endfacet
  facet normal -5.563480e-01 -7.160889e-01 4.215371e-01
    outer loop
      vertex   -3.379005e+00 4.364883e+00 -2.422708e+00
      vertex   -3.474805e+00 4.329218e+00 -2.609732e+00
      vertex   -3.379005e+00 4.236573e+00 -2.640676e+00
    endloop
  endfacet
  facet normal -5.328723e-01 -7.065495e-01 4.656553e-01
    outer loop
      vertex   -3.379005e+00 4.236573e+00 -2.640676e+00
      vertex   -3.474805e+00 4.329218e+00 -2.609732e+00
      vertex   -3.379005e+00 4.097387e+00 -2.851865e+00
    endloop
  endfacet
  facet normal -5.057565e-01 -7.203104e-01 4.747245e-01
    outer loop
      vertex   -3.379005e+00 4.236573e+00 -2.640676e+00
      vertex   -3.379005e+00 4.097387e+00 -2.851865e+00
      vertex   -2.939199e+00 3.885691e+00 -2.704521e+00
    endloop
  endfacet
  facet normal -5.057572e-01 -6.953758e-01 5.105509e-01
    outer loop
      vertex   -2.939199e+00 3.885691e+00 -2.704521e+00
      vertex   -3.379005e+00 4.097387e+00 -2.851865e+00
      vertex   -2.939199e+00 3.744115e+00 -2.897349e+00
    endloop
  endfacet
  facet normal -4.337512e-01 -7.262940e-01 5.332513e-01
    outer loop
      vertex   -2.939199e+00 3.885691e+00 -2.704521e+00
      vertex   -2.939199e+00 3.744115e+00 -2.897349e+00
      vertex   -2.479834e+00 3.569469e+00 -2.761568e+00
    endloop
  endfacet
  facet normal -4.337915e-01 -6.984196e-01 5.692407e-01
    outer loop
      vertex   -2.479834e+00 3.569469e+00 -2.761568e+00
      vertex   -2.939199e+00 3.744115e+00 -2.897349e+00
      vertex   -2.479834e+00 3.424809e+00 -2.939056e+00
    endloop
  endfacet
  facet normal -3.588872e-01 -7.235094e-01 5.896899e-01
    outer loop
      vertex   -2.479834e+00 3.569469e+00 -2.761568e+00
      vertex   -2.479834e+00 3.424809e+00 -2.939056e+00
      vertex   -2.003965e+00 3.286127e+00 -2.819593e+00
    endloop
  endfacet
  facet normal -3.589168e-01 -6.926526e-01 6.256285e-01
    outer loop
      vertex   -2.003965e+00 3.286127e+00 -2.819593e+00
      vertex   -2.479834e+00 3.424809e+00 -2.939056e+00
      vertex   -2.003965e+00 3.138339e+00 -2.983214e+00
    endloop
  endfacet
  facet normal -2.816485e-01 -7.120571e-01 6.431553e-01
    outer loop
      vertex   -2.003965e+00 3.286127e+00 -2.819593e+00
      vertex   -2.003965e+00 3.138339e+00 -2.983214e+00
      vertex   -1.514761e+00 3.034227e+00 -2.884248e+00
    endloop
  endfacet
  facet normal -5.223564e-01 -7.096567e-01 4.727908e-01
    outer loop
      vertex   -3.474805e+00 4.329218e+00 -2.609732e+00
      vertex   -3.474805e+00 4.075898e+00 -2.989964e+00
      vertex   -3.379005e+00 4.097387e+00 -2.851865e+00
    endloop
  endfacet
  facet normal -5.579835e-01 -6.688903e-01 4.911620e-01
    outer loop
      vertex   -3.379005e+00 4.097387e+00 -2.851865e+00
      vertex   -3.474805e+00 4.075898e+00 -2.989964e+00
      vertex   -3.379005e+00 3.947759e+00 -3.055636e+00
    endloop
  endfacet
  facet normal -5.057373e-01 -6.953569e-01 5.105963e-01
    outer loop
      vertex   -3.379005e+00 4.097387e+00 -2.851865e+00
      vertex   -3.379005e+00 3.947759e+00 -3.055636e+00
      vertex   -2.939199e+00 3.744115e+00 -2.897349e+00
    endloop
  endfacet
  facet normal -5.057768e-01 -6.686418e-01 5.450762e-01
    outer loop
      vertex   -2.939199e+00 3.744115e+00 -2.897349e+00
      vertex   -3.379005e+00 3.947759e+00 -3.055636e+00
      vertex   -2.939199e+00 3.592442e+00 -3.083406e+00
    endloop
  endfacet
  facet normal -4.337561e-01 -6.983788e-01 5.693177e-01
    outer loop
      vertex   -2.939199e+00 3.744115e+00 -2.897349e+00
      vertex   -2.939199e+00 3.592442e+00 -3.083406e+00
      vertex   -2.479834e+00 3.424809e+00 -2.939056e+00
    endloop
  endfacet
  facet normal -4.337850e-01 -6.686195e-01 6.039689e-01
    outer loop
      vertex   -2.479834e+00 3.424809e+00 -2.939056e+00
      vertex   -2.939199e+00 3.592442e+00 -3.083406e+00
      vertex   -2.479834e+00 3.271005e+00 -3.109322e+00
    endloop
  endfacet
  facet normal -3.589016e-01 -6.926322e-01 6.256598e-01
    outer loop
      vertex   -2.479834e+00 3.424809e+00 -2.939056e+00
      vertex   -2.479834e+00 3.271005e+00 -3.109322e+00
      vertex   -2.003965e+00 3.138339e+00 -2.983214e+00
    endloop
  endfacet
  facet normal -5.217532e-01 -6.643564e-01 5.351674e-01
    outer loop
      vertex   -3.474805e+00 4.075898e+00 -2.989964e+00
      vertex   -3.474805e+00 3.789280e+00 -3.345771e+00
      vertex   -3.379005e+00 3.947759e+00 -3.055636e+00
    endloop
  endfacet
  facet normal -5.340703e-01 -6.552407e-01 5.342551e-01
    outer loop
      vertex   -3.379005e+00 3.947759e+00 -3.055636e+00
      vertex   -3.474805e+00 3.789280e+00 -3.345771e+00
      vertex   -3.379005e+00 3.787904e+00 -3.251692e+00
    endloop
  endfacet
  facet normal -5.057427e-01 -6.686055e-01 5.451523e-01
    outer loop
      vertex   -3.379005e+00 3.947759e+00 -3.055636e+00
      vertex   -3.379005e+00 3.787904e+00 -3.251692e+00
      vertex   -2.939199e+00 3.592442e+00 -3.083406e+00
    endloop
  endfacet
  facet normal -5.057707e-01 -6.401393e-01 5.782885e-01
    outer loop
      vertex   -2.939199e+00 3.592442e+00 -3.083406e+00
      vertex   -3.379005e+00 3.787904e+00 -3.251692e+00
      vertex   -2.939199e+00 3.431343e+00 -3.261735e+00
    endloop
  endfacet
  facet normal -4.337703e-01 -6.686009e-01 6.040001e-01
    outer loop
      vertex   -2.939199e+00 3.592442e+00 -3.083406e+00
      vertex   -2.939199e+00 3.431343e+00 -3.261735e+00
      vertex   -2.479834e+00 3.271005e+00 -3.109322e+00
    endloop
  endfacet
  facet normal -5.560391e-01 -6.167341e-01 5.571890e-01
    outer loop
      vertex   -3.379005e+00 3.787904e+00 -3.251692e+00
      vertex   -3.474805e+00 3.789280e+00 -3.345771e+00
      vertex   -3.379005e+00 3.618285e+00 -3.439437e+00
    endloop
  endfacet
  facet normal -5.167881e-01 -6.154905e-01 5.950643e-01
    outer loop
      vertex   -3.379005e+00 3.618285e+00 -3.439437e+00
      vertex   -3.474805e+00 3.789280e+00 -3.345771e+00
      vertex   -3.474805e+00 3.471707e+00 -3.674246e+00
    endloop
  endfacet
  facet normal -5.185449e-01 -4.978161e-01 6.951908e-01
    outer loop
      vertex   -3.474805e+00 3.125772e+00 -3.972704e+00
      vertex   -3.474805e+00 2.754302e+00 -4.238708e+00
      vertex   -3.379005e+00 2.851865e+00 -4.097387e+00
    endloop
  endfacet
  facet normal -5.573623e-01 -4.568912e-01 6.932516e-01
    outer loop
      vertex   -3.379005e+00 2.851865e+00 -4.097387e+00
      vertex   -3.474805e+00 2.754302e+00 -4.238708e+00
      vertex   -3.379005e+00 2.640676e+00 -4.236573e+00
    endloop
  endfacet
  facet normal -5.057565e-01 -4.747245e-01 7.203104e-01
    outer loop
      vertex   -3.379005e+00 2.851865e+00 -4.097387e+00
      vertex   -3.379005e+00 2.640676e+00 -4.236573e+00
      vertex   -2.939199e+00 2.504243e+00 -4.017686e+00
    endloop
  endfacet
  facet normal -5.057565e-01 -4.376320e-01 7.434302e-01
    outer loop
      vertex   -2.939199e+00 2.504243e+00 -4.017686e+00
      vertex   -3.379005e+00 2.640676e+00 -4.236573e+00
      vertex   -2.939199e+00 2.297536e+00 -4.139367e+00
    endloop
  endfacet
  facet normal -4.337707e-01 -4.570853e-01 7.764766e-01
    outer loop
      vertex   -2.939199e+00 2.504243e+00 -4.017686e+00
      vertex   -2.939199e+00 2.297536e+00 -4.139367e+00
      vertex   -2.479834e+00 2.190178e+00 -3.945945e+00
    endloop
  endfacet
  facet normal -4.337707e-01 -4.171708e-01 7.986310e-01
    outer loop
      vertex   -2.479834e+00 2.190178e+00 -3.945945e+00
      vertex   -2.939199e+00 2.297536e+00 -4.139367e+00
      vertex   -2.479834e+00 1.987508e+00 -4.051811e+00
    endloop
  endfacet
  facet normal -3.589023e-01 -4.321495e-01 8.273064e-01
    outer loop
      vertex   -2.479834e+00 2.190178e+00 -3.945945e+00
      vertex   -2.479834e+00 1.987508e+00 -4.051811e+00
      vertex   -2.003965e+00 1.906898e+00 -3.887477e+00
    endloop
  endfacet
  facet normal -3.589023e-01 -3.896925e-01 8.481326e-01
    outer loop
      vertex   -2.003965e+00 1.906898e+00 -3.887477e+00
      vertex   -2.479834e+00 1.987508e+00 -4.051811e+00
      vertex   -2.003965e+00 1.707553e+00 -3.979070e+00
    endloop
  endfacet
  facet normal -2.816493e-01 -4.006071e-01 8.718874e-01
    outer loop
      vertex   -2.003965e+00 1.906898e+00 -3.887477e+00
      vertex   -2.003965e+00 1.707553e+00 -3.979070e+00
      vertex   -1.514761e+00 1.650907e+00 -3.847068e+00
    endloop
  endfacet
  facet normal -2.816493e-01 -3.559326e-01 8.910587e-01
    outer loop
      vertex   -1.514761e+00 1.650907e+00 -3.847068e+00
      vertex   -2.003965e+00 1.707553e+00 -3.979070e+00
      vertex   -1.514761e+00 1.453937e+00 -3.925747e+00
    endloop
  endfacet
  facet normal -2.025252e-01 -3.632624e-01 9.094086e-01
    outer loop
      vertex   -1.514761e+00 1.650907e+00 -3.847068e+00
      vertex   -1.514761e+00 1.453937e+00 -3.925747e+00
      vertex   -1.015476e+00 1.418064e+00 -3.828886e+00
    endloop
  endfacet
  facet normal -2.025252e-01 -3.167354e-01 9.266403e-01
    outer loop
      vertex   -1.015476e+00 1.418064e+00 -3.828886e+00
      vertex   -1.514761e+00 1.453937e+00 -3.925747e+00
      vertex   -1.015476e+00 1.222314e+00 -3.895795e+00
    endloop
  endfacet
  facet normal -1.220557e-01 -3.210197e-01 9.391745e-01
    outer loop
      vertex   -1.015476e+00 1.418064e+00 -3.828886e+00
      vertex   -1.015476e+00 1.222314e+00 -3.895795e+00
      vertex   -5.094330e-01 1.203678e+00 -3.836400e+00
    endloop
  endfacet
  facet normal -1.220557e-01 -2.730393e-01 9.542285e-01
    outer loop
      vertex   -5.094330e-01 1.203678e+00 -3.836400e+00
      vertex   -1.015476e+00 1.222314e+00 -3.895795e+00
      vertex   -5.094330e-01 1.007823e+00 -3.892441e+00
    endloop
  endfacet
  facet normal -4.077552e-02 -2.748673e-01 9.606172e-01
    outer loop
      vertex   -5.094330e-01 1.203678e+00 -3.836400e+00
      vertex   -5.094330e-01 1.007823e+00 -3.892441e+00
      vertex   8.224994e-16 1.002610e+00 -3.872308e+00
    endloop
  endfacet
  facet normal -4.077552e-02 -2.258601e-01 9.733060e-01
    outer loop
      vertex   8.224994e-16 1.002610e+00 -3.872308e+00
      vertex   -5.094330e-01 1.007823e+00 -3.892441e+00
      vertex   8.281506e-16 8.051941e-01 -3.918120e+00
    endloop
  endfacet
  facet normal -5.274936e-01 -4.309777e-01 7.321261e-01
    outer loop
      vertex   -3.379005e+00 2.640676e+00 -4.236573e+00
      vertex   -3.474805e+00 2.754302e+00 -4.238708e+00
      vertex   -3.379005e+00 2.422708e+00 -4.364883e+00
    endloop
  endfacet
  facet normal -5.252076e-01 -4.309484e-01 7.337850e-01
    outer loop
      vertex   -3.379005e+00 2.422708e+00 -4.364883e+00
      vertex   -3.474805e+00 2.754302e+00 -4.238708e+00
      vertex   -3.474805e+00 2.360331e+00 -4.470085e+00
    endloop
  endfacet
  facet normal -5.576982e-01 -3.843075e-01 7.357176e-01
    outer loop
      vertex   -3.379005e+00 2.422708e+00 -4.364883e+00
      vertex   -3.474805e+00 2.360331e+00 -4.470085e+00
      vertex   -3.379005e+00 2.198520e+00 -4.481989e+00
    endloop
  endfacet
  facet normal -5.195000e-01 -3.644246e-01 7.728612e-01
    outer loop
      vertex   -3.379005e+00 2.198520e+00 -4.481989e+00
      vertex   -3.474805e+00 2.360331e+00 -4.470085e+00
      vertex   -3.474805e+00 1.947079e+00 -4.664945e+00
    endloop
  endfacet
  facet normal -5.387793e-01 -3.517292e-01 7.655086e-01
    outer loop
      vertex   -3.379005e+00 2.198520e+00 -4.481989e+00
      vertex   -3.474805e+00 1.947079e+00 -4.664945e+00
      vertex   -3.379005e+00 1.968690e+00 -4.587589e+00
    endloop
  endfacet
  facet normal -5.544183e-01 -3.087184e-01 7.728605e-01
    outer loop
      vertex   -3.379005e+00 1.968690e+00 -4.587589e+00
      vertex   -3.474805e+00 1.947079e+00 -4.664945e+00
      vertex   -3.379005e+00 1.733805e+00 -4.681414e+00
    endloop
  endfacet
  facet normal -5.057565e-01 -3.200094e-01 8.011269e-01
    outer loop
      vertex   -3.379005e+00 1.968690e+00 -4.587589e+00
      vertex   -3.379005e+00 1.733805e+00 -4.681414e+00
      vertex   -2.939199e+00 1.644226e+00 -4.439544e+00
    endloop
  endfacet
  facet normal -5.057565e-01 -2.790223e-01 8.163069e-01
    outer loop
      vertex   -2.939199e+00 1.644226e+00 -4.439544e+00
      vertex   -3.379005e+00 1.733805e+00 -4.681414e+00
      vertex   -2.939199e+00 1.417257e+00 -4.517124e+00
    endloop
  endfacet
  facet normal -4.337707e-01 -2.914252e-01 8.525927e-01
    outer loop
      vertex   -2.939199e+00 1.644226e+00 -4.439544e+00
      vertex   -2.939199e+00 1.417257e+00 -4.517124e+00
      vertex   -2.479834e+00 1.351032e+00 -4.306051e+00
    endloop
  endfacet
  facet normal -4.337707e-01 -2.478680e-01 8.662589e-01
    outer loop
      vertex   -2.479834e+00 1.351032e+00 -4.306051e+00
      vertex   -2.939199e+00 1.417257e+00 -4.517124e+00
      vertex   -2.479834e+00 1.131200e+00 -4.368953e+00
    endloop
  endfacet
  facet normal -3.589023e-01 -2.567679e-01 8.973625e-01
    outer loop
      vertex   -2.479834e+00 1.351032e+00 -4.306051e+00
      vertex   -2.479834e+00 1.131200e+00 -4.368953e+00
      vertex   -2.003965e+00 1.085321e+00 -4.191756e+00
    endloop
  endfacet
  facet normal -3.589023e-01 -2.109876e-01 9.092158e-01
    outer loop
      vertex   -2.003965e+00 1.085321e+00 -4.191756e+00
      vertex   -2.479834e+00 1.131200e+00 -4.368953e+00
      vertex   -2.003965e+00 8.716188e-01 -4.241346e+00
    endloop
  endfacet
  facet normal -2.816493e-01 -2.168971e-01 9.346814e-01
    outer loop
      vertex   -2.003965e+00 1.085321e+00 -4.191756e+00
      vertex   -2.003965e+00 8.716188e-01 -4.241346e+00
      vertex   -1.514761e+00 8.427036e-01 -4.100643e+00
    endloop
  endfacet
  facet normal -2.816493e-01 -1.692778e-01 9.444674e-01
    outer loop
      vertex   -1.514761e+00 8.427036e-01 -4.100643e+00
      vertex   -2.003965e+00 8.716188e-01 -4.241346e+00
      vertex   -1.514761e+00 6.339278e-01 -4.138062e+00
    endloop
  endfacet
  facet normal -2.025252e-01 -1.727638e-01 9.639171e-01
    outer loop
      vertex   -1.514761e+00 8.427036e-01 -4.100643e+00
      vertex   -1.514761e+00 6.339278e-01 -4.138062e+00
      vertex   -1.015476e+00 6.182867e-01 -4.035963e+00
    endloop
  endfacet
  facet normal -2.025252e-01 -1.237205e-01 9.714303e-01
    outer loop
      vertex   -1.015476e+00 6.182867e-01 -4.035963e+00
      vertex   -1.514761e+00 6.339278e-01 -4.138062e+00
      vertex   -1.015476e+00 4.130750e-01 -4.062098e+00
    endloop
  endfacet
  facet normal -1.220557e-01 -1.253940e-01 9.845703e-01
    outer loop
      vertex   -1.015476e+00 6.182867e-01 -4.035963e+00
      vertex   -1.015476e+00 4.130750e-01 -4.062098e+00
      vertex   -5.094330e-01 4.067772e-01 -4.000167e+00
    endloop
  endfacet
  facet normal -1.220557e-01 -7.536538e-02 9.896577e-01
    outer loop
      vertex   -5.094330e-01 4.067772e-01 -4.000167e+00
      vertex   -1.015476e+00 4.130750e-01 -4.062098e+00
      vertex   -5.094330e-01 2.036500e-01 -4.015636e+00
    endloop
  endfacet
  facet normal -4.077552e-02 -7.586996e-02 9.962836e-01
    outer loop
      vertex   -5.094330e-01 4.067772e-01 -4.000167e+00
      vertex   -5.094330e-01 2.036500e-01 -4.015636e+00
      vertex   8.376179e-16 2.025967e-01 -3.994866e+00
    endloop
  endfacet
  facet normal -4.077552e-02 -2.531165e-02 9.988477e-01
    outer loop
      vertex   8.376179e-16 2.025967e-01 -3.994866e+00
      vertex   -5.094330e-01 2.036500e-01 -4.015636e+00
      vertex   2.369060e-15 -4.898587e-16 -4.000000e+00
    endloop
  endfacet
  facet normal -5.159473e-01 -2.938907e-01 8.046282e-01
    outer loop
      vertex   -3.474805e+00 1.947079e+00 -4.664945e+00
      vertex   -3.474805e+00 1.517920e+00 -4.821696e+00
      vertex   -3.379005e+00 1.733805e+00 -4.681414e+00
    endloop
  endfacet
  facet normal -5.489430e-01 -2.703488e-01 7.909318e-01
    outer loop
      vertex   -3.379005e+00 1.733805e+00 -4.681414e+00
      vertex   -3.474805e+00 1.517920e+00 -4.821696e+00
      vertex   -3.379005e+00 1.494470e+00 -4.763221e+00
    endloop
  endfacet
  facet normal -5.057565e-01 -2.790223e-01 8.163069e-01
    outer loop
      vertex   -3.379005e+00 1.733805e+00 -4.681414e+00
      vertex   -3.379005e+00 1.494470e+00 -4.763221e+00
      vertex   -2.939199e+00 1.417257e+00 -4.517124e+00
    endloop
  endfacet
  facet normal -5.057565e-01 -2.373189e-01 8.293914e-01
    outer loop
      vertex   -2.939199e+00 1.417257e+00 -4.517124e+00
      vertex   -3.379005e+00 1.494470e+00 -4.763221e+00
      vertex   -2.939199e+00 1.186649e+00 -4.583110e+00
    endloop
  endfacet
  facet normal -4.337707e-01 -2.478680e-01 8.662589e-01
    outer loop
      vertex   -2.939199e+00 1.417257e+00 -4.517124e+00
      vertex   -2.939199e+00 1.186649e+00 -4.583110e+00
      vertex   -2.479834e+00 1.131200e+00 -4.368953e+00
    endloop
  endfacet
  facet normal -4.337707e-01 -2.036746e-01 8.777013e-01
    outer loop
      vertex   -2.479834e+00 1.131200e+00 -4.368953e+00
      vertex   -2.939199e+00 1.186649e+00 -4.583110e+00
      vertex   -2.479834e+00 9.084645e-01 -4.420640e+00
    endloop
  endfacet
  facet normal -3.589023e-01 -2.109876e-01 9.092158e-01
    outer loop
      vertex   -2.479834e+00 1.131200e+00 -4.368953e+00
      vertex   -2.479834e+00 9.084645e-01 -4.420640e+00
      vertex   -2.003965e+00 8.716188e-01 -4.241346e+00
    endloop
  endfacet
  facet normal -3.589023e-01 -1.646658e-01 9.187352e-01
    outer loop
      vertex   -2.003965e+00 8.716188e-01 -4.241346e+00
      vertex   -2.479834e+00 9.084645e-01 -4.420640e+00
      vertex   -2.003965e+00 6.556794e-01 -4.280049e+00
    endloop
  endfacet
  facet normal -2.816493e-01 -1.692778e-01 9.444674e-01
    outer loop
      vertex   -2.003965e+00 8.716188e-01 -4.241346e+00
      vertex   -2.003965e+00 6.556794e-01 -4.280049e+00
      vertex   -1.514761e+00 6.339278e-01 -4.138062e+00
    endloop
  endfacet
  facet normal -2.816493e-01 -1.212241e-01 9.518290e-01
    outer loop
      vertex   -1.514761e+00 6.339278e-01 -4.138062e+00
      vertex   -2.003965e+00 6.556794e-01 -4.280049e+00
      vertex   -1.514761e+00 4.235248e-01 -4.164859e+00
    endloop
  endfacet
  facet normal -2.025252e-01 -1.237205e-01 9.714303e-01
    outer loop
      vertex   -1.514761e+00 6.339278e-01 -4.138062e+00
      vertex   -1.514761e+00 4.235248e-01 -4.164859e+00
      vertex   -1.015476e+00 4.130750e-01 -4.062098e+00
    endloop
  endfacet
  facet normal -2.025252e-01 -7.435956e-02 9.764498e-01
    outer loop
      vertex   -1.015476e+00 4.130750e-01 -4.062098e+00
      vertex   -1.514761e+00 4.235248e-01 -4.164859e+00
      vertex   -1.015476e+00 2.068029e-01 -4.077806e+00
    endloop
  endfacet
  facet normal -1.220557e-01 -7.536538e-02 9.896577e-01
    outer loop
      vertex   -1.015476e+00 4.130750e-01 -4.062098e+00
      vertex   -1.015476e+00 2.068029e-01 -4.077806e+00
      vertex   -5.094330e-01 2.036500e-01 -4.015636e+00
    endloop
  endfacet
  facet normal -1.220557e-01 -2.514331e-02 9.922047e-01
    outer loop
      vertex   -5.094330e-01 2.036500e-01 -4.015636e+00
      vertex   -1.015476e+00 2.068029e-01 -4.077806e+00
      vertex   -5.094330e-01 4.924055e-16 -4.020796e+00
    endloop
  endfacet
  facet normal -4.077552e-02 -2.531165e-02 9.988477e-01
    outer loop
      vertex   -5.094330e-01 2.036500e-01 -4.015636e+00
      vertex   -5.094330e-01 4.924055e-16 -4.020796e+00
      vertex   2.369060e-15 -4.898587e-16 -4.000000e+00
    endloop
  endfacet
  facet normal -4.077552e-02 2.531165e-02 9.988477e-01
    outer loop
      vertex   2.369060e-15 -4.898587e-16 -4.000000e+00
      vertex   -5.094330e-01 4.924055e-16 -4.020796e+00
      vertex   8.376179e-16 -2.025967e-01 -3.994866e+00
    endloop
  endfacet
  facet normal -5.474366e-01 -2.302134e-01 8.045588e-01
    outer loop
      vertex   -3.379005e+00 1.494470e+00 -4.763221e+00
      vertex   -3.474805e+00 1.517920e+00 -4.821696e+00
      vertex   -3.379005e+00 1.251299e+00 -4.832801e+00
    endloop
  endfacet
  facet normal -5.162920e-01 -2.199856e-01 8.276768e-01
    outer loop
      vertex   -3.379005e+00 1.251299e+00 -4.832801e+00
      vertex   -3.474805e+00 1.517920e+00 -4.821696e+00
      vertex   -3.474805e+00 1.076360e+00 -4.939056e+00
    endloop
  endfacet
  facet normal -5.552616e-01 -1.879987e-01 8.101488e-01
    outer loop
      vertex   -3.379005e+00 1.251299e+00 -4.832801e+00
      vertex   -3.474805e+00 1.076360e+00 -4.939056e+00
      vertex   -3.379005e+00 1.004916e+00 -4.889976e+00
    endloop
  endfacet
  facet normal -5.365705e-01 -1.488728e-01 8.306196e-01
    outer loop
      vertex   -3.379005e+00 1.004916e+00 -4.889976e+00
      vertex   -3.474805e+00 1.076360e+00 -4.939056e+00
      vertex   -3.379005e+00 7.559525e-01 -4.934597e+00
    endloop
  endfacet
  facet normal -5.057565e-01 -1.521931e-01 8.491452e-01
    outer loop
      vertex   -3.379005e+00 1.004916e+00 -4.889976e+00
      vertex   -3.379005e+00 7.559525e-01 -4.934597e+00
      vertex   -2.939199e+00 7.168955e-01 -4.679646e+00
    endloop
  endfacet
  facet normal -5.057565e-01 -1.089893e-01 8.557638e-01
    outer loop
      vertex   -2.939199e+00 7.168955e-01 -4.679646e+00
      vertex   -3.379005e+00 7.559525e-01 -4.934597e+00
      vertex   -2.939199e+00 4.789551e-01 -4.709950e+00
    endloop
  endfacet
  facet normal -4.337707e-01 -1.138340e-01 8.938036e-01
    outer loop
      vertex   -2.939199e+00 7.168955e-01 -4.679646e+00
      vertex   -2.939199e+00 4.789551e-01 -4.709950e+00
      vertex   -2.479834e+00 4.565748e-01 -4.489866e+00
    endloop
  endfacet
  facet normal -4.337707e-01 -6.841750e-02 8.984220e-01
    outer loop
      vertex   -2.479834e+00 4.565748e-01 -4.489866e+00
      vertex   -2.939199e+00 4.789551e-01 -4.709950e+00
      vertex   -2.479834e+00 2.285808e-01 -4.507229e+00
    endloop
  endfacet
  facet normal -3.589023e-01 -7.087408e-02 9.306804e-01
    outer loop
      vertex   -2.479834e+00 4.565748e-01 -4.489866e+00
      vertex   -2.479834e+00 2.285808e-01 -4.507229e+00
      vertex   -2.003965e+00 2.193099e-01 -4.324424e+00
    endloop
  endfacet
  facet normal -3.589023e-01 -2.364493e-02 9.330756e-01
    outer loop
      vertex   -2.003965e+00 2.193099e-01 -4.324424e+00
      vertex   -2.479834e+00 2.285808e-01 -4.507229e+00
      vertex   -2.003965e+00 5.302698e-16 -4.329981e+00
    endloop
  endfacet
  facet normal -2.816493e-01 -2.430718e-02 9.592095e-01
    outer loop
      vertex   -2.003965e+00 2.193099e-01 -4.324424e+00
      vertex   -2.003965e+00 5.302698e-16 -4.329981e+00
      vertex   -1.514761e+00 5.126785e-16 -4.186338e+00
    endloop
  endfacet
  facet normal -2.816493e-01 2.430718e-02 9.592095e-01
    outer loop
      vertex   -1.514761e+00 5.126785e-16 -4.186338e+00
      vertex   -2.003965e+00 5.302698e-16 -4.329981e+00
      vertex   -1.514761e+00 -2.120345e-01 -4.180965e+00
    endloop
  endfacet
  facet normal -2.025252e-01 2.480775e-02 9.789628e-01
    outer loop
      vertex   -1.514761e+00 5.126785e-16 -4.186338e+00
      vertex   -1.514761e+00 -2.120345e-01 -4.180965e+00
      vertex   -1.015476e+00 -2.068029e-01 -4.077806e+00
    endloop
  endfacet
  facet normal -2.025252e-01 7.435956e-02 9.764498e-01
    outer loop
      vertex   -1.015476e+00 -2.068029e-01 -4.077806e+00
      vertex   -1.514761e+00 -2.120345e-01 -4.180965e+00
      vertex   -1.015476e+00 -4.130750e-01 -4.062098e+00
    endloop
  endfacet
  facet normal -1.220557e-01 7.536538e-02 9.896577e-01
    outer loop
      vertex   -1.015476e+00 -2.068029e-01 -4.077806e+00
      vertex   -1.015476e+00 -4.130750e-01 -4.062098e+00
      vertex   -5.094330e-01 -4.067772e-01 -4.000167e+00
    endloop
  endfacet
  facet normal -1.220557e-01 1.253940e-01 9.845703e-01
    outer loop
      vertex   -5.094330e-01 -4.067772e-01 -4.000167e+00
      vertex   -1.015476e+00 -4.130750e-01 -4.062098e+00
      vertex   -5.094330e-01 -6.088603e-01 -3.974430e+00
    endloop
  endfacet
  facet normal -4.077552e-02 1.262335e-01 9.911622e-01
    outer loop
      vertex   -5.094330e-01 -4.067772e-01 -4.000167e+00
      vertex   -5.094330e-01 -6.088603e-01 -3.974430e+00
      vertex   8.325611e-16 -6.057111e-01 -3.953873e+00
    endloop
  endfacet
  facet normal -4.077552e-02 1.762730e-01 9.834964e-01
    outer loop
      vertex   8.325611e-16 -6.057111e-01 -3.953873e+00
      vertex   -5.094330e-01 -6.088603e-01 -3.974430e+00
      vertex   8.281506e-16 -8.051941e-01 -3.918120e+00
    endloop
  endfacet
  facet normal -5.205253e-01 -1.439221e-01 8.416293e-01
    outer loop
      vertex   -3.474805e+00 1.076360e+00 -4.939056e+00
      vertex   -3.474805e+00 6.260077e-01 -5.016068e+00
      vertex   -3.379005e+00 7.559525e-01 -4.934597e+00
    endloop
  endfacet
  facet normal -5.579006e-01 -1.048494e-01 8.232579e-01
    outer loop
      vertex   -3.379005e+00 7.559525e-01 -4.934597e+00
      vertex   -3.474805e+00 6.260077e-01 -5.016068e+00
      vertex   -3.379005e+00 5.050490e-01 -4.966552e+00
    endloop
  endfacet
  facet normal -5.057565e-01 -1.089893e-01 8.557638e-01
    outer loop
      vertex   -3.379005e+00 7.559525e-01 -4.934597e+00
      vertex   -3.379005e+00 5.050490e-01 -4.966552e+00
      vertex   -2.939199e+00 4.789551e-01 -4.709950e+00
    endloop
  endfacet
  facet normal -5.057565e-01 -6.550569e-02 8.601856e-01
    outer loop
      vertex   -2.939199e+00 4.789551e-01 -4.709950e+00
      vertex   -3.379005e+00 5.050490e-01 -4.966552e+00
      vertex   -2.939199e+00 2.397853e-01 -4.728164e+00
    endloop
  endfacet
  facet normal -4.337707e-01 -6.841750e-02 8.984220e-01
    outer loop
      vertex   -2.939199e+00 4.789551e-01 -4.709950e+00
      vertex   -2.939199e+00 2.397853e-01 -4.728164e+00
      vertex   -2.479834e+00 2.285808e-01 -4.507229e+00
    endloop
  endfacet
  facet normal -4.337707e-01 -2.282537e-02 9.007341e-01
    outer loop
      vertex   -2.479834e+00 2.285808e-01 -4.507229e+00
      vertex   -2.939199e+00 2.397853e-01 -4.728164e+00
      vertex   -2.479834e+00 5.526857e-16 -4.513021e+00
    endloop
  endfacet
  facet normal -3.589023e-01 -2.364493e-02 9.330756e-01
    outer loop
      vertex   -2.479834e+00 2.285808e-01 -4.507229e+00
      vertex   -2.479834e+00 5.526857e-16 -4.513021e+00
      vertex   -2.003965e+00 5.302698e-16 -4.329981e+00
    endloop
  endfacet
  facet normal -3.589023e-01 2.364493e-02 9.330756e-01
    outer loop
      vertex   -2.003965e+00 5.302698e-16 -4.329981e+00
      vertex   -2.479834e+00 5.526857e-16 -4.513021e+00
      vertex   -2.003965e+00 -2.193099e-01 -4.324424e+00
    endloop
  endfacet
  facet normal -2.816493e-01 2.430718e-02 9.592095e-01
    outer loop
      vertex   -2.003965e+00 5.302698e-16 -4.329981e+00
      vertex   -2.003965e+00 -2.193099e-01 -4.324424e+00
      vertex   -1.514761e+00 -2.120345e-01 -4.180965e+00
    endloop
  endfacet
  facet normal -2.816493e-01 7.285915e-02 9.567472e-01
    outer loop
      vertex   -1.514761e+00 -2.120345e-01 -4.180965e+00
      vertex   -2.003965e+00 -2.193099e-01 -4.324424e+00
      vertex   -1.514761e+00 -4.235248e-01 -4.164859e+00
    endloop
  endfacet
  facet normal -2.025252e-01 7.435956e-02 9.764498e-01
    outer loop
      vertex   -1.514761e+00 -2.120345e-01 -4.180965e+00
      vertex   -1.514761e+00 -4.235248e-01 -4.164859e+00
      vertex   -1.015476e+00 -4.130750e-01 -4.062098e+00
    endloop
  endfacet
  facet normal -2.025252e-01 1.237205e-01 9.714303e-01
    outer loop
      vertex   -1.015476e+00 -4.130750e-01 -4.062098e+00
      vertex   -1.514761e+00 -4.235248e-01 -4.164859e+00
      vertex   -1.015476e+00 -6.182867e-01 -4.035963e+00
    endloop
  endfacet
  facet normal -1.220557e-01 1.253940e-01 9.845703e-01
    outer loop
      vertex   -1.015476e+00 -4.130750e-01 -4.062098e+00
      vertex   -1.015476e+00 -6.182867e-01 -4.035963e+00
      vertex   -5.094330e-01 -6.088603e-01 -3.974430e+00
    endloop
  endfacet
  facet normal -1.220557e-01 1.751007e-01 9.769555e-01
    outer loop
      vertex   -5.094330e-01 -6.088603e-01 -3.974430e+00
      vertex   -1.015476e+00 -6.182867e-01 -4.035963e+00
      vertex   -5.094330e-01 -8.093804e-01 -3.938490e+00
    endloop
  endfacet
  facet normal -4.077552e-02 1.762730e-01 9.834964e-01
    outer loop
      vertex   -5.094330e-01 -6.088603e-01 -3.974430e+00
      vertex   -5.094330e-01 -8.093804e-01 -3.938490e+00
      vertex   8.281506e-16 -8.051941e-01 -3.918120e+00
    endloop
  endfacet
  facet normal -5.237609e-01 -6.718585e-02 8.492118e-01
    outer loop
      vertex   -3.474805e+00 6.260077e-01 -5.016068e+00
      vertex   -3.474805e+00 1.705412e-01 -5.052103e+00
      vertex   -3.379005e+00 5.050490e-01 -4.966552e+00
    endloop
  endfacet
  facet normal -5.301789e-01 -6.438261e-02 8.454379e-01
    outer loop
      vertex   -3.379005e+00 5.050490e-01 -4.966552e+00
      vertex   -3.474805e+00 1.705412e-01 -5.052103e+00
      vertex   -3.379005e+00 2.528490e-01 -4.985758e+00
    endloop
  endfacet
  facet normal -5.057565e-01 -6.550569e-02 8.601856e-01
    outer loop
      vertex   -3.379005e+00 5.050490e-01 -4.966552e+00
      vertex   -3.379005e+00 2.528490e-01 -4.985758e+00
      vertex   -2.939199e+00 2.397853e-01 -4.728164e+00
    endloop
  endfacet
  facet normal -5.057565e-01 -2.185393e-02 8.623994e-01
    outer loop
      vertex   -2.939199e+00 2.397853e-01 -4.728164e+00
      vertex   -3.379005e+00 2.528490e-01 -4.985758e+00
      vertex   -2.939199e+00 5.797772e-16 -4.734240e+00
    endloop
  endfacet
  facet normal -4.337707e-01 -2.282537e-02 9.007341e-01
    outer loop
      vertex   -2.939199e+00 2.397853e-01 -4.728164e+00
      vertex   -2.939199e+00 5.797772e-16 -4.734240e+00
      vertex   -2.479834e+00 5.526857e-16 -4.513021e+00
    endloop
  endfacet
  facet normal -4.337707e-01 2.282537e-02 9.007341e-01
    outer loop
      vertex   -2.479834e+00 5.526857e-16 -4.513021e+00
      vertex   -2.939199e+00 5.797772e-16 -4.734240e+00
      vertex   -2.479834e+00 -2.285808e-01 -4.507229e+00
    endloop
  endfacet
  facet normal -3.589023e-01 2.364493e-02 9.330756e-01
    outer loop
      vertex   -2.479834e+00 5.526857e-16 -4.513021e+00
      vertex   -2.479834e+00 -2.285808e-01 -4.507229e+00
      vertex   -2.003965e+00 -2.193099e-01 -4.324424e+00
    endloop
  endfacet
  facet normal -3.589023e-01 7.087408e-02 9.306804e-01
    outer loop
      vertex   -2.003965e+00 -2.193099e-01 -4.324424e+00
      vertex   -2.479834e+00 -2.285808e-01 -4.507229e+00
      vertex   -2.003965e+00 -4.380569e-01 -4.307765e+00
    endloop
  endfacet
  facet normal -2.816493e-01 7.285915e-02 9.567472e-01
    outer loop
      vertex   -2.003965e+00 -2.193099e-01 -4.324424e+00
      vertex   -2.003965e+00 -4.380569e-01 -4.307765e+00
      vertex   -1.514761e+00 -4.235248e-01 -4.164859e+00
    endloop
  endfacet
  facet normal -2.816493e-01 1.212241e-01 9.518290e-01
    outer loop
      vertex   -1.514761e+00 -4.235248e-01 -4.164859e+00
      vertex   -2.003965e+00 -4.380569e-01 -4.307765e+00
      vertex   -1.514761e+00 -6.339278e-01 -4.138062e+00
    endloop
  endfacet
  facet normal -2.025252e-01 1.237205e-01 9.714303e-01
    outer loop
      vertex   -1.514761e+00 -4.235248e-01 -4.164859e+00
      vertex   -1.514761e+00 -6.339278e-01 -4.138062e+00
      vertex   -1.015476e+00 -6.182867e-01 -4.035963e+00
    endloop
  endfacet
  facet normal -2.025252e-01 1.727638e-01 9.639171e-01
    outer loop
      vertex   -1.015476e+00 -6.182867e-01 -4.035963e+00
      vertex   -1.514761e+00 -6.339278e-01 -4.138062e+00
      vertex   -1.015476e+00 -8.219113e-01 -3.999467e+00
    endloop
  endfacet
  facet normal -1.220557e-01 1.751007e-01 9.769555e-01
    outer loop
      vertex   -1.015476e+00 -6.182867e-01 -4.035963e+00
      vertex   -1.015476e+00 -8.219113e-01 -3.999467e+00
      vertex   -5.094330e-01 -8.093804e-01 -3.938490e+00
    endloop
  endfacet
  facet normal -5.569289e-01 -2.104034e-02 8.302936e-01
    outer loop
      vertex   -3.379005e+00 2.528490e-01 -4.985758e+00
      vertex   -3.474805e+00 1.705412e-01 -5.052103e+00
      vertex   -3.379005e+00 6.113639e-16 -4.992165e+00
    endloop
  endfacet
  facet normal -5.177645e-01 9.807303e-03 8.554670e-01
    outer loop
      vertex   -3.379005e+00 6.113639e-16 -4.992165e+00
      vertex   -3.474805e+00 1.705412e-01 -5.052103e+00
      vertex   -3.474805e+00 -2.863185e-01 -5.046865e+00
    endloop
  endfacet
  facet normal -5.429248e-01 2.127394e-02 8.395118e-01
    outer loop
      vertex   -3.379005e+00 6.113639e-16 -4.992165e+00
      vertex   -3.474805e+00 -2.863185e-01 -5.046865e+00
      vertex   -3.379005e+00 -2.528490e-01 -4.985758e+00
    endloop
  endfacet
  facet normal -5.523213e-01 6.330022e-02 8.312246e-01
    outer loop
      vertex   -3.379005e+00 -2.528490e-01 -4.985758e+00
      vertex   -3.474805e+00 -2.863185e-01 -5.046865e+00
      vertex   -3.379005e+00 -5.050490e-01 -4.966552e+00
    endloop
  endfacet
  facet normal -5.057565e-01 6.550569e-02 8.601856e-01
    outer loop
      vertex   -3.379005e+00 -2.528490e-01 -4.985758e+00
      vertex   -3.379005e+00 -5.050490e-01 -4.966552e+00
      vertex   -2.939199e+00 -4.789551e-01 -4.709950e+00
    endloop
  endfacet
  facet normal -5.057565e-01 1.089893e-01 8.557638e-01
    outer loop
      vertex   -2.939199e+00 -4.789551e-01 -4.709950e+00
      vertex   -3.379005e+00 -5.050490e-01 -4.966552e+00
      vertex   -2.939199e+00 -7.168955e-01 -4.679646e+00
    endloop
  endfacet
  facet normal -4.337707e-01 1.138340e-01 8.938036e-01
    outer loop
      vertex   -2.939199e+00 -4.789551e-01 -4.709950e+00
      vertex   -2.939199e+00 -7.168955e-01 -4.679646e+00
      vertex   -2.479834e+00 -6.833968e-01 -4.460979e+00
    endloop
  endfacet
  facet normal -4.337707e-01 1.589583e-01 8.868908e-01
    outer loop
      vertex   -2.479834e+00 -6.833968e-01 -4.460979e+00
      vertex   -2.939199e+00 -7.168955e-01 -4.679646e+00
      vertex   -2.479834e+00 -9.084645e-01 -4.420640e+00
    endloop
  endfacet
  facet normal -3.589023e-01 1.646658e-01 9.187352e-01
    outer loop
      vertex   -2.479834e+00 -6.833968e-01 -4.460979e+00
      vertex   -2.479834e+00 -9.084645e-01 -4.420640e+00
      vertex   -2.003965e+00 -8.716188e-01 -4.241346e+00
    endloop
  endfacet
  facet normal -5.156203e-01 8.714044e-02 8.523745e-01
    outer loop
      vertex   -3.474805e+00 -2.863185e-01 -5.046865e+00
      vertex   -3.474805e+00 -7.408392e-01 -5.000399e+00
      vertex   -3.379005e+00 -5.050490e-01 -4.966552e+00
    endloop
  endfacet
  facet normal -5.516685e-01 1.053744e-01 8.273803e-01
    outer loop
      vertex   -3.379005e+00 -5.050490e-01 -4.966552e+00
      vertex   -3.474805e+00 -7.408392e-01 -5.000399e+00
      vertex   -3.379005e+00 -7.559525e-01 -4.934597e+00
    endloop
  endfacet
  facet normal -5.057565e-01 1.089893e-01 8.557638e-01
    outer loop
      vertex   -3.379005e+00 -5.050490e-01 -4.966552e+00
      vertex   -3.379005e+00 -7.559525e-01 -4.934597e+00
      vertex   -2.939199e+00 -7.168955e-01 -4.679646e+00
    endloop
  endfacet
  facet normal -5.057565e-01 1.521931e-01 8.491452e-01
    outer loop
      vertex   -2.939199e+00 -7.168955e-01 -4.679646e+00
      vertex   -3.379005e+00 -7.559525e-01 -4.934597e+00
      vertex   -2.939199e+00 -9.529955e-01 -4.637330e+00
    endloop
  endfacet
  facet normal -4.337707e-01 1.589583e-01 8.868908e-01
    outer loop
      vertex   -2.939199e+00 -7.168955e-01 -4.679646e+00
      vertex   -2.939199e+00 -9.529955e-01 -4.637330e+00
      vertex   -2.479834e+00 -9.084645e-01 -4.420640e+00
    endloop
  endfacet
  facet normal -5.439569e-01 1.480361e-01 8.259517e-01
    outer loop
      vertex   -3.379005e+00 -7.559525e-01 -4.934597e+00
      vertex   -3.474805e+00 -7.408392e-01 -5.000399e+00
      vertex   -3.379005e+00 -1.004916e+00 -4.889976e+00
    endloop
  endfacet
  facet normal -5.173815e-01 1.635438e-01 8.399820e-01
    outer loop
      vertex   -3.379005e+00 -1.004916e+00 -4.889976e+00
      vertex   -3.474805e+00 -7.408392e-01 -5.000399e+00
      vertex   -3.474805e+00 -1.189308e+00 -4.913082e+00
    endloop
  endfacet
  facet normal -5.165367e-01 3.828495e-01 7.659087e-01
    outer loop
      vertex   -3.474805e+00 -2.053513e+00 -4.619081e+00
      vertex   -3.474805e+00 -2.462190e+00 -4.414799e+00
      vertex   -3.379005e+00 -2.198520e+00 -4.481989e+00
    endloop
  endfacet
  facet normal -5.465447e-01 3.877273e-01 7.422644e-01
    outer loop
      vertex   -3.379005e+00 -2.198520e+00 -4.481989e+00
      vertex   -3.474805e+00 -2.462190e+00 -4.414799e+00
      vertex   -3.379005e+00 -2.422708e+00 -4.364883e+00
    endloop
  endfacet
  facet normal -5.057565e-01 3.994162e-01 7.646418e-01
    outer loop
      vertex   -3.379005e+00 -2.198520e+00 -4.481989e+00
      vertex   -3.379005e+00 -2.422708e+00 -4.364883e+00
      vertex   -2.939199e+00 -2.297536e+00 -4.139367e+00
    endloop
  endfacet
  facet normal -5.057565e-01 4.376320e-01 7.434302e-01
    outer loop
      vertex   -2.939199e+00 -2.297536e+00 -4.139367e+00
      vertex   -3.379005e+00 -2.422708e+00 -4.364883e+00
      vertex   -2.939199e+00 -2.504243e+00 -4.017686e+00
    endloop
  endfacet
  facet normal -4.521165e-01 4.524870e-01 7.686652e-01
    outer loop
      vertex   -2.939199e+00 -2.297536e+00 -4.139367e+00
      vertex   -2.939199e+00 -2.504243e+00 -4.017686e+00
      vertex   -2.692178e+00 -2.457343e+00 -3.900000e+00
    endloop
  endfacet
  facet normal -4.496882e-01 4.826652e-01 7.515416e-01
    outer loop
      vertex   -2.692178e+00 -2.457343e+00 -3.900000e+00
      vertex   -2.939199e+00 -2.504243e+00 -4.017686e+00
      vertex   -3.091671e+00 -2.829542e+00 -3.900000e+00
    endloop
  endfacet
  facet normal -5.177641e-01 4.950980e-01 6.977093e-01
    outer loop
      vertex   -3.091671e+00 -2.829542e+00 -3.900000e+00
      vertex   -2.939199e+00 -2.504243e+00 -4.017686e+00
      vertex   -3.379005e+00 -2.851865e+00 -4.097387e+00
    endloop
  endfacet
  facet normal -5.143027e-01 5.075989e-01 6.912569e-01
    outer loop
      vertex   -3.091671e+00 -2.829542e+00 -3.900000e+00
      vertex   -3.379005e+00 -2.851865e+00 -4.097387e+00
      vertex   -3.379005e+00 -3.055734e+00 -3.947683e+00
    endloop
  endfacet
  facet normal -5.399552e-01 4.981792e-01 6.784289e-01
    outer loop
      vertex   -3.379005e+00 -3.055734e+00 -3.947683e+00
      vertex   -3.379005e+00 -2.851865e+00 -4.097387e+00
      vertex   -3.474805e+00 -2.850753e+00 -4.174451e+00
    endloop
  endfacet
  facet normal -5.189799e-01 5.134643e-01 6.833844e-01
    outer loop
      vertex   -3.379005e+00 -3.055734e+00 -3.947683e+00
      vertex   -3.474805e+00 -2.850753e+00 -4.174451e+00
      vertex   -3.474805e+00 -3.216027e+00 -3.900000e+00
    endloop
  endfacet
  facet normal -5.497309e-01 4.237654e-01 7.198742e-01
    outer loop
      vertex   -3.379005e+00 -2.422708e+00 -4.364883e+00
      vertex   -3.474805e+00 -2.462190e+00 -4.414799e+00
      vertex   -3.379005e+00 -2.640676e+00 -4.236573e+00
    endloop
  endfacet
  facet normal -5.158079e-01 4.506719e-01 7.285856e-01
    outer loop
      vertex   -3.379005e+00 -2.640676e+00 -4.236573e+00
      vertex   -3.474805e+00 -2.462190e+00 -4.414799e+00
      vertex   -3.474805e+00 -2.850753e+00 -4.174451e+00
    endloop
  endfacet
  facet normal -5.538984e-01 4.581651e-01 6.951844e-01
    outer loop
      vertex   -3.379005e+00 -2.640676e+00 -4.236573e+00
      vertex   -3.474805e+00 -2.850753e+00 -4.174451e+00
      vertex   -3.379005e+00 -2.851865e+00 -4.097387e+00
    endloop
  endfacet
  facet normal -5.175012e-01 5.130142e-01 6.848422e-01
    outer loop
      vertex   -3.474805e+00 -3.216027e+00 -3.900000e+00
      vertex   -3.091671e+00 -2.829542e+00 -3.900000e+00
      vertex   -3.379005e+00 -3.055734e+00 -3.947683e+00
    endloop
  endfacet
  facet normal -3.771631e-01 4.288029e-01 8.208996e-01
    outer loop
      vertex   -2.479834e+00 -2.190178e+00 -3.945945e+00
      vertex   -2.284672e+00 -2.106476e+00 -3.900000e+00
      vertex   -2.479834e+00 -1.987508e+00 -4.051811e+00
    endloop
  endfacet
  facet normal -3.587537e-01 4.529596e-01 8.161638e-01
    outer loop
      vertex   -2.479834e+00 -1.987508e+00 -4.051811e+00
      vertex   -2.284672e+00 -2.106476e+00 -3.900000e+00
      vertex   -1.877498e+00 -1.783986e+00 -3.900000e+00
    endloop
  endfacet
  facet normal -3.376759e-01 3.465981e-01 8.751256e-01
    outer loop
      vertex   -2.479834e+00 -1.987508e+00 -4.051811e+00
      vertex   -1.877498e+00 -1.783986e+00 -3.900000e+00
      vertex   -2.003965e+00 -1.707553e+00 -3.979070e+00
    endloop
  endfacet
  facet normal -2.975771e-01 4.029717e-01 8.654835e-01
    outer loop
      vertex   -2.003965e+00 -1.707553e+00 -3.979070e+00
      vertex   -1.877498e+00 -1.783986e+00 -3.900000e+00
      vertex   -1.674140e+00 -1.633814e+00 -3.900000e+00
    endloop
  endfacet
  facet normal -2.922239e-01 3.547576e-01 8.881172e-01
    outer loop
      vertex   -2.003965e+00 -1.707553e+00 -3.979070e+00
      vertex   -1.674140e+00 -1.633814e+00 -3.900000e+00
      vertex   -2.003965e+00 -1.503825e+00 -4.060449e+00
    endloop
  endfacet
  facet normal -2.814381e-01 3.757496e-01 8.829523e-01
    outer loop
      vertex   -2.003965e+00 -1.503825e+00 -4.060449e+00
      vertex   -1.674140e+00 -1.633814e+00 -3.900000e+00
      vertex   -1.514761e+00 -1.453937e+00 -3.925747e+00
    endloop
  endfacet
  facet normal -2.816493e-01 3.103444e-01 9.079427e-01
    outer loop
      vertex   -2.003965e+00 -1.503825e+00 -4.060449e+00
      vertex   -1.514761e+00 -1.453937e+00 -3.925747e+00
      vertex   -2.003965e+00 -1.296237e+00 -4.131405e+00
    endloop
  endfacet
  facet normal -2.816493e-01 3.103444e-01 9.079427e-01
    outer loop
      vertex   -2.003965e+00 -1.296237e+00 -4.131405e+00
      vertex   -1.514761e+00 -1.453937e+00 -3.925747e+00
      vertex   -1.514761e+00 -1.253235e+00 -3.994349e+00
    endloop
  endfacet
  facet normal -2.816493e-01 2.639595e-01 9.224961e-01
    outer loop
      vertex   -2.003965e+00 -1.296237e+00 -4.131405e+00
      vertex   -1.514761e+00 -1.253235e+00 -3.994349e+00
      vertex   -2.003965e+00 -1.085321e+00 -4.191756e+00
    endloop
  endfacet
  facet normal -2.816493e-01 2.639595e-01 9.224961e-01
    outer loop
      vertex   -2.003965e+00 -1.085321e+00 -4.191756e+00
      vertex   -1.514761e+00 -1.253235e+00 -3.994349e+00
      vertex   -1.514761e+00 -1.049316e+00 -4.052698e+00
    endloop
  endfacet
  facet normal -2.374237e-01 3.405857e-01 9.097425e-01
    outer loop
      vertex   -1.674140e+00 -1.633814e+00 -3.900000e+00
      vertex   -1.456321e+00 -1.481972e+00 -3.900000e+00
      vertex   -1.514761e+00 -1.453937e+00 -3.925747e+00
    endloop
  endfacet
  facet normal -2.293652e-01 3.544232e-01 9.065185e-01
    outer loop
      vertex   -1.514761e+00 -1.453937e+00 -3.925747e+00
      vertex   -1.456321e+00 -1.481972e+00 -3.900000e+00
      vertex   -1.227205e+00 -1.333700e+00 -3.900000e+00
    endloop
  endfacet
  facet normal -2.148306e-01 3.158861e-01 9.241557e-01
    outer loop
      vertex   -1.514761e+00 -1.453937e+00 -3.925747e+00
      vertex   -1.227205e+00 -1.333700e+00 -3.900000e+00
      vertex   -1.514761e+00 -1.253235e+00 -3.994349e+00
    endloop
  endfacet
  facet normal -2.032418e-01 3.471686e-01 9.155145e-01
    outer loop
      vertex   -1.514761e+00 -1.253235e+00 -3.994349e+00
      vertex   -1.227205e+00 -1.333700e+00 -3.900000e+00
      vertex   -9.934855e-01 -1.196874e+00 -3.900000e+00
    endloop
  endfacet
  facet normal -1.996550e-01 2.695574e-01 9.420598e-01
    outer loop
      vertex   -1.514761e+00 -1.253235e+00 -3.994349e+00
      vertex   -9.934855e-01 -1.196874e+00 -3.900000e+00
      vertex   -1.514761e+00 -1.049316e+00 -4.052698e+00
    endloop
  endfacet
  facet normal -2.025609e-01 2.611100e-01 9.438171e-01
    outer loop
      vertex   -1.514761e+00 -1.049316e+00 -4.052698e+00
      vertex   -9.934855e-01 -1.196874e+00 -3.900000e+00
      vertex   -1.015476e+00 -1.023426e+00 -3.952704e+00
    endloop
  endfacet
  facet normal -1.379348e-01 2.719076e-01 9.523866e-01
    outer loop
      vertex   -9.934855e-01 -1.196874e+00 -3.900000e+00
      vertex   -7.618523e-01 -1.079370e+00 -3.900000e+00
      vertex   -1.015476e+00 -1.023426e+00 -3.952704e+00
    endloop
  endfacet
  facet normal -1.254248e-01 3.170327e-01 9.400845e-01
    outer loop
      vertex   -1.015476e+00 -1.023426e+00 -3.952704e+00
      vertex   -7.618523e-01 -1.079370e+00 -3.900000e+00
      vertex   -5.203232e-01 -9.838156e-01 -3.900000e+00
    endloop
  endfacet
  facet normal 1.208759e-01 2.243906e-01 9.669736e-01
    outer loop
      vertex   1.015476e+00 -8.219113e-01 -3.999467e+00
      vertex   5.203232e-01 -9.838156e-01 -3.900000e+00
      vertex   1.015476e+00 -1.023426e+00 -3.952704e+00
    endloop
  endfacet
  facet normal 1.254248e-01 3.170327e-01 9.400845e-01
    outer loop
      vertex   1.015476e+00 -1.023426e+00 -3.952704e+00
      vertex   5.203232e-01 -9.838156e-01 -3.900000e+00
      vertex   7.618523e-01 -1.079370e+00 -3.900000e+00
    endloop
  endfacet
  facet normal 1.379348e-01 2.719076e-01 9.523866e-01
    outer loop
      vertex   1.015476e+00 -1.023426e+00 -3.952704e+00
      vertex   7.618523e-01 -1.079370e+00 -3.900000e+00
      vertex   9.934855e-01 -1.196874e+00 -3.900000e+00
    endloop
  endfacet
  facet normal 1.573610e-01 2.687971e-01 9.502556e-01
    outer loop
      vertex   9.934855e-01 -1.196874e+00 -3.900000e+00
      vertex   1.227205e+00 -1.333700e+00 -3.900000e+00
      vertex   1.015476e+00 -1.023426e+00 -3.952704e+00
    endloop
  endfacet
  facet normal 2.023009e-01 2.965892e-01 9.333323e-01
    outer loop
      vertex   1.015476e+00 -1.023426e+00 -3.952704e+00
      vertex   1.227205e+00 -1.333700e+00 -3.900000e+00
      vertex   1.514761e+00 -1.049316e+00 -4.052698e+00
    endloop
  endfacet
  facet normal 2.025252e-01 2.213637e-01 9.539296e-01
    outer loop
      vertex   1.015476e+00 -1.023426e+00 -3.952704e+00
      vertex   1.514761e+00 -1.049316e+00 -4.052698e+00
      vertex   1.015476e+00 -8.219113e-01 -3.999467e+00
    endloop
  endfacet
  facet normal 2.025252e-01 2.213637e-01 9.539296e-01
    outer loop
      vertex   1.015476e+00 -8.219113e-01 -3.999467e+00
      vertex   1.514761e+00 -1.049316e+00 -4.052698e+00
      vertex   1.514761e+00 -8.427036e-01 -4.100643e+00
    endloop
  endfacet
  facet normal 2.025252e-01 1.727638e-01 9.639171e-01
    outer loop
      vertex   1.015476e+00 -8.219113e-01 -3.999467e+00
      vertex   1.514761e+00 -8.427036e-01 -4.100643e+00
      vertex   1.015476e+00 -6.182867e-01 -4.035963e+00
    endloop
  endfacet
  facet normal 2.025252e-01 1.727638e-01 9.639171e-01
    outer loop
      vertex   1.015476e+00 -6.182867e-01 -4.035963e+00
      vertex   1.514761e+00 -8.427036e-01 -4.100643e+00
      vertex   1.514761e+00 -6.339278e-01 -4.138062e+00
    endloop
  endfacet
  facet normal 2.025252e-01 1.237205e-01 9.714303e-01
    outer loop
      vertex   1.015476e+00 -6.182867e-01 -4.035963e+00
      vertex   1.514761e+00 -6.339278e-01 -4.138062e+00
      vertex   1.015476e+00 -4.130750e-01 -4.062098e+00
    endloop
  endfacet
  facet normal 2.025252e-01 1.237205e-01 9.714303e-01
    outer loop
      vertex   1.015476e+00 -4.130750e-01 -4.062098e+00
      vertex   1.514761e+00 -6.339278e-01 -4.138062e+00
      vertex   1.514761e+00 -4.235248e-01 -4.164859e+00
    endloop
  endfacet
  facet normal 2.025252e-01 7.435956e-02 9.764498e-01
    outer loop
      vertex   1.015476e+00 -4.130750e-01 -4.062098e+00
      vertex   1.514761e+00 -4.235248e-01 -4.164859e+00
      vertex   1.015476e+00 -2.068029e-01 -4.077806e+00
    endloop
  endfacet
  facet normal 2.025252e-01 7.435956e-02 9.764498e-01
    outer loop
      vertex   1.015476e+00 -2.068029e-01 -4.077806e+00
      vertex   1.514761e+00 -4.235248e-01 -4.164859e+00
      vertex   1.514761e+00 -2.120345e-01 -4.180965e+00
    endloop
  endfacet
  facet normal 2.025252e-01 2.480775e-02 9.789628e-01
    outer loop
      vertex   1.015476e+00 -2.068029e-01 -4.077806e+00
      vertex   1.514761e+00 -2.120345e-01 -4.180965e+00
      vertex   1.015476e+00 5.000290e-16 -4.083047e+00
    endloop
  endfacet
  facet normal 2.025252e-01 2.480775e-02 9.789628e-01
    outer loop
      vertex   1.015476e+00 5.000290e-16 -4.083047e+00
      vertex   1.514761e+00 -2.120345e-01 -4.180965e+00
      vertex   1.514761e+00 5.126785e-16 -4.186338e+00
    endloop
  endfacet
  facet normal 2.025252e-01 -2.480775e-02 9.789628e-01
    outer loop
      vertex   1.015476e+00 5.000290e-16 -4.083047e+00
      vertex   1.514761e+00 5.126785e-16 -4.186338e+00
      vertex   1.015476e+00 2.068029e-01 -4.077806e+00
    endloop
  endfacet
  facet normal 2.025252e-01 -2.480775e-02 9.789628e-01
    outer loop
      vertex   1.015476e+00 2.068029e-01 -4.077806e+00
      vertex   1.514761e+00 5.126785e-16 -4.186338e+00
      vertex   1.514761e+00 2.120345e-01 -4.180965e+00
    endloop
  endfacet
  facet normal 2.025252e-01 -7.435956e-02 9.764498e-01
    outer loop
      vertex   1.015476e+00 2.068029e-01 -4.077806e+00
      vertex   1.514761e+00 2.120345e-01 -4.180965e+00
      vertex   1.015476e+00 4.130750e-01 -4.062098e+00
    endloop
  endfacet
  facet normal 2.025252e-01 -7.435956e-02 9.764498e-01
    outer loop
      vertex   1.015476e+00 4.130750e-01 -4.062098e+00
      vertex   1.514761e+00 2.120345e-01 -4.180965e+00
      vertex   1.514761e+00 4.235248e-01 -4.164859e+00
    endloop
  endfacet
  facet normal 2.025252e-01 -1.237205e-01 9.714303e-01
    outer loop
      vertex   1.015476e+00 4.130750e-01 -4.062098e+00
      vertex   1.514761e+00 4.235248e-01 -4.164859e+00
      vertex   1.015476e+00 6.182867e-01 -4.035963e+00
    endloop
  endfacet
  facet normal 2.025252e-01 -1.237205e-01 9.714303e-01
    outer loop
      vertex   1.015476e+00 6.182867e-01 -4.035963e+00
      vertex   1.514761e+00 4.235248e-01 -4.164859e+00
      vertex   1.514761e+00 6.339278e-01 -4.138062e+00
    endloop
  endfacet
  facet normal 2.025252e-01 -1.727638e-01 9.639171e-01
    outer loop
      vertex   1.015476e+00 6.182867e-01 -4.035963e+00
      vertex   1.514761e+00 6.339278e-01 -4.138062e+00
      vertex   1.015476e+00 8.219113e-01 -3.999467e+00
    endloop
  endfacet
  facet normal 2.025252e-01 -1.727638e-01 9.639171e-01
    outer loop
      vertex   1.015476e+00 8.219113e-01 -3.999467e+00
      vertex   1.514761e+00 6.339278e-01 -4.138062e+00
      vertex   1.514761e+00 8.427036e-01 -4.100643e+00
    endloop
  endfacet
  facet normal 2.025252e-01 -2.213637e-01 9.539296e-01
    outer loop
      vertex   1.015476e+00 8.219113e-01 -3.999467e+00
      vertex   1.514761e+00 8.427036e-01 -4.100643e+00
      vertex   1.015476e+00 1.023426e+00 -3.952704e+00
    endloop
  endfacet
  facet normal 2.025252e-01 -2.213637e-01 9.539296e-01
    outer loop
      vertex   1.015476e+00 1.023426e+00 -3.952704e+00
      vertex   1.514761e+00 8.427036e-01 -4.100643e+00
      vertex   1.514761e+00 1.049316e+00 -4.052698e+00
    endloop
  endfacet
  facet normal 2.025252e-01 -2.693953e-01 9.414933e-01
    outer loop
      vertex   1.015476e+00 1.023426e+00 -3.952704e+00
      vertex   1.514761e+00 1.049316e+00 -4.052698e+00
      vertex   1.015476e+00 1.222314e+00 -3.895795e+00
    endloop
  endfacet
  facet normal 2.025252e-01 -2.693953e-01 9.414933e-01
    outer loop
      vertex   1.015476e+00 1.222314e+00 -3.895795e+00
      vertex   1.514761e+00 1.049316e+00 -4.052698e+00
      vertex   1.514761e+00 1.253235e+00 -3.994349e+00
    endloop
  endfacet
  facet normal 2.025252e-01 -3.167354e-01 9.266403e-01
    outer loop
      vertex   1.015476e+00 1.222314e+00 -3.895795e+00
      vertex   1.514761e+00 1.253235e+00 -3.994349e+00
      vertex   1.015476e+00 1.418064e+00 -3.828886e+00
    endloop
  endfacet
  facet normal 2.025252e-01 -3.167354e-01 9.266403e-01
    outer loop
      vertex   1.015476e+00 1.418064e+00 -3.828886e+00
      vertex   1.514761e+00 1.253235e+00 -3.994349e+00
      vertex   1.514761e+00 1.453937e+00 -3.925747e+00
    endloop
  endfacet
  facet normal 2.025252e-01 -3.632624e-01 9.094086e-01
    outer loop
      vertex   1.015476e+00 1.418064e+00 -3.828886e+00
      vertex   1.514761e+00 1.453937e+00 -3.925747e+00
      vertex   1.015476e+00 1.610174e+00 -3.752148e+00
    endloop
  endfacet
  facet normal 2.025252e-01 -3.632624e-01 9.094086e-01
    outer loop
      vertex   1.015476e+00 1.610174e+00 -3.752148e+00
      vertex   1.514761e+00 1.453937e+00 -3.925747e+00
      vertex   1.514761e+00 1.650907e+00 -3.847068e+00
    endloop
  endfacet
  facet normal 2.025252e-01 -4.088570e-01 8.898424e-01
    outer loop
      vertex   1.015476e+00 1.610174e+00 -3.752148e+00
      vertex   1.514761e+00 1.650907e+00 -3.847068e+00
      vertex   1.015476e+00 1.798150e+00 -3.665778e+00
    endloop
  endfacet
  facet normal 2.025252e-01 -4.088570e-01 8.898424e-01
    outer loop
      vertex   1.015476e+00 1.798150e+00 -3.665778e+00
      vertex   1.514761e+00 1.650907e+00 -3.847068e+00
      vertex   1.514761e+00 1.843639e+00 -3.758513e+00
    endloop
  endfacet
  facet normal 2.025252e-01 -4.534020e-01 8.679920e-01
    outer loop
      vertex   1.015476e+00 1.798150e+00 -3.665778e+00
      vertex   1.514761e+00 1.843639e+00 -3.758513e+00
      vertex   1.015476e+00 1.981511e+00 -3.569998e+00
    endloop
  endfacet
  facet normal 2.025252e-01 -4.534020e-01 8.679920e-01
    outer loop
      vertex   1.015476e+00 1.981511e+00 -3.569998e+00
      vertex   1.514761e+00 1.843639e+00 -3.758513e+00
      vertex   1.514761e+00 2.031638e+00 -3.660310e+00
    endloop
  endfacet
  facet normal 2.025252e-01 -4.967831e-01 8.439135e-01
    outer loop
      vertex   1.015476e+00 1.981511e+00 -3.569998e+00
      vertex   1.514761e+00 2.031638e+00 -3.660310e+00
      vertex   1.015476e+00 2.159785e+00 -3.465054e+00
    endloop
  endfacet
  facet normal 2.025252e-01 -4.967831e-01 8.439135e-01
    outer loop
      vertex   1.015476e+00 2.159785e+00 -3.465054e+00
      vertex   1.514761e+00 2.031638e+00 -3.660310e+00
      vertex   1.514761e+00 2.214422e+00 -3.552712e+00
    endloop
  endfacet
  facet normal 2.025252e-01 -5.388890e-01 8.176687e-01
    outer loop
      vertex   1.015476e+00 2.159785e+00 -3.465054e+00
      vertex   1.514761e+00 2.214422e+00 -3.552712e+00
      vertex   1.015476e+00 2.332515e+00 -3.351216e+00
    endloop
  endfacet
  facet normal 2.025252e-01 -5.388890e-01 8.176687e-01
    outer loop
      vertex   1.015476e+00 2.332515e+00 -3.351216e+00
      vertex   1.514761e+00 2.214422e+00 -3.552712e+00
      vertex   1.514761e+00 2.391522e+00 -3.435993e+00
    endloop
  endfacet
  facet normal 2.025252e-01 -5.796116e-01 7.893250e-01
    outer loop
      vertex   1.015476e+00 2.332515e+00 -3.351216e+00
      vertex   1.514761e+00 2.391522e+00 -3.435993e+00
      vertex   1.015476e+00 2.499258e+00 -3.228775e+00
    endloop
  endfacet
  facet normal 2.025252e-01 -5.796116e-01 7.893250e-01
    outer loop
      vertex   1.015476e+00 2.499258e+00 -3.228775e+00
      vertex   1.514761e+00 2.391522e+00 -3.435993e+00
      vertex   1.514761e+00 2.562482e+00 -3.310454e+00
    endloop
  endfacet
  facet normal 2.025252e-01 -6.188463e-01 7.589550e-01
    outer loop
      vertex   1.015476e+00 2.499258e+00 -3.228775e+00
      vertex   1.514761e+00 2.562482e+00 -3.310454e+00
      vertex   1.015476e+00 2.659584e+00 -3.098045e+00
    endloop
  endfacet
  facet normal 2.025252e-01 -6.188463e-01 7.589550e-01
    outer loop
      vertex   1.015476e+00 2.659584e+00 -3.098045e+00
      vertex   1.514761e+00 2.562482e+00 -3.310454e+00
      vertex   1.514761e+00 2.726865e+00 -3.176418e+00
    endloop
  endfacet
  facet normal 2.025252e-01 -6.564925e-01 7.266369e-01
    outer loop
      vertex   1.015476e+00 2.659584e+00 -3.098045e+00
      vertex   1.514761e+00 2.726865e+00 -3.176418e+00
      vertex   1.015476e+00 2.813084e+00 -2.959363e+00
    endloop
  endfacet
  facet normal 2.025252e-01 -6.564925e-01 7.266369e-01
    outer loop
      vertex   1.015476e+00 2.813084e+00 -2.959363e+00
      vertex   1.514761e+00 2.726865e+00 -3.176418e+00
      vertex   1.514761e+00 2.884248e+00 -3.034227e+00
    endloop
  endfacet
  facet normal 2.025252e-01 -6.924534e-01 6.924534e-01
    outer loop
      vertex   1.015476e+00 2.813084e+00 -2.959363e+00
      vertex   1.514761e+00 2.884248e+00 -3.034227e+00
      vertex   1.514761e+00 3.034227e+00 -2.884248e+00
    endloop
  endfacet
  facet normal 2.816493e-01 -6.784813e-01 6.784813e-01
    outer loop
      vertex   1.514761e+00 3.034227e+00 -2.884248e+00
      vertex   1.514761e+00 2.884248e+00 -3.034227e+00
      vertex   2.003965e+00 2.983214e+00 -3.138339e+00
    endloop
  endfacet
  facet normal 2.816493e-01 -6.784813e-01 6.784813e-01
    outer loop
      vertex   1.514761e+00 3.034227e+00 -2.884248e+00
      vertex   2.003965e+00 2.983214e+00 -3.138339e+00
      vertex   2.003965e+00 3.138339e+00 -2.983214e+00
    endloop
  endfacet
  facet normal 3.589023e-01 -6.599959e-01 6.599959e-01
    outer loop
      vertex   2.003965e+00 3.138339e+00 -2.983214e+00
      vertex   2.003965e+00 2.983214e+00 -3.138339e+00
      vertex   2.479834e+00 3.109322e+00 -3.271005e+00
    endloop
  endfacet
  facet normal 3.589023e-01 -6.599959e-01 6.599959e-01
    outer loop
      vertex   2.003965e+00 3.138339e+00 -2.983214e+00
      vertex   2.479834e+00 3.109322e+00 -3.271005e+00
      vertex   2.479834e+00 3.271005e+00 -3.109322e+00
    endloop
  endfacet
  facet normal 4.337707e-01 -6.371197e-01 6.371197e-01
    outer loop
      vertex   2.479834e+00 3.271005e+00 -3.109322e+00
      vertex   2.479834e+00 3.109322e+00 -3.271005e+00
      vertex   2.939199e+00 3.261735e+00 -3.431343e+00
    endloop
  endfacet
  facet normal 2.975771e-01 4.029717e-01 8.654835e-01
    outer loop
      vertex   1.674140e+00 -1.633814e+00 -3.900000e+00
      vertex   1.877498e+00 -1.783986e+00 -3.900000e+00
      vertex   2.003965e+00 -1.707553e+00 -3.979070e+00
    endloop
  endfacet
  facet normal 3.079328e-01 3.887936e-01 8.683415e-01
    outer loop
      vertex   2.003965e+00 -1.707553e+00 -3.979070e+00
      vertex   1.877498e+00 -1.783986e+00 -3.900000e+00
      vertex   2.284672e+00 -2.106476e+00 -3.900000e+00
    endloop
  endfacet
  facet normal 3.808665e-01 4.423485e-01 8.119535e-01
    outer loop
      vertex   2.284672e+00 -2.106476e+00 -3.900000e+00
      vertex   2.692178e+00 -2.457343e+00 -3.900000e+00
      vertex   2.479834e+00 -2.190178e+00 -3.945945e+00
    endloop
  endfacet
  facet normal 5.175012e-01 5.130142e-01 6.848422e-01
    outer loop
      vertex   3.474805e+00 -3.216027e+00 -3.900000e+00
      vertex   3.379005e+00 -3.055734e+00 -3.947683e+00
      vertex   3.091671e+00 -2.829542e+00 -3.900000e+00
    endloop
  endfacet
  facet normal 5.143027e-01 5.075989e-01 6.912569e-01
    outer loop
      vertex   3.091671e+00 -2.829542e+00 -3.900000e+00
      vertex   3.379005e+00 -3.055734e+00 -3.947683e+00
      vertex   3.379005e+00 -2.851865e+00 -4.097387e+00
    endloop
  endfacet
  facet normal 5.246910e-01 4.684602e-01 7.108054e-01
    outer loop
      vertex   3.091671e+00 -2.829542e+00 -3.900000e+00
      vertex   3.379005e+00 -2.851865e+00 -4.097387e+00
      vertex   3.379005e+00 -2.640676e+00 -4.236573e+00
    endloop
  endfacet
  facet normal 5.538984e-01 4.581651e-01 6.951844e-01
    outer loop
      vertex   3.379005e+00 -2.640676e+00 -4.236573e+00
      vertex   3.379005e+00 -2.851865e+00 -4.097387e+00
      vertex   3.474805e+00 -2.850753e+00 -4.174451e+00
    endloop
  endfacet
  facet normal 5.158079e-01 4.506719e-01 7.285856e-01
    outer loop
      vertex   3.379005e+00 -2.640676e+00 -4.236573e+00
      vertex   3.474805e+00 -2.850753e+00 -4.174451e+00
      vertex   3.474805e+00 -2.462190e+00 -4.414799e+00
    endloop
  endfacet
  facet normal 5.189799e-01 5.134643e-01 6.833844e-01
    outer loop
      vertex   3.474805e+00 -3.216027e+00 -3.900000e+00
      vertex   3.474805e+00 -2.850753e+00 -4.174451e+00
      vertex   3.379005e+00 -3.055734e+00 -3.947683e+00
    endloop
  endfacet
  facet normal 5.399552e-01 4.981792e-01 6.784289e-01
    outer loop
      vertex   3.379005e+00 -3.055734e+00 -3.947683e+00
      vertex   3.474805e+00 -2.850753e+00 -4.174451e+00
      vertex   3.379005e+00 -2.851865e+00 -4.097387e+00
    endloop
  endfacet
  facet normal 5.165367e-01 3.828495e-01 7.659087e-01
    outer loop
      vertex   3.474805e+00 -2.053513e+00 -4.619081e+00
      vertex   3.379005e+00 -2.198520e+00 -4.481989e+00
      vertex   3.474805e+00 -2.462190e+00 -4.414799e+00
    endloop
  endfacet
  facet normal 5.465447e-01 3.877273e-01 7.422644e-01
    outer loop
      vertex   3.474805e+00 -2.462190e+00 -4.414799e+00
      vertex   3.379005e+00 -2.198520e+00 -4.481989e+00
      vertex   3.379005e+00 -2.422708e+00 -4.364883e+00
    endloop
  endfacet
  facet normal 5.497309e-01 4.237654e-01 7.198742e-01
    outer loop
      vertex   3.474805e+00 -2.462190e+00 -4.414799e+00
      vertex   3.379005e+00 -2.422708e+00 -4.364883e+00
      vertex   3.379005e+00 -2.640676e+00 -4.236573e+00
    endloop
  endfacet
  facet normal 5.211480e-01 3.111102e-01 7.947422e-01
    outer loop
      vertex   3.474805e+00 -1.628060e+00 -4.785629e+00
      vertex   3.379005e+00 -1.733805e+00 -4.681414e+00
      vertex   3.474805e+00 -2.053513e+00 -4.619081e+00
    endloop
  endfacet
  facet normal 5.352832e-01 3.133310e-01 7.844078e-01
    outer loop
      vertex   3.474805e+00 -2.053513e+00 -4.619081e+00
      vertex   3.379005e+00 -1.733805e+00 -4.681414e+00
      vertex   3.379005e+00 -1.968690e+00 -4.587589e+00
    endloop
  endfacet
  facet normal 5.556822e-01 3.471148e-01 7.554658e-01
    outer loop
      vertex   3.474805e+00 -2.053513e+00 -4.619081e+00
      vertex   3.379005e+00 -1.968690e+00 -4.587589e+00
      vertex   3.379005e+00 -2.198520e+00 -4.481989e+00
    endloop
  endfacet
  facet normal 5.579647e-01 2.684098e-01 7.852589e-01
    outer loop
      vertex   3.379005e+00 -1.733805e+00 -4.681414e+00
      vertex   3.474805e+00 -1.628060e+00 -4.785629e+00
      vertex   3.379005e+00 -1.494470e+00 -4.763221e+00
    endloop
  endfacet
  facet normal 5.230043e-01 2.377639e-01 8.184955e-01
    outer loop
      vertex   3.379005e+00 -1.494470e+00 -4.763221e+00
      vertex   3.474805e+00 -1.628060e+00 -4.785629e+00
      vertex   3.474805e+00 -1.189308e+00 -4.913082e+00
    endloop
  endfacet
  facet normal 5.316173e-01 2.330022e-01 8.143052e-01
    outer loop
      vertex   3.379005e+00 -1.494470e+00 -4.763221e+00
      vertex   3.474805e+00 -1.189308e+00 -4.913082e+00
      vertex   3.379005e+00 -1.251299e+00 -4.832801e+00
    endloop
  endfacet
  facet normal 5.566384e-01 1.877905e-01 8.092517e-01
    outer loop
      vertex   3.379005e+00 -1.251299e+00 -4.832801e+00
      vertex   3.474805e+00 -1.189308e+00 -4.913082e+00
      vertex   3.379005e+00 -1.004916e+00 -4.889976e+00
    endloop
  endfacet
  facet normal 5.173815e-01 1.635438e-01 8.399820e-01
    outer loop
      vertex   3.474805e+00 -1.189308e+00 -4.913082e+00
      vertex   3.474805e+00 -7.408392e-01 -5.000399e+00
      vertex   3.379005e+00 -1.004916e+00 -4.889976e+00
    endloop
  endfacet
  facet normal 5.439569e-01 1.480361e-01 8.259517e-01
    outer loop
      vertex   3.379005e+00 -1.004916e+00 -4.889976e+00
      vertex   3.474805e+00 -7.408392e-01 -5.000399e+00
      vertex   3.379005e+00 -7.559525e-01 -4.934597e+00
    endloop
  endfacet
  facet normal 5.516685e-01 1.053744e-01 8.273803e-01
    outer loop
      vertex   3.379005e+00 -7.559525e-01 -4.934597e+00
      vertex   3.474805e+00 -7.408392e-01 -5.000399e+00
      vertex   3.379005e+00 -5.050490e-01 -4.966552e+00
    endloop
  endfacet
  facet normal 5.156203e-01 8.714044e-02 8.523745e-01
    outer loop
      vertex   3.379005e+00 -5.050490e-01 -4.966552e+00
      vertex   3.474805e+00 -7.408392e-01 -5.000399e+00
      vertex   3.474805e+00 -2.863185e-01 -5.046865e+00
    endloop
  endfacet
  facet normal 5.523213e-01 6.330022e-02 8.312246e-01
    outer loop
      vertex   3.379005e+00 -5.050490e-01 -4.966552e+00
      vertex   3.474805e+00 -2.863185e-01 -5.046865e+00
      vertex   3.379005e+00 -2.528490e-01 -4.985758e+00
    endloop
  endfacet
  facet normal 5.429248e-01 2.127394e-02 8.395118e-01
    outer loop
      vertex   3.379005e+00 -2.528490e-01 -4.985758e+00
      vertex   3.474805e+00 -2.863185e-01 -5.046865e+00
      vertex   3.379005e+00 -6.113639e-16 -4.992165e+00
    endloop
  endfacet
  facet normal 5.177645e-01 9.807303e-03 8.554670e-01
    outer loop
      vertex   3.474805e+00 -2.863185e-01 -5.046865e+00
      vertex   3.474805e+00 1.705412e-01 -5.052103e+00
      vertex   3.379005e+00 -6.113639e-16 -4.992165e+00
    endloop
  endfacet
  facet normal 5.569289e-01 -2.104034e-02 8.302936e-01
    outer loop
      vertex   3.379005e+00 -6.113639e-16 -4.992165e+00
      vertex   3.474805e+00 1.705412e-01 -5.052103e+00
      vertex   3.379005e+00 2.528490e-01 -4.985758e+00
    endloop
  endfacet
  facet normal 5.301789e-01 -6.438261e-02 8.454379e-01
    outer loop
      vertex   3.379005e+00 2.528490e-01 -4.985758e+00
      vertex   3.474805e+00 1.705412e-01 -5.052103e+00
      vertex   3.379005e+00 5.050490e-01 -4.966552e+00
    endloop
  endfacet
  facet normal 5.237609e-01 -6.718585e-02 8.492118e-01
    outer loop
      vertex   3.379005e+00 5.050490e-01 -4.966552e+00
      vertex   3.474805e+00 1.705412e-01 -5.052103e+00
      vertex   3.474805e+00 6.260077e-01 -5.016068e+00
    endloop
  endfacet
  facet normal 5.579006e-01 -1.048494e-01 8.232579e-01
    outer loop
      vertex   3.379005e+00 5.050490e-01 -4.966552e+00
      vertex   3.474805e+00 6.260077e-01 -5.016068e+00
      vertex   3.379005e+00 7.559525e-01 -4.934597e+00
    endloop
  endfacet
  facet normal 5.205253e-01 -1.439221e-01 8.416293e-01
    outer loop
      vertex   3.379005e+00 7.559525e-01 -4.934597e+00
      vertex   3.474805e+00 6.260077e-01 -5.016068e+00
      vertex   3.474805e+00 1.076360e+00 -4.939056e+00
    endloop
  endfacet
  facet normal 5.365705e-01 -1.488728e-01 8.306196e-01
    outer loop
      vertex   3.379005e+00 7.559525e-01 -4.934597e+00
      vertex   3.474805e+00 1.076360e+00 -4.939056e+00
      vertex   3.379005e+00 1.004916e+00 -4.889976e+00
    endloop
  endfacet
  facet normal 5.552616e-01 -1.879987e-01 8.101488e-01
    outer loop
      vertex   3.379005e+00 1.004916e+00 -4.889976e+00
      vertex   3.474805e+00 1.076360e+00 -4.939056e+00
      vertex   3.379005e+00 1.251299e+00 -4.832801e+00
    endloop
  endfacet
  facet normal 5.162920e-01 -2.199856e-01 8.276768e-01
    outer loop
      vertex   3.474805e+00 1.076360e+00 -4.939056e+00
      vertex   3.474805e+00 1.517920e+00 -4.821696e+00
      vertex   3.379005e+00 1.251299e+00 -4.832801e+00
    endloop
  endfacet
  facet normal 5.474366e-01 -2.302134e-01 8.045588e-01
    outer loop
      vertex   3.379005e+00 1.251299e+00 -4.832801e+00
      vertex   3.474805e+00 1.517920e+00 -4.821696e+00
      vertex   3.379005e+00 1.494470e+00 -4.763221e+00
    endloop
  endfacet
  facet normal 5.489430e-01 -2.703488e-01 7.909318e-01
    outer loop
      vertex   3.379005e+00 1.494470e+00 -4.763221e+00
      vertex   3.474805e+00 1.517920e+00 -4.821696e+00
      vertex   3.379005e+00 1.733805e+00 -4.681414e+00
    endloop
  endfacet
  facet normal 5.159473e-01 -2.938907e-01 8.046282e-01
    outer loop
      vertex   3.379005e+00 1.733805e+00 -4.681414e+00
      vertex   3.474805e+00 1.517920e+00 -4.821696e+00
      vertex   3.474805e+00 1.947079e+00 -4.664945e+00
    endloop
  endfacet
  facet normal 5.544183e-01 -3.087184e-01 7.728605e-01
    outer loop
      vertex   3.379005e+00 1.733805e+00 -4.681414e+00
      vertex   3.474805e+00 1.947079e+00 -4.664945e+00
      vertex   3.379005e+00 1.968690e+00 -4.587589e+00
    endloop
  endfacet
  facet normal 5.387793e-01 -3.517292e-01 7.655086e-01
    outer loop
      vertex   3.379005e+00 1.968690e+00 -4.587589e+00
      vertex   3.474805e+00 1.947079e+00 -4.664945e+00
      vertex   3.379005e+00 2.198520e+00 -4.481989e+00
    endloop
  endfacet
  facet normal 5.195000e-01 -3.644246e-01 7.728612e-01
    outer loop
      vertex   3.474805e+00 1.947079e+00 -4.664945e+00
      vertex   3.474805e+00 2.360331e+00 -4.470085e+00
      vertex   3.379005e+00 2.198520e+00 -4.481989e+00
    endloop
  endfacet
  facet normal 5.576982e-01 -3.843075e-01 7.357176e-01
    outer loop
      vertex   3.379005e+00 2.198520e+00 -4.481989e+00
      vertex   3.474805e+00 2.360331e+00 -4.470085e+00
      vertex   3.379005e+00 2.422708e+00 -4.364883e+00
    endloop
  endfacet
  facet normal 5.252076e-01 -4.309484e-01 7.337850e-01
    outer loop
      vertex   3.474805e+00 2.360331e+00 -4.470085e+00
      vertex   3.474805e+00 2.754302e+00 -4.238708e+00
      vertex   3.379005e+00 2.422708e+00 -4.364883e+00
    endloop
  endfacet
  facet normal 5.274936e-01 -4.309777e-01 7.321261e-01
    outer loop
      vertex   3.379005e+00 2.422708e+00 -4.364883e+00
      vertex   3.474805e+00 2.754302e+00 -4.238708e+00
      vertex   3.379005e+00 2.640676e+00 -4.236573e+00
    endloop
  endfacet
  facet normal 5.573623e-01 -4.568912e-01 6.932516e-01
    outer loop
      vertex   3.379005e+00 2.640676e+00 -4.236573e+00
      vertex   3.474805e+00 2.754302e+00 -4.238708e+00
      vertex   3.379005e+00 2.851865e+00 -4.097387e+00
    endloop
  endfacet
  facet normal 5.185449e-01 -4.978161e-01 6.951908e-01
    outer loop
      vertex   3.379005e+00 2.851865e+00 -4.097387e+00
      vertex   3.474805e+00 2.754302e+00 -4.238708e+00
      vertex   3.474805e+00 3.125772e+00 -3.972704e+00
    endloop
  endfacet
  facet normal 5.409764e-01 -4.977909e-01 6.779002e-01
    outer loop
      vertex   3.379005e+00 2.851865e+00 -4.097387e+00
      vertex   3.474805e+00 3.125772e+00 -3.972704e+00
      vertex   3.379005e+00 3.055734e+00 -3.947683e+00
    endloop
  endfacet
  facet normal 5.534016e-01 -5.263537e-01 6.455218e-01
    outer loop
      vertex   3.379005e+00 3.055734e+00 -3.947683e+00
      vertex   3.474805e+00 3.125772e+00 -3.972704e+00
      vertex   3.379005e+00 3.251759e+00 -3.787846e+00
    endloop
  endfacet
  facet normal 5.157150e-01 -5.596696e-01 6.486971e-01
    outer loop
      vertex   3.474805e+00 3.125772e+00 -3.972704e+00
      vertex   3.474805e+00 3.471707e+00 -3.674246e+00
      vertex   3.379005e+00 3.251759e+00 -3.787846e+00
    endloop
  endfacet
  facet normal 5.504062e-01 -5.597023e-01 6.195049e-01
    outer loop
      vertex   3.379005e+00 3.251759e+00 -3.787846e+00
      vertex   3.474805e+00 3.471707e+00 -3.674246e+00
      vertex   3.379005e+00 3.439437e+00 -3.618285e+00
    endloop
  endfacet
  facet normal 5.457126e-01 -5.925360e-01 5.925360e-01
    outer loop
      vertex   3.379005e+00 3.439437e+00 -3.618285e+00
      vertex   3.474805e+00 3.471707e+00 -3.674246e+00
      vertex   3.379005e+00 3.618285e+00 -3.439437e+00
    endloop
  endfacet
  facet normal 5.167881e-01 -6.154905e-01 5.950643e-01
    outer loop
      vertex   3.379005e+00 3.618285e+00 -3.439437e+00
      vertex   3.474805e+00 3.471707e+00 -3.674246e+00
      vertex   3.474805e+00 3.789280e+00 -3.345771e+00
    endloop
  endfacet
  facet normal 5.560293e-01 -6.167340e-01 5.571989e-01
    outer loop
      vertex   3.379005e+00 3.618285e+00 -3.439437e+00
      vertex   3.474805e+00 3.789280e+00 -3.345771e+00
      vertex   3.379005e+00 3.787846e+00 -3.251759e+00
    endloop
  endfacet
  facet normal 5.340942e-01 -6.552176e-01 5.342596e-01
    outer loop
      vertex   3.379005e+00 3.787846e+00 -3.251759e+00
      vertex   3.474805e+00 3.789280e+00 -3.345771e+00
      vertex   3.379005e+00 3.947683e+00 -3.055734e+00
    endloop
  endfacet
  facet normal 5.217376e-01 -6.643638e-01 5.351734e-01
    outer loop
      vertex   3.474805e+00 3.789280e+00 -3.345771e+00
      vertex   3.474805e+00 4.075898e+00 -2.989964e+00
      vertex   3.379005e+00 3.947683e+00 -3.055734e+00
    endloop
  endfacet
  facet normal 5.579927e-01 -6.688792e-01 4.911667e-01
    outer loop
      vertex   3.379005e+00 3.947683e+00 -3.055734e+00
      vertex   3.474805e+00 4.075898e+00 -2.989964e+00
      vertex   3.379005e+00 4.097387e+00 -2.851865e+00
    endloop
  endfacet
  facet normal 5.223564e-01 -7.096567e-01 4.727908e-01
    outer loop
      vertex   3.474805e+00 4.075898e+00 -2.989964e+00
      vertex   3.474805e+00 4.329218e+00 -2.609732e+00
      vertex   3.379005e+00 4.097387e+00 -2.851865e+00
    endloop
  endfacet
  facet normal 5.328723e-01 -7.065495e-01 4.656553e-01
    outer loop
      vertex   3.379005e+00 4.097387e+00 -2.851865e+00
      vertex   3.474805e+00 4.329218e+00 -2.609732e+00
      vertex   3.379005e+00 4.236573e+00 -2.640676e+00
    endloop
  endfacet
  facet normal 5.563480e-01 -7.160889e-01 4.215371e-01
    outer loop
      vertex   3.379005e+00 4.236573e+00 -2.640676e+00
      vertex   3.474805e+00 4.329218e+00 -2.609732e+00
      vertex   3.379005e+00 4.364883e+00 -2.422708e+00
    endloop
  endfacet
  facet normal 5.170697e-01 -7.522736e-01 4.083177e-01
    outer loop
      vertex   3.379005e+00 4.364883e+00 -2.422708e+00
      vertex   3.474805e+00 4.329218e+00 -2.609732e+00
      vertex   3.474805e+00 4.547172e+00 -2.208179e+00
    endloop
  endfacet
  facet normal 5.448501e-01 -7.432426e-01 3.882382e-01
    outer loop
      vertex   3.379005e+00 4.364883e+00 -2.422708e+00
      vertex   3.474805e+00 4.547172e+00 -2.208179e+00
      vertex   3.379005e+00 4.481989e+00 -2.198520e+00
    endloop
  endfacet
  facet normal 5.510520e-01 -7.582610e-01 3.483991e-01
    outer loop
      vertex   3.379005e+00 4.481989e+00 -2.198520e+00
      vertex   3.474805e+00 4.547172e+00 -2.208179e+00
      vertex   3.379005e+00 4.587589e+00 -1.968690e+00
    endloop
  endfacet
  facet normal 5.156524e-01 -7.868533e-01 3.390640e-01
    outer loop
      vertex   3.474805e+00 4.547172e+00 -2.208179e+00
      vertex   3.474805e+00 4.727979e+00 -1.788588e+00
      vertex   3.379005e+00 4.587589e+00 -1.968690e+00
    endloop
  endfacet
  facet normal 5.528759e-01 -7.738127e-01 3.090988e-01
    outer loop
      vertex   3.379005e+00 4.587589e+00 -1.968690e+00
      vertex   3.474805e+00 4.727979e+00 -1.788588e+00
      vertex   3.379005e+00 4.681414e+00 -1.733805e+00
    endloop
  endfacet
  facet normal 5.419662e-01 -7.952282e-01 2.718174e-01
    outer loop
      vertex   3.379005e+00 4.681414e+00 -1.733805e+00
      vertex   3.474805e+00 4.727979e+00 -1.788588e+00
      vertex   3.379005e+00 4.763221e+00 -1.494470e+00
    endloop
  endfacet
  facet normal 5.181397e-01 -8.128267e-01 2.661653e-01
    outer loop
      vertex   3.379005e+00 4.763221e+00 -1.494470e+00
      vertex   3.474805e+00 4.727979e+00 -1.788588e+00
      vertex   3.474805e+00 4.870161e+00 -1.354385e+00
    endloop
  endfacet
  facet normal 5.571597e-01 -7.983656e-01 2.284413e-01
    outer loop
      vertex   3.379005e+00 4.763221e+00 -1.494470e+00
      vertex   3.474805e+00 4.870161e+00 -1.354385e+00
      vertex   3.379005e+00 4.832801e+00 -1.251299e+00
    endloop
  endfacet
  facet normal 5.288532e-01 -8.267453e-01 1.918500e-01
    outer loop
      vertex   3.379005e+00 4.832801e+00 -1.251299e+00
      vertex   3.474805e+00 4.870161e+00 -1.354385e+00
      vertex   3.379005e+00 4.889976e+00 -1.004916e+00
    endloop
  endfacet
  facet normal 5.244699e-01 -8.297705e-01 1.908199e-01
    outer loop
      vertex   3.474805e+00 4.870161e+00 -1.354385e+00
      vertex   3.474805e+00 4.972558e+00 -9.091172e-01
      vertex   3.379005e+00 4.889976e+00 -1.004916e+00
    endloop
  endfacet
  facet normal 5.578134e-01 -8.169484e-01 1.464225e-01
    outer loop
      vertex   3.379005e+00 4.889976e+00 -1.004916e+00
      vertex   3.474805e+00 4.972558e+00 -9.091172e-01
      vertex   3.379005e+00 4.934597e+00 -7.559525e-01
    endloop
  endfacet
  facet normal 5.199979e-01 -8.463241e-01 1.154894e-01
    outer loop
      vertex   3.474805e+00 4.972558e+00 -9.091172e-01
      vertex   3.474805e+00 5.034333e+00 -4.564229e-01
      vertex   3.379005e+00 4.934597e+00 -7.559525e-01
    endloop
  endfacet
  facet normal 5.376910e-01 -8.363860e-01 1.065214e-01
    outer loop
      vertex   3.379005e+00 4.934597e+00 -7.559525e-01
      vertex   3.474805e+00 5.034333e+00 -4.564229e-01
      vertex   3.379005e+00 4.966552e+00 -5.050490e-01
    endloop
  endfacet
  facet normal 5.548543e-01 -8.295457e-01 6.317237e-02
    outer loop
      vertex   3.379005e+00 4.966552e+00 -5.050490e-01
      vertex   3.474805e+00 5.034333e+00 -4.564229e-01
      vertex   3.379005e+00 4.985758e+00 -2.528490e-01
    endloop
  endfacet
  facet normal 5.161045e-01 -8.556505e-01 3.870814e-02
    outer loop
      vertex   3.379005e+00 4.985758e+00 -2.528490e-01
      vertex   3.474805e+00 5.034333e+00 -4.564229e-01
      vertex   3.474805e+00 5.054981e+00 5.100008e-15
    endloop
  endfacet
  facet normal 5.482048e-01 -8.360757e-01 2.118687e-02
    outer loop
      vertex   3.379005e+00 4.985758e+00 -2.528490e-01
      vertex   3.474805e+00 5.054981e+00 5.100008e-15
      vertex   3.379005e+00 4.992165e+00 4.049699e-15
    endloop
  endfacet
  facet normal 5.482048e-01 -8.360757e-01 -2.118687e-02
    outer loop
      vertex   3.379005e+00 4.992165e+00 4.049699e-15
      vertex   3.474805e+00 5.054981e+00 5.100008e-15
      vertex   3.379005e+00 4.985758e+00 2.528490e-01
    endloop
  endfacet
  facet normal 5.161045e-01 -8.556505e-01 -3.870814e-02
    outer loop
      vertex   3.474805e+00 5.054981e+00 5.100008e-15
      vertex   3.474805e+00 5.034333e+00 4.564229e-01
      vertex   3.379005e+00 4.985758e+00 2.528490e-01
    endloop
  endfacet
  facet normal 5.548543e-01 -8.295457e-01 -6.317237e-02
    outer loop
      vertex   3.379005e+00 4.985758e+00 2.528490e-01
      vertex   3.474805e+00 5.034333e+00 4.564229e-01
      vertex   3.379005e+00 4.966552e+00 5.050490e-01
    endloop
  endfacet
  facet normal 5.376910e-01 -8.363860e-01 -1.065214e-01
    outer loop
      vertex   3.379005e+00 4.966552e+00 5.050490e-01
      vertex   3.474805e+00 5.034333e+00 4.564229e-01
      vertex   3.379005e+00 4.934597e+00 7.559525e-01
    endloop
  endfacet
  facet normal 5.199979e-01 -8.463241e-01 -1.154894e-01
    outer loop
      vertex   3.379005e+00 4.934597e+00 7.559525e-01
      vertex   3.474805e+00 5.034333e+00 4.564229e-01
      vertex   3.474805e+00 4.972558e+00 9.091172e-01
    endloop
  endfacet
  facet normal 5.578134e-01 -8.169484e-01 -1.464225e-01
    outer loop
      vertex   3.379005e+00 4.934597e+00 7.559525e-01
      vertex   3.474805e+00 4.972558e+00 9.091172e-01
      vertex   3.379005e+00 4.889976e+00 1.004916e+00
    endloop
  endfacet
  facet normal 5.244699e-01 -8.297705e-01 -1.908199e-01
    outer loop
      vertex   3.379005e+00 4.889976e+00 1.004916e+00
      vertex   3.474805e+00 4.972558e+00 9.091172e-01
      vertex   3.474805e+00 4.870161e+00 1.354385e+00
    endloop
  endfacet
  facet normal 5.288532e-01 -8.267453e-01 -1.918500e-01
    outer loop
      vertex   3.379005e+00 4.889976e+00 1.004916e+00
      vertex   3.474805e+00 4.870161e+00 1.354385e+00
      vertex   3.379005e+00 4.832801e+00 1.251299e+00
    endloop
  endfacet
  facet normal 5.571597e-01 -7.983656e-01 -2.284413e-01
    outer loop
      vertex   3.379005e+00 4.832801e+00 1.251299e+00
      vertex   3.474805e+00 4.870161e+00 1.354385e+00
      vertex   3.379005e+00 4.763221e+00 1.494470e+00
    endloop
  endfacet
  facet normal 5.057565e-01 -8.293914e-01 -2.373189e-01
    outer loop
      vertex   3.379005e+00 4.832801e+00 1.251299e+00
      vertex   3.379005e+00 4.763221e+00 1.494470e+00
      vertex   2.939199e+00 4.517124e+00 1.417257e+00
    endloop
  endfacet
  facet normal 5.181397e-01 -8.128267e-01 -2.661653e-01
    outer loop
      vertex   3.474805e+00 4.870161e+00 1.354385e+00
      vertex   3.474805e+00 4.727979e+00 1.788588e+00
      vertex   3.379005e+00 4.763221e+00 1.494470e+00
    endloop
  endfacet
  facet normal 5.448501e-01 -7.432426e-01 -3.882382e-01
    outer loop
      vertex   3.379005e+00 4.481989e+00 2.198520e+00
      vertex   3.474805e+00 4.547172e+00 2.208179e+00
      vertex   3.379005e+00 4.364883e+00 2.422708e+00
    endloop
  endfacet
  facet normal 5.170697e-01 -7.522736e-01 -4.083177e-01
    outer loop
      vertex   3.379005e+00 4.364883e+00 2.422708e+00
      vertex   3.474805e+00 4.547172e+00 2.208179e+00
      vertex   3.474805e+00 4.329218e+00 2.609732e+00
    endloop
  endfacet
  facet normal 5.563480e-01 -7.160889e-01 -4.215371e-01
    outer loop
      vertex   3.379005e+00 4.364883e+00 2.422708e+00
      vertex   3.474805e+00 4.329218e+00 2.609732e+00
      vertex   3.379005e+00 4.236573e+00 2.640676e+00
    endloop
  endfacet
  facet normal 5.328723e-01 -7.065495e-01 -4.656553e-01
    outer loop
      vertex   3.379005e+00 4.236573e+00 2.640676e+00
      vertex   3.474805e+00 4.329218e+00 2.609732e+00
      vertex   3.379005e+00 4.097387e+00 2.851865e+00
    endloop
  endfacet
  facet normal 5.057565e-01 -7.203104e-01 -4.747245e-01
    outer loop
      vertex   3.379005e+00 4.236573e+00 2.640676e+00
      vertex   3.379005e+00 4.097387e+00 2.851865e+00
      vertex   2.939199e+00 3.885691e+00 2.704521e+00
    endloop
  endfacet
  facet normal 5.057565e-01 -6.953414e-01 -5.105983e-01
    outer loop
      vertex   2.939199e+00 3.885691e+00 2.704521e+00
      vertex   3.379005e+00 4.097387e+00 2.851865e+00
      vertex   2.939199e+00 3.743722e+00 2.897857e+00
    endloop
  endfacet
  facet normal 4.337707e-01 -7.262502e-01 -5.332950e-01
    outer loop
      vertex   2.939199e+00 3.885691e+00 2.704521e+00
      vertex   2.939199e+00 3.743722e+00 2.897857e+00
      vertex   2.479834e+00 3.568788e+00 2.762447e+00
    endloop
  endfacet
  facet normal 5.223564e-01 -7.096567e-01 -4.727908e-01
    outer loop
      vertex   3.474805e+00 4.329218e+00 2.609732e+00
      vertex   3.474805e+00 4.075898e+00 2.989964e+00
      vertex   3.379005e+00 4.097387e+00 2.851865e+00
    endloop
  endfacet
  facet normal 5.579927e-01 -6.688792e-01 -4.911667e-01
    outer loop
      vertex   3.379005e+00 4.097387e+00 2.851865e+00
      vertex   3.474805e+00 4.075898e+00 2.989964e+00
      vertex   3.379005e+00 3.947683e+00 3.055734e+00
    endloop
  endfacet
  facet normal 5.057565e-01 -6.953414e-01 -5.105983e-01
    outer loop
      vertex   3.379005e+00 4.097387e+00 2.851865e+00
      vertex   3.379005e+00 3.947683e+00 3.055734e+00
      vertex   2.939199e+00 3.743722e+00 2.897857e+00
    endloop
  endfacet
  facet normal 5.217376e-01 -6.643638e-01 -5.351734e-01
    outer loop
      vertex   3.474805e+00 4.075898e+00 2.989964e+00
      vertex   3.474805e+00 3.789280e+00 3.345771e+00
      vertex   3.379005e+00 3.947683e+00 3.055734e+00
    endloop
  endfacet
  facet normal 5.185449e-01 -4.978161e-01 -6.951908e-01
    outer loop
      vertex   3.474805e+00 3.125772e+00 3.972704e+00
      vertex   3.474805e+00 2.754302e+00 4.238708e+00
      vertex   3.379005e+00 2.851865e+00 4.097387e+00
    endloop
  endfacet
  facet normal 5.573623e-01 -4.568912e-01 -6.932516e-01
    outer loop
      vertex   3.379005e+00 2.851865e+00 4.097387e+00
      vertex   3.474805e+00 2.754302e+00 4.238708e+00
      vertex   3.379005e+00 2.640676e+00 4.236573e+00
    endloop
  endfacet
  facet normal 5.057565e-01 -4.747245e-01 -7.203104e-01
    outer loop
      vertex   3.379005e+00 2.851865e+00 4.097387e+00
      vertex   3.379005e+00 2.640676e+00 4.236573e+00
      vertex   2.939199e+00 2.504243e+00 4.017686e+00
    endloop
  endfacet
  facet normal 5.057565e-01 -4.376320e-01 -7.434302e-01
    outer loop
      vertex   2.939199e+00 2.504243e+00 4.017686e+00
      vertex   3.379005e+00 2.640676e+00 4.236573e+00
      vertex   2.939199e+00 2.297536e+00 4.139367e+00
    endloop
  endfacet
  facet normal 4.337707e-01 -4.570853e-01 -7.764766e-01
    outer loop
      vertex   2.939199e+00 2.504243e+00 4.017686e+00
      vertex   2.939199e+00 2.297536e+00 4.139367e+00
      vertex   2.479834e+00 2.190178e+00 3.945945e+00
    endloop
  endfacet
  facet normal 4.337707e-01 -4.171708e-01 -7.986310e-01
    outer loop
      vertex   2.479834e+00 2.190178e+00 3.945945e+00
      vertex   2.939199e+00 2.297536e+00 4.139367e+00
      vertex   2.479834e+00 1.987508e+00 4.051811e+00
    endloop
  endfacet
  facet normal 3.589023e-01 -4.321495e-01 -8.273064e-01
    outer loop
      vertex   2.479834e+00 2.190178e+00 3.945945e+00
      vertex   2.479834e+00 1.987508e+00 4.051811e+00
      vertex   2.003965e+00 1.906898e+00 3.887477e+00
    endloop
  endfacet
  facet normal 3.589023e-01 -3.896925e-01 -8.481326e-01
    outer loop
      vertex   2.003965e+00 1.906898e+00 3.887477e+00
      vertex   2.479834e+00 1.987508e+00 4.051811e+00
      vertex   2.003965e+00 1.707553e+00 3.979070e+00
    endloop
  endfacet
  facet normal 2.816493e-01 -4.006071e-01 -8.718874e-01
    outer loop
      vertex   2.003965e+00 1.906898e+00 3.887477e+00
      vertex   2.003965e+00 1.707553e+00 3.979070e+00
      vertex   1.514761e+00 1.650907e+00 3.847068e+00
    endloop
  endfacet
  facet normal 2.816493e-01 -3.559326e-01 -8.910587e-01
    outer loop
      vertex   1.514761e+00 1.650907e+00 3.847068e+00
      vertex   2.003965e+00 1.707553e+00 3.979070e+00
      vertex   1.514761e+00 1.453937e+00 3.925747e+00
    endloop
  endfacet
  facet normal 5.274936e-01 -4.309777e-01 -7.321261e-01
    outer loop
      vertex   3.379005e+00 2.640676e+00 4.236573e+00
      vertex   3.474805e+00 2.754302e+00 4.238708e+00
      vertex   3.379005e+00 2.422708e+00 4.364883e+00
    endloop
  endfacet
  facet normal 5.252076e-01 -4.309484e-01 -7.337850e-01
    outer loop
      vertex   3.379005e+00 2.422708e+00 4.364883e+00
      vertex   3.474805e+00 2.754302e+00 4.238708e+00
      vertex   3.474805e+00 2.360331e+00 4.470085e+00
    endloop
  endfacet
  facet normal 5.576982e-01 -3.843075e-01 -7.357176e-01
    outer loop
      vertex   3.379005e+00 2.422708e+00 4.364883e+00
      vertex   3.474805e+00 2.360331e+00 4.470085e+00
      vertex   3.379005e+00 2.198520e+00 4.481989e+00
    endloop
  endfacet
  facet normal 5.195000e-01 -3.644246e-01 -7.728612e-01
    outer loop
      vertex   3.379005e+00 2.198520e+00 4.481989e+00
      vertex   3.474805e+00 2.360331e+00 4.470085e+00
      vertex   3.474805e+00 1.947079e+00 4.664945e+00
    endloop
  endfacet
  facet normal 5.387793e-01 -3.517292e-01 -7.655086e-01
    outer loop
      vertex   3.379005e+00 2.198520e+00 4.481989e+00
      vertex   3.474805e+00 1.947079e+00 4.664945e+00
      vertex   3.379005e+00 1.968690e+00 4.587589e+00
    endloop
  endfacet
  facet normal 5.544183e-01 -3.087184e-01 -7.728605e-01
    outer loop
      vertex   3.379005e+00 1.968690e+00 4.587589e+00
      vertex   3.474805e+00 1.947079e+00 4.664945e+00
      vertex   3.379005e+00 1.733805e+00 4.681414e+00
    endloop
  endfacet
  facet normal 5.057565e-01 -3.200094e-01 -8.011269e-01
    outer loop
      vertex   3.379005e+00 1.968690e+00 4.587589e+00
      vertex   3.379005e+00 1.733805e+00 4.681414e+00
      vertex   2.939199e+00 1.644226e+00 4.439544e+00
    endloop
  endfacet
  facet normal 5.057565e-01 -2.790223e-01 -8.163069e-01
    outer loop
      vertex   2.939199e+00 1.644226e+00 4.439544e+00
      vertex   3.379005e+00 1.733805e+00 4.681414e+00
      vertex   2.939199e+00 1.417257e+00 4.517124e+00
    endloop
  endfacet
  facet normal 4.337707e-01 -2.914252e-01 -8.525927e-01
    outer loop
      vertex   2.939199e+00 1.644226e+00 4.439544e+00
      vertex   2.939199e+00 1.417257e+00 4.517124e+00
      vertex   2.479834e+00 1.351032e+00 4.306051e+00
    endloop
  endfacet
  facet normal 4.337707e-01 -2.478680e-01 -8.662589e-01
    outer loop
      vertex   2.479834e+00 1.351032e+00 4.306051e+00
      vertex   2.939199e+00 1.417257e+00 4.517124e+00
      vertex   2.479834e+00 1.131200e+00 4.368953e+00
    endloop
  endfacet
  facet normal 3.589023e-01 -2.567679e-01 -8.973625e-01
    outer loop
      vertex   2.479834e+00 1.351032e+00 4.306051e+00
      vertex   2.479834e+00 1.131200e+00 4.368953e+00
      vertex   2.003965e+00 1.085321e+00 4.191756e+00
    endloop
  endfacet
  facet normal 3.589023e-01 -2.109876e-01 -9.092158e-01
    outer loop
      vertex   2.003965e+00 1.085321e+00 4.191756e+00
      vertex   2.479834e+00 1.131200e+00 4.368953e+00
      vertex   2.003965e+00 8.716188e-01 4.241346e+00
    endloop
  endfacet
  facet normal 2.816493e-01 -2.168971e-01 -9.346814e-01
    outer loop
      vertex   2.003965e+00 1.085321e+00 4.191756e+00
      vertex   2.003965e+00 8.716188e-01 4.241346e+00
      vertex   1.514761e+00 8.427036e-01 4.100643e+00
    endloop
  endfacet
  facet normal 2.816493e-01 -1.692778e-01 -9.444674e-01
    outer loop
      vertex   1.514761e+00 8.427036e-01 4.100643e+00
      vertex   2.003965e+00 8.716188e-01 4.241346e+00
      vertex   1.514761e+00 6.339278e-01 4.138062e+00
    endloop
  endfacet
  facet normal 5.159473e-01 -2.938907e-01 -8.046282e-01
    outer loop
      vertex   3.474805e+00 1.947079e+00 4.664945e+00
      vertex   3.474805e+00 1.517920e+00 4.821696e+00
      vertex   3.379005e+00 1.733805e+00 4.681414e+00
    endloop
  endfacet
  facet normal 5.489430e-01 -2.703488e-01 -7.909318e-01
    outer loop
      vertex   3.379005e+00 1.733805e+00 4.681414e+00
      vertex   3.474805e+00 1.517920e+00 4.821696e+00
      vertex   3.379005e+00 1.494470e+00 4.763221e+00
    endloop
  endfacet
  facet normal 5.057565e-01 -2.790223e-01 -8.163069e-01
    outer loop
      vertex   3.379005e+00 1.733805e+00 4.681414e+00
      vertex   3.379005e+00 1.494470e+00 4.763221e+00
      vertex   2.939199e+00 1.417257e+00 4.517124e+00
    endloop
  endfacet
  facet normal 5.057565e-01 -2.373189e-01 -8.293914e-01
    outer loop
      vertex   2.939199e+00 1.417257e+00 4.517124e+00
      vertex   3.379005e+00 1.494470e+00 4.763221e+00
      vertex   2.939199e+00 1.186649e+00 4.583110e+00
    endloop
  endfacet
  facet normal 4.337707e-01 -2.478680e-01 -8.662589e-01
    outer loop
      vertex   2.939199e+00 1.417257e+00 4.517124e+00
      vertex   2.939199e+00 1.186649e+00 4.583110e+00
      vertex   2.479834e+00 1.131200e+00 4.368953e+00
    endloop
  endfacet
  facet normal 4.337707e-01 -2.036746e-01 -8.777013e-01
    outer loop
      vertex   2.479834e+00 1.131200e+00 4.368953e+00
      vertex   2.939199e+00 1.186649e+00 4.583110e+00
      vertex   2.479834e+00 9.084645e-01 4.420640e+00
    endloop
  endfacet
  facet normal 3.589023e-01 -2.109876e-01 -9.092158e-01
    outer loop
      vertex   2.479834e+00 1.131200e+00 4.368953e+00
      vertex   2.479834e+00 9.084645e-01 4.420640e+00
      vertex   2.003965e+00 8.716188e-01 4.241346e+00
    endloop
  endfacet
  facet normal 3.589023e-01 -1.646658e-01 -9.187352e-01
    outer loop
      vertex   2.003965e+00 8.716188e-01 4.241346e+00
      vertex   2.479834e+00 9.084645e-01 4.420640e+00
      vertex   2.003965e+00 6.556794e-01 4.280049e+00
    endloop
  endfacet
  facet normal 2.816493e-01 -1.692778e-01 -9.444674e-01
    outer loop
      vertex   2.003965e+00 8.716188e-01 4.241346e+00
      vertex   2.003965e+00 6.556794e-01 4.280049e+00
      vertex   1.514761e+00 6.339278e-01 4.138062e+00
    endloop
  endfacet
  facet normal 2.816493e-01 -1.212241e-01 -9.518290e-01
    outer loop
      vertex   1.514761e+00 6.339278e-01 4.138062e+00
      vertex   2.003965e+00 6.556794e-01 4.280049e+00
      vertex   1.514761e+00 4.235248e-01 4.164859e+00
    endloop
  endfacet
  facet normal 5.474366e-01 -2.302134e-01 -8.045588e-01
    outer loop
      vertex   3.379005e+00 1.494470e+00 4.763221e+00
      vertex   3.474805e+00 1.517920e+00 4.821696e+00
      vertex   3.379005e+00 1.251299e+00 4.832801e+00
    endloop
  endfacet
  facet normal 5.162920e-01 -2.199856e-01 -8.276768e-01
    outer loop
      vertex   3.379005e+00 1.251299e+00 4.832801e+00
      vertex   3.474805e+00 1.517920e+00 4.821696e+00
      vertex   3.474805e+00 1.076360e+00 4.939056e+00
    endloop
  endfacet
  facet normal 5.552616e-01 -1.879987e-01 -8.101488e-01
    outer loop
      vertex   3.379005e+00 1.251299e+00 4.832801e+00
      vertex   3.474805e+00 1.076360e+00 4.939056e+00
      vertex   3.379005e+00 1.004916e+00 4.889976e+00
    endloop
  endfacet
  facet normal 5.365705e-01 -1.488728e-01 -8.306196e-01
    outer loop
      vertex   3.379005e+00 1.004916e+00 4.889976e+00
      vertex   3.474805e+00 1.076360e+00 4.939056e+00
      vertex   3.379005e+00 7.559525e-01 4.934597e+00
    endloop
  endfacet
  facet normal 5.057565e-01 -1.521931e-01 -8.491452e-01
    outer loop
      vertex   3.379005e+00 1.004916e+00 4.889976e+00
      vertex   3.379005e+00 7.559525e-01 4.934597e+00
      vertex   2.939199e+00 7.168955e-01 4.679646e+00
    endloop
  endfacet
  facet normal 5.057565e-01 -1.089893e-01 -8.557638e-01
    outer loop
      vertex   2.939199e+00 7.168955e-01 4.679646e+00
      vertex   3.379005e+00 7.559525e-01 4.934597e+00
      vertex   2.939199e+00 4.789551e-01 4.709950e+00
    endloop
  endfacet
  facet normal 4.337707e-01 -1.138340e-01 -8.938036e-01
    outer loop
      vertex   2.939199e+00 7.168955e-01 4.679646e+00
      vertex   2.939199e+00 4.789551e-01 4.709950e+00
      vertex   2.479834e+00 4.565748e-01 4.489866e+00
    endloop
  endfacet
  facet normal 4.337707e-01 -6.841750e-02 -8.984220e-01
    outer loop
      vertex   2.479834e+00 4.565748e-01 4.489866e+00
      vertex   2.939199e+00 4.789551e-01 4.709950e+00
      vertex   2.479834e+00 2.285808e-01 4.507229e+00
    endloop
  endfacet
  facet normal 3.589023e-01 -7.087408e-02 -9.306804e-01
    outer loop
      vertex   2.479834e+00 4.565748e-01 4.489866e+00
      vertex   2.479834e+00 2.285808e-01 4.507229e+00
      vertex   2.003965e+00 2.193099e-01 4.324424e+00
    endloop
  endfacet
  facet normal 3.589023e-01 -2.364493e-02 -9.330756e-01
    outer loop
      vertex   2.003965e+00 2.193099e-01 4.324424e+00
      vertex   2.479834e+00 2.285808e-01 4.507229e+00
      vertex   2.003965e+00 0.000000e+00 4.329981e+00
    endloop
  endfacet
  facet normal 2.816493e-01 -2.430718e-02 -9.592095e-01
    outer loop
      vertex   2.003965e+00 2.193099e-01 4.324424e+00
      vertex   2.003965e+00 0.000000e+00 4.329981e+00
      vertex   1.514761e+00 0.000000e+00 4.186338e+00
    endloop
  endfacet
  facet normal 2.816493e-01 2.430718e-02 -9.592095e-01
    outer loop
      vertex   1.514761e+00 0.000000e+00 4.186338e+00
      vertex   2.003965e+00 0.000000e+00 4.329981e+00
      vertex   1.514761e+00 -2.120345e-01 4.180965e+00
    endloop
  endfacet
  facet normal 5.205253e-01 -1.439221e-01 -8.416293e-01
    outer loop
      vertex   3.474805e+00 1.076360e+00 4.939056e+00
      vertex   3.474805e+00 6.260077e-01 5.016068e+00
      vertex   3.379005e+00 7.559525e-01 4.934597e+00
    endloop
  endfacet
  facet normal 5.579006e-01 -1.048494e-01 -8.232579e-01
    outer loop
      vertex   3.379005e+00 7.559525e-01 4.934597e+00
      vertex   3.474805e+00 6.260077e-01 5.016068e+00
      vertex   3.379005e+00 5.050490e-01 4.966552e+00
    endloop
  endfacet
  facet normal 5.057565e-01 -1.089893e-01 -8.557638e-01
    outer loop
      vertex   3.379005e+00 7.559525e-01 4.934597e+00
      vertex   3.379005e+00 5.050490e-01 4.966552e+00
      vertex   2.939199e+00 4.789551e-01 4.709950e+00
    endloop
  endfacet
  facet normal 5.057565e-01 -6.550569e-02 -8.601856e-01
    outer loop
      vertex   2.939199e+00 4.789551e-01 4.709950e+00
      vertex   3.379005e+00 5.050490e-01 4.966552e+00
      vertex   2.939199e+00 2.397853e-01 4.728164e+00
    endloop
  endfacet
  facet normal 4.337707e-01 -6.841750e-02 -8.984220e-01
    outer loop
      vertex   2.939199e+00 4.789551e-01 4.709950e+00
      vertex   2.939199e+00 2.397853e-01 4.728164e+00
      vertex   2.479834e+00 2.285808e-01 4.507229e+00
    endloop
  endfacet
  facet normal 4.337707e-01 -2.282537e-02 -9.007341e-01
    outer loop
      vertex   2.479834e+00 2.285808e-01 4.507229e+00
      vertex   2.939199e+00 2.397853e-01 4.728164e+00
      vertex   2.479834e+00 0.000000e+00 4.513021e+00
    endloop
  endfacet
  facet normal 3.589023e-01 -2.364493e-02 -9.330756e-01
    outer loop
      vertex   2.479834e+00 2.285808e-01 4.507229e+00
      vertex   2.479834e+00 0.000000e+00 4.513021e+00
      vertex   2.003965e+00 0.000000e+00 4.329981e+00
    endloop
  endfacet
  facet normal 3.589023e-01 2.364493e-02 -9.330756e-01
    outer loop
      vertex   2.003965e+00 0.000000e+00 4.329981e+00
      vertex   2.479834e+00 0.000000e+00 4.513021e+00
      vertex   2.003965e+00 -2.193099e-01 4.324424e+00
    endloop
  endfacet
  facet normal 2.816493e-01 2.430718e-02 -9.592095e-01
    outer loop
      vertex   2.003965e+00 0.000000e+00 4.329981e+00
      vertex   2.003965e+00 -2.193099e-01 4.324424e+00
      vertex   1.514761e+00 -2.120345e-01 4.180965e+00
    endloop
  endfacet
  facet normal 2.816493e-01 7.285915e-02 -9.567472e-01
    outer loop
      vertex   1.514761e+00 -2.120345e-01 4.180965e+00
      vertex   2.003965e+00 -2.193099e-01 4.324424e+00
      vertex   1.514761e+00 -4.235248e-01 4.164859e+00
    endloop
  endfacet
  facet normal 5.237609e-01 -6.718585e-02 -8.492118e-01
    outer loop
      vertex   3.474805e+00 6.260077e-01 5.016068e+00
      vertex   3.474805e+00 1.705412e-01 5.052103e+00
      vertex   3.379005e+00 5.050490e-01 4.966552e+00
    endloop
  endfacet
  facet normal 5.301789e-01 -6.438261e-02 -8.454379e-01
    outer loop
      vertex   3.379005e+00 5.050490e-01 4.966552e+00
      vertex   3.474805e+00 1.705412e-01 5.052103e+00
      vertex   3.379005e+00 2.528490e-01 4.985758e+00
    endloop
  endfacet
  facet normal 5.057565e-01 -6.550569e-02 -8.601856e-01
    outer loop
      vertex   3.379005e+00 5.050490e-01 4.966552e+00
      vertex   3.379005e+00 2.528490e-01 4.985758e+00
      vertex   2.939199e+00 2.397853e-01 4.728164e+00
    endloop
  endfacet
  facet normal 5.057565e-01 -2.185393e-02 -8.623994e-01
    outer loop
      vertex   2.939199e+00 2.397853e-01 4.728164e+00
      vertex   3.379005e+00 2.528490e-01 4.985758e+00
      vertex   2.939199e+00 0.000000e+00 4.734240e+00
    endloop
  endfacet
  facet normal 4.337707e-01 -2.282537e-02 -9.007341e-01
    outer loop
      vertex   2.939199e+00 2.397853e-01 4.728164e+00
      vertex   2.939199e+00 0.000000e+00 4.734240e+00
      vertex   2.479834e+00 0.000000e+00 4.513021e+00
    endloop
  endfacet
  facet normal 4.337707e-01 2.282537e-02 -9.007341e-01
    outer loop
      vertex   2.479834e+00 0.000000e+00 4.513021e+00
      vertex   2.939199e+00 0.000000e+00 4.734240e+00
      vertex   2.479834e+00 -2.285808e-01 4.507229e+00
    endloop
  endfacet
  facet normal 3.589023e-01 2.364493e-02 -9.330756e-01
    outer loop
      vertex   2.479834e+00 0.000000e+00 4.513021e+00
      vertex   2.479834e+00 -2.285808e-01 4.507229e+00
      vertex   2.003965e+00 -2.193099e-01 4.324424e+00
    endloop
  endfacet
  facet normal 3.589023e-01 7.087408e-02 -9.306804e-01
    outer loop
      vertex   2.003965e+00 -2.193099e-01 4.324424e+00
      vertex   2.479834e+00 -2.285808e-01 4.507229e+00
      vertex   2.003965e+00 -4.380569e-01 4.307765e+00
    endloop
  endfacet
  facet normal 2.816493e-01 7.285915e-02 -9.567472e-01
    outer loop
      vertex   2.003965e+00 -2.193099e-01 4.324424e+00
      vertex   2.003965e+00 -4.380569e-01 4.307765e+00
      vertex   1.514761e+00 -4.235248e-01 4.164859e+00
    endloop
  endfacet
  facet normal 2.816493e-01 1.212241e-01 -9.518290e-01
    outer loop
      vertex   1.514761e+00 -4.235248e-01 4.164859e+00
      vertex   2.003965e+00 -4.380569e-01 4.307765e+00
      vertex   1.514761e+00 -6.339278e-01 4.138062e+00
    endloop
  endfacet
  facet normal 5.569289e-01 -2.104034e-02 -8.302936e-01
    outer loop
      vertex   3.379005e+00 2.528490e-01 4.985758e+00
      vertex   3.474805e+00 1.705412e-01 5.052103e+00
      vertex   3.379005e+00 0.000000e+00 4.992165e+00
    endloop
  endfacet
  facet normal 5.177645e-01 9.807303e-03 -8.554670e-01
    outer loop
      vertex   3.379005e+00 0.000000e+00 4.992165e+00
      vertex   3.474805e+00 1.705412e-01 5.052103e+00
      vertex   3.474805e+00 -2.863185e-01 5.046865e+00
    endloop
  endfacet
  facet normal 5.429248e-01 2.127394e-02 -8.395118e-01
    outer loop
      vertex   3.379005e+00 0.000000e+00 4.992165e+00
      vertex   3.474805e+00 -2.863185e-01 5.046865e+00
      vertex   3.379005e+00 -2.528490e-01 4.985758e+00
    endloop
  endfacet
  facet normal 5.523213e-01 6.330022e-02 -8.312246e-01
    outer loop
      vertex   3.379005e+00 -2.528490e-01 4.985758e+00
      vertex   3.474805e+00 -2.863185e-01 5.046865e+00
      vertex   3.379005e+00 -5.050490e-01 4.966552e+00
    endloop
  endfacet
  facet normal 5.057565e-01 6.550569e-02 -8.601856e-01
    outer loop
      vertex   3.379005e+00 -2.528490e-01 4.985758e+00
      vertex   3.379005e+00 -5.050490e-01 4.966552e+00
      vertex   2.939199e+00 -4.789551e-01 4.709950e+00
    endloop
  endfacet
  facet normal 5.057565e-01 1.089893e-01 -8.557638e-01
    outer loop
      vertex   2.939199e+00 -4.789551e-01 4.709950e+00
      vertex   3.379005e+00 -5.050490e-01 4.966552e+00
      vertex   2.939199e+00 -7.168955e-01 4.679646e+00
    endloop
  endfacet
  facet normal 4.337707e-01 1.138340e-01 -8.938036e-01
    outer loop
      vertex   2.939199e+00 -4.789551e-01 4.709950e+00
      vertex   2.939199e+00 -7.168955e-01 4.679646e+00
      vertex   2.479834e+00 -6.833968e-01 4.460979e+00
    endloop
  endfacet
  facet normal 4.337707e-01 1.589583e-01 -8.868908e-01
    outer loop
      vertex   2.479834e+00 -6.833968e-01 4.460979e+00
      vertex   2.939199e+00 -7.168955e-01 4.679646e+00
      vertex   2.479834e+00 -9.084645e-01 4.420640e+00
    endloop
  endfacet
  facet normal 3.589023e-01 1.646658e-01 -9.187352e-01
    outer loop
      vertex   2.479834e+00 -6.833968e-01 4.460979e+00
      vertex   2.479834e+00 -9.084645e-01 4.420640e+00
      vertex   2.003965e+00 -8.716188e-01 4.241346e+00
    endloop
  endfacet
  facet normal 3.589023e-01 2.109876e-01 -9.092158e-01
    outer loop
      vertex   2.003965e+00 -8.716188e-01 4.241346e+00
      vertex   2.479834e+00 -9.084645e-01 4.420640e+00
      vertex   2.003965e+00 -1.085321e+00 4.191756e+00
    endloop
  endfacet
  facet normal 2.816493e-01 2.168971e-01 -9.346814e-01
    outer loop
      vertex   2.003965e+00 -8.716188e-01 4.241346e+00
      vertex   2.003965e+00 -1.085321e+00 4.191756e+00
      vertex   1.514761e+00 -1.049316e+00 4.052698e+00
    endloop
  endfacet
  facet normal 5.156203e-01 8.714044e-02 -8.523745e-01
    outer loop
      vertex   3.474805e+00 -2.863185e-01 5.046865e+00
      vertex   3.474805e+00 -7.408392e-01 5.000399e+00
      vertex   3.379005e+00 -5.050490e-01 4.966552e+00
    endloop
  endfacet
  facet normal 5.516685e-01 1.053744e-01 -8.273803e-01
    outer loop
      vertex   3.379005e+00 -5.050490e-01 4.966552e+00
      vertex   3.474805e+00 -7.408392e-01 5.000399e+00
      vertex   3.379005e+00 -7.559525e-01 4.934597e+00
    endloop
  endfacet
  facet normal 5.057565e-01 1.089893e-01 -8.557638e-01
    outer loop
      vertex   3.379005e+00 -5.050490e-01 4.966552e+00
      vertex   3.379005e+00 -7.559525e-01 4.934597e+00
      vertex   2.939199e+00 -7.168955e-01 4.679646e+00
    endloop
  endfacet
  facet normal 5.057565e-01 1.521931e-01 -8.491452e-01
    outer loop
      vertex   2.939199e+00 -7.168955e-01 4.679646e+00
      vertex   3.379005e+00 -7.559525e-01 4.934597e+00
      vertex   2.939199e+00 -9.529955e-01 4.637330e+00
    endloop
  endfacet
  facet normal 4.337707e-01 1.589583e-01 -8.868908e-01
    outer loop
      vertex   2.939199e+00 -7.168955e-01 4.679646e+00
      vertex   2.939199e+00 -9.529955e-01 4.637330e+00
      vertex   2.479834e+00 -9.084645e-01 4.420640e+00
    endloop
  endfacet
  facet normal 4.337707e-01 2.036746e-01 -8.777013e-01
    outer loop
      vertex   2.479834e+00 -9.084645e-01 4.420640e+00
      vertex   2.939199e+00 -9.529955e-01 4.637330e+00
      vertex   2.479834e+00 -1.131200e+00 4.368953e+00
    endloop
  endfacet
  facet normal 3.589023e-01 2.109876e-01 -9.092158e-01
    outer loop
      vertex   2.479834e+00 -9.084645e-01 4.420640e+00
      vertex   2.479834e+00 -1.131200e+00 4.368953e+00
      vertex   2.003965e+00 -1.085321e+00 4.191756e+00
    endloop
  endfacet
  facet normal 5.439569e-01 1.480361e-01 -8.259517e-01
    outer loop
      vertex   3.379005e+00 -7.559525e-01 4.934597e+00
      vertex   3.474805e+00 -7.408392e-01 5.000399e+00
      vertex   3.379005e+00 -1.004916e+00 4.889976e+00
    endloop
  endfacet
  facet normal 5.173815e-01 1.635438e-01 -8.399820e-01
    outer loop
      vertex   3.379005e+00 -1.004916e+00 4.889976e+00
      vertex   3.474805e+00 -7.408392e-01 5.000399e+00
      vertex   3.474805e+00 -1.189308e+00 4.913082e+00
    endloop
  endfacet
  facet normal 5.566384e-01 1.877905e-01 -8.092517e-01
    outer loop
      vertex   3.379005e+00 -1.004916e+00 4.889976e+00
      vertex   3.474805e+00 -1.189308e+00 4.913082e+00
      vertex   3.379005e+00 -1.251299e+00 4.832801e+00
    endloop
  endfacet
  facet normal 5.579647e-01 2.684098e-01 -7.852589e-01
    outer loop
      vertex   3.379005e+00 -1.494470e+00 4.763221e+00
      vertex   3.474805e+00 -1.628060e+00 4.785629e+00
      vertex   3.379005e+00 -1.733805e+00 4.681414e+00
    endloop
  endfacet
  facet normal 5.211480e-01 3.111102e-01 -7.947422e-01
    outer loop
      vertex   3.379005e+00 -1.733805e+00 4.681414e+00
      vertex   3.474805e+00 -1.628060e+00 4.785629e+00
      vertex   3.474805e+00 -2.053513e+00 4.619081e+00
    endloop
  endfacet
  facet normal 5.352832e-01 3.133310e-01 -7.844078e-01
    outer loop
      vertex   3.379005e+00 -1.733805e+00 4.681414e+00
      vertex   3.474805e+00 -2.053513e+00 4.619081e+00
      vertex   3.379005e+00 -1.968690e+00 4.587589e+00
    endloop
  endfacet
  facet normal 5.556822e-01 3.471148e-01 -7.554658e-01
    outer loop
      vertex   3.379005e+00 -1.968690e+00 4.587589e+00
      vertex   3.474805e+00 -2.053513e+00 4.619081e+00
      vertex   3.379005e+00 -2.198520e+00 4.481989e+00
    endloop
  endfacet
  facet normal 5.057565e-01 3.601751e-01 -7.838904e-01
    outer loop
      vertex   3.379005e+00 -1.968690e+00 4.587589e+00
      vertex   3.379005e+00 -2.198520e+00 4.481989e+00
      vertex   2.939199e+00 -2.084932e+00 4.250422e+00
    endloop
  endfacet
  facet normal 5.057565e-01 3.994162e-01 -7.646418e-01
    outer loop
      vertex   2.939199e+00 -2.084932e+00 4.250422e+00
      vertex   3.379005e+00 -2.198520e+00 4.481989e+00
      vertex   2.939199e+00 -2.297536e+00 4.139367e+00
    endloop
  endfacet
  facet normal 4.337707e-01 4.171708e-01 -7.986310e-01
    outer loop
      vertex   2.939199e+00 -2.084932e+00 4.250422e+00
      vertex   2.939199e+00 -2.297536e+00 4.139367e+00
      vertex   2.479834e+00 -2.190178e+00 3.945945e+00
    endloop
  endfacet
  facet normal 4.334454e-01 4.760906e-01 -7.651554e-01
    outer loop
      vertex   2.479834e+00 -2.190178e+00 3.945945e+00
      vertex   2.939199e+00 -2.297536e+00 4.139367e+00
      vertex   2.692178e+00 -2.457343e+00 3.900000e+00
    endloop
  endfacet
  facet normal 3.808665e-01 4.423485e-01 -8.119535e-01
    outer loop
      vertex   2.479834e+00 -2.190178e+00 3.945945e+00
      vertex   2.692178e+00 -2.457343e+00 3.900000e+00
      vertex   2.284672e+00 -2.106476e+00 3.900000e+00
    endloop
  endfacet
  facet normal 5.165367e-01 3.828495e-01 -7.659087e-01
    outer loop
      vertex   3.474805e+00 -2.053513e+00 4.619081e+00
      vertex   3.474805e+00 -2.462190e+00 4.414799e+00
      vertex   3.379005e+00 -2.198520e+00 4.481989e+00
    endloop
  endfacet
  facet normal 5.465447e-01 3.877273e-01 -7.422644e-01
    outer loop
      vertex   3.379005e+00 -2.198520e+00 4.481989e+00
      vertex   3.474805e+00 -2.462190e+00 4.414799e+00
      vertex   3.379005e+00 -2.422708e+00 4.364883e+00
    endloop
  endfacet
  facet normal 5.057565e-01 3.994162e-01 -7.646418e-01
    outer loop
      vertex   3.379005e+00 -2.198520e+00 4.481989e+00
      vertex   3.379005e+00 -2.422708e+00 4.364883e+00
      vertex   2.939199e+00 -2.297536e+00 4.139367e+00
    endloop
  endfacet
  facet normal 5.057565e-01 4.376320e-01 -7.434302e-01
    outer loop
      vertex   2.939199e+00 -2.297536e+00 4.139367e+00
      vertex   3.379005e+00 -2.422708e+00 4.364883e+00
      vertex   2.939199e+00 -2.504243e+00 4.017686e+00
    endloop
  endfacet
  facet normal 4.521165e-01 4.524870e-01 -7.686652e-01
    outer loop
      vertex   2.939199e+00 -2.297536e+00 4.139367e+00
      vertex   2.939199e+00 -2.504243e+00 4.017686e+00
      vertex   2.692178e+00 -2.457343e+00 3.900000e+00
    endloop
  endfacet
  facet normal 4.496882e-01 4.826652e-01 -7.515416e-01
    outer loop
      vertex   2.692178e+00 -2.457343e+00 3.900000e+00
      vertex   2.939199e+00 -2.504243e+00 4.017686e+00
      vertex   3.091671e+00 -2.829542e+00 3.900000e+00
    endloop
  endfacet
  facet normal 5.177641e-01 4.950980e-01 -6.977093e-01
    outer loop
      vertex   3.091671e+00 -2.829542e+00 3.900000e+00
      vertex   2.939199e+00 -2.504243e+00 4.017686e+00
      vertex   3.379005e+00 -2.851865e+00 4.097387e+00
    endloop
  endfacet
  facet normal 5.143027e-01 5.075989e-01 -6.912569e-01
    outer loop
      vertex   3.091671e+00 -2.829542e+00 3.900000e+00
      vertex   3.379005e+00 -2.851865e+00 4.097387e+00
      vertex   3.379005e+00 -3.055734e+00 3.947683e+00
    endloop
  endfacet
  facet normal 5.399552e-01 4.981792e-01 -6.784289e-01
    outer loop
      vertex   3.379005e+00 -3.055734e+00 3.947683e+00
      vertex   3.379005e+00 -2.851865e+00 4.097387e+00
      vertex   3.474805e+00 -2.850753e+00 4.174451e+00
    endloop
  endfacet
  facet normal 5.189799e-01 5.134643e-01 -6.833844e-01
    outer loop
      vertex   3.379005e+00 -3.055734e+00 3.947683e+00
      vertex   3.474805e+00 -2.850753e+00 4.174451e+00
      vertex   3.474805e+00 -3.216027e+00 3.900000e+00
    endloop
  endfacet
  facet normal 5.497309e-01 4.237654e-01 -7.198742e-01
    outer loop
      vertex   3.379005e+00 -2.422708e+00 4.364883e+00
      vertex   3.474805e+00 -2.462190e+00 4.414799e+00
      vertex   3.379005e+00 -2.640676e+00 4.236573e+00
    endloop
  endfacet
  facet normal 5.158079e-01 4.506719e-01 -7.285856e-01
    outer loop
      vertex   3.379005e+00 -2.640676e+00 4.236573e+00
      vertex   3.474805e+00 -2.462190e+00 4.414799e+00
      vertex   3.474805e+00 -2.850753e+00 4.174451e+00
    endloop
  endfacet
  facet normal 5.538984e-01 4.581651e-01 -6.951844e-01
    outer loop
      vertex   3.379005e+00 -2.640676e+00 4.236573e+00
      vertex   3.474805e+00 -2.850753e+00 4.174451e+00
      vertex   3.379005e+00 -2.851865e+00 4.097387e+00
    endloop
  endfacet
  facet normal 5.175012e-01 5.130142e-01 -6.848422e-01
    outer loop
      vertex   3.474805e+00 -3.216027e+00 3.900000e+00
      vertex   3.091671e+00 -2.829542e+00 3.900000e+00
      vertex   3.379005e+00 -3.055734e+00 3.947683e+00
    endloop
  endfacet
  facet normal 3.771631e-01 4.288029e-01 -8.208996e-01
    outer loop
      vertex   2.479834e+00 -2.190178e+00 3.945945e+00
      vertex   2.284672e+00 -2.106476e+00 3.900000e+00
      vertex   2.479834e+00 -1.987508e+00 4.051811e+00
    endloop
  endfacet
  facet normal 3.587537e-01 4.529596e-01 -8.161638e-01
    outer loop
      vertex   2.479834e+00 -1.987508e+00 4.051811e+00
      vertex   2.284672e+00 -2.106476e+00 3.900000e+00
      vertex   1.877498e+00 -1.783986e+00 3.900000e+00
    endloop
  endfacet
  facet normal 3.376759e-01 3.465981e-01 -8.751256e-01
    outer loop
      vertex   2.479834e+00 -1.987508e+00 4.051811e+00
      vertex   1.877498e+00 -1.783986e+00 3.900000e+00
      vertex   2.003965e+00 -1.707553e+00 3.979070e+00
    endloop
  endfacet
  facet normal 2.975771e-01 4.029717e-01 -8.654835e-01
    outer loop
      vertex   2.003965e+00 -1.707553e+00 3.979070e+00
      vertex   1.877498e+00 -1.783986e+00 3.900000e+00
      vertex   1.674140e+00 -1.633814e+00 3.900000e+00
    endloop
  endfacet
  facet normal 2.922239e-01 3.547576e-01 -8.881172e-01
    outer loop
      vertex   2.003965e+00 -1.707553e+00 3.979070e+00
      vertex   1.674140e+00 -1.633814e+00 3.900000e+00
      vertex   2.003965e+00 -1.503825e+00 4.060449e+00
    endloop
  endfacet
  facet normal 2.814381e-01 3.757496e-01 -8.829523e-01
    outer loop
      vertex   2.003965e+00 -1.503825e+00 4.060449e+00
      vertex   1.674140e+00 -1.633814e+00 3.900000e+00
      vertex   1.514761e+00 -1.453937e+00 3.925747e+00
    endloop
  endfacet
  facet normal 2.816493e-01 3.103444e-01 -9.079427e-01
    outer loop
      vertex   2.003965e+00 -1.503825e+00 4.060449e+00
      vertex   1.514761e+00 -1.453937e+00 3.925747e+00
      vertex   2.003965e+00 -1.296237e+00 4.131405e+00
    endloop
  endfacet
  facet normal 2.816493e-01 3.103444e-01 -9.079427e-01
    outer loop
      vertex   2.003965e+00 -1.296237e+00 4.131405e+00
      vertex   1.514761e+00 -1.453937e+00 3.925747e+00
      vertex   1.514761e+00 -1.253235e+00 3.994349e+00
    endloop
  endfacet
  facet normal 2.374237e-01 3.405857e-01 -9.097425e-01
    outer loop
      vertex   1.674140e+00 -1.633814e+00 3.900000e+00
      vertex   1.456321e+00 -1.481972e+00 3.900000e+00
      vertex   1.514761e+00 -1.453937e+00 3.925747e+00
    endloop
  endfacet
  facet normal 2.293652e-01 3.544232e-01 -9.065185e-01
    outer loop
      vertex   1.514761e+00 -1.453937e+00 3.925747e+00
      vertex   1.456321e+00 -1.481972e+00 3.900000e+00
      vertex   1.227205e+00 -1.333700e+00 3.900000e+00
    endloop
  endfacet
  facet normal 2.148306e-01 3.158861e-01 -9.241557e-01
    outer loop
      vertex   1.514761e+00 -1.453937e+00 3.925747e+00
      vertex   1.227205e+00 -1.333700e+00 3.900000e+00
      vertex   1.514761e+00 -1.253235e+00 3.994349e+00
    endloop
  endfacet
  facet normal 2.032418e-01 3.471686e-01 -9.155145e-01
    outer loop
      vertex   1.514761e+00 -1.253235e+00 3.994349e+00
      vertex   1.227205e+00 -1.333700e+00 3.900000e+00
      vertex   9.934855e-01 -1.196874e+00 3.900000e+00
    endloop
  endfacet
  facet normal 5.735679e-02 2.185326e-01 -9.741425e-01
    outer loop
      vertex   5.203232e-01 -9.838156e-01 3.900000e+00
      vertex   2.587157e-01 -9.151532e-01 3.900000e+00
      vertex   5.094330e-01 -8.093804e-01 3.938490e+00
    endloop
  endfacet
  facet normal 3.849016e-02 2.598799e-01 -9.648735e-01
    outer loop
      vertex   5.094330e-01 -8.093804e-01 3.938490e+00
      vertex   2.587157e-01 -9.151532e-01 3.900000e+00
      vertex   1.275459e-01 -8.957260e-01 3.900000e+00
    endloop
  endfacet
  facet normal 4.073521e-02 2.509608e-01 -9.671398e-01
    outer loop
      vertex   5.094330e-01 -8.093804e-01 3.938490e+00
      vertex   1.275459e-01 -8.957260e-01 3.900000e+00
      vertex   -1.385131e-16 -8.051941e-01 3.918120e+00
    endloop
  endfacet
  facet normal 1.146613e-02 2.117499e-01 -9.772566e-01
    outer loop
      vertex   -1.385131e-16 -8.051941e-01 3.918120e+00
      vertex   1.275459e-01 -8.957260e-01 3.900000e+00
      vertex   -1.143241e-13 -8.888194e-01 3.900000e+00
    endloop
  endfacet
  facet normal -1.146613e-02 2.117499e-01 -9.772566e-01
    outer loop
      vertex   -1.385131e-16 -8.051941e-01 3.918120e+00
      vertex   -1.143241e-13 -8.888194e-01 3.900000e+00
      vertex   -1.275459e-01 -8.957260e-01 3.900000e+00
    endloop
  endfacet
  facet normal -3.629231e-02 2.450404e-01 -9.688334e-01
    outer loop
      vertex   -1.275459e-01 -8.957260e-01 3.900000e+00
      vertex   -2.587157e-01 -9.151532e-01 3.900000e+00
      vertex   -1.385131e-16 -8.051941e-01 3.918120e+00
    endloop
  endfacet
  facet normal -4.072611e-02 2.550183e-01 -9.660782e-01
    outer loop
      vertex   -1.385131e-16 -8.051941e-01 3.918120e+00
      vertex   -2.587157e-01 -9.151532e-01 3.900000e+00
      vertex   -5.094330e-01 -8.093804e-01 3.938490e+00
    endloop
  endfacet
  facet normal -4.077552e-02 1.762730e-01 -9.834964e-01
    outer loop
      vertex   -1.385131e-16 -8.051941e-01 3.918120e+00
      vertex   -5.094330e-01 -8.093804e-01 3.938490e+00
      vertex   -1.429236e-16 -6.057111e-01 3.953873e+00
    endloop
  endfacet
  facet normal -4.077552e-02 1.762730e-01 -9.834964e-01
    outer loop
      vertex   -1.429236e-16 -6.057111e-01 3.953873e+00
      vertex   -5.094330e-01 -8.093804e-01 3.938490e+00
      vertex   -5.094330e-01 -6.088603e-01 3.974430e+00
    endloop
  endfacet
  facet normal -4.077552e-02 1.262335e-01 -9.911622e-01
    outer loop
      vertex   -1.429236e-16 -6.057111e-01 3.953873e+00
      vertex   -5.094330e-01 -6.088603e-01 3.974430e+00
      vertex   -1.460820e-16 -4.046733e-01 3.979477e+00
    endloop
  endfacet
  facet normal -4.077552e-02 1.262335e-01 -9.911622e-01
    outer loop
      vertex   -1.460820e-16 -4.046733e-01 3.979477e+00
      vertex   -5.094330e-01 -6.088603e-01 3.974430e+00
      vertex   -5.094330e-01 -4.067772e-01 4.000167e+00
    endloop
  endfacet
  facet normal -4.077552e-02 7.586996e-02 -9.962836e-01
    outer loop
      vertex   -1.460820e-16 -4.046733e-01 3.979477e+00
      vertex   -5.094330e-01 -4.067772e-01 4.000167e+00
      vertex   -1.479804e-16 -2.025967e-01 3.994866e+00
    endloop
  endfacet
  facet normal -4.077552e-02 7.586996e-02 -9.962836e-01
    outer loop
      vertex   -1.479804e-16 -2.025967e-01 3.994866e+00
      vertex   -5.094330e-01 -4.067772e-01 4.000167e+00
      vertex   -5.094330e-01 -2.036500e-01 4.015636e+00
    endloop
  endfacet
  facet normal -4.077552e-02 2.531165e-02 -9.988477e-01
    outer loop
      vertex   -1.479804e-16 -2.025967e-01 3.994866e+00
      vertex   -5.094330e-01 -2.036500e-01 4.015636e+00
      vertex   -1.486137e-16 0.000000e+00 4.000000e+00
    endloop
  endfacet
  facet normal -4.077552e-02 2.531165e-02 -9.988477e-01
    outer loop
      vertex   -1.486137e-16 0.000000e+00 4.000000e+00
      vertex   -5.094330e-01 -2.036500e-01 4.015636e+00
      vertex   -5.094330e-01 0.000000e+00 4.020796e+00
    endloop
  endfacet
  facet normal -4.077552e-02 -2.531165e-02 -9.988477e-01
    outer loop
      vertex   -1.486137e-16 0.000000e+00 4.000000e+00
      vertex   -5.094330e-01 0.000000e+00 4.020796e+00
      vertex   -1.479804e-16 2.025967e-01 3.994866e+00
    endloop
  endfacet
  facet normal -4.077552e-02 -2.531165e-02 -9.988477e-01
    outer loop
      vertex   -1.479804e-16 2.025967e-01 3.994866e+00
      vertex   -5.094330e-01 0.000000e+00 4.020796e+00
      vertex   -5.094330e-01 2.036500e-01 4.015636e+00
    endloop
  endfacet
  facet normal -4.077552e-02 -7.586996e-02 -9.962836e-01
    outer loop
      vertex   -1.479804e-16 2.025967e-01 3.994866e+00
      vertex   -5.094330e-01 2.036500e-01 4.015636e+00
      vertex   -1.460820e-16 4.046733e-01 3.979477e+00
    endloop
  endfacet
  facet normal -4.077552e-02 -7.586996e-02 -9.962836e-01
    outer loop
      vertex   -1.460820e-16 4.046733e-01 3.979477e+00
      vertex   -5.094330e-01 2.036500e-01 4.015636e+00
      vertex   -5.094330e-01 4.067772e-01 4.000167e+00
    endloop
  endfacet
  facet normal -4.077552e-02 -1.262335e-01 -9.911622e-01
    outer loop
      vertex   -1.460820e-16 4.046733e-01 3.979477e+00
      vertex   -5.094330e-01 4.067772e-01 4.000167e+00
      vertex   -1.429236e-16 6.057111e-01 3.953873e+00
    endloop
  endfacet
  facet normal -4.077552e-02 -1.262335e-01 -9.911622e-01
    outer loop
      vertex   -1.429236e-16 6.057111e-01 3.953873e+00
      vertex   -5.094330e-01 4.067772e-01 4.000167e+00
      vertex   -5.094330e-01 6.088603e-01 3.974430e+00
    endloop
  endfacet
  facet normal -4.077552e-02 -1.762730e-01 -9.834964e-01
    outer loop
      vertex   -1.429236e-16 6.057111e-01 3.953873e+00
      vertex   -5.094330e-01 6.088603e-01 3.974430e+00
      vertex   -1.385131e-16 8.051941e-01 3.918120e+00
    endloop
  endfacet
  facet normal -4.077552e-02 -1.762730e-01 -9.834964e-01
    outer loop
      vertex   -1.385131e-16 8.051941e-01 3.918120e+00
      vertex   -5.094330e-01 6.088603e-01 3.974430e+00
      vertex   -5.094330e-01 8.093804e-01 3.938490e+00
    endloop
  endfacet
  facet normal -4.077552e-02 -2.258601e-01 -9.733060e-01
    outer loop
      vertex   -1.385131e-16 8.051941e-01 3.918120e+00
      vertex   -5.094330e-01 8.093804e-01 3.938490e+00
      vertex   -1.328619e-16 1.002610e+00 3.872308e+00
    endloop
  endfacet
  facet normal -4.077552e-02 -2.258601e-01 -9.733060e-01
    outer loop
      vertex   -1.328619e-16 1.002610e+00 3.872308e+00
      vertex   -5.094330e-01 8.093804e-01 3.938490e+00
      vertex   -5.094330e-01 1.007823e+00 3.892441e+00
    endloop
  endfacet
  facet normal -4.077552e-02 -2.748673e-01 -9.606172e-01
    outer loop
      vertex   -1.328619e-16 1.002610e+00 3.872308e+00
      vertex   -5.094330e-01 1.007823e+00 3.892441e+00
      vertex   -1.259845e-16 1.197452e+00 3.816557e+00
    endloop
  endfacet
  facet normal -4.077552e-02 -2.748673e-01 -9.606172e-01
    outer loop
      vertex   -1.259845e-16 1.197452e+00 3.816557e+00
      vertex   -5.094330e-01 1.007823e+00 3.892441e+00
      vertex   -5.094330e-01 1.203678e+00 3.836400e+00
    endloop
  endfacet
  facet normal -4.077552e-02 -3.231690e-01 -9.454624e-01
    outer loop
      vertex   -1.259845e-16 1.197452e+00 3.816557e+00
      vertex   -5.094330e-01 1.203678e+00 3.836400e+00
      vertex   -1.178986e-16 1.389221e+00 3.751009e+00
    endloop
  endfacet
  facet normal -4.077552e-02 -3.231690e-01 -9.454624e-01
    outer loop
      vertex   -1.178986e-16 1.389221e+00 3.751009e+00
      vertex   -5.094330e-01 1.203678e+00 3.836400e+00
      vertex   -5.094330e-01 1.396444e+00 3.770510e+00
    endloop
  endfacet
  facet normal -4.077552e-02 -3.706411e-01 -9.278807e-01
    outer loop
      vertex   -1.178986e-16 1.389221e+00 3.751009e+00
      vertex   -5.094330e-01 1.396444e+00 3.770510e+00
      vertex   -1.086248e-16 1.577423e+00 3.675831e+00
    endloop
  endfacet
  facet normal -4.077552e-02 -3.706411e-01 -9.278807e-01
    outer loop
      vertex   -1.086248e-16 1.577423e+00 3.675831e+00
      vertex   -5.094330e-01 1.396444e+00 3.770510e+00
      vertex   -5.094330e-01 1.585625e+00 3.694942e+00
    endloop
  endfacet
  facet normal -4.077552e-02 -4.171618e-01 -9.079171e-01
    outer loop
      vertex   -1.086248e-16 1.577423e+00 3.675831e+00
      vertex   -5.094330e-01 1.585625e+00 3.694942e+00
      vertex   -9.818712e-17 1.761577e+00 3.591218e+00
    endloop
  endfacet
  facet normal -4.077552e-02 -4.171618e-01 -9.079171e-01
    outer loop
      vertex   -9.818712e-17 1.761577e+00 3.591218e+00
      vertex   -5.094330e-01 1.585625e+00 3.694942e+00
      vertex   -5.094330e-01 1.770735e+00 3.609889e+00
    endloop
  endfacet
  facet normal -4.077552e-02 -4.626116e-01 -8.856229e-01
    outer loop
      vertex   -9.818712e-17 1.761577e+00 3.591218e+00
      vertex   -5.094330e-01 1.770735e+00 3.609889e+00
      vertex   -8.661222e-17 1.941208e+00 3.497386e+00
    endloop
  endfacet
  facet normal -4.077552e-02 -4.626116e-01 -8.856229e-01
    outer loop
      vertex   -8.661222e-17 1.941208e+00 3.497386e+00
      vertex   -5.094330e-01 1.770735e+00 3.609889e+00
      vertex   -5.094330e-01 1.951300e+00 3.515570e+00
    endloop
  endfacet
  facet normal -4.077552e-02 -5.068739e-01 -8.610553e-01
    outer loop
      vertex   -8.661222e-17 1.941208e+00 3.497386e+00
      vertex   -5.094330e-01 1.951300e+00 3.515570e+00
      vertex   -7.392984e-17 2.115856e+00 3.394577e+00
    endloop
  endfacet
  facet normal -4.077552e-02 -5.068739e-01 -8.610553e-01
    outer loop
      vertex   -7.392984e-17 2.115856e+00 3.394577e+00
      vertex   -5.094330e-01 1.951300e+00 3.515570e+00
      vertex   -5.094330e-01 2.126857e+00 3.412226e+00
    endloop
  endfacet
  facet normal -4.077552e-02 -5.498351e-01 -8.342774e-01
    outer loop
      vertex   -7.392984e-17 2.115856e+00 3.394577e+00
      vertex   -5.094330e-01 2.126857e+00 3.412226e+00
      vertex   -6.017254e-17 2.285073e+00 3.283054e+00
    endloop
  endfacet
  facet normal -4.077552e-02 -5.498351e-01 -8.342774e-01
    outer loop
      vertex   -6.017254e-17 2.285073e+00 3.283054e+00
      vertex   -5.094330e-01 2.126857e+00 3.412226e+00
      vertex   -5.094330e-01 2.296953e+00 3.300123e+00
    endloop
  endfacet
  facet normal -4.077552e-02 -5.913848e-01 -8.053579e-01
    outer loop
      vertex   -6.017254e-17 2.285073e+00 3.283054e+00
      vertex   -5.094330e-01 2.296953e+00 3.300123e+00
      vertex   -4.537564e-17 2.448424e+00 3.163103e+00
    endloop
  endfacet
  facet normal -4.077552e-02 -5.913848e-01 -8.053579e-01
    outer loop
      vertex   -4.537564e-17 2.448424e+00 3.163103e+00
      vertex   -5.094330e-01 2.296953e+00 3.300123e+00
      vertex   -5.094330e-01 2.461154e+00 3.179548e+00
    endloop
  endfacet
  facet normal -4.077552e-02 -6.314165e-01 -7.743711e-01
    outer loop
      vertex   -4.537564e-17 2.448424e+00 3.163103e+00
      vertex   -5.094330e-01 2.461154e+00 3.179548e+00
      vertex   -2.957711e-17 2.605490e+00 3.035032e+00
    endloop
  endfacet
  facet normal -4.077552e-02 -6.314165e-01 -7.743711e-01
    outer loop
      vertex   -2.957711e-17 2.605490e+00 3.035032e+00
      vertex   -5.094330e-01 2.461154e+00 3.179548e+00
      vertex   -5.094330e-01 2.619036e+00 3.050812e+00
    endloop
  endfacet
  facet normal -5.735679e-02 2.185326e-01 -9.741425e-01
    outer loop
      vertex   -2.587157e-01 -9.151532e-01 3.900000e+00
      vertex   -5.203232e-01 -9.838156e-01 3.900000e+00
      vertex   -5.094330e-01 -8.093804e-01 3.938490e+00
    endloop
  endfacet
  facet normal -1.379348e-01 2.719076e-01 -9.523866e-01
    outer loop
      vertex   -7.618523e-01 -1.079370e+00 3.900000e+00
      vertex   -9.934855e-01 -1.196874e+00 3.900000e+00
      vertex   -1.015476e+00 -1.023426e+00 3.952704e+00
    endloop
  endfacet
  facet normal -1.573610e-01 2.687971e-01 -9.502556e-01
    outer loop
      vertex   -1.015476e+00 -1.023426e+00 3.952704e+00
      vertex   -9.934855e-01 -1.196874e+00 3.900000e+00
      vertex   -1.227205e+00 -1.333700e+00 3.900000e+00
    endloop
  endfacet
  facet normal -2.182870e-01 3.063467e-01 -9.265541e-01
    outer loop
      vertex   -1.015476e+00 -1.023426e+00 3.952704e+00
      vertex   -1.227205e+00 -1.333700e+00 3.900000e+00
      vertex   -1.514761e+00 -1.253235e+00 3.994349e+00
    endloop
  endfacet
  facet normal -2.148306e-01 3.158861e-01 -9.241557e-01
    outer loop
      vertex   -1.514761e+00 -1.253235e+00 3.994349e+00
      vertex   -1.227205e+00 -1.333700e+00 3.900000e+00
      vertex   -1.514761e+00 -1.453937e+00 3.925747e+00
    endloop
  endfacet
  facet normal -2.816493e-01 3.103444e-01 -9.079427e-01
    outer loop
      vertex   -1.514761e+00 -1.253235e+00 3.994349e+00
      vertex   -1.514761e+00 -1.453937e+00 3.925747e+00
      vertex   -2.003965e+00 -1.503825e+00 4.060449e+00
    endloop
  endfacet
  facet normal -2.814381e-01 3.757496e-01 -8.829523e-01
    outer loop
      vertex   -2.003965e+00 -1.503825e+00 4.060449e+00
      vertex   -1.514761e+00 -1.453937e+00 3.925747e+00
      vertex   -1.674140e+00 -1.633814e+00 3.900000e+00
    endloop
  endfacet
  facet normal -2.922239e-01 3.547576e-01 -8.881172e-01
    outer loop
      vertex   -2.003965e+00 -1.503825e+00 4.060449e+00
      vertex   -1.674140e+00 -1.633814e+00 3.900000e+00
      vertex   -2.003965e+00 -1.707553e+00 3.979070e+00
    endloop
  endfacet
  facet normal -2.975771e-01 4.029717e-01 -8.654835e-01
    outer loop
      vertex   -2.003965e+00 -1.707553e+00 3.979070e+00
      vertex   -1.674140e+00 -1.633814e+00 3.900000e+00
      vertex   -1.877498e+00 -1.783986e+00 3.900000e+00
    endloop
  endfacet
  facet normal -3.079328e-01 3.887936e-01 -8.683415e-01
    outer loop
      vertex   -2.003965e+00 -1.707553e+00 3.979070e+00
      vertex   -1.877498e+00 -1.783986e+00 3.900000e+00
      vertex   -2.284672e+00 -2.106476e+00 3.900000e+00
    endloop
  endfacet
  facet normal -2.293652e-01 3.544232e-01 -9.065185e-01
    outer loop
      vertex   -1.227205e+00 -1.333700e+00 3.900000e+00
      vertex   -1.456321e+00 -1.481972e+00 3.900000e+00
      vertex   -1.514761e+00 -1.453937e+00 3.925747e+00
    endloop
  endfacet
  facet normal -2.374237e-01 3.405857e-01 -9.097425e-01
    outer loop
      vertex   -1.514761e+00 -1.453937e+00 3.925747e+00
      vertex   -1.456321e+00 -1.481972e+00 3.900000e+00
      vertex   -1.674140e+00 -1.633814e+00 3.900000e+00
    endloop
  endfacet
  facet normal -4.496882e-01 4.826652e-01 -7.515416e-01
    outer loop
      vertex   -2.692178e+00 -2.457343e+00 3.900000e+00
      vertex   -3.091671e+00 -2.829542e+00 3.900000e+00
      vertex   -2.939199e+00 -2.504243e+00 4.017686e+00
    endloop
  endfacet
  facet normal -4.077552e-02 -7.586996e-02 9.962836e-01
    outer loop
      vertex   8.376179e-16 2.025967e-01 -3.994866e+00
      vertex   8.357196e-16 4.046733e-01 -3.979477e+00
      vertex   -5.094330e-01 4.067772e-01 -4.000167e+00
    endloop
  endfacet
  facet normal -4.077552e-02 -1.262335e-01 9.911622e-01
    outer loop
      vertex   -5.094330e-01 4.067772e-01 -4.000167e+00
      vertex   8.357196e-16 4.046733e-01 -3.979477e+00
      vertex   -5.094330e-01 6.088603e-01 -3.974430e+00
    endloop
  endfacet
  facet normal -1.220557e-01 -1.253940e-01 9.845703e-01
    outer loop
      vertex   -5.094330e-01 4.067772e-01 -4.000167e+00
      vertex   -5.094330e-01 6.088603e-01 -3.974430e+00
      vertex   -1.015476e+00 6.182867e-01 -4.035963e+00
    endloop
  endfacet
  facet normal -1.220557e-01 -1.751007e-01 9.769555e-01
    outer loop
      vertex   -1.015476e+00 6.182867e-01 -4.035963e+00
      vertex   -5.094330e-01 6.088603e-01 -3.974430e+00
      vertex   -1.015476e+00 8.219113e-01 -3.999467e+00
    endloop
  endfacet
  facet normal -2.025252e-01 -1.727638e-01 9.639171e-01
    outer loop
      vertex   -1.015476e+00 6.182867e-01 -4.035963e+00
      vertex   -1.015476e+00 8.219113e-01 -3.999467e+00
      vertex   -1.514761e+00 8.427036e-01 -4.100643e+00
    endloop
  endfacet
  facet normal -2.025252e-01 -2.213637e-01 9.539296e-01
    outer loop
      vertex   -1.514761e+00 8.427036e-01 -4.100643e+00
      vertex   -1.015476e+00 8.219113e-01 -3.999467e+00
      vertex   -1.514761e+00 1.049316e+00 -4.052698e+00
    endloop
  endfacet
  facet normal -2.816493e-01 -2.168971e-01 9.346814e-01
    outer loop
      vertex   -1.514761e+00 8.427036e-01 -4.100643e+00
      vertex   -1.514761e+00 1.049316e+00 -4.052698e+00
      vertex   -2.003965e+00 1.085321e+00 -4.191756e+00
    endloop
  endfacet
  facet normal -2.816493e-01 -2.639595e-01 9.224961e-01
    outer loop
      vertex   -2.003965e+00 1.085321e+00 -4.191756e+00
      vertex   -1.514761e+00 1.049316e+00 -4.052698e+00
      vertex   -2.003965e+00 1.296237e+00 -4.131405e+00
    endloop
  endfacet
  facet normal -3.589023e-01 -2.567679e-01 8.973625e-01
    outer loop
      vertex   -2.003965e+00 1.085321e+00 -4.191756e+00
      vertex   -2.003965e+00 1.296237e+00 -4.131405e+00
      vertex   -2.479834e+00 1.351032e+00 -4.306051e+00
    endloop
  endfacet
  facet normal -3.589023e-01 -3.018890e-01 8.832056e-01
    outer loop
      vertex   -2.479834e+00 1.351032e+00 -4.306051e+00
      vertex   -2.003965e+00 1.296237e+00 -4.131405e+00
      vertex   -2.479834e+00 1.567396e+00 -4.232095e+00
    endloop
  endfacet
  facet normal -4.337707e-01 -2.914252e-01 8.525927e-01
    outer loop
      vertex   -2.479834e+00 1.351032e+00 -4.306051e+00
      vertex   -2.479834e+00 1.567396e+00 -4.232095e+00
      vertex   -2.939199e+00 1.644226e+00 -4.439544e+00
    endloop
  endfacet
  facet normal -4.337707e-01 -3.342342e-01 8.367380e-01
    outer loop
      vertex   -2.939199e+00 1.644226e+00 -4.439544e+00
      vertex   -2.479834e+00 1.567396e+00 -4.232095e+00
      vertex   -2.939199e+00 1.866975e+00 -4.350567e+00
    endloop
  endfacet
  facet normal -5.057565e-01 -3.200094e-01 8.011269e-01
    outer loop
      vertex   -2.939199e+00 1.644226e+00 -4.439544e+00
      vertex   -2.939199e+00 1.866975e+00 -4.350567e+00
      vertex   -3.379005e+00 1.968690e+00 -4.587589e+00
    endloop
  endfacet
  facet normal -5.057565e-01 -3.601751e-01 7.838904e-01
    outer loop
      vertex   -3.379005e+00 1.968690e+00 -4.587589e+00
      vertex   -2.939199e+00 1.866975e+00 -4.350567e+00
      vertex   -3.379005e+00 2.198520e+00 -4.481989e+00
    endloop
  endfacet
  facet normal -4.077552e-02 -1.262335e-01 9.911622e-01
    outer loop
      vertex   8.357196e-16 4.046733e-01 -3.979477e+00
      vertex   8.325611e-16 6.057111e-01 -3.953873e+00
      vertex   -5.094330e-01 6.088603e-01 -3.974430e+00
    endloop
  endfacet
  facet normal -4.077552e-02 -1.762730e-01 9.834964e-01
    outer loop
      vertex   -5.094330e-01 6.088603e-01 -3.974430e+00
      vertex   8.325611e-16 6.057111e-01 -3.953873e+00
      vertex   -5.094330e-01 8.093804e-01 -3.938490e+00
    endloop
  endfacet
  facet normal -1.220557e-01 -1.751007e-01 9.769555e-01
    outer loop
      vertex   -5.094330e-01 6.088603e-01 -3.974430e+00
      vertex   -5.094330e-01 8.093804e-01 -3.938490e+00
      vertex   -1.015476e+00 8.219113e-01 -3.999467e+00
    endloop
  endfacet
  facet normal -1.220557e-01 -2.243580e-01 9.668329e-01
    outer loop
      vertex   -1.015476e+00 8.219113e-01 -3.999467e+00
      vertex   -5.094330e-01 8.093804e-01 -3.938490e+00
      vertex   -1.015476e+00 1.023426e+00 -3.952704e+00
    endloop
  endfacet
  facet normal -2.025252e-01 -2.213637e-01 9.539296e-01
    outer loop
      vertex   -1.015476e+00 8.219113e-01 -3.999467e+00
      vertex   -1.015476e+00 1.023426e+00 -3.952704e+00
      vertex   -1.514761e+00 1.049316e+00 -4.052698e+00
    endloop
  endfacet
  facet normal -2.025252e-01 -2.693953e-01 9.414933e-01
    outer loop
      vertex   -1.514761e+00 1.049316e+00 -4.052698e+00
      vertex   -1.015476e+00 1.023426e+00 -3.952704e+00
      vertex   -1.514761e+00 1.253235e+00 -3.994349e+00
    endloop
  endfacet
  facet normal -2.816493e-01 -2.639595e-01 9.224961e-01
    outer loop
      vertex   -1.514761e+00 1.049316e+00 -4.052698e+00
      vertex   -1.514761e+00 1.253235e+00 -3.994349e+00
      vertex   -2.003965e+00 1.296237e+00 -4.131405e+00
    endloop
  endfacet
  facet normal -2.816493e-01 -3.103444e-01 9.079427e-01
    outer loop
      vertex   -2.003965e+00 1.296237e+00 -4.131405e+00
      vertex   -1.514761e+00 1.253235e+00 -3.994349e+00
      vertex   -2.003965e+00 1.503825e+00 -4.060449e+00
    endloop
  endfacet
  facet normal -3.589023e-01 -3.018890e-01 8.832056e-01
    outer loop
      vertex   -2.003965e+00 1.296237e+00 -4.131405e+00
      vertex   -2.003965e+00 1.503825e+00 -4.060449e+00
      vertex   -2.479834e+00 1.567396e+00 -4.232095e+00
    endloop
  endfacet
  facet normal -3.589023e-01 -3.462351e-01 8.667816e-01
    outer loop
      vertex   -2.479834e+00 1.567396e+00 -4.232095e+00
      vertex   -2.003965e+00 1.503825e+00 -4.060449e+00
      vertex   -2.479834e+00 1.779736e+00 -4.147276e+00
    endloop
  endfacet
  facet normal -4.337707e-01 -3.342342e-01 8.367380e-01
    outer loop
      vertex   -2.479834e+00 1.567396e+00 -4.232095e+00
      vertex   -2.479834e+00 1.779736e+00 -4.147276e+00
      vertex   -2.939199e+00 1.866975e+00 -4.350567e+00
    endloop
  endfacet
  facet normal -4.337707e-01 -3.761853e-01 8.187354e-01
    outer loop
      vertex   -2.939199e+00 1.866975e+00 -4.350567e+00
      vertex   -2.479834e+00 1.779736e+00 -4.147276e+00
      vertex   -2.939199e+00 2.084932e+00 -4.250422e+00
    endloop
  endfacet
  facet normal -5.057565e-01 -3.601751e-01 7.838904e-01
    outer loop
      vertex   -2.939199e+00 1.866975e+00 -4.350567e+00
      vertex   -2.939199e+00 2.084932e+00 -4.250422e+00
      vertex   -3.379005e+00 2.198520e+00 -4.481989e+00
    endloop
  endfacet
  facet normal -5.057565e-01 -3.994162e-01 7.646418e-01
    outer loop
      vertex   -3.379005e+00 2.198520e+00 -4.481989e+00
      vertex   -2.939199e+00 2.084932e+00 -4.250422e+00
      vertex   -3.379005e+00 2.422708e+00 -4.364883e+00
    endloop
  endfacet
  facet normal -4.077552e-02 -1.762730e-01 9.834964e-01
    outer loop
      vertex   8.325611e-16 6.057111e-01 -3.953873e+00
      vertex   8.281506e-16 8.051941e-01 -3.918120e+00
      vertex   -5.094330e-01 8.093804e-01 -3.938490e+00
    endloop
  endfacet
  facet normal -4.077552e-02 -2.258601e-01 9.733060e-01
    outer loop
      vertex   -5.094330e-01 8.093804e-01 -3.938490e+00
      vertex   8.281506e-16 8.051941e-01 -3.918120e+00
      vertex   -5.094330e-01 1.007823e+00 -3.892441e+00
    endloop
  endfacet
  facet normal -1.220557e-01 -2.243580e-01 9.668329e-01
    outer loop
      vertex   -5.094330e-01 8.093804e-01 -3.938490e+00
      vertex   -5.094330e-01 1.007823e+00 -3.892441e+00
      vertex   -1.015476e+00 1.023426e+00 -3.952704e+00
    endloop
  endfacet
  facet normal -1.220557e-01 -2.730393e-01 9.542285e-01
    outer loop
      vertex   -1.015476e+00 1.023426e+00 -3.952704e+00
      vertex   -5.094330e-01 1.007823e+00 -3.892441e+00
      vertex   -1.015476e+00 1.222314e+00 -3.895795e+00
    endloop
  endfacet
  facet normal -2.025252e-01 -2.693953e-01 9.414933e-01
    outer loop
      vertex   -1.015476e+00 1.023426e+00 -3.952704e+00
      vertex   -1.015476e+00 1.222314e+00 -3.895795e+00
      vertex   -1.514761e+00 1.253235e+00 -3.994349e+00
    endloop
  endfacet
  facet normal -2.025252e-01 -3.167354e-01 9.266403e-01
    outer loop
      vertex   -1.514761e+00 1.253235e+00 -3.994349e+00
      vertex   -1.015476e+00 1.222314e+00 -3.895795e+00
      vertex   -1.514761e+00 1.453937e+00 -3.925747e+00
    endloop
  endfacet
  facet normal -2.816493e-01 -3.103444e-01 9.079427e-01
    outer loop
      vertex   -1.514761e+00 1.253235e+00 -3.994349e+00
      vertex   -1.514761e+00 1.453937e+00 -3.925747e+00
      vertex   -2.003965e+00 1.503825e+00 -4.060449e+00
    endloop
  endfacet
  facet normal -2.816493e-01 -3.559326e-01 8.910587e-01
    outer loop
      vertex   -2.003965e+00 1.503825e+00 -4.060449e+00
      vertex   -1.514761e+00 1.453937e+00 -3.925747e+00
      vertex   -2.003965e+00 1.707553e+00 -3.979070e+00
    endloop
  endfacet
  facet normal -3.589023e-01 -3.462351e-01 8.667816e-01
    outer loop
      vertex   -2.003965e+00 1.503825e+00 -4.060449e+00
      vertex   -2.003965e+00 1.707553e+00 -3.979070e+00
      vertex   -2.479834e+00 1.779736e+00 -4.147276e+00
    endloop
  endfacet
  facet normal -3.589023e-01 -3.896925e-01 8.481326e-01
    outer loop
      vertex   -2.479834e+00 1.779736e+00 -4.147276e+00
      vertex   -2.003965e+00 1.707553e+00 -3.979070e+00
      vertex   -2.479834e+00 1.987508e+00 -4.051811e+00
    endloop
  endfacet
  facet normal -4.337707e-01 -3.761853e-01 8.187354e-01
    outer loop
      vertex   -2.479834e+00 1.779736e+00 -4.147276e+00
      vertex   -2.479834e+00 1.987508e+00 -4.051811e+00
      vertex   -2.939199e+00 2.084932e+00 -4.250422e+00
    endloop
  endfacet
  facet normal -4.337707e-01 -4.171708e-01 7.986310e-01
    outer loop
      vertex   -2.939199e+00 2.084932e+00 -4.250422e+00
      vertex   -2.479834e+00 1.987508e+00 -4.051811e+00
      vertex   -2.939199e+00 2.297536e+00 -4.139367e+00
    endloop
  endfacet
  facet normal -5.057565e-01 -3.994162e-01 7.646418e-01
    outer loop
      vertex   -2.939199e+00 2.084932e+00 -4.250422e+00
      vertex   -2.939199e+00 2.297536e+00 -4.139367e+00
      vertex   -3.379005e+00 2.422708e+00 -4.364883e+00
    endloop
  endfacet
  facet normal -5.057565e-01 -4.376320e-01 7.434302e-01
    outer loop
      vertex   -3.379005e+00 2.422708e+00 -4.364883e+00
      vertex   -2.939199e+00 2.297536e+00 -4.139367e+00
      vertex   -3.379005e+00 2.640676e+00 -4.236573e+00
    endloop
  endfacet
  facet normal -4.077552e-02 -3.231690e-01 9.454624e-01
    outer loop
      vertex   8.156221e-16 1.197452e+00 -3.816557e+00
      vertex   8.075361e-16 1.389221e+00 -3.751009e+00
      vertex   -5.094330e-01 1.396444e+00 -3.770510e+00
    endloop
  endfacet
  facet normal -4.077552e-02 -3.706411e-01 9.278807e-01
    outer loop
      vertex   -5.094330e-01 1.396444e+00 -3.770510e+00
      vertex   8.075361e-16 1.389221e+00 -3.751009e+00
      vertex   -5.094330e-01 1.585625e+00 -3.694942e+00
    endloop
  endfacet
  facet normal -1.220557e-01 -3.681761e-01 9.217097e-01
    outer loop
      vertex   -5.094330e-01 1.396444e+00 -3.770510e+00
      vertex   -5.094330e-01 1.585625e+00 -3.694942e+00
      vertex   -1.015476e+00 1.610174e+00 -3.752148e+00
    endloop
  endfacet
  facet normal -1.220557e-01 -4.143874e-01 9.018789e-01
    outer loop
      vertex   -1.015476e+00 1.610174e+00 -3.752148e+00
      vertex   -5.094330e-01 1.585625e+00 -3.694942e+00
      vertex   -1.015476e+00 1.798150e+00 -3.665778e+00
    endloop
  endfacet
  facet normal -2.025252e-01 -4.088570e-01 8.898424e-01
    outer loop
      vertex   -1.015476e+00 1.610174e+00 -3.752148e+00
      vertex   -1.015476e+00 1.798150e+00 -3.665778e+00
      vertex   -1.514761e+00 1.843639e+00 -3.758513e+00
    endloop
  endfacet
  facet normal -2.025252e-01 -4.534020e-01 8.679920e-01
    outer loop
      vertex   -1.514761e+00 1.843639e+00 -3.758513e+00
      vertex   -1.015476e+00 1.798150e+00 -3.665778e+00
      vertex   -1.514761e+00 2.031638e+00 -3.660310e+00
    endloop
  endfacet
  facet normal -2.816493e-01 -4.442533e-01 8.504779e-01
    outer loop
      vertex   -1.514761e+00 1.843639e+00 -3.758513e+00
      vertex   -1.514761e+00 2.031638e+00 -3.660310e+00
      vertex   -2.003965e+00 2.101348e+00 -3.785904e+00
    endloop
  endfacet
  facet normal -2.816493e-01 -4.867591e-01 8.268852e-01
    outer loop
      vertex   -2.003965e+00 2.101348e+00 -3.785904e+00
      vertex   -1.514761e+00 2.031638e+00 -3.660310e+00
      vertex   -2.003965e+00 2.290404e+00 -3.674614e+00
    endloop
  endfacet
  facet normal -3.589023e-01 -4.734973e-01 8.043565e-01
    outer loop
      vertex   -2.003965e+00 2.101348e+00 -3.785904e+00
      vertex   -2.003965e+00 2.290404e+00 -3.674614e+00
      vertex   -2.479834e+00 2.387226e+00 -3.829950e+00
    endloop
  endfacet
  facet normal -3.589023e-01 -5.136295e-01 7.793419e-01
    outer loop
      vertex   -2.479834e+00 2.387226e+00 -3.829950e+00
      vertex   -2.003965e+00 2.290404e+00 -3.674614e+00
      vertex   -2.479834e+00 2.578146e+00 -3.704123e+00
    endloop
  endfacet
  facet normal -4.337707e-01 -4.958266e-01 7.523291e-01
    outer loop
      vertex   -2.479834e+00 2.387226e+00 -3.829950e+00
      vertex   -2.479834e+00 2.578146e+00 -3.704123e+00
      vertex   -2.939199e+00 2.704521e+00 -3.885691e+00
    endloop
  endfacet
  facet normal -4.337707e-01 -5.332950e-01 7.262502e-01
    outer loop
      vertex   -2.939199e+00 2.704521e+00 -3.885691e+00
      vertex   -2.479834e+00 2.578146e+00 -3.704123e+00
      vertex   -2.939199e+00 2.897857e+00 -3.743722e+00
    endloop
  endfacet
  facet normal -5.057565e-01 -5.105983e-01 6.953414e-01
    outer loop
      vertex   -2.939199e+00 2.704521e+00 -3.885691e+00
      vertex   -2.939199e+00 2.897857e+00 -3.743722e+00
      vertex   -3.379005e+00 3.055734e+00 -3.947683e+00
    endloop
  endfacet
  facet normal -5.057565e-01 -5.451614e-01 6.685876e-01
    outer loop
      vertex   -3.379005e+00 3.055734e+00 -3.947683e+00
      vertex   -2.939199e+00 2.897857e+00 -3.743722e+00
      vertex   -3.379005e+00 3.251759e+00 -3.787846e+00
    endloop
  endfacet
  facet normal -4.077552e-02 -3.706411e-01 9.278807e-01
    outer loop
      vertex   8.075361e-16 1.389221e+00 -3.751009e+00
      vertex   7.982624e-16 1.577423e+00 -3.675831e+00
      vertex   -5.094330e-01 1.585625e+00 -3.694942e+00
    endloop
  endfacet
  facet normal -4.077552e-02 -4.171618e-01 9.079171e-01
    outer loop
      vertex   -5.094330e-01 1.585625e+00 -3.694942e+00
      vertex   7.982624e-16 1.577423e+00 -3.675831e+00
      vertex   -5.094330e-01 1.770735e+00 -3.609889e+00
    endloop
  endfacet
  facet normal -1.220557e-01 -4.143874e-01 9.018789e-01
    outer loop
      vertex   -5.094330e-01 1.585625e+00 -3.694942e+00
      vertex   -5.094330e-01 1.770735e+00 -3.609889e+00
      vertex   -1.015476e+00 1.798150e+00 -3.665778e+00
    endloop
  endfacet
  facet normal -1.220557e-01 -4.595349e-01 8.797329e-01
    outer loop
      vertex   -1.015476e+00 1.798150e+00 -3.665778e+00
      vertex   -5.094330e-01 1.770735e+00 -3.609889e+00
      vertex   -1.015476e+00 1.981511e+00 -3.569998e+00
    endloop
  endfacet
  facet normal -2.025252e-01 -4.534020e-01 8.679920e-01
    outer loop
      vertex   -1.015476e+00 1.798150e+00 -3.665778e+00
      vertex   -1.015476e+00 1.981511e+00 -3.569998e+00
      vertex   -1.514761e+00 2.031638e+00 -3.660310e+00
    endloop
  endfacet
  facet normal -2.025252e-01 -4.967831e-01 8.439135e-01
    outer loop
      vertex   -1.514761e+00 2.031638e+00 -3.660310e+00
      vertex   -1.015476e+00 1.981511e+00 -3.569998e+00
      vertex   -1.514761e+00 2.214422e+00 -3.552712e+00
    endloop
  endfacet
  facet normal -2.816493e-01 -4.867591e-01 8.268852e-01
    outer loop
      vertex   -1.514761e+00 2.031638e+00 -3.660310e+00
      vertex   -1.514761e+00 2.214422e+00 -3.552712e+00
      vertex   -2.003965e+00 2.290404e+00 -3.674614e+00
    endloop
  endfacet
  facet normal -2.816493e-01 -5.280154e-01 8.011700e-01
    outer loop
      vertex   -2.003965e+00 2.290404e+00 -3.674614e+00
      vertex   -1.514761e+00 2.214422e+00 -3.552712e+00
      vertex   -2.003965e+00 2.473581e+00 -3.553890e+00
    endloop
  endfacet
  facet normal -3.589023e-01 -5.136295e-01 7.793419e-01
    outer loop
      vertex   -2.003965e+00 2.290404e+00 -3.674614e+00
      vertex   -2.003965e+00 2.473581e+00 -3.553890e+00
      vertex   -2.479834e+00 2.578146e+00 -3.704123e+00
    endloop
  endfacet
  facet normal -3.589023e-01 -5.524433e-01 7.523267e-01
    outer loop
      vertex   -2.479834e+00 2.578146e+00 -3.704123e+00
      vertex   -2.003965e+00 2.473581e+00 -3.553890e+00
      vertex   -2.479834e+00 2.762447e+00 -3.568788e+00
    endloop
  endfacet
  facet normal -4.337707e-01 -5.332950e-01 7.262502e-01
    outer loop
      vertex   -2.479834e+00 2.578146e+00 -3.704123e+00
      vertex   -2.479834e+00 2.762447e+00 -3.568788e+00
      vertex   -2.939199e+00 2.897857e+00 -3.743722e+00
    endloop
  endfacet
  facet normal -4.337707e-01 -5.693945e-01 6.983072e-01
    outer loop
      vertex   -2.939199e+00 2.897857e+00 -3.743722e+00
      vertex   -2.479834e+00 2.762447e+00 -3.568788e+00
      vertex   -2.939199e+00 3.083754e+00 -3.592143e+00
    endloop
  endfacet
  facet normal -5.057565e-01 -5.451614e-01 6.685876e-01
    outer loop
      vertex   -2.939199e+00 2.897857e+00 -3.743722e+00
      vertex   -2.939199e+00 3.083754e+00 -3.592143e+00
      vertex   -3.379005e+00 3.251759e+00 -3.787846e+00
    endloop
  endfacet
  facet normal -5.057565e-01 -5.783251e-01 6.401175e-01
    outer loop
      vertex   -3.379005e+00 3.251759e+00 -3.787846e+00
      vertex   -2.939199e+00 3.083754e+00 -3.592143e+00
      vertex   -3.379005e+00 3.439437e+00 -3.618285e+00
    endloop
  endfacet
  facet normal -4.077552e-02 -4.171618e-01 9.079171e-01
    outer loop
      vertex   7.982624e-16 1.577423e+00 -3.675831e+00
      vertex   7.878247e-16 1.761577e+00 -3.591218e+00
      vertex   -5.094330e-01 1.770735e+00 -3.609889e+00
    endloop
  endfacet
  facet normal -4.077552e-02 -4.626116e-01 8.856229e-01
    outer loop
      vertex   -5.094330e-01 1.770735e+00 -3.609889e+00
      vertex   7.878247e-16 1.761577e+00 -3.591218e+00
      vertex   -5.094330e-01 1.951300e+00 -3.515570e+00
    endloop
  endfacet
  facet normal -1.220557e-01 -4.595349e-01 8.797329e-01
    outer loop
      vertex   -5.094330e-01 1.770735e+00 -3.609889e+00
      vertex   -5.094330e-01 1.951300e+00 -3.515570e+00
      vertex   -1.015476e+00 1.981511e+00 -3.569998e+00
    endloop
  endfacet
  facet normal -1.220557e-01 -5.035029e-01 8.553287e-01
    outer loop
      vertex   -1.015476e+00 1.981511e+00 -3.569998e+00
      vertex   -5.094330e-01 1.951300e+00 -3.515570e+00
      vertex   -1.015476e+00 2.159785e+00 -3.465054e+00
    endloop
  endfacet
  facet normal -2.025252e-01 -4.967831e-01 8.439135e-01
    outer loop
      vertex   -1.015476e+00 1.981511e+00 -3.569998e+00
      vertex   -1.015476e+00 2.159785e+00 -3.465054e+00
      vertex   -1.514761e+00 2.214422e+00 -3.552712e+00
    endloop
  endfacet
  facet normal -2.025252e-01 -5.388890e-01 8.176687e-01
    outer loop
      vertex   -1.514761e+00 2.214422e+00 -3.552712e+00
      vertex   -1.015476e+00 2.159785e+00 -3.465054e+00
      vertex   -1.514761e+00 2.391522e+00 -3.435993e+00
    endloop
  endfacet
  facet normal -2.816493e-01 -5.280154e-01 8.011700e-01
    outer loop
      vertex   -1.514761e+00 2.214422e+00 -3.552712e+00
      vertex   -1.514761e+00 2.391522e+00 -3.435993e+00
      vertex   -2.003965e+00 2.473581e+00 -3.553890e+00
    endloop
  endfacet
  facet normal -2.816493e-01 -5.679163e-01 7.733982e-01
    outer loop
      vertex   -2.003965e+00 2.473581e+00 -3.553890e+00
      vertex   -1.514761e+00 2.391522e+00 -3.435993e+00
      vertex   -2.003965e+00 2.650407e+00 -3.424044e+00
    endloop
  endfacet
  facet normal -3.589023e-01 -5.524433e-01 7.523267e-01
    outer loop
      vertex   -2.003965e+00 2.473581e+00 -3.553890e+00
      vertex   -2.003965e+00 2.650407e+00 -3.424044e+00
      vertex   -2.479834e+00 2.762447e+00 -3.568788e+00
    endloop
  endfacet
  facet normal -3.589023e-01 -5.898390e-01 7.233803e-01
    outer loop
      vertex   -2.479834e+00 2.762447e+00 -3.568788e+00
      vertex   -2.003965e+00 2.650407e+00 -3.424044e+00
      vertex   -2.479834e+00 2.939658e+00 -3.424292e+00
    endloop
  endfacet
  facet normal -4.337707e-01 -5.693945e-01 6.983072e-01
    outer loop
      vertex   -2.479834e+00 2.762447e+00 -3.568788e+00
      vertex   -2.479834e+00 2.939658e+00 -3.424292e+00
      vertex   -2.939199e+00 3.083754e+00 -3.592143e+00
    endloop
  endfacet
  facet normal -4.337707e-01 -6.040324e-01 6.685715e-01
    outer loop
      vertex   -2.939199e+00 3.083754e+00 -3.592143e+00
      vertex   -2.479834e+00 2.939658e+00 -3.424292e+00
      vertex   -2.939199e+00 3.261735e+00 -3.431343e+00
    endloop
  endfacet
  facet normal -5.057565e-01 -5.783251e-01 6.401175e-01
    outer loop
      vertex   -2.939199e+00 3.083754e+00 -3.592143e+00
      vertex   -2.939199e+00 3.261735e+00 -3.431343e+00
      vertex   -3.379005e+00 3.439437e+00 -3.618285e+00
    endloop
  endfacet
  facet normal -4.077552e-02 -4.626116e-01 8.856229e-01
    outer loop
      vertex   7.878247e-16 1.761577e+00 -3.591218e+00
      vertex   7.762498e-16 1.941208e+00 -3.497386e+00
      vertex   -5.094330e-01 1.951300e+00 -3.515570e+00
    endloop
  endfacet
  facet normal -4.077552e-02 -5.068739e-01 8.610553e-01
    outer loop
      vertex   -5.094330e-01 1.951300e+00 -3.515570e+00
      vertex   7.762498e-16 1.941208e+00 -3.497386e+00
      vertex   -5.094330e-01 2.126857e+00 -3.412226e+00
    endloop
  endfacet
  facet normal -1.220557e-01 -5.035029e-01 8.553287e-01
    outer loop
      vertex   -5.094330e-01 1.951300e+00 -3.515570e+00
      vertex   -5.094330e-01 2.126857e+00 -3.412226e+00
      vertex   -1.015476e+00 2.159785e+00 -3.465054e+00
    endloop
  endfacet
  facet normal -1.220557e-01 -5.461783e-01 8.287289e-01
    outer loop
      vertex   -1.015476e+00 2.159785e+00 -3.465054e+00
      vertex   -5.094330e-01 2.126857e+00 -3.412226e+00
      vertex   -1.015476e+00 2.332515e+00 -3.351216e+00
    endloop
  endfacet
  facet normal -2.025252e-01 -5.388890e-01 8.176687e-01
    outer loop
      vertex   -1.015476e+00 2.159785e+00 -3.465054e+00
      vertex   -1.015476e+00 2.332515e+00 -3.351216e+00
      vertex   -1.514761e+00 2.391522e+00 -3.435993e+00
    endloop
  endfacet
  facet normal -2.025252e-01 -5.796116e-01 7.893250e-01
    outer loop
      vertex   -1.514761e+00 2.391522e+00 -3.435993e+00
      vertex   -1.015476e+00 2.332515e+00 -3.351216e+00
      vertex   -1.514761e+00 2.562482e+00 -3.310454e+00
    endloop
  endfacet
  facet normal -2.816493e-01 -5.679163e-01 7.733982e-01
    outer loop
      vertex   -1.514761e+00 2.391522e+00 -3.435993e+00
      vertex   -1.514761e+00 2.562482e+00 -3.310454e+00
      vertex   -2.003965e+00 2.650407e+00 -3.424044e+00
    endloop
  endfacet
  facet normal -2.816493e-01 -6.063594e-01 7.436410e-01
    outer loop
      vertex   -2.003965e+00 2.650407e+00 -3.424044e+00
      vertex   -1.514761e+00 2.562482e+00 -3.310454e+00
      vertex   -2.003965e+00 2.820431e+00 -3.285408e+00
    endloop
  endfacet
  facet normal -3.589023e-01 -5.898390e-01 7.233803e-01
    outer loop
      vertex   -2.003965e+00 2.650407e+00 -3.424044e+00
      vertex   -2.003965e+00 2.820431e+00 -3.285408e+00
      vertex   -2.479834e+00 2.939658e+00 -3.424292e+00
    endloop
  endfacet
  facet normal -3.589023e-01 -6.257205e-01 6.925770e-01
    outer loop
      vertex   -2.479834e+00 2.939658e+00 -3.424292e+00
      vertex   -2.003965e+00 2.820431e+00 -3.285408e+00
      vertex   -2.479834e+00 3.109322e+00 -3.271005e+00
    endloop
  endfacet
  facet normal -4.337707e-01 -6.040324e-01 6.685715e-01
    outer loop
      vertex   -2.479834e+00 2.939658e+00 -3.424292e+00
      vertex   -2.479834e+00 3.109322e+00 -3.271005e+00
      vertex   -2.939199e+00 3.261735e+00 -3.431343e+00
    endloop
  endfacet
  facet normal -4.077552e-02 -5.068739e-01 8.610553e-01
    outer loop
      vertex   7.762498e-16 1.941208e+00 -3.497386e+00
      vertex   7.635674e-16 2.115856e+00 -3.394577e+00
      vertex   -5.094330e-01 2.126857e+00 -3.412226e+00
    endloop
  endfacet
  facet normal -4.077552e-02 -5.498351e-01 8.342774e-01
    outer loop
      vertex   -5.094330e-01 2.126857e+00 -3.412226e+00
      vertex   7.635674e-16 2.115856e+00 -3.394577e+00
      vertex   -5.094330e-01 2.296953e+00 -3.300123e+00
    endloop
  endfacet
  facet normal -1.220557e-01 -5.461783e-01 8.287289e-01
    outer loop
      vertex   -5.094330e-01 2.126857e+00 -3.412226e+00
      vertex   -5.094330e-01 2.296953e+00 -3.300123e+00
      vertex   -1.015476e+00 2.332515e+00 -3.351216e+00
    endloop
  endfacet
  facet normal -1.220557e-01 -5.874517e-01 8.000018e-01
    outer loop
      vertex   -1.015476e+00 2.332515e+00 -3.351216e+00
      vertex   -5.094330e-01 2.296953e+00 -3.300123e+00
      vertex   -1.015476e+00 2.499258e+00 -3.228775e+00
    endloop
  endfacet
  facet normal -2.025252e-01 -5.796116e-01 7.893250e-01
    outer loop
      vertex   -1.015476e+00 2.332515e+00 -3.351216e+00
      vertex   -1.015476e+00 2.499258e+00 -3.228775e+00
      vertex   -1.514761e+00 2.562482e+00 -3.310454e+00
    endloop
  endfacet
  facet normal -2.025252e-01 -6.188463e-01 7.589550e-01
    outer loop
      vertex   -1.514761e+00 2.562482e+00 -3.310454e+00
      vertex   -1.015476e+00 2.499258e+00 -3.228775e+00
      vertex   -1.514761e+00 2.726865e+00 -3.176418e+00
    endloop
  endfacet
  facet normal -2.816493e-01 -6.063594e-01 7.436410e-01
    outer loop
      vertex   -1.514761e+00 2.562482e+00 -3.310454e+00
      vertex   -1.514761e+00 2.726865e+00 -3.176418e+00
      vertex   -2.003965e+00 2.820431e+00 -3.285408e+00
    endloop
  endfacet
  facet normal -2.816493e-01 -6.432459e-01 7.119750e-01
    outer loop
      vertex   -2.003965e+00 2.820431e+00 -3.285408e+00
      vertex   -1.514761e+00 2.726865e+00 -3.176418e+00
      vertex   -2.003965e+00 2.983214e+00 -3.138339e+00
    endloop
  endfacet
  facet normal -3.589023e-01 -6.257205e-01 6.925770e-01
    outer loop
      vertex   -2.003965e+00 2.820431e+00 -3.285408e+00
      vertex   -2.003965e+00 2.983214e+00 -3.138339e+00
      vertex   -2.479834e+00 3.109322e+00 -3.271005e+00
    endloop
  endfacet
  facet normal -4.077552e-02 -5.498351e-01 8.342774e-01
    outer loop
      vertex   7.635674e-16 2.115856e+00 -3.394577e+00
      vertex   7.498101e-16 2.285073e+00 -3.283054e+00
      vertex   -5.094330e-01 2.296953e+00 -3.300123e+00
    endloop
  endfacet
  facet normal -4.077552e-02 -5.913848e-01 8.053579e-01
    outer loop
      vertex   -5.094330e-01 2.296953e+00 -3.300123e+00
      vertex   7.498101e-16 2.285073e+00 -3.283054e+00
      vertex   -5.094330e-01 2.461154e+00 -3.179548e+00
    endloop
  endfacet
  facet normal -1.220557e-01 -5.874517e-01 8.000018e-01
    outer loop
      vertex   -5.094330e-01 2.296953e+00 -3.300123e+00
      vertex   -5.094330e-01 2.461154e+00 -3.179548e+00
      vertex   -1.015476e+00 2.499258e+00 -3.228775e+00
    endloop
  endfacet
  facet normal -1.220557e-01 -6.272172e-01 7.692211e-01
    outer loop
      vertex   -1.015476e+00 2.499258e+00 -3.228775e+00
      vertex   -5.094330e-01 2.461154e+00 -3.179548e+00
      vertex   -1.015476e+00 2.659584e+00 -3.098045e+00
    endloop
  endfacet
  facet normal -2.025252e-01 -6.188463e-01 7.589550e-01
    outer loop
      vertex   -1.015476e+00 2.499258e+00 -3.228775e+00
      vertex   -1.015476e+00 2.659584e+00 -3.098045e+00
      vertex   -1.514761e+00 2.726865e+00 -3.176418e+00
    endloop
  endfacet
  facet normal -2.025252e-01 -6.564925e-01 7.266369e-01
    outer loop
      vertex   -1.514761e+00 2.726865e+00 -3.176418e+00
      vertex   -1.015476e+00 2.659584e+00 -3.098045e+00
      vertex   -1.514761e+00 2.884248e+00 -3.034227e+00
    endloop
  endfacet
  facet normal -2.816493e-01 -6.432459e-01 7.119750e-01
    outer loop
      vertex   -1.514761e+00 2.726865e+00 -3.176418e+00
      vertex   -1.514761e+00 2.884248e+00 -3.034227e+00
      vertex   -2.003965e+00 2.983214e+00 -3.138339e+00
    endloop
  endfacet
  facet normal -4.077552e-02 -5.913848e-01 8.053579e-01
    outer loop
      vertex   7.498101e-16 2.285073e+00 -3.283054e+00
      vertex   7.350132e-16 2.448424e+00 -3.163103e+00
      vertex   -5.094330e-01 2.461154e+00 -3.179548e+00
    endloop
  endfacet
  facet normal -4.077552e-02 -6.314165e-01 7.743711e-01
    outer loop
      vertex   -5.094330e-01 2.461154e+00 -3.179548e+00
      vertex   7.350132e-16 2.448424e+00 -3.163103e+00
      vertex   -5.094330e-01 2.619036e+00 -3.050812e+00
    endloop
  endfacet
  facet normal -1.220557e-01 -6.272172e-01 7.692211e-01
    outer loop
      vertex   -5.094330e-01 2.461154e+00 -3.179548e+00
      vertex   -5.094330e-01 2.619036e+00 -3.050812e+00
      vertex   -1.015476e+00 2.659584e+00 -3.098045e+00
    endloop
  endfacet
  facet normal -1.220557e-01 -6.653725e-01 7.364657e-01
    outer loop
      vertex   -1.015476e+00 2.659584e+00 -3.098045e+00
      vertex   -5.094330e-01 2.619036e+00 -3.050812e+00
      vertex   -1.015476e+00 2.813084e+00 -2.959363e+00
    endloop
  endfacet
  facet normal -2.025252e-01 -6.564925e-01 7.266369e-01
    outer loop
      vertex   -1.015476e+00 2.659584e+00 -3.098045e+00
      vertex   -1.015476e+00 2.813084e+00 -2.959363e+00
      vertex   -1.514761e+00 2.884248e+00 -3.034227e+00
    endloop
  endfacet
  facet normal -4.077552e-02 -6.314165e-01 7.743711e-01
    outer loop
      vertex   7.350132e-16 2.448424e+00 -3.163103e+00
      vertex   7.192147e-16 2.605490e+00 -3.035032e+00
      vertex   -5.094330e-01 2.619036e+00 -3.050812e+00
    endloop
  endfacet
  facet normal 4.077552e-02 -6.314165e-01 -7.743711e-01
    outer loop
      vertex   -2.957711e-17 2.605490e+00 3.035032e+00
      vertex   5.094330e-01 2.619036e+00 3.050812e+00
      vertex   -4.537564e-17 2.448424e+00 3.163103e+00
    endloop
  endfacet
  facet normal 4.077552e-02 -6.314165e-01 -7.743711e-01
    outer loop
      vertex   -4.537564e-17 2.448424e+00 3.163103e+00
      vertex   5.094330e-01 2.619036e+00 3.050812e+00
      vertex   5.094330e-01 2.461154e+00 3.179548e+00
    endloop
  endfacet
  facet normal 4.077552e-02 -5.913848e-01 -8.053579e-01
    outer loop
      vertex   -4.537564e-17 2.448424e+00 3.163103e+00
      vertex   5.094330e-01 2.461154e+00 3.179548e+00
      vertex   -6.017254e-17 2.285073e+00 3.283054e+00
    endloop
  endfacet
  facet normal 4.077552e-02 -5.913848e-01 -8.053579e-01
    outer loop
      vertex   -6.017254e-17 2.285073e+00 3.283054e+00
      vertex   5.094330e-01 2.461154e+00 3.179548e+00
      vertex   5.094330e-01 2.296953e+00 3.300123e+00
    endloop
  endfacet
  facet normal 4.077552e-02 -5.498351e-01 -8.342774e-01
    outer loop
      vertex   -6.017254e-17 2.285073e+00 3.283054e+00
      vertex   5.094330e-01 2.296953e+00 3.300123e+00
      vertex   -7.392984e-17 2.115856e+00 3.394577e+00
    endloop
  endfacet
  facet normal 4.077552e-02 -5.498351e-01 -8.342774e-01
    outer loop
      vertex   -7.392984e-17 2.115856e+00 3.394577e+00
      vertex   5.094330e-01 2.296953e+00 3.300123e+00
      vertex   5.094330e-01 2.126857e+00 3.412226e+00
    endloop
  endfacet
  facet normal 4.077552e-02 -5.068739e-01 -8.610553e-01
    outer loop
      vertex   -7.392984e-17 2.115856e+00 3.394577e+00
      vertex   5.094330e-01 2.126857e+00 3.412226e+00
      vertex   -8.661222e-17 1.941208e+00 3.497386e+00
    endloop
  endfacet
  facet normal 4.077552e-02 -5.068739e-01 -8.610553e-01
    outer loop
      vertex   -8.661222e-17 1.941208e+00 3.497386e+00
      vertex   5.094330e-01 2.126857e+00 3.412226e+00
      vertex   5.094330e-01 1.951300e+00 3.515570e+00
    endloop
  endfacet
  facet normal 4.077552e-02 -4.626116e-01 -8.856229e-01
    outer loop
      vertex   -8.661222e-17 1.941208e+00 3.497386e+00
      vertex   5.094330e-01 1.951300e+00 3.515570e+00
      vertex   -9.818712e-17 1.761577e+00 3.591218e+00
    endloop
  endfacet
  facet normal 4.077552e-02 -4.626116e-01 -8.856229e-01
    outer loop
      vertex   -9.818712e-17 1.761577e+00 3.591218e+00
      vertex   5.094330e-01 1.951300e+00 3.515570e+00
      vertex   5.094330e-01 1.770735e+00 3.609889e+00
    endloop
  endfacet
  facet normal 4.077552e-02 -4.171618e-01 -9.079171e-01
    outer loop
      vertex   -9.818712e-17 1.761577e+00 3.591218e+00
      vertex   5.094330e-01 1.770735e+00 3.609889e+00
      vertex   -1.086248e-16 1.577423e+00 3.675831e+00
    endloop
  endfacet
  facet normal 4.077552e-02 -4.171618e-01 -9.079171e-01
    outer loop
      vertex   -1.086248e-16 1.577423e+00 3.675831e+00
      vertex   5.094330e-01 1.770735e+00 3.609889e+00
      vertex   5.094330e-01 1.585625e+00 3.694942e+00
    endloop
  endfacet
  facet normal 4.077552e-02 -3.706411e-01 -9.278807e-01
    outer loop
      vertex   -1.086248e-16 1.577423e+00 3.675831e+00
      vertex   5.094330e-01 1.585625e+00 3.694942e+00
      vertex   -1.178986e-16 1.389221e+00 3.751009e+00
    endloop
  endfacet
  facet normal 4.077552e-02 -3.706411e-01 -9.278807e-01
    outer loop
      vertex   -1.178986e-16 1.389221e+00 3.751009e+00
      vertex   5.094330e-01 1.585625e+00 3.694942e+00
      vertex   5.094330e-01 1.396444e+00 3.770510e+00
    endloop
  endfacet
  facet normal 4.077552e-02 -3.231690e-01 -9.454624e-01
    outer loop
      vertex   -1.178986e-16 1.389221e+00 3.751009e+00
      vertex   5.094330e-01 1.396444e+00 3.770510e+00
      vertex   -1.259845e-16 1.197452e+00 3.816557e+00
    endloop
  endfacet
  facet normal 4.077552e-02 -3.231690e-01 -9.454624e-01
    outer loop
      vertex   -1.259845e-16 1.197452e+00 3.816557e+00
      vertex   5.094330e-01 1.396444e+00 3.770510e+00
      vertex   5.094330e-01 1.203678e+00 3.836400e+00
    endloop
  endfacet
  facet normal 4.077552e-02 -2.748673e-01 -9.606172e-01
    outer loop
      vertex   -1.259845e-16 1.197452e+00 3.816557e+00
      vertex   5.094330e-01 1.203678e+00 3.836400e+00
      vertex   -1.328619e-16 1.002610e+00 3.872308e+00
    endloop
  endfacet
  facet normal 4.077552e-02 -2.748673e-01 -9.606172e-01
    outer loop
      vertex   -1.328619e-16 1.002610e+00 3.872308e+00
      vertex   5.094330e-01 1.203678e+00 3.836400e+00
      vertex   5.094330e-01 1.007823e+00 3.892441e+00
    endloop
  endfacet
  facet normal 4.077552e-02 -2.258601e-01 -9.733060e-01
    outer loop
      vertex   -1.328619e-16 1.002610e+00 3.872308e+00
      vertex   5.094330e-01 1.007823e+00 3.892441e+00
      vertex   -1.385131e-16 8.051941e-01 3.918120e+00
    endloop
  endfacet
  facet normal 4.077552e-02 -2.258601e-01 -9.733060e-01
    outer loop
      vertex   -1.385131e-16 8.051941e-01 3.918120e+00
      vertex   5.094330e-01 1.007823e+00 3.892441e+00
      vertex   5.094330e-01 8.093804e-01 3.938490e+00
    endloop
  endfacet
  facet normal 4.077552e-02 -1.762730e-01 -9.834964e-01
    outer loop
      vertex   -1.385131e-16 8.051941e-01 3.918120e+00
      vertex   5.094330e-01 8.093804e-01 3.938490e+00
      vertex   -1.429236e-16 6.057111e-01 3.953873e+00
    endloop
  endfacet
  facet normal 4.077552e-02 -1.762730e-01 -9.834964e-01
    outer loop
      vertex   -1.429236e-16 6.057111e-01 3.953873e+00
      vertex   5.094330e-01 8.093804e-01 3.938490e+00
      vertex   5.094330e-01 6.088603e-01 3.974430e+00
    endloop
  endfacet
  facet normal 4.077552e-02 -1.262335e-01 -9.911622e-01
    outer loop
      vertex   -1.429236e-16 6.057111e-01 3.953873e+00
      vertex   5.094330e-01 6.088603e-01 3.974430e+00
      vertex   -1.460820e-16 4.046733e-01 3.979477e+00
    endloop
  endfacet
  facet normal 4.077552e-02 -1.262335e-01 -9.911622e-01
    outer loop
      vertex   -1.460820e-16 4.046733e-01 3.979477e+00
      vertex   5.094330e-01 6.088603e-01 3.974430e+00
      vertex   5.094330e-01 4.067772e-01 4.000167e+00
    endloop
  endfacet
  facet normal 4.077552e-02 -7.586996e-02 -9.962836e-01
    outer loop
      vertex   -1.460820e-16 4.046733e-01 3.979477e+00
      vertex   5.094330e-01 4.067772e-01 4.000167e+00
      vertex   -1.479804e-16 2.025967e-01 3.994866e+00
    endloop
  endfacet
  facet normal 4.077552e-02 -7.586996e-02 -9.962836e-01
    outer loop
      vertex   -1.479804e-16 2.025967e-01 3.994866e+00
      vertex   5.094330e-01 4.067772e-01 4.000167e+00
      vertex   5.094330e-01 2.036500e-01 4.015636e+00
    endloop
  endfacet
  facet normal 4.077552e-02 -2.531165e-02 -9.988477e-01
    outer loop
      vertex   -1.479804e-16 2.025967e-01 3.994866e+00
      vertex   5.094330e-01 2.036500e-01 4.015636e+00
      vertex   -1.486137e-16 0.000000e+00 4.000000e+00
    endloop
  endfacet
  facet normal 4.077552e-02 -2.531165e-02 -9.988477e-01
    outer loop
      vertex   -1.486137e-16 0.000000e+00 4.000000e+00
      vertex   5.094330e-01 2.036500e-01 4.015636e+00
      vertex   5.094330e-01 0.000000e+00 4.020796e+00
    endloop
  endfacet
  facet normal 4.077552e-02 2.531165e-02 -9.988477e-01
    outer loop
      vertex   -1.486137e-16 0.000000e+00 4.000000e+00
      vertex   5.094330e-01 0.000000e+00 4.020796e+00
      vertex   -1.479804e-16 -2.025967e-01 3.994866e+00
    endloop
  endfacet
  facet normal 4.077552e-02 2.531165e-02 -9.988477e-01
    outer loop
      vertex   -1.479804e-16 -2.025967e-01 3.994866e+00
      vertex   5.094330e-01 0.000000e+00 4.020796e+00
      vertex   5.094330e-01 -2.036500e-01 4.015636e+00
    endloop
  endfacet
  facet normal 4.077552e-02 7.586996e-02 -9.962836e-01
    outer loop
      vertex   -1.479804e-16 -2.025967e-01 3.994866e+00
      vertex   5.094330e-01 -2.036500e-01 4.015636e+00
      vertex   -1.460820e-16 -4.046733e-01 3.979477e+00
    endloop
  endfacet
  facet normal 4.077552e-02 7.586996e-02 -9.962836e-01
    outer loop
      vertex   -1.460820e-16 -4.046733e-01 3.979477e+00
      vertex   5.094330e-01 -2.036500e-01 4.015636e+00
      vertex   5.094330e-01 -4.067772e-01 4.000167e+00
    endloop
  endfacet
  facet normal 4.077552e-02 1.262335e-01 -9.911622e-01
    outer loop
      vertex   -1.460820e-16 -4.046733e-01 3.979477e+00
      vertex   5.094330e-01 -4.067772e-01 4.000167e+00
      vertex   -1.429236e-16 -6.057111e-01 3.953873e+00
    endloop
  endfacet
  facet normal 4.077552e-02 1.262335e-01 -9.911622e-01
    outer loop
      vertex   -1.429236e-16 -6.057111e-01 3.953873e+00
      vertex   5.094330e-01 -4.067772e-01 4.000167e+00
      vertex   5.094330e-01 -6.088603e-01 3.974430e+00
    endloop
  endfacet
  facet normal 4.077552e-02 1.762730e-01 -9.834964e-01
    outer loop
      vertex   -1.429236e-16 -6.057111e-01 3.953873e+00
      vertex   5.094330e-01 -6.088603e-01 3.974430e+00
      vertex   -1.385131e-16 -8.051941e-01 3.918120e+00
    endloop
  endfacet
  facet normal 4.077552e-02 1.762730e-01 -9.834964e-01
    outer loop
      vertex   -1.385131e-16 -8.051941e-01 3.918120e+00
      vertex   5.094330e-01 -6.088603e-01 3.974430e+00
      vertex   5.094330e-01 -8.093804e-01 3.938490e+00
    endloop
  endfacet
  facet normal -4.077552e-02 1.262335e-01 9.911622e-01
    outer loop
      vertex   8.325611e-16 -6.057111e-01 -3.953873e+00
      vertex   8.357196e-16 -4.046733e-01 -3.979477e+00
      vertex   -5.094330e-01 -4.067772e-01 -4.000167e+00
    endloop
  endfacet
  facet normal -4.077552e-02 7.586996e-02 9.962836e-01
    outer loop
      vertex   -5.094330e-01 -4.067772e-01 -4.000167e+00
      vertex   8.357196e-16 -4.046733e-01 -3.979477e+00
      vertex   -5.094330e-01 -2.036500e-01 -4.015636e+00
    endloop
  endfacet
  facet normal -1.220557e-01 7.536538e-02 9.896577e-01
    outer loop
      vertex   -5.094330e-01 -4.067772e-01 -4.000167e+00
      vertex   -5.094330e-01 -2.036500e-01 -4.015636e+00
      vertex   -1.015476e+00 -2.068029e-01 -4.077806e+00
    endloop
  endfacet
  facet normal -1.220557e-01 2.514331e-02 9.922047e-01
    outer loop
      vertex   -1.015476e+00 -2.068029e-01 -4.077806e+00
      vertex   -5.094330e-01 -2.036500e-01 -4.015636e+00
      vertex   -1.015476e+00 5.000290e-16 -4.083047e+00
    endloop
  endfacet
  facet normal -2.025252e-01 2.480775e-02 9.789628e-01
    outer loop
      vertex   -1.015476e+00 -2.068029e-01 -4.077806e+00
      vertex   -1.015476e+00 5.000290e-16 -4.083047e+00
      vertex   -1.514761e+00 5.126785e-16 -4.186338e+00
    endloop
  endfacet
  facet normal -2.025252e-01 -2.480775e-02 9.789628e-01
    outer loop
      vertex   -1.514761e+00 5.126785e-16 -4.186338e+00
      vertex   -1.015476e+00 5.000290e-16 -4.083047e+00
      vertex   -1.514761e+00 2.120345e-01 -4.180965e+00
    endloop
  endfacet
  facet normal -2.816493e-01 -2.430718e-02 9.592095e-01
    outer loop
      vertex   -1.514761e+00 5.126785e-16 -4.186338e+00
      vertex   -1.514761e+00 2.120345e-01 -4.180965e+00
      vertex   -2.003965e+00 2.193099e-01 -4.324424e+00
    endloop
  endfacet
  facet normal -2.816493e-01 -7.285915e-02 9.567472e-01
    outer loop
      vertex   -2.003965e+00 2.193099e-01 -4.324424e+00
      vertex   -1.514761e+00 2.120345e-01 -4.180965e+00
      vertex   -2.003965e+00 4.380569e-01 -4.307765e+00
    endloop
  endfacet
  facet normal -3.589023e-01 -7.087408e-02 9.306804e-01
    outer loop
      vertex   -2.003965e+00 2.193099e-01 -4.324424e+00
      vertex   -2.003965e+00 4.380569e-01 -4.307765e+00
      vertex   -2.479834e+00 4.565748e-01 -4.489866e+00
    endloop
  endfacet
  facet normal -3.589023e-01 -1.179213e-01 9.258962e-01
    outer loop
      vertex   -2.479834e+00 4.565748e-01 -4.489866e+00
      vertex   -2.003965e+00 4.380569e-01 -4.307765e+00
      vertex   -2.479834e+00 6.833968e-01 -4.460979e+00
    endloop
  endfacet
  facet normal -4.337707e-01 -1.138340e-01 8.938036e-01
    outer loop
      vertex   -2.479834e+00 4.565748e-01 -4.489866e+00
      vertex   -2.479834e+00 6.833968e-01 -4.460979e+00
      vertex   -2.939199e+00 7.168955e-01 -4.679646e+00
    endloop
  endfacet
  facet normal -4.337707e-01 -1.589583e-01 8.868908e-01
    outer loop
      vertex   -2.939199e+00 7.168955e-01 -4.679646e+00
      vertex   -2.479834e+00 6.833968e-01 -4.460979e+00
      vertex   -2.939199e+00 9.529955e-01 -4.637330e+00
    endloop
  endfacet
  facet normal -5.057565e-01 -1.521931e-01 8.491452e-01
    outer loop
      vertex   -2.939199e+00 7.168955e-01 -4.679646e+00
      vertex   -2.939199e+00 9.529955e-01 -4.637330e+00
      vertex   -3.379005e+00 1.004916e+00 -4.889976e+00
    endloop
  endfacet
  facet normal -5.057565e-01 -1.950063e-01 8.403469e-01
    outer loop
      vertex   -3.379005e+00 1.004916e+00 -4.889976e+00
      vertex   -2.939199e+00 9.529955e-01 -4.637330e+00
      vertex   -3.379005e+00 1.251299e+00 -4.832801e+00
    endloop
  endfacet
  facet normal -4.077552e-02 7.586996e-02 9.962836e-01
    outer loop
      vertex   8.357196e-16 -4.046733e-01 -3.979477e+00
      vertex   8.376179e-16 -2.025967e-01 -3.994866e+00
      vertex   -5.094330e-01 -2.036500e-01 -4.015636e+00
    endloop
  endfacet
  facet normal -4.077552e-02 2.531165e-02 9.988477e-01
    outer loop
      vertex   -5.094330e-01 -2.036500e-01 -4.015636e+00
      vertex   8.376179e-16 -2.025967e-01 -3.994866e+00
      vertex   -5.094330e-01 4.924055e-16 -4.020796e+00
    endloop
  endfacet
  facet normal -1.220557e-01 2.514331e-02 9.922047e-01
    outer loop
      vertex   -5.094330e-01 -2.036500e-01 -4.015636e+00
      vertex   -5.094330e-01 4.924055e-16 -4.020796e+00
      vertex   -1.015476e+00 5.000290e-16 -4.083047e+00
    endloop
  endfacet
  facet normal -1.220557e-01 -2.514331e-02 9.922047e-01
    outer loop
      vertex   -1.015476e+00 5.000290e-16 -4.083047e+00
      vertex   -5.094330e-01 4.924055e-16 -4.020796e+00
      vertex   -1.015476e+00 2.068029e-01 -4.077806e+00
    endloop
  endfacet
  facet normal -2.025252e-01 -2.480775e-02 9.789628e-01
    outer loop
      vertex   -1.015476e+00 5.000290e-16 -4.083047e+00
      vertex   -1.015476e+00 2.068029e-01 -4.077806e+00
      vertex   -1.514761e+00 2.120345e-01 -4.180965e+00
    endloop
  endfacet
  facet normal -2.025252e-01 -7.435956e-02 9.764498e-01
    outer loop
      vertex   -1.514761e+00 2.120345e-01 -4.180965e+00
      vertex   -1.015476e+00 2.068029e-01 -4.077806e+00
      vertex   -1.514761e+00 4.235248e-01 -4.164859e+00
    endloop
  endfacet
  facet normal -2.816493e-01 -7.285915e-02 9.567472e-01
    outer loop
      vertex   -1.514761e+00 2.120345e-01 -4.180965e+00
      vertex   -1.514761e+00 4.235248e-01 -4.164859e+00
      vertex   -2.003965e+00 4.380569e-01 -4.307765e+00
    endloop
  endfacet
  facet normal -2.816493e-01 -1.212241e-01 9.518290e-01
    outer loop
      vertex   -2.003965e+00 4.380569e-01 -4.307765e+00
      vertex   -1.514761e+00 4.235248e-01 -4.164859e+00
      vertex   -2.003965e+00 6.556794e-01 -4.280049e+00
    endloop
  endfacet
  facet normal -3.589023e-01 -1.179213e-01 9.258962e-01
    outer loop
      vertex   -2.003965e+00 4.380569e-01 -4.307765e+00
      vertex   -2.003965e+00 6.556794e-01 -4.280049e+00
      vertex   -2.479834e+00 6.833968e-01 -4.460979e+00
    endloop
  endfacet
  facet normal -3.589023e-01 -1.646658e-01 9.187352e-01
    outer loop
      vertex   -2.479834e+00 6.833968e-01 -4.460979e+00
      vertex   -2.003965e+00 6.556794e-01 -4.280049e+00
      vertex   -2.479834e+00 9.084645e-01 -4.420640e+00
    endloop
  endfacet
  facet normal -4.337707e-01 -1.589583e-01 8.868908e-01
    outer loop
      vertex   -2.479834e+00 6.833968e-01 -4.460979e+00
      vertex   -2.479834e+00 9.084645e-01 -4.420640e+00
      vertex   -2.939199e+00 9.529955e-01 -4.637330e+00
    endloop
  endfacet
  facet normal -4.337707e-01 -2.036746e-01 8.777013e-01
    outer loop
      vertex   -2.939199e+00 9.529955e-01 -4.637330e+00
      vertex   -2.479834e+00 9.084645e-01 -4.420640e+00
      vertex   -2.939199e+00 1.186649e+00 -4.583110e+00
    endloop
  endfacet
  facet normal -5.057565e-01 -1.950063e-01 8.403469e-01
    outer loop
      vertex   -2.939199e+00 9.529955e-01 -4.637330e+00
      vertex   -2.939199e+00 1.186649e+00 -4.583110e+00
      vertex   -3.379005e+00 1.251299e+00 -4.832801e+00
    endloop
  endfacet
  facet normal -5.057565e-01 -2.373189e-01 8.293914e-01
    outer loop
      vertex   -3.379005e+00 1.251299e+00 -4.832801e+00
      vertex   -2.939199e+00 1.186649e+00 -4.583110e+00
      vertex   -3.379005e+00 1.494470e+00 -4.763221e+00
    endloop
  endfacet
  facet normal -5.057565e-01 -2.185393e-02 8.623994e-01
    outer loop
      vertex   -3.379005e+00 2.528490e-01 -4.985758e+00
      vertex   -3.379005e+00 6.113639e-16 -4.992165e+00
      vertex   -2.939199e+00 5.797772e-16 -4.734240e+00
    endloop
  endfacet
  facet normal -5.057565e-01 2.185393e-02 8.623994e-01
    outer loop
      vertex   -2.939199e+00 5.797772e-16 -4.734240e+00
      vertex   -3.379005e+00 6.113639e-16 -4.992165e+00
      vertex   -2.939199e+00 -2.397853e-01 -4.728164e+00
    endloop
  endfacet
  facet normal -4.337707e-01 2.282537e-02 9.007341e-01
    outer loop
      vertex   -2.939199e+00 5.797772e-16 -4.734240e+00
      vertex   -2.939199e+00 -2.397853e-01 -4.728164e+00
      vertex   -2.479834e+00 -2.285808e-01 -4.507229e+00
    endloop
  endfacet
  facet normal -4.337707e-01 6.841750e-02 8.984220e-01
    outer loop
      vertex   -2.479834e+00 -2.285808e-01 -4.507229e+00
      vertex   -2.939199e+00 -2.397853e-01 -4.728164e+00
      vertex   -2.479834e+00 -4.565748e-01 -4.489866e+00
    endloop
  endfacet
  facet normal -3.589023e-01 7.087408e-02 9.306804e-01
    outer loop
      vertex   -2.479834e+00 -2.285808e-01 -4.507229e+00
      vertex   -2.479834e+00 -4.565748e-01 -4.489866e+00
      vertex   -2.003965e+00 -4.380569e-01 -4.307765e+00
    endloop
  endfacet
  facet normal -3.589023e-01 1.179213e-01 9.258962e-01
    outer loop
      vertex   -2.003965e+00 -4.380569e-01 -4.307765e+00
      vertex   -2.479834e+00 -4.565748e-01 -4.489866e+00
      vertex   -2.003965e+00 -6.556794e-01 -4.280049e+00
    endloop
  endfacet
  facet normal -2.816493e-01 1.212241e-01 9.518290e-01
    outer loop
      vertex   -2.003965e+00 -4.380569e-01 -4.307765e+00
      vertex   -2.003965e+00 -6.556794e-01 -4.280049e+00
      vertex   -1.514761e+00 -6.339278e-01 -4.138062e+00
    endloop
  endfacet
  facet normal -2.816493e-01 1.692778e-01 9.444674e-01
    outer loop
      vertex   -1.514761e+00 -6.339278e-01 -4.138062e+00
      vertex   -2.003965e+00 -6.556794e-01 -4.280049e+00
      vertex   -1.514761e+00 -8.427036e-01 -4.100643e+00
    endloop
  endfacet
  facet normal -2.025252e-01 1.727638e-01 9.639171e-01
    outer loop
      vertex   -1.514761e+00 -6.339278e-01 -4.138062e+00
      vertex   -1.514761e+00 -8.427036e-01 -4.100643e+00
      vertex   -1.015476e+00 -8.219113e-01 -3.999467e+00
    endloop
  endfacet
  facet normal 2.816493e-01 -2.430718e-02 9.592095e-01
    outer loop
      vertex   1.514761e+00 5.126785e-16 -4.186338e+00
      vertex   2.003965e+00 5.302698e-16 -4.329981e+00
      vertex   1.514761e+00 2.120345e-01 -4.180965e+00
    endloop
  endfacet
  facet normal 2.816493e-01 -2.430718e-02 9.592095e-01
    outer loop
      vertex   1.514761e+00 2.120345e-01 -4.180965e+00
      vertex   2.003965e+00 5.302698e-16 -4.329981e+00
      vertex   2.003965e+00 2.193099e-01 -4.324424e+00
    endloop
  endfacet
  facet normal 2.816493e-01 -7.285915e-02 9.567472e-01
    outer loop
      vertex   1.514761e+00 2.120345e-01 -4.180965e+00
      vertex   2.003965e+00 2.193099e-01 -4.324424e+00
      vertex   1.514761e+00 4.235248e-01 -4.164859e+00
    endloop
  endfacet
  facet normal 2.816493e-01 -7.285915e-02 9.567472e-01
    outer loop
      vertex   1.514761e+00 4.235248e-01 -4.164859e+00
      vertex   2.003965e+00 2.193099e-01 -4.324424e+00
      vertex   2.003965e+00 4.380569e-01 -4.307765e+00
    endloop
  endfacet
  facet normal 2.816493e-01 -1.212241e-01 9.518290e-01
    outer loop
      vertex   1.514761e+00 4.235248e-01 -4.164859e+00
      vertex   2.003965e+00 4.380569e-01 -4.307765e+00
      vertex   1.514761e+00 6.339278e-01 -4.138062e+00
    endloop
  endfacet
  facet normal 2.816493e-01 -1.212241e-01 9.518290e-01
    outer loop
      vertex   1.514761e+00 6.339278e-01 -4.138062e+00
      vertex   2.003965e+00 4.380569e-01 -4.307765e+00
      vertex   2.003965e+00 6.556794e-01 -4.280049e+00
    endloop
  endfacet
  facet normal 2.816493e-01 -1.692778e-01 9.444674e-01
    outer loop
      vertex   1.514761e+00 6.339278e-01 -4.138062e+00
      vertex   2.003965e+00 6.556794e-01 -4.280049e+00
      vertex   1.514761e+00 8.427036e-01 -4.100643e+00
    endloop
  endfacet
  facet normal 2.816493e-01 -1.692778e-01 9.444674e-01
    outer loop
      vertex   1.514761e+00 8.427036e-01 -4.100643e+00
      vertex   2.003965e+00 6.556794e-01 -4.280049e+00
      vertex   2.003965e+00 8.716188e-01 -4.241346e+00
    endloop
  endfacet
  facet normal 2.816493e-01 -2.168971e-01 9.346814e-01
    outer loop
      vertex   1.514761e+00 8.427036e-01 -4.100643e+00
      vertex   2.003965e+00 8.716188e-01 -4.241346e+00
      vertex   1.514761e+00 1.049316e+00 -4.052698e+00
    endloop
  endfacet
  facet normal 2.816493e-01 -2.168971e-01 9.346814e-01
    outer loop
      vertex   1.514761e+00 1.049316e+00 -4.052698e+00
      vertex   2.003965e+00 8.716188e-01 -4.241346e+00
      vertex   2.003965e+00 1.085321e+00 -4.191756e+00
    endloop
  endfacet
  facet normal 2.816493e-01 -2.639595e-01 9.224961e-01
    outer loop
      vertex   1.514761e+00 1.049316e+00 -4.052698e+00
      vertex   2.003965e+00 1.085321e+00 -4.191756e+00
      vertex   1.514761e+00 1.253235e+00 -3.994349e+00
    endloop
  endfacet
  facet normal 2.816493e-01 -2.639595e-01 9.224961e-01
    outer loop
      vertex   1.514761e+00 1.253235e+00 -3.994349e+00
      vertex   2.003965e+00 1.085321e+00 -4.191756e+00
      vertex   2.003965e+00 1.296237e+00 -4.131405e+00
    endloop
  endfacet
  facet normal 2.816493e-01 -3.103444e-01 9.079427e-01
    outer loop
      vertex   1.514761e+00 1.253235e+00 -3.994349e+00
      vertex   2.003965e+00 1.296237e+00 -4.131405e+00
      vertex   1.514761e+00 1.453937e+00 -3.925747e+00
    endloop
  endfacet
  facet normal 2.816493e-01 -3.103444e-01 9.079427e-01
    outer loop
      vertex   1.514761e+00 1.453937e+00 -3.925747e+00
      vertex   2.003965e+00 1.296237e+00 -4.131405e+00
      vertex   2.003965e+00 1.503825e+00 -4.060449e+00
    endloop
  endfacet
  facet normal 2.816493e-01 -3.559326e-01 8.910587e-01
    outer loop
      vertex   1.514761e+00 1.453937e+00 -3.925747e+00
      vertex   2.003965e+00 1.503825e+00 -4.060449e+00
      vertex   1.514761e+00 1.650907e+00 -3.847068e+00
    endloop
  endfacet
  facet normal 2.816493e-01 -3.559326e-01 8.910587e-01
    outer loop
      vertex   1.514761e+00 1.650907e+00 -3.847068e+00
      vertex   2.003965e+00 1.503825e+00 -4.060449e+00
      vertex   2.003965e+00 1.707553e+00 -3.979070e+00
    endloop
  endfacet
  facet normal 2.816493e-01 -4.006071e-01 8.718874e-01
    outer loop
      vertex   1.514761e+00 1.650907e+00 -3.847068e+00
      vertex   2.003965e+00 1.707553e+00 -3.979070e+00
      vertex   1.514761e+00 1.843639e+00 -3.758513e+00
    endloop
  endfacet
  facet normal 2.816493e-01 -4.006071e-01 8.718874e-01
    outer loop
      vertex   1.514761e+00 1.843639e+00 -3.758513e+00
      vertex   2.003965e+00 1.707553e+00 -3.979070e+00
      vertex   2.003965e+00 1.906898e+00 -3.887477e+00
    endloop
  endfacet
  facet normal 2.816493e-01 -4.442533e-01 8.504779e-01
    outer loop
      vertex   1.514761e+00 1.843639e+00 -3.758513e+00
      vertex   2.003965e+00 1.906898e+00 -3.887477e+00
      vertex   1.514761e+00 2.031638e+00 -3.660310e+00
    endloop
  endfacet
  facet normal 2.816493e-01 -4.442533e-01 8.504779e-01
    outer loop
      vertex   1.514761e+00 2.031638e+00 -3.660310e+00
      vertex   2.003965e+00 1.906898e+00 -3.887477e+00
      vertex   2.003965e+00 2.101348e+00 -3.785904e+00
    endloop
  endfacet
  facet normal 2.816493e-01 -4.867591e-01 8.268852e-01
    outer loop
      vertex   1.514761e+00 2.031638e+00 -3.660310e+00
      vertex   2.003965e+00 2.101348e+00 -3.785904e+00
      vertex   1.514761e+00 2.214422e+00 -3.552712e+00
    endloop
  endfacet
  facet normal 2.816493e-01 -4.867591e-01 8.268852e-01
    outer loop
      vertex   1.514761e+00 2.214422e+00 -3.552712e+00
      vertex   2.003965e+00 2.101348e+00 -3.785904e+00
      vertex   2.003965e+00 2.290404e+00 -3.674614e+00
    endloop
  endfacet
  facet normal 2.816493e-01 -5.280154e-01 8.011700e-01
    outer loop
      vertex   1.514761e+00 2.214422e+00 -3.552712e+00
      vertex   2.003965e+00 2.290404e+00 -3.674614e+00
      vertex   1.514761e+00 2.391522e+00 -3.435993e+00
    endloop
  endfacet
  facet normal 2.816493e-01 -5.280154e-01 8.011700e-01
    outer loop
      vertex   1.514761e+00 2.391522e+00 -3.435993e+00
      vertex   2.003965e+00 2.290404e+00 -3.674614e+00
      vertex   2.003965e+00 2.473581e+00 -3.553890e+00
    endloop
  endfacet
  facet normal 2.816493e-01 -5.679163e-01 7.733982e-01
    outer loop
      vertex   1.514761e+00 2.391522e+00 -3.435993e+00
      vertex   2.003965e+00 2.473581e+00 -3.553890e+00
      vertex   1.514761e+00 2.562482e+00 -3.310454e+00
    endloop
  endfacet
  facet normal 2.816493e-01 -5.679163e-01 7.733982e-01
    outer loop
      vertex   1.514761e+00 2.562482e+00 -3.310454e+00
      vertex   2.003965e+00 2.473581e+00 -3.553890e+00
      vertex   2.003965e+00 2.650407e+00 -3.424044e+00
    endloop
  endfacet
  facet normal 2.816493e-01 -6.063594e-01 7.436410e-01
    outer loop
      vertex   1.514761e+00 2.562482e+00 -3.310454e+00
      vertex   2.003965e+00 2.650407e+00 -3.424044e+00
      vertex   1.514761e+00 2.726865e+00 -3.176418e+00
    endloop
  endfacet
  facet normal 2.816493e-01 -6.063594e-01 7.436410e-01
    outer loop
      vertex   1.514761e+00 2.726865e+00 -3.176418e+00
      vertex   2.003965e+00 2.650407e+00 -3.424044e+00
      vertex   2.003965e+00 2.820431e+00 -3.285408e+00
    endloop
  endfacet
  facet normal 2.816493e-01 -6.432459e-01 7.119750e-01
    outer loop
      vertex   1.514761e+00 2.726865e+00 -3.176418e+00
      vertex   2.003965e+00 2.820431e+00 -3.285408e+00
      vertex   1.514761e+00 2.884248e+00 -3.034227e+00
    endloop
  endfacet
  facet normal 2.816493e-01 -6.432459e-01 7.119750e-01
    outer loop
      vertex   1.514761e+00 2.884248e+00 -3.034227e+00
      vertex   2.003965e+00 2.820431e+00 -3.285408e+00
      vertex   2.003965e+00 2.983214e+00 -3.138339e+00
    endloop
  endfacet
  facet normal 3.589023e-01 -2.364493e-02 9.330756e-01
    outer loop
      vertex   2.003965e+00 5.302698e-16 -4.329981e+00
      vertex   2.479834e+00 5.526857e-16 -4.513021e+00
      vertex   2.003965e+00 2.193099e-01 -4.324424e+00
    endloop
  endfacet
  facet normal 3.589023e-01 -2.364493e-02 9.330756e-01
    outer loop
      vertex   2.003965e+00 2.193099e-01 -4.324424e+00
      vertex   2.479834e+00 5.526857e-16 -4.513021e+00
      vertex   2.479834e+00 2.285808e-01 -4.507229e+00
    endloop
  endfacet
  facet normal 3.589023e-01 -7.087408e-02 9.306804e-01
    outer loop
      vertex   2.003965e+00 2.193099e-01 -4.324424e+00
      vertex   2.479834e+00 2.285808e-01 -4.507229e+00
      vertex   2.003965e+00 4.380569e-01 -4.307765e+00
    endloop
  endfacet
  facet normal 3.589023e-01 -7.087408e-02 9.306804e-01
    outer loop
      vertex   2.003965e+00 4.380569e-01 -4.307765e+00
      vertex   2.479834e+00 2.285808e-01 -4.507229e+00
      vertex   2.479834e+00 4.565748e-01 -4.489866e+00
    endloop
  endfacet
  facet normal 3.589023e-01 -1.179213e-01 9.258962e-01
    outer loop
      vertex   2.003965e+00 4.380569e-01 -4.307765e+00
      vertex   2.479834e+00 4.565748e-01 -4.489866e+00
      vertex   2.003965e+00 6.556794e-01 -4.280049e+00
    endloop
  endfacet
  facet normal 3.589023e-01 -1.179213e-01 9.258962e-01
    outer loop
      vertex   2.003965e+00 6.556794e-01 -4.280049e+00
      vertex   2.479834e+00 4.565748e-01 -4.489866e+00
      vertex   2.479834e+00 6.833968e-01 -4.460979e+00
    endloop
  endfacet
  facet normal 3.589023e-01 -1.646658e-01 9.187352e-01
    outer loop
      vertex   2.003965e+00 6.556794e-01 -4.280049e+00
      vertex   2.479834e+00 6.833968e-01 -4.460979e+00
      vertex   2.003965e+00 8.716188e-01 -4.241346e+00
    endloop
  endfacet
  facet normal 3.589023e-01 -1.646658e-01 9.187352e-01
    outer loop
      vertex   2.003965e+00 8.716188e-01 -4.241346e+00
      vertex   2.479834e+00 6.833968e-01 -4.460979e+00
      vertex   2.479834e+00 9.084645e-01 -4.420640e+00
    endloop
  endfacet
  facet normal 3.589023e-01 -2.109876e-01 9.092158e-01
    outer loop
      vertex   2.003965e+00 8.716188e-01 -4.241346e+00
      vertex   2.479834e+00 9.084645e-01 -4.420640e+00
      vertex   2.003965e+00 1.085321e+00 -4.191756e+00
    endloop
  endfacet
  facet normal 3.589023e-01 -2.109876e-01 9.092158e-01
    outer loop
      vertex   2.003965e+00 1.085321e+00 -4.191756e+00
      vertex   2.479834e+00 9.084645e-01 -4.420640e+00
      vertex   2.479834e+00 1.131200e+00 -4.368953e+00
    endloop
  endfacet
  facet normal 3.589023e-01 -2.567679e-01 8.973625e-01
    outer loop
      vertex   2.003965e+00 1.085321e+00 -4.191756e+00
      vertex   2.479834e+00 1.131200e+00 -4.368953e+00
      vertex   2.003965e+00 1.296237e+00 -4.131405e+00
    endloop
  endfacet
  facet normal 3.589023e-01 -2.567679e-01 8.973625e-01
    outer loop
      vertex   2.003965e+00 1.296237e+00 -4.131405e+00
      vertex   2.479834e+00 1.131200e+00 -4.368953e+00
      vertex   2.479834e+00 1.351032e+00 -4.306051e+00
    endloop
  endfacet
  facet normal 3.589023e-01 -3.018890e-01 8.832056e-01
    outer loop
      vertex   2.003965e+00 1.296237e+00 -4.131405e+00
      vertex   2.479834e+00 1.351032e+00 -4.306051e+00
      vertex   2.003965e+00 1.503825e+00 -4.060449e+00
    endloop
  endfacet
  facet normal 3.589023e-01 -3.018890e-01 8.832056e-01
    outer loop
      vertex   2.003965e+00 1.503825e+00 -4.060449e+00
      vertex   2.479834e+00 1.351032e+00 -4.306051e+00
      vertex   2.479834e+00 1.567396e+00 -4.232095e+00
    endloop
  endfacet
  facet normal 3.589023e-01 -3.462351e-01 8.667816e-01
    outer loop
      vertex   2.003965e+00 1.503825e+00 -4.060449e+00
      vertex   2.479834e+00 1.567396e+00 -4.232095e+00
      vertex   2.003965e+00 1.707553e+00 -3.979070e+00
    endloop
  endfacet
  facet normal 3.589023e-01 -3.462351e-01 8.667816e-01
    outer loop
      vertex   2.003965e+00 1.707553e+00 -3.979070e+00
      vertex   2.479834e+00 1.567396e+00 -4.232095e+00
      vertex   2.479834e+00 1.779736e+00 -4.147276e+00
    endloop
  endfacet
  facet normal 3.589023e-01 -3.896925e-01 8.481326e-01
    outer loop
      vertex   2.003965e+00 1.707553e+00 -3.979070e+00
      vertex   2.479834e+00 1.779736e+00 -4.147276e+00
      vertex   2.003965e+00 1.906898e+00 -3.887477e+00
    endloop
  endfacet
  facet normal 3.589023e-01 -3.896925e-01 8.481326e-01
    outer loop
      vertex   2.003965e+00 1.906898e+00 -3.887477e+00
      vertex   2.479834e+00 1.779736e+00 -4.147276e+00
      vertex   2.479834e+00 1.987508e+00 -4.051811e+00
    endloop
  endfacet
  facet normal 3.589023e-01 -4.321495e-01 8.273064e-01
    outer loop
      vertex   2.003965e+00 1.906898e+00 -3.887477e+00
      vertex   2.479834e+00 1.987508e+00 -4.051811e+00
      vertex   2.003965e+00 2.101348e+00 -3.785904e+00
    endloop
  endfacet
  facet normal 3.589023e-01 -4.321495e-01 8.273064e-01
    outer loop
      vertex   2.003965e+00 2.101348e+00 -3.785904e+00
      vertex   2.479834e+00 1.987508e+00 -4.051811e+00
      vertex   2.479834e+00 2.190178e+00 -3.945945e+00
    endloop
  endfacet
  facet normal 3.589023e-01 -4.734973e-01 8.043565e-01
    outer loop
      vertex   2.003965e+00 2.101348e+00 -3.785904e+00
      vertex   2.479834e+00 2.190178e+00 -3.945945e+00
      vertex   2.003965e+00 2.290404e+00 -3.674614e+00
    endloop
  endfacet
  facet normal 3.589023e-01 -4.734973e-01 8.043565e-01
    outer loop
      vertex   2.003965e+00 2.290404e+00 -3.674614e+00
      vertex   2.479834e+00 2.190178e+00 -3.945945e+00
      vertex   2.479834e+00 2.387226e+00 -3.829950e+00
    endloop
  endfacet
  facet normal 3.589023e-01 -5.136295e-01 7.793419e-01
    outer loop
      vertex   2.003965e+00 2.290404e+00 -3.674614e+00
      vertex   2.479834e+00 2.387226e+00 -3.829950e+00
      vertex   2.003965e+00 2.473581e+00 -3.553890e+00
    endloop
  endfacet
  facet normal 3.589023e-01 -5.136295e-01 7.793419e-01
    outer loop
      vertex   2.003965e+00 2.473581e+00 -3.553890e+00
      vertex   2.479834e+00 2.387226e+00 -3.829950e+00
      vertex   2.479834e+00 2.578146e+00 -3.704123e+00
    endloop
  endfacet
  facet normal 3.589023e-01 -5.524433e-01 7.523267e-01
    outer loop
      vertex   2.003965e+00 2.473581e+00 -3.553890e+00
      vertex   2.479834e+00 2.578146e+00 -3.704123e+00
      vertex   2.003965e+00 2.650407e+00 -3.424044e+00
    endloop
  endfacet
  facet normal 3.589023e-01 -5.524433e-01 7.523267e-01
    outer loop
      vertex   2.003965e+00 2.650407e+00 -3.424044e+00
      vertex   2.479834e+00 2.578146e+00 -3.704123e+00
      vertex   2.479834e+00 2.762447e+00 -3.568788e+00
    endloop
  endfacet
  facet normal 3.589023e-01 -5.898390e-01 7.233803e-01
    outer loop
      vertex   2.003965e+00 2.650407e+00 -3.424044e+00
      vertex   2.479834e+00 2.762447e+00 -3.568788e+00
      vertex   2.003965e+00 2.820431e+00 -3.285408e+00
    endloop
  endfacet
  facet normal 3.589023e-01 -5.898390e-01 7.233803e-01
    outer loop
      vertex   2.003965e+00 2.820431e+00 -3.285408e+00
      vertex   2.479834e+00 2.762447e+00 -3.568788e+00
      vertex   2.479834e+00 2.939658e+00 -3.424292e+00
    endloop
  endfacet
  facet normal 3.589023e-01 -6.257205e-01 6.925770e-01
    outer loop
      vertex   2.003965e+00 2.820431e+00 -3.285408e+00
      vertex   2.479834e+00 2.939658e+00 -3.424292e+00
      vertex   2.003965e+00 2.983214e+00 -3.138339e+00
    endloop
  endfacet
  facet normal 3.589023e-01 -6.257205e-01 6.925770e-01
    outer loop
      vertex   2.003965e+00 2.983214e+00 -3.138339e+00
      vertex   2.479834e+00 2.939658e+00 -3.424292e+00
      vertex   2.479834e+00 3.109322e+00 -3.271005e+00
    endloop
  endfacet
  facet normal 2.816493e-01 2.430718e-02 9.592095e-01
    outer loop
      vertex   2.003965e+00 5.302698e-16 -4.329981e+00
      vertex   1.514761e+00 5.126785e-16 -4.186338e+00
      vertex   2.003965e+00 -2.193099e-01 -4.324424e+00
    endloop
  endfacet
  facet normal 2.816493e-01 2.430718e-02 9.592095e-01
    outer loop
      vertex   2.003965e+00 -2.193099e-01 -4.324424e+00
      vertex   1.514761e+00 5.126785e-16 -4.186338e+00
      vertex   1.514761e+00 -2.120345e-01 -4.180965e+00
    endloop
  endfacet
  facet normal 2.816493e-01 7.285915e-02 9.567472e-01
    outer loop
      vertex   2.003965e+00 -2.193099e-01 -4.324424e+00
      vertex   1.514761e+00 -2.120345e-01 -4.180965e+00
      vertex   2.003965e+00 -4.380569e-01 -4.307765e+00
    endloop
  endfacet
  facet normal 2.816493e-01 7.285915e-02 9.567472e-01
    outer loop
      vertex   2.003965e+00 -4.380569e-01 -4.307765e+00
      vertex   1.514761e+00 -2.120345e-01 -4.180965e+00
      vertex   1.514761e+00 -4.235248e-01 -4.164859e+00
    endloop
  endfacet
  facet normal 2.816493e-01 1.212241e-01 9.518290e-01
    outer loop
      vertex   2.003965e+00 -4.380569e-01 -4.307765e+00
      vertex   1.514761e+00 -4.235248e-01 -4.164859e+00
      vertex   2.003965e+00 -6.556794e-01 -4.280049e+00
    endloop
  endfacet
  facet normal 2.816493e-01 1.212241e-01 9.518290e-01
    outer loop
      vertex   2.003965e+00 -6.556794e-01 -4.280049e+00
      vertex   1.514761e+00 -4.235248e-01 -4.164859e+00
      vertex   1.514761e+00 -6.339278e-01 -4.138062e+00
    endloop
  endfacet
  facet normal 2.816493e-01 1.692778e-01 9.444674e-01
    outer loop
      vertex   2.003965e+00 -6.556794e-01 -4.280049e+00
      vertex   1.514761e+00 -6.339278e-01 -4.138062e+00
      vertex   2.003965e+00 -8.716188e-01 -4.241346e+00
    endloop
  endfacet
  facet normal 2.816493e-01 1.692778e-01 9.444674e-01
    outer loop
      vertex   2.003965e+00 -8.716188e-01 -4.241346e+00
      vertex   1.514761e+00 -6.339278e-01 -4.138062e+00
      vertex   1.514761e+00 -8.427036e-01 -4.100643e+00
    endloop
  endfacet
  facet normal 2.816493e-01 2.168971e-01 9.346814e-01
    outer loop
      vertex   2.003965e+00 -8.716188e-01 -4.241346e+00
      vertex   1.514761e+00 -8.427036e-01 -4.100643e+00
      vertex   2.003965e+00 -1.085321e+00 -4.191756e+00
    endloop
  endfacet
  facet normal 2.816493e-01 2.168971e-01 9.346814e-01
    outer loop
      vertex   2.003965e+00 -1.085321e+00 -4.191756e+00
      vertex   1.514761e+00 -8.427036e-01 -4.100643e+00
      vertex   1.514761e+00 -1.049316e+00 -4.052698e+00
    endloop
  endfacet
  facet normal 4.337707e-01 -2.282537e-02 9.007341e-01
    outer loop
      vertex   2.479834e+00 5.526857e-16 -4.513021e+00
      vertex   2.939199e+00 5.797772e-16 -4.734240e+00
      vertex   2.479834e+00 2.285808e-01 -4.507229e+00
    endloop
  endfacet
  facet normal 4.337707e-01 -2.282537e-02 9.007341e-01
    outer loop
      vertex   2.479834e+00 2.285808e-01 -4.507229e+00
      vertex   2.939199e+00 5.797772e-16 -4.734240e+00
      vertex   2.939199e+00 2.397853e-01 -4.728164e+00
    endloop
  endfacet
  facet normal 4.337707e-01 -6.841750e-02 8.984220e-01
    outer loop
      vertex   2.479834e+00 2.285808e-01 -4.507229e+00
      vertex   2.939199e+00 2.397853e-01 -4.728164e+00
      vertex   2.479834e+00 4.565748e-01 -4.489866e+00
    endloop
  endfacet
  facet normal 4.337707e-01 -6.841750e-02 8.984220e-01
    outer loop
      vertex   2.479834e+00 4.565748e-01 -4.489866e+00
      vertex   2.939199e+00 2.397853e-01 -4.728164e+00
      vertex   2.939199e+00 4.789551e-01 -4.709950e+00
    endloop
  endfacet
  facet normal 4.337707e-01 -1.138340e-01 8.938036e-01
    outer loop
      vertex   2.479834e+00 4.565748e-01 -4.489866e+00
      vertex   2.939199e+00 4.789551e-01 -4.709950e+00
      vertex   2.479834e+00 6.833968e-01 -4.460979e+00
    endloop
  endfacet
  facet normal 4.337707e-01 -1.138340e-01 8.938036e-01
    outer loop
      vertex   2.479834e+00 6.833968e-01 -4.460979e+00
      vertex   2.939199e+00 4.789551e-01 -4.709950e+00
      vertex   2.939199e+00 7.168955e-01 -4.679646e+00
    endloop
  endfacet
  facet normal 4.337707e-01 -1.589583e-01 8.868908e-01
    outer loop
      vertex   2.479834e+00 6.833968e-01 -4.460979e+00
      vertex   2.939199e+00 7.168955e-01 -4.679646e+00
      vertex   2.479834e+00 9.084645e-01 -4.420640e+00
    endloop
  endfacet
  facet normal 4.337707e-01 -1.589583e-01 8.868908e-01
    outer loop
      vertex   2.479834e+00 9.084645e-01 -4.420640e+00
      vertex   2.939199e+00 7.168955e-01 -4.679646e+00
      vertex   2.939199e+00 9.529955e-01 -4.637330e+00
    endloop
  endfacet
  facet normal 4.337707e-01 -2.036746e-01 8.777013e-01
    outer loop
      vertex   2.479834e+00 9.084645e-01 -4.420640e+00
      vertex   2.939199e+00 9.529955e-01 -4.637330e+00
      vertex   2.479834e+00 1.131200e+00 -4.368953e+00
    endloop
  endfacet
  facet normal 4.337707e-01 -2.036746e-01 8.777013e-01
    outer loop
      vertex   2.479834e+00 1.131200e+00 -4.368953e+00
      vertex   2.939199e+00 9.529955e-01 -4.637330e+00
      vertex   2.939199e+00 1.186649e+00 -4.583110e+00
    endloop
  endfacet
  facet normal 4.337707e-01 -2.478680e-01 8.662589e-01
    outer loop
      vertex   2.479834e+00 1.131200e+00 -4.368953e+00
      vertex   2.939199e+00 1.186649e+00 -4.583110e+00
      vertex   2.479834e+00 1.351032e+00 -4.306051e+00
    endloop
  endfacet
  facet normal 4.337707e-01 -2.478680e-01 8.662589e-01
    outer loop
      vertex   2.479834e+00 1.351032e+00 -4.306051e+00
      vertex   2.939199e+00 1.186649e+00 -4.583110e+00
      vertex   2.939199e+00 1.417257e+00 -4.517124e+00
    endloop
  endfacet
  facet normal 4.337707e-01 -2.914252e-01 8.525927e-01
    outer loop
      vertex   2.479834e+00 1.351032e+00 -4.306051e+00
      vertex   2.939199e+00 1.417257e+00 -4.517124e+00
      vertex   2.479834e+00 1.567396e+00 -4.232095e+00
    endloop
  endfacet
  facet normal 4.337707e-01 -2.914252e-01 8.525927e-01
    outer loop
      vertex   2.479834e+00 1.567396e+00 -4.232095e+00
      vertex   2.939199e+00 1.417257e+00 -4.517124e+00
      vertex   2.939199e+00 1.644226e+00 -4.439544e+00
    endloop
  endfacet
  facet normal 4.337707e-01 -3.342342e-01 8.367380e-01
    outer loop
      vertex   2.479834e+00 1.567396e+00 -4.232095e+00
      vertex   2.939199e+00 1.644226e+00 -4.439544e+00
      vertex   2.479834e+00 1.779736e+00 -4.147276e+00
    endloop
  endfacet
  facet normal 4.337707e-01 -3.342342e-01 8.367380e-01
    outer loop
      vertex   2.479834e+00 1.779736e+00 -4.147276e+00
      vertex   2.939199e+00 1.644226e+00 -4.439544e+00
      vertex   2.939199e+00 1.866975e+00 -4.350567e+00
    endloop
  endfacet
  facet normal 4.337707e-01 -3.761853e-01 8.187354e-01
    outer loop
      vertex   2.479834e+00 1.779736e+00 -4.147276e+00
      vertex   2.939199e+00 1.866975e+00 -4.350567e+00
      vertex   2.479834e+00 1.987508e+00 -4.051811e+00
    endloop
  endfacet
  facet normal 4.337707e-01 -3.761853e-01 8.187354e-01
    outer loop
      vertex   2.479834e+00 1.987508e+00 -4.051811e+00
      vertex   2.939199e+00 1.866975e+00 -4.350567e+00
      vertex   2.939199e+00 2.084932e+00 -4.250422e+00
    endloop
  endfacet
  facet normal 4.337707e-01 -4.171708e-01 7.986310e-01
    outer loop
      vertex   2.479834e+00 1.987508e+00 -4.051811e+00
      vertex   2.939199e+00 2.084932e+00 -4.250422e+00
      vertex   2.479834e+00 2.190178e+00 -3.945945e+00
    endloop
  endfacet
  facet normal 4.337707e-01 -4.171708e-01 7.986310e-01
    outer loop
      vertex   2.479834e+00 2.190178e+00 -3.945945e+00
      vertex   2.939199e+00 2.084932e+00 -4.250422e+00
      vertex   2.939199e+00 2.297536e+00 -4.139367e+00
    endloop
  endfacet
  facet normal 4.337707e-01 -4.570853e-01 7.764766e-01
    outer loop
      vertex   2.479834e+00 2.190178e+00 -3.945945e+00
      vertex   2.939199e+00 2.297536e+00 -4.139367e+00
      vertex   2.479834e+00 2.387226e+00 -3.829950e+00
    endloop
  endfacet
  facet normal 4.337707e-01 -4.570853e-01 7.764766e-01
    outer loop
      vertex   2.479834e+00 2.387226e+00 -3.829950e+00
      vertex   2.939199e+00 2.297536e+00 -4.139367e+00
      vertex   2.939199e+00 2.504243e+00 -4.017686e+00
    endloop
  endfacet
  facet normal 4.337707e-01 -4.958266e-01 7.523291e-01
    outer loop
      vertex   2.479834e+00 2.387226e+00 -3.829950e+00
      vertex   2.939199e+00 2.504243e+00 -4.017686e+00
      vertex   2.479834e+00 2.578146e+00 -3.704123e+00
    endloop
  endfacet
  facet normal 4.337707e-01 -4.958266e-01 7.523291e-01
    outer loop
      vertex   2.479834e+00 2.578146e+00 -3.704123e+00
      vertex   2.939199e+00 2.504243e+00 -4.017686e+00
      vertex   2.939199e+00 2.704521e+00 -3.885691e+00
    endloop
  endfacet
  facet normal 4.337707e-01 -5.332950e-01 7.262502e-01
    outer loop
      vertex   2.479834e+00 2.578146e+00 -3.704123e+00
      vertex   2.939199e+00 2.704521e+00 -3.885691e+00
      vertex   2.479834e+00 2.762447e+00 -3.568788e+00
    endloop
  endfacet
  facet normal 4.337707e-01 -5.332950e-01 7.262502e-01
    outer loop
      vertex   2.479834e+00 2.762447e+00 -3.568788e+00
      vertex   2.939199e+00 2.704521e+00 -3.885691e+00
      vertex   2.939199e+00 2.897857e+00 -3.743722e+00
    endloop
  endfacet
  facet normal 4.337707e-01 -5.693945e-01 6.983072e-01
    outer loop
      vertex   2.479834e+00 2.762447e+00 -3.568788e+00
      vertex   2.939199e+00 2.897857e+00 -3.743722e+00
      vertex   2.479834e+00 2.939658e+00 -3.424292e+00
    endloop
  endfacet
  facet normal 4.337707e-01 -5.693945e-01 6.983072e-01
    outer loop
      vertex   2.479834e+00 2.939658e+00 -3.424292e+00
      vertex   2.939199e+00 2.897857e+00 -3.743722e+00
      vertex   2.939199e+00 3.083754e+00 -3.592143e+00
    endloop
  endfacet
  facet normal 4.337707e-01 -6.040324e-01 6.685715e-01
    outer loop
      vertex   2.479834e+00 2.939658e+00 -3.424292e+00
      vertex   2.939199e+00 3.083754e+00 -3.592143e+00
      vertex   2.479834e+00 3.109322e+00 -3.271005e+00
    endloop
  endfacet
  facet normal 4.337707e-01 -6.040324e-01 6.685715e-01
    outer loop
      vertex   2.479834e+00 3.109322e+00 -3.271005e+00
      vertex   2.939199e+00 3.083754e+00 -3.592143e+00
      vertex   2.939199e+00 3.261735e+00 -3.431343e+00
    endloop
  endfacet
  facet normal 3.589023e-01 2.364493e-02 9.330756e-01
    outer loop
      vertex   2.479834e+00 5.526857e-16 -4.513021e+00
      vertex   2.003965e+00 5.302698e-16 -4.329981e+00
      vertex   2.479834e+00 -2.285808e-01 -4.507229e+00
    endloop
  endfacet
  facet normal 3.589023e-01 2.364493e-02 9.330756e-01
    outer loop
      vertex   2.479834e+00 -2.285808e-01 -4.507229e+00
      vertex   2.003965e+00 5.302698e-16 -4.329981e+00
      vertex   2.003965e+00 -2.193099e-01 -4.324424e+00
    endloop
  endfacet
  facet normal 3.589023e-01 7.087408e-02 9.306804e-01
    outer loop
      vertex   2.479834e+00 -2.285808e-01 -4.507229e+00
      vertex   2.003965e+00 -2.193099e-01 -4.324424e+00
      vertex   2.479834e+00 -4.565748e-01 -4.489866e+00
    endloop
  endfacet
  facet normal 3.589023e-01 7.087408e-02 9.306804e-01
    outer loop
      vertex   2.479834e+00 -4.565748e-01 -4.489866e+00
      vertex   2.003965e+00 -2.193099e-01 -4.324424e+00
      vertex   2.003965e+00 -4.380569e-01 -4.307765e+00
    endloop
  endfacet
  facet normal 3.589023e-01 1.179213e-01 9.258962e-01
    outer loop
      vertex   2.479834e+00 -4.565748e-01 -4.489866e+00
      vertex   2.003965e+00 -4.380569e-01 -4.307765e+00
      vertex   2.479834e+00 -6.833968e-01 -4.460979e+00
    endloop
  endfacet
  facet normal 3.589023e-01 1.179213e-01 9.258962e-01
    outer loop
      vertex   2.479834e+00 -6.833968e-01 -4.460979e+00
      vertex   2.003965e+00 -4.380569e-01 -4.307765e+00
      vertex   2.003965e+00 -6.556794e-01 -4.280049e+00
    endloop
  endfacet
  facet normal 3.589023e-01 1.646658e-01 9.187352e-01
    outer loop
      vertex   2.479834e+00 -6.833968e-01 -4.460979e+00
      vertex   2.003965e+00 -6.556794e-01 -4.280049e+00
      vertex   2.479834e+00 -9.084645e-01 -4.420640e+00
    endloop
  endfacet
  facet normal 3.589023e-01 1.646658e-01 9.187352e-01
    outer loop
      vertex   2.479834e+00 -9.084645e-01 -4.420640e+00
      vertex   2.003965e+00 -6.556794e-01 -4.280049e+00
      vertex   2.003965e+00 -8.716188e-01 -4.241346e+00
    endloop
  endfacet
  facet normal 3.589023e-01 2.109876e-01 9.092158e-01
    outer loop
      vertex   2.479834e+00 -9.084645e-01 -4.420640e+00
      vertex   2.003965e+00 -8.716188e-01 -4.241346e+00
      vertex   2.479834e+00 -1.131200e+00 -4.368953e+00
    endloop
  endfacet
  facet normal 3.589023e-01 2.109876e-01 9.092158e-01
    outer loop
      vertex   2.479834e+00 -1.131200e+00 -4.368953e+00
      vertex   2.003965e+00 -8.716188e-01 -4.241346e+00
      vertex   2.003965e+00 -1.085321e+00 -4.191756e+00
    endloop
  endfacet
  facet normal 4.337707e-01 2.282537e-02 9.007341e-01
    outer loop
      vertex   2.939199e+00 5.797772e-16 -4.734240e+00
      vertex   2.479834e+00 5.526857e-16 -4.513021e+00
      vertex   2.939199e+00 -2.397853e-01 -4.728164e+00
    endloop
  endfacet
  facet normal 4.337707e-01 2.282537e-02 9.007341e-01
    outer loop
      vertex   2.939199e+00 -2.397853e-01 -4.728164e+00
      vertex   2.479834e+00 5.526857e-16 -4.513021e+00
      vertex   2.479834e+00 -2.285808e-01 -4.507229e+00
    endloop
  endfacet
  facet normal 4.337707e-01 6.841750e-02 8.984220e-01
    outer loop
      vertex   2.939199e+00 -2.397853e-01 -4.728164e+00
      vertex   2.479834e+00 -2.285808e-01 -4.507229e+00
      vertex   2.939199e+00 -4.789551e-01 -4.709950e+00
    endloop
  endfacet
  facet normal 4.337707e-01 6.841750e-02 8.984220e-01
    outer loop
      vertex   2.939199e+00 -4.789551e-01 -4.709950e+00
      vertex   2.479834e+00 -2.285808e-01 -4.507229e+00
      vertex   2.479834e+00 -4.565748e-01 -4.489866e+00
    endloop
  endfacet
  facet normal 4.337707e-01 1.138340e-01 8.938036e-01
    outer loop
      vertex   2.939199e+00 -4.789551e-01 -4.709950e+00
      vertex   2.479834e+00 -4.565748e-01 -4.489866e+00
      vertex   2.939199e+00 -7.168955e-01 -4.679646e+00
    endloop
  endfacet
  facet normal 4.337707e-01 1.138340e-01 8.938036e-01
    outer loop
      vertex   2.939199e+00 -7.168955e-01 -4.679646e+00
      vertex   2.479834e+00 -4.565748e-01 -4.489866e+00
      vertex   2.479834e+00 -6.833968e-01 -4.460979e+00
    endloop
  endfacet
  facet normal 4.337707e-01 1.589583e-01 8.868908e-01
    outer loop
      vertex   2.939199e+00 -7.168955e-01 -4.679646e+00
      vertex   2.479834e+00 -6.833968e-01 -4.460979e+00
      vertex   2.939199e+00 -9.529955e-01 -4.637330e+00
    endloop
  endfacet
  facet normal 4.337707e-01 1.589583e-01 8.868908e-01
    outer loop
      vertex   2.939199e+00 -9.529955e-01 -4.637330e+00
      vertex   2.479834e+00 -6.833968e-01 -4.460979e+00
      vertex   2.479834e+00 -9.084645e-01 -4.420640e+00
    endloop
  endfacet
  facet normal 4.337707e-01 2.036746e-01 8.777013e-01
    outer loop
      vertex   2.939199e+00 -9.529955e-01 -4.637330e+00
      vertex   2.479834e+00 -9.084645e-01 -4.420640e+00
      vertex   2.939199e+00 -1.186649e+00 -4.583110e+00
    endloop
  endfacet
  facet normal 4.337707e-01 2.036746e-01 8.777013e-01
    outer loop
      vertex   2.939199e+00 -1.186649e+00 -4.583110e+00
      vertex   2.479834e+00 -9.084645e-01 -4.420640e+00
      vertex   2.479834e+00 -1.131200e+00 -4.368953e+00
    endloop
  endfacet
  facet normal -5.057565e-01 2.185393e-02 8.623994e-01
    outer loop
      vertex   -2.939199e+00 -2.397853e-01 -4.728164e+00
      vertex   -3.379005e+00 6.113639e-16 -4.992165e+00
      vertex   -3.379005e+00 -2.528490e-01 -4.985758e+00
    endloop
  endfacet
  facet normal -3.589236e-01 -7.235545e-01 5.896123e-01
    outer loop
      vertex   -2.479834e+00 3.569469e+00 -2.761568e+00
      vertex   -2.003965e+00 3.286127e+00 -2.819593e+00
      vertex   -2.003965e+00 3.424991e+00 -2.649184e+00
    endloop
  endfacet
  facet normal -5.057565e-01 -8.011269e-01 -3.200094e-01
    outer loop
      vertex   -3.379005e+00 4.587589e+00 1.968690e+00
      vertex   -3.379005e+00 4.681414e+00 1.733805e+00
      vertex   -2.939199e+00 4.439544e+00 1.644226e+00
    endloop
  endfacet
  facet normal -5.057565e-01 -8.011269e-01 -3.200094e-01
    outer loop
      vertex   -2.939199e+00 4.439544e+00 1.644226e+00
      vertex   -2.939199e+00 4.350567e+00 1.866975e+00
      vertex   -3.379005e+00 4.587589e+00 1.968690e+00
    endloop
  endfacet
  facet normal -5.057565e-01 -7.838904e-01 -3.601751e-01
    outer loop
      vertex   -3.379005e+00 4.587589e+00 1.968690e+00
      vertex   -2.939199e+00 4.350567e+00 1.866975e+00
      vertex   -3.379005e+00 4.481989e+00 2.198520e+00
    endloop
  endfacet
  facet normal -4.337707e-01 -7.986310e-01 -4.171708e-01
    outer loop
      vertex   -2.479834e+00 4.051811e+00 1.987508e+00
      vertex   -2.479834e+00 3.945945e+00 2.190178e+00
      vertex   -2.939199e+00 4.139367e+00 2.297536e+00
    endloop
  endfacet
  facet normal -4.337707e-01 -7.764766e-01 -4.570853e-01
    outer loop
      vertex   -2.939199e+00 4.139367e+00 2.297536e+00
      vertex   -2.479834e+00 3.945945e+00 2.190178e+00
      vertex   -2.939199e+00 4.017686e+00 2.504243e+00
    endloop
  endfacet
  facet normal -5.057565e-01 -7.434302e-01 -4.376320e-01
    outer loop
      vertex   -2.939199e+00 4.139367e+00 2.297536e+00
      vertex   -2.939199e+00 4.017686e+00 2.504243e+00
      vertex   -3.379005e+00 4.236573e+00 2.640676e+00
    endloop
  endfacet
  facet normal -5.057565e-01 -7.203104e-01 -4.747245e-01
    outer loop
      vertex   -3.379005e+00 4.236573e+00 2.640676e+00
      vertex   -2.939199e+00 4.017686e+00 2.504243e+00
      vertex   -3.379005e+00 4.097387e+00 2.851865e+00
    endloop
  endfacet
  facet normal -4.337707e-01 -7.764766e-01 -4.570853e-01
    outer loop
      vertex   -2.479834e+00 3.945945e+00 2.190178e+00
      vertex   -2.479834e+00 3.829950e+00 2.387226e+00
      vertex   -2.939199e+00 4.017686e+00 2.504243e+00
    endloop
  endfacet
  facet normal -4.337707e-01 -7.523291e-01 -4.958266e-01
    outer loop
      vertex   -2.939199e+00 4.017686e+00 2.504243e+00
      vertex   -2.479834e+00 3.829950e+00 2.387226e+00
      vertex   -2.939199e+00 3.885691e+00 2.704521e+00
    endloop
  endfacet
  facet normal -5.057565e-01 -7.203104e-01 -4.747245e-01
    outer loop
      vertex   -2.939199e+00 4.017686e+00 2.504243e+00
      vertex   -2.939199e+00 3.885691e+00 2.704521e+00
      vertex   -3.379005e+00 4.097387e+00 2.851865e+00
    endloop
  endfacet
  facet normal -5.057565e-01 -6.953414e-01 -5.105983e-01
    outer loop
      vertex   -3.379005e+00 4.097387e+00 2.851865e+00
      vertex   -2.939199e+00 3.885691e+00 2.704521e+00
      vertex   -3.379005e+00 3.947683e+00 3.055734e+00
    endloop
  endfacet
  facet normal -4.337707e-01 -7.523291e-01 -4.958266e-01
    outer loop
      vertex   -2.939199e+00 3.885691e+00 2.704521e+00
      vertex   -2.479834e+00 3.829950e+00 2.387226e+00
      vertex   -2.479834e+00 3.704123e+00 2.578146e+00
    endloop
  endfacet
  facet normal -5.057565e-01 -6.953414e-01 -5.105983e-01
    outer loop
      vertex   -3.379005e+00 3.947683e+00 3.055734e+00
      vertex   -2.939199e+00 3.885691e+00 2.704521e+00
      vertex   -2.939199e+00 3.743722e+00 2.897857e+00
    endloop
  endfacet
  facet normal -4.337707e-01 -7.262502e-01 -5.332950e-01
    outer loop
      vertex   -2.939199e+00 3.743722e+00 2.897857e+00
      vertex   -2.939199e+00 3.885691e+00 2.704521e+00
      vertex   -2.479834e+00 3.704123e+00 2.578146e+00
    endloop
  endfacet
  facet normal -5.057565e-01 -6.685876e-01 -5.451614e-01
    outer loop
      vertex   -3.379005e+00 3.787846e+00 3.251759e+00
      vertex   -3.379005e+00 3.947683e+00 3.055734e+00
      vertex   -2.939199e+00 3.743722e+00 2.897857e+00
    endloop
  endfacet
  facet normal -2.816493e-01 -7.119750e-01 -6.432459e-01
    outer loop
      vertex   -2.003965e+00 3.138339e+00 2.983214e+00
      vertex   -2.003965e+00 3.285408e+00 2.820431e+00
      vertex   -1.514761e+00 3.176418e+00 2.726865e+00
    endloop
  endfacet
  facet normal -4.337707e-01 -6.685715e-01 -6.040324e-01
    outer loop
      vertex   -2.939199e+00 3.431343e+00 3.261735e+00
      vertex   -2.479834e+00 3.424292e+00 2.939658e+00
      vertex   -2.479834e+00 3.271005e+00 3.109322e+00
    endloop
  endfacet
  facet normal -4.337707e-01 -6.371197e-01 -6.371197e-01
    outer loop
      vertex   -2.939199e+00 3.431343e+00 3.261735e+00
      vertex   -2.479834e+00 3.271005e+00 3.109322e+00
      vertex   -2.939199e+00 3.261735e+00 3.431343e+00
    endloop
  endfacet
  facet normal -4.337707e-01 -6.371197e-01 -6.371197e-01
    outer loop
      vertex   -2.939199e+00 3.261735e+00 3.431343e+00
      vertex   -2.479834e+00 3.271005e+00 3.109322e+00
      vertex   -2.479834e+00 3.109322e+00 3.271005e+00
    endloop
  endfacet
  facet normal -4.337707e-01 -6.040324e-01 -6.685715e-01
    outer loop
      vertex   -2.939199e+00 3.261735e+00 3.431343e+00
      vertex   -2.479834e+00 3.109322e+00 3.271005e+00
      vertex   -2.939199e+00 3.083754e+00 3.592143e+00
    endloop
  endfacet
  facet normal -2.816493e-01 -6.432459e-01 -7.119750e-01
    outer loop
      vertex   -2.003965e+00 2.820431e+00 3.285408e+00
      vertex   -2.003965e+00 2.983214e+00 3.138339e+00
      vertex   -1.514761e+00 2.884248e+00 3.034227e+00
    endloop
  endfacet
  facet normal -2.816493e-01 -6.432459e-01 -7.119750e-01
    outer loop
      vertex   -2.003965e+00 2.820431e+00 3.285408e+00
      vertex   -1.514761e+00 2.884248e+00 3.034227e+00
      vertex   -1.514761e+00 2.726865e+00 3.176418e+00
    endloop
  endfacet
  facet normal -2.025252e-01 -6.564925e-01 -7.266369e-01
    outer loop
      vertex   -1.514761e+00 2.726865e+00 3.176418e+00
      vertex   -1.514761e+00 2.884248e+00 3.034227e+00
      vertex   -1.015476e+00 2.813084e+00 2.959363e+00
    endloop
  endfacet
  facet normal -5.057565e-01 -5.783251e-01 -6.401175e-01
    outer loop
      vertex   -3.379005e+00 3.251759e+00 3.787846e+00
      vertex   -3.379005e+00 3.439437e+00 3.618285e+00
      vertex   -2.939199e+00 3.261735e+00 3.431343e+00
    endloop
  endfacet
  facet normal -5.057565e-01 -6.100042e-01 -6.100042e-01
    outer loop
      vertex   -2.939199e+00 3.261735e+00 3.431343e+00
      vertex   -3.379005e+00 3.439437e+00 3.618285e+00
      vertex   -2.939199e+00 3.431343e+00 3.261735e+00
    endloop
  endfacet
  facet normal -5.057565e-01 -5.783251e-01 -6.401175e-01
    outer loop
      vertex   -3.379005e+00 3.251759e+00 3.787846e+00
      vertex   -2.939199e+00 3.261735e+00 3.431343e+00
      vertex   -2.939199e+00 3.083754e+00 3.592143e+00
    endloop
  endfacet
  facet normal -2.025252e-01 -6.188463e-01 -7.589550e-01
    outer loop
      vertex   -1.514761e+00 2.562482e+00 3.310454e+00
      vertex   -1.015476e+00 2.659584e+00 3.098045e+00
      vertex   -1.015476e+00 2.499258e+00 3.228775e+00
    endloop
  endfacet
  facet normal -2.816493e-01 -6.063594e-01 -7.436410e-01
    outer loop
      vertex   -2.003965e+00 2.650407e+00 3.424044e+00
      vertex   -2.003965e+00 2.820431e+00 3.285408e+00
      vertex   -1.514761e+00 2.726865e+00 3.176418e+00
    endloop
  endfacet
  facet normal -5.057565e-01 -5.451614e-01 -6.685876e-01
    outer loop
      vertex   -3.379005e+00 3.055734e+00 3.947683e+00
      vertex   -3.379005e+00 3.251759e+00 3.787846e+00
      vertex   -2.939199e+00 3.083754e+00 3.592143e+00
    endloop
  endfacet
  facet normal 5.057565e-01 -5.783251e-01 -6.401175e-01
    outer loop
      vertex   2.939199e+00 3.261735e+00 3.431343e+00
      vertex   3.379005e+00 3.439437e+00 3.618285e+00
      vertex   2.939199e+00 3.083754e+00 3.592143e+00
    endloop
  endfacet
  facet normal 5.057565e-01 -5.783251e-01 -6.401175e-01
    outer loop
      vertex   2.939199e+00 3.083754e+00 3.592143e+00
      vertex   3.379005e+00 3.439437e+00 3.618285e+00
      vertex   3.379005e+00 3.251759e+00 3.787846e+00
    endloop
  endfacet
  facet normal 5.057565e-01 -5.451614e-01 -6.685876e-01
    outer loop
      vertex   2.939199e+00 3.083754e+00 3.592143e+00
      vertex   3.379005e+00 3.251759e+00 3.787846e+00
      vertex   2.939199e+00 2.897857e+00 3.743722e+00
    endloop
  endfacet
  facet normal 5.057565e-01 -5.451614e-01 -6.685876e-01
    outer loop
      vertex   2.939199e+00 2.897857e+00 3.743722e+00
      vertex   3.379005e+00 3.251759e+00 3.787846e+00
      vertex   3.379005e+00 3.055734e+00 3.947683e+00
    endloop
  endfacet
  facet normal 5.057565e-01 -5.105983e-01 -6.953414e-01
    outer loop
      vertex   2.939199e+00 2.897857e+00 3.743722e+00
      vertex   3.379005e+00 3.055734e+00 3.947683e+00
      vertex   2.939199e+00 2.704521e+00 3.885691e+00
    endloop
  endfacet
  facet normal 4.337707e-01 -6.040324e-01 -6.685715e-01
    outer loop
      vertex   2.479834e+00 3.109322e+00 3.271005e+00
      vertex   2.939199e+00 3.261735e+00 3.431343e+00
      vertex   2.479834e+00 2.939658e+00 3.424292e+00
    endloop
  endfacet
  facet normal 4.337707e-01 -6.040324e-01 -6.685715e-01
    outer loop
      vertex   2.479834e+00 2.939658e+00 3.424292e+00
      vertex   2.939199e+00 3.261735e+00 3.431343e+00
      vertex   2.939199e+00 3.083754e+00 3.592143e+00
    endloop
  endfacet
  facet normal 4.337707e-01 -5.693945e-01 -6.983072e-01
    outer loop
      vertex   2.479834e+00 2.939658e+00 3.424292e+00
      vertex   2.939199e+00 3.083754e+00 3.592143e+00
      vertex   2.479834e+00 2.762447e+00 3.568788e+00
    endloop
  endfacet
  facet normal 4.337707e-01 -5.693945e-01 -6.983072e-01
    outer loop
      vertex   2.479834e+00 2.762447e+00 3.568788e+00
      vertex   2.939199e+00 3.083754e+00 3.592143e+00
      vertex   2.939199e+00 2.897857e+00 3.743722e+00
    endloop
  endfacet
  facet normal 4.337707e-01 -5.332950e-01 -7.262502e-01
    outer loop
      vertex   2.479834e+00 2.762447e+00 3.568788e+00
      vertex   2.939199e+00 2.897857e+00 3.743722e+00
      vertex   2.479834e+00 2.578146e+00 3.704123e+00
    endloop
  endfacet
  facet normal 4.337707e-01 -5.332950e-01 -7.262502e-01
    outer loop
      vertex   2.479834e+00 2.578146e+00 3.704123e+00
      vertex   2.939199e+00 2.897857e+00 3.743722e+00
      vertex   2.939199e+00 2.704521e+00 3.885691e+00
    endloop
  endfacet
  facet normal 4.337707e-01 -4.958266e-01 -7.523291e-01
    outer loop
      vertex   2.479834e+00 2.578146e+00 3.704123e+00
      vertex   2.939199e+00 2.704521e+00 3.885691e+00
      vertex   2.479834e+00 2.387226e+00 3.829950e+00
    endloop
  endfacet
  facet normal 3.589023e-01 -6.257205e-01 -6.925770e-01
    outer loop
      vertex   2.003965e+00 2.983214e+00 3.138339e+00
      vertex   2.479834e+00 3.109322e+00 3.271005e+00
      vertex   2.003965e+00 2.820431e+00 3.285408e+00
    endloop
  endfacet
  facet normal 3.589023e-01 -6.257205e-01 -6.925770e-01
    outer loop
      vertex   2.003965e+00 2.820431e+00 3.285408e+00
      vertex   2.479834e+00 3.109322e+00 3.271005e+00
      vertex   2.479834e+00 2.939658e+00 3.424292e+00
    endloop
  endfacet
  facet normal 3.589023e-01 -5.898390e-01 -7.233803e-01
    outer loop
      vertex   2.003965e+00 2.820431e+00 3.285408e+00
      vertex   2.479834e+00 2.939658e+00 3.424292e+00
      vertex   2.003965e+00 2.650407e+00 3.424044e+00
    endloop
  endfacet
  facet normal 3.589023e-01 -5.898390e-01 -7.233803e-01
    outer loop
      vertex   2.003965e+00 2.650407e+00 3.424044e+00
      vertex   2.479834e+00 2.939658e+00 3.424292e+00
      vertex   2.479834e+00 2.762447e+00 3.568788e+00
    endloop
  endfacet
  facet normal 3.589023e-01 -5.524433e-01 -7.523267e-01
    outer loop
      vertex   2.003965e+00 2.650407e+00 3.424044e+00
      vertex   2.479834e+00 2.762447e+00 3.568788e+00
      vertex   2.003965e+00 2.473581e+00 3.553890e+00
    endloop
  endfacet
  facet normal 3.589023e-01 -5.524433e-01 -7.523267e-01
    outer loop
      vertex   2.003965e+00 2.473581e+00 3.553890e+00
      vertex   2.479834e+00 2.762447e+00 3.568788e+00
      vertex   2.479834e+00 2.578146e+00 3.704123e+00
    endloop
  endfacet
  facet normal 3.589023e-01 -5.136295e-01 -7.793419e-01
    outer loop
      vertex   2.003965e+00 2.473581e+00 3.553890e+00
      vertex   2.479834e+00 2.578146e+00 3.704123e+00
      vertex   2.003965e+00 2.290404e+00 3.674614e+00
    endloop
  endfacet
  facet normal 3.589023e-01 -5.136295e-01 -7.793419e-01
    outer loop
      vertex   2.003965e+00 2.290404e+00 3.674614e+00
      vertex   2.479834e+00 2.578146e+00 3.704123e+00
      vertex   2.479834e+00 2.387226e+00 3.829950e+00
    endloop
  endfacet
  facet normal 3.589023e-01 -4.734973e-01 -8.043565e-01
    outer loop
      vertex   2.003965e+00 2.290404e+00 3.674614e+00
      vertex   2.479834e+00 2.387226e+00 3.829950e+00
      vertex   2.003965e+00 2.101348e+00 3.785904e+00
    endloop
  endfacet
  facet normal 2.816493e-01 -6.432459e-01 -7.119750e-01
    outer loop
      vertex   1.514761e+00 2.884248e+00 3.034227e+00
      vertex   2.003965e+00 2.983214e+00 3.138339e+00
      vertex   1.514761e+00 2.726865e+00 3.176418e+00
    endloop
  endfacet
  facet normal 2.816493e-01 -6.432459e-01 -7.119750e-01
    outer loop
      vertex   1.514761e+00 2.726865e+00 3.176418e+00
      vertex   2.003965e+00 2.983214e+00 3.138339e+00
      vertex   2.003965e+00 2.820431e+00 3.285408e+00
    endloop
  endfacet
  facet normal 2.816493e-01 -6.063594e-01 -7.436410e-01
    outer loop
      vertex   1.514761e+00 2.726865e+00 3.176418e+00
      vertex   2.003965e+00 2.820431e+00 3.285408e+00
      vertex   1.514761e+00 2.562482e+00 3.310454e+00
    endloop
  endfacet
  facet normal 2.816493e-01 -6.063594e-01 -7.436410e-01
    outer loop
      vertex   1.514761e+00 2.562482e+00 3.310454e+00
      vertex   2.003965e+00 2.820431e+00 3.285408e+00
      vertex   2.003965e+00 2.650407e+00 3.424044e+00
    endloop
  endfacet
  facet normal 2.816493e-01 -5.679163e-01 -7.733982e-01
    outer loop
      vertex   1.514761e+00 2.562482e+00 3.310454e+00
      vertex   2.003965e+00 2.650407e+00 3.424044e+00
      vertex   1.514761e+00 2.391522e+00 3.435993e+00
    endloop
  endfacet
  facet normal 2.816493e-01 -5.679163e-01 -7.733982e-01
    outer loop
      vertex   1.514761e+00 2.391522e+00 3.435993e+00
      vertex   2.003965e+00 2.650407e+00 3.424044e+00
      vertex   2.003965e+00 2.473581e+00 3.553890e+00
    endloop
  endfacet
  facet normal 2.816493e-01 -5.280154e-01 -8.011700e-01
    outer loop
      vertex   1.514761e+00 2.391522e+00 3.435993e+00
      vertex   2.003965e+00 2.473581e+00 3.553890e+00
      vertex   1.514761e+00 2.214422e+00 3.552712e+00
    endloop
  endfacet
  facet normal 2.816493e-01 -5.280154e-01 -8.011700e-01
    outer loop
      vertex   1.514761e+00 2.214422e+00 3.552712e+00
      vertex   2.003965e+00 2.473581e+00 3.553890e+00
      vertex   2.003965e+00 2.290404e+00 3.674614e+00
    endloop
  endfacet
  facet normal 2.816493e-01 -4.867591e-01 -8.268852e-01
    outer loop
      vertex   1.514761e+00 2.214422e+00 3.552712e+00
      vertex   2.003965e+00 2.290404e+00 3.674614e+00
      vertex   1.514761e+00 2.031638e+00 3.660310e+00
    endloop
  endfacet
  facet normal 2.816493e-01 -4.867591e-01 -8.268852e-01
    outer loop
      vertex   1.514761e+00 2.031638e+00 3.660310e+00
      vertex   2.003965e+00 2.290404e+00 3.674614e+00
      vertex   2.003965e+00 2.101348e+00 3.785904e+00
    endloop
  endfacet
  facet normal 2.816493e-01 -4.442533e-01 -8.504779e-01
    outer loop
      vertex   1.514761e+00 2.031638e+00 3.660310e+00
      vertex   2.003965e+00 2.101348e+00 3.785904e+00
      vertex   1.514761e+00 1.843639e+00 3.758513e+00
    endloop
  endfacet
  facet normal 3.589023e-01 -6.925770e-01 -6.257205e-01
    outer loop
      vertex   2.003965e+00 3.285408e+00 2.820431e+00
      vertex   2.479834e+00 3.424292e+00 2.939658e+00
      vertex   2.003965e+00 3.138339e+00 2.983214e+00
    endloop
  endfacet
  facet normal 3.589023e-01 -6.925770e-01 -6.257205e-01
    outer loop
      vertex   2.003965e+00 3.138339e+00 2.983214e+00
      vertex   2.479834e+00 3.424292e+00 2.939658e+00
      vertex   2.479834e+00 3.271005e+00 3.109322e+00
    endloop
  endfacet
  facet normal 5.057565e-01 -6.401175e-01 -5.783251e-01
    outer loop
      vertex   3.379005e+00 3.787846e+00 3.251759e+00
      vertex   3.379005e+00 3.618285e+00 3.439437e+00
      vertex   2.939199e+00 3.431343e+00 3.261735e+00
    endloop
  endfacet
  facet normal 4.337707e-01 -6.685715e-01 -6.040324e-01
    outer loop
      vertex   2.479834e+00 3.424292e+00 2.939658e+00
      vertex   2.939199e+00 3.592143e+00 3.083754e+00
      vertex   2.479834e+00 3.271005e+00 3.109322e+00
    endloop
  endfacet
  facet normal 4.337707e-01 -6.685715e-01 -6.040324e-01
    outer loop
      vertex   2.479834e+00 3.271005e+00 3.109322e+00
      vertex   2.939199e+00 3.592143e+00 3.083754e+00
      vertex   2.939199e+00 3.431343e+00 3.261735e+00
    endloop
  endfacet
  facet normal 5.057565e-01 -6.401175e-01 -5.783251e-01
    outer loop
      vertex   2.939199e+00 3.592143e+00 3.083754e+00
      vertex   3.379005e+00 3.787846e+00 3.251759e+00
      vertex   2.939199e+00 3.431343e+00 3.261735e+00
    endloop
  endfacet
  facet normal 3.589023e-01 -7.523267e-01 -5.524433e-01
    outer loop
      vertex   2.479834e+00 3.568788e+00 2.762447e+00
      vertex   2.003965e+00 3.424044e+00 2.650407e+00
      vertex   2.479834e+00 3.704123e+00 2.578146e+00
    endloop
  endfacet
  facet normal 3.589023e-01 -7.523267e-01 -5.524433e-01
    outer loop
      vertex   2.479834e+00 3.704123e+00 2.578146e+00
      vertex   2.003965e+00 3.424044e+00 2.650407e+00
      vertex   2.003965e+00 3.553890e+00 2.473581e+00
    endloop
  endfacet
  facet normal 3.589023e-01 -7.793419e-01 -5.136295e-01
    outer loop
      vertex   2.479834e+00 3.704123e+00 2.578146e+00
      vertex   2.003965e+00 3.553890e+00 2.473581e+00
      vertex   2.479834e+00 3.829950e+00 2.387226e+00
    endloop
  endfacet
  facet normal 3.589023e-01 -7.793419e-01 -5.136295e-01
    outer loop
      vertex   2.479834e+00 3.829950e+00 2.387226e+00
      vertex   2.003965e+00 3.553890e+00 2.473581e+00
      vertex   2.003965e+00 3.674614e+00 2.290404e+00
    endloop
  endfacet
  facet normal 4.337707e-01 -7.262502e-01 -5.332950e-01
    outer loop
      vertex   2.479834e+00 3.568788e+00 2.762447e+00
      vertex   2.479834e+00 3.704123e+00 2.578146e+00
      vertex   2.939199e+00 3.885691e+00 2.704521e+00
    endloop
  endfacet
  facet normal 4.337707e-01 -7.523291e-01 -4.958266e-01
    outer loop
      vertex   2.939199e+00 3.885691e+00 2.704521e+00
      vertex   2.479834e+00 3.704123e+00 2.578146e+00
      vertex   2.939199e+00 4.017686e+00 2.504243e+00
    endloop
  endfacet
  facet normal 5.057565e-01 -7.203104e-01 -4.747245e-01
    outer loop
      vertex   2.939199e+00 3.885691e+00 2.704521e+00
      vertex   2.939199e+00 4.017686e+00 2.504243e+00
      vertex   3.379005e+00 4.236573e+00 2.640676e+00
    endloop
  endfacet
  facet normal 5.057565e-01 -7.434302e-01 -4.376320e-01
    outer loop
      vertex   3.379005e+00 4.236573e+00 2.640676e+00
      vertex   2.939199e+00 4.017686e+00 2.504243e+00
      vertex   3.379005e+00 4.364883e+00 2.422708e+00
    endloop
  endfacet
  facet normal 4.337707e-01 -7.523291e-01 -4.958266e-01
    outer loop
      vertex   2.939199e+00 4.017686e+00 2.504243e+00
      vertex   2.479834e+00 3.704123e+00 2.578146e+00
      vertex   2.479834e+00 3.829950e+00 2.387226e+00
    endloop
  endfacet
  facet normal 5.057565e-01 -7.434302e-01 -4.376320e-01
    outer loop
      vertex   3.379005e+00 4.364883e+00 2.422708e+00
      vertex   2.939199e+00 4.017686e+00 2.504243e+00
      vertex   2.939199e+00 4.139367e+00 2.297536e+00
    endloop
  endfacet
  facet normal 4.337707e-01 -7.764766e-01 -4.570853e-01
    outer loop
      vertex   2.939199e+00 4.139367e+00 2.297536e+00
      vertex   2.939199e+00 4.017686e+00 2.504243e+00
      vertex   2.479834e+00 3.829950e+00 2.387226e+00
    endloop
  endfacet
  facet normal 5.057565e-01 -7.646418e-01 -3.994162e-01
    outer loop
      vertex   3.379005e+00 4.481989e+00 2.198520e+00
      vertex   3.379005e+00 4.364883e+00 2.422708e+00
      vertex   2.939199e+00 4.139367e+00 2.297536e+00
    endloop
  endfacet
  facet normal 5.057565e-01 -8.011269e-01 -3.200094e-01
    outer loop
      vertex   2.939199e+00 4.439544e+00 1.644226e+00
      vertex   3.379005e+00 4.681414e+00 1.733805e+00
      vertex   2.939199e+00 4.350567e+00 1.866975e+00
    endloop
  endfacet
  facet normal 4.489493e-01 -8.298046e-01 -3.314647e-01
    outer loop
      vertex   2.939199e+00 4.439544e+00 1.644226e+00
      vertex   2.939199e+00 4.350567e+00 1.866975e+00
      vertex   2.594964e+00 4.308759e+00 1.505393e+00
    endloop
  endfacet
  facet normal 4.334743e-01 -8.442982e-01 -3.150563e-01
    outer loop
      vertex   2.594964e+00 4.308759e+00 1.505393e+00
      vertex   2.939199e+00 4.350567e+00 1.866975e+00
      vertex   2.479834e+00 4.147276e+00 1.779736e+00
    endloop
  endfacet
  facet normal 4.337707e-01 -8.187354e-01 -3.761853e-01
    outer loop
      vertex   2.939199e+00 4.350567e+00 1.866975e+00
      vertex   2.479834e+00 4.051811e+00 1.987508e+00
      vertex   2.479834e+00 4.147276e+00 1.779736e+00
    endloop
  endfacet
  facet normal 5.057565e-01 -8.403469e-01 -1.950063e-01
    outer loop
      vertex   3.379005e+00 4.889976e+00 1.004916e+00
      vertex   3.379005e+00 4.832801e+00 1.251299e+00
      vertex   2.939199e+00 4.583110e+00 1.186649e+00
    endloop
  endfacet
  facet normal 5.057565e-01 -8.293914e-01 -2.373189e-01
    outer loop
      vertex   2.939199e+00 4.583110e+00 1.186649e+00
      vertex   3.379005e+00 4.832801e+00 1.251299e+00
      vertex   2.939199e+00 4.517124e+00 1.417257e+00
    endloop
  endfacet
  facet normal 5.057565e-01 -8.491452e-01 -1.521931e-01
    outer loop
      vertex   3.379005e+00 4.934597e+00 7.559525e-01
      vertex   3.379005e+00 4.889976e+00 1.004916e+00
      vertex   2.939199e+00 4.637330e+00 9.529955e-01
    endloop
  endfacet
  facet normal 5.057565e-01 -8.403469e-01 -1.950063e-01
    outer loop
      vertex   2.939199e+00 4.637330e+00 9.529955e-01
      vertex   3.379005e+00 4.889976e+00 1.004916e+00
      vertex   2.939199e+00 4.583110e+00 1.186649e+00
    endloop
  endfacet
  facet normal 4.337707e-01 -8.187354e-01 3.761853e-01
    outer loop
      vertex   2.939199e+00 4.350567e+00 -1.866975e+00
      vertex   2.479834e+00 4.147276e+00 -1.779736e+00
      vertex   2.939199e+00 4.250422e+00 -2.084932e+00
    endloop
  endfacet
  facet normal 4.337707e-01 -8.187354e-01 3.761853e-01
    outer loop
      vertex   2.939199e+00 4.250422e+00 -2.084932e+00
      vertex   2.479834e+00 4.147276e+00 -1.779736e+00
      vertex   2.479834e+00 4.051811e+00 -1.987508e+00
    endloop
  endfacet
  facet normal 4.337707e-01 -7.986310e-01 4.171708e-01
    outer loop
      vertex   2.939199e+00 4.250422e+00 -2.084932e+00
      vertex   2.479834e+00 4.051811e+00 -1.987508e+00
      vertex   2.939199e+00 4.139367e+00 -2.297536e+00
    endloop
  endfacet
  facet normal 4.337707e-01 -7.986310e-01 4.171708e-01
    outer loop
      vertex   2.939199e+00 4.139367e+00 -2.297536e+00
      vertex   2.479834e+00 4.051811e+00 -1.987508e+00
      vertex   2.479834e+00 3.945945e+00 -2.190178e+00
    endloop
  endfacet
  facet normal 4.337707e-01 -7.764766e-01 4.570853e-01
    outer loop
      vertex   2.939199e+00 4.139367e+00 -2.297536e+00
      vertex   2.479834e+00 3.945945e+00 -2.190178e+00
      vertex   2.939199e+00 4.017686e+00 -2.504243e+00
    endloop
  endfacet
  facet normal 4.337707e-01 -7.764766e-01 4.570853e-01
    outer loop
      vertex   2.939199e+00 4.017686e+00 -2.504243e+00
      vertex   2.479834e+00 3.945945e+00 -2.190178e+00
      vertex   2.479834e+00 3.829950e+00 -2.387226e+00
    endloop
  endfacet
  facet normal 4.337707e-01 -7.523291e-01 4.958266e-01
    outer loop
      vertex   2.939199e+00 4.017686e+00 -2.504243e+00
      vertex   2.479834e+00 3.829950e+00 -2.387226e+00
      vertex   2.939199e+00 3.885691e+00 -2.704521e+00
    endloop
  endfacet
  facet normal 4.337707e-01 -7.523291e-01 4.958266e-01
    outer loop
      vertex   2.939199e+00 3.885691e+00 -2.704521e+00
      vertex   2.479834e+00 3.829950e+00 -2.387226e+00
      vertex   2.479834e+00 3.704123e+00 -2.578146e+00
    endloop
  endfacet
  facet normal 4.337707e-01 -7.262502e-01 5.332950e-01
    outer loop
      vertex   2.939199e+00 3.885691e+00 -2.704521e+00
      vertex   2.479834e+00 3.704123e+00 -2.578146e+00
      vertex   2.939199e+00 3.743722e+00 -2.897857e+00
    endloop
  endfacet
  facet normal 4.337707e-01 -7.262502e-01 5.332950e-01
    outer loop
      vertex   2.939199e+00 3.743722e+00 -2.897857e+00
      vertex   2.479834e+00 3.704123e+00 -2.578146e+00
      vertex   2.479834e+00 3.568788e+00 -2.762447e+00
    endloop
  endfacet
  facet normal 4.337707e-01 -6.983072e-01 5.693945e-01
    outer loop
      vertex   2.939199e+00 3.743722e+00 -2.897857e+00
      vertex   2.479834e+00 3.568788e+00 -2.762447e+00
      vertex   2.939199e+00 3.592143e+00 -3.083754e+00
    endloop
  endfacet
  facet normal 4.337707e-01 -6.983072e-01 5.693945e-01
    outer loop
      vertex   2.939199e+00 3.592143e+00 -3.083754e+00
      vertex   2.479834e+00 3.568788e+00 -2.762447e+00
      vertex   2.479834e+00 3.424292e+00 -2.939658e+00
    endloop
  endfacet
  facet normal 4.337707e-01 -6.685715e-01 6.040324e-01
    outer loop
      vertex   2.939199e+00 3.592143e+00 -3.083754e+00
      vertex   2.479834e+00 3.424292e+00 -2.939658e+00
      vertex   2.939199e+00 3.431343e+00 -3.261735e+00
    endloop
  endfacet
  facet normal 3.589023e-01 -7.793419e-01 5.136295e-01
    outer loop
      vertex   2.479834e+00 3.704123e+00 -2.578146e+00
      vertex   2.479834e+00 3.829950e+00 -2.387226e+00
      vertex   2.003965e+00 3.674614e+00 -2.290404e+00
    endloop
  endfacet
  facet normal 3.589023e-01 -8.043565e-01 4.734973e-01
    outer loop
      vertex   2.003965e+00 3.674614e+00 -2.290404e+00
      vertex   2.479834e+00 3.829950e+00 -2.387226e+00
      vertex   2.479834e+00 3.945945e+00 -2.190178e+00
    endloop
  endfacet
  facet normal 3.589023e-01 -7.523267e-01 5.524433e-01
    outer loop
      vertex   2.479834e+00 3.568788e+00 -2.762447e+00
      vertex   2.479834e+00 3.704123e+00 -2.578146e+00
      vertex   2.003965e+00 3.553890e+00 -2.473581e+00
    endloop
  endfacet
  facet normal 3.589023e-01 -7.793419e-01 5.136295e-01
    outer loop
      vertex   2.003965e+00 3.553890e+00 -2.473581e+00
      vertex   2.479834e+00 3.704123e+00 -2.578146e+00
      vertex   2.003965e+00 3.674614e+00 -2.290404e+00
    endloop
  endfacet
  facet normal 3.589023e-01 -7.233803e-01 5.898390e-01
    outer loop
      vertex   2.479834e+00 3.424292e+00 -2.939658e+00
      vertex   2.479834e+00 3.568788e+00 -2.762447e+00
      vertex   2.003965e+00 3.424044e+00 -2.650407e+00
    endloop
  endfacet
  facet normal 3.589023e-01 -7.523267e-01 5.524433e-01
    outer loop
      vertex   2.003965e+00 3.424044e+00 -2.650407e+00
      vertex   2.479834e+00 3.568788e+00 -2.762447e+00
      vertex   2.003965e+00 3.553890e+00 -2.473581e+00
    endloop
  endfacet
  facet normal 2.816493e-01 -7.119750e-01 6.432459e-01
    outer loop
      vertex   1.514761e+00 3.034227e+00 -2.884248e+00
      vertex   2.003965e+00 3.138339e+00 -2.983214e+00
      vertex   1.514761e+00 3.176418e+00 -2.726865e+00
    endloop
  endfacet
  facet normal 2.816493e-01 -7.119750e-01 6.432459e-01
    outer loop
      vertex   1.514761e+00 3.176418e+00 -2.726865e+00
      vertex   2.003965e+00 3.138339e+00 -2.983214e+00
      vertex   2.003965e+00 3.285408e+00 -2.820431e+00
    endloop
  endfacet
  facet normal 3.589023e-01 -6.925770e-01 6.257205e-01
    outer loop
      vertex   2.003965e+00 3.138339e+00 -2.983214e+00
      vertex   2.479834e+00 3.271005e+00 -3.109322e+00
      vertex   2.003965e+00 3.285408e+00 -2.820431e+00
    endloop
  endfacet
  facet normal -5.057565e-01 -6.401227e-01 5.783194e-01
    outer loop
      vertex   -3.379005e+00 3.787904e+00 -3.251692e+00
      vertex   -3.379005e+00 3.618285e+00 -3.439437e+00
      vertex   -2.939199e+00 3.431343e+00 -3.261735e+00
    endloop
  endfacet
  facet normal -3.588827e-01 -7.524009e-01 5.523550e-01
    outer loop
      vertex   -2.479834e+00 3.569469e+00 -2.761568e+00
      vertex   -2.003965e+00 3.424991e+00 -2.649184e+00
      vertex   -2.479834e+00 3.704123e+00 -2.578146e+00
    endloop
  endfacet
  facet normal -3.589037e-01 -7.524250e-01 5.523086e-01
    outer loop
      vertex   -2.479834e+00 3.704123e+00 -2.578146e+00
      vertex   -2.003965e+00 3.424991e+00 -2.649184e+00
      vertex   -2.003965e+00 3.553890e+00 -2.473581e+00
    endloop
  endfacet
  facet normal -3.589023e-01 -7.793419e-01 5.136295e-01
    outer loop
      vertex   -2.479834e+00 3.704123e+00 -2.578146e+00
      vertex   -2.003965e+00 3.553890e+00 -2.473581e+00
      vertex   -2.479834e+00 3.829950e+00 -2.387226e+00
    endloop
  endfacet
  facet normal -4.337718e-01 -7.263155e-01 5.332052e-01
    outer loop
      vertex   -2.479834e+00 3.569469e+00 -2.761568e+00
      vertex   -2.479834e+00 3.704123e+00 -2.578146e+00
      vertex   -2.939199e+00 3.885691e+00 -2.704521e+00
    endloop
  endfacet
  facet normal -4.337707e-01 -7.523291e-01 4.958266e-01
    outer loop
      vertex   -2.939199e+00 3.885691e+00 -2.704521e+00
      vertex   -2.479834e+00 3.704123e+00 -2.578146e+00
      vertex   -2.939199e+00 4.017686e+00 -2.504243e+00
    endloop
  endfacet
  facet normal -5.057565e-01 -7.203104e-01 4.747245e-01
    outer loop
      vertex   -2.939199e+00 3.885691e+00 -2.704521e+00
      vertex   -2.939199e+00 4.017686e+00 -2.504243e+00
      vertex   -3.379005e+00 4.236573e+00 -2.640676e+00
    endloop
  endfacet
  facet normal -5.057565e-01 -7.434302e-01 4.376320e-01
    outer loop
      vertex   -3.379005e+00 4.236573e+00 -2.640676e+00
      vertex   -2.939199e+00 4.017686e+00 -2.504243e+00
      vertex   -3.379005e+00 4.364883e+00 -2.422708e+00
    endloop
  endfacet
  facet normal -4.337707e-01 -7.523291e-01 4.958266e-01
    outer loop
      vertex   -2.939199e+00 4.017686e+00 -2.504243e+00
      vertex   -2.479834e+00 3.704123e+00 -2.578146e+00
      vertex   -2.479834e+00 3.829950e+00 -2.387226e+00
    endloop
  endfacet
  facet normal -5.057565e-01 -7.434302e-01 4.376320e-01
    outer loop
      vertex   -3.379005e+00 4.364883e+00 -2.422708e+00
      vertex   -2.939199e+00 4.017686e+00 -2.504243e+00
      vertex   -2.939199e+00 4.139367e+00 -2.297536e+00
    endloop
  endfacet
  facet normal -4.337707e-01 -7.764766e-01 4.570853e-01
    outer loop
      vertex   -2.939199e+00 4.139367e+00 -2.297536e+00
      vertex   -2.939199e+00 4.017686e+00 -2.504243e+00
      vertex   -2.479834e+00 3.829950e+00 -2.387226e+00
    endloop
  endfacet
  facet normal -5.057565e-01 -7.646418e-01 3.994162e-01
    outer loop
      vertex   -3.379005e+00 4.481989e+00 -2.198520e+00
      vertex   -3.379005e+00 4.364883e+00 -2.422708e+00
      vertex   -2.939199e+00 4.139367e+00 -2.297536e+00
    endloop
  endfacet
  facet normal -5.057565e-01 -8.163069e-01 2.790223e-01
    outer loop
      vertex   -3.379005e+00 4.681414e+00 -1.733805e+00
      vertex   -2.939199e+00 4.439544e+00 -1.644226e+00
      vertex   -3.379005e+00 4.763221e+00 -1.494470e+00
    endloop
  endfacet
  facet normal -5.057565e-01 -8.163069e-01 2.790223e-01
    outer loop
      vertex   -3.379005e+00 4.763221e+00 -1.494470e+00
      vertex   -2.939199e+00 4.439544e+00 -1.644226e+00
      vertex   -2.939199e+00 4.517124e+00 -1.417257e+00
    endloop
  endfacet
  facet normal -5.057565e-01 -8.293914e-01 2.373189e-01
    outer loop
      vertex   -3.379005e+00 4.763221e+00 -1.494470e+00
      vertex   -2.939199e+00 4.517124e+00 -1.417257e+00
      vertex   -3.379005e+00 4.832801e+00 -1.251299e+00
    endloop
  endfacet
  facet normal -4.337707e-01 4.171708e-01 -7.986310e-01
    outer loop
      vertex   -2.479834e+00 -1.987508e+00 4.051811e+00
      vertex   -2.479834e+00 -2.190178e+00 3.945945e+00
      vertex   -2.939199e+00 -2.297536e+00 4.139367e+00
    endloop
  endfacet
  facet normal -5.057565e-01 3.601751e-01 -7.838904e-01
    outer loop
      vertex   -3.379005e+00 -1.968690e+00 4.587589e+00
      vertex   -2.939199e+00 -1.866975e+00 4.350567e+00
      vertex   -3.379005e+00 -2.198520e+00 4.481989e+00
    endloop
  endfacet
  facet normal -5.057565e-01 3.601751e-01 -7.838904e-01
    outer loop
      vertex   -3.379005e+00 -2.198520e+00 4.481989e+00
      vertex   -2.939199e+00 -1.866975e+00 4.350567e+00
      vertex   -2.939199e+00 -2.084932e+00 4.250422e+00
    endloop
  endfacet
  facet normal -5.057565e-01 3.994162e-01 -7.646418e-01
    outer loop
      vertex   -3.379005e+00 -2.198520e+00 4.481989e+00
      vertex   -2.939199e+00 -2.084932e+00 4.250422e+00
      vertex   -3.379005e+00 -2.422708e+00 4.364883e+00
    endloop
  endfacet
  facet normal -4.337707e-01 3.342342e-01 -8.367380e-01
    outer loop
      vertex   -2.479834e+00 -1.567396e+00 4.232095e+00
      vertex   -2.479834e+00 -1.779736e+00 4.147276e+00
      vertex   -2.939199e+00 -1.866975e+00 4.350567e+00
    endloop
  endfacet
  facet normal -4.337707e-01 3.761853e-01 -8.187354e-01
    outer loop
      vertex   -2.939199e+00 -1.866975e+00 4.350567e+00
      vertex   -2.479834e+00 -1.779736e+00 4.147276e+00
      vertex   -2.939199e+00 -2.084932e+00 4.250422e+00
    endloop
  endfacet
  facet normal -4.337707e-01 3.342342e-01 -8.367380e-01
    outer loop
      vertex   -2.479834e+00 -1.567396e+00 4.232095e+00
      vertex   -2.939199e+00 -1.866975e+00 4.350567e+00
      vertex   -2.939199e+00 -1.644226e+00 4.439544e+00
    endloop
  endfacet
  facet normal -5.057565e-01 3.200094e-01 -8.011269e-01
    outer loop
      vertex   -2.939199e+00 -1.644226e+00 4.439544e+00
      vertex   -2.939199e+00 -1.866975e+00 4.350567e+00
      vertex   -3.379005e+00 -1.968690e+00 4.587589e+00
    endloop
  endfacet
  facet normal -4.337707e-01 2.914252e-01 -8.525927e-01
    outer loop
      vertex   -2.479834e+00 -1.567396e+00 4.232095e+00
      vertex   -2.939199e+00 -1.644226e+00 4.439544e+00
      vertex   -2.479834e+00 -1.351032e+00 4.306051e+00
    endloop
  endfacet
  facet normal -2.816493e-01 3.103444e-01 -9.079427e-01
    outer loop
      vertex   -2.003965e+00 -1.503825e+00 4.060449e+00
      vertex   -2.003965e+00 -1.296237e+00 4.131405e+00
      vertex   -1.514761e+00 -1.253235e+00 3.994349e+00
    endloop
  endfacet
  facet normal -2.816493e-01 2.639595e-01 -9.224961e-01
    outer loop
      vertex   -1.514761e+00 -1.253235e+00 3.994349e+00
      vertex   -2.003965e+00 -1.296237e+00 4.131405e+00
      vertex   -1.514761e+00 -1.049316e+00 4.052698e+00
    endloop
  endfacet
  facet normal -2.025252e-01 2.693953e-01 -9.414933e-01
    outer loop
      vertex   -1.514761e+00 -1.253235e+00 3.994349e+00
      vertex   -1.514761e+00 -1.049316e+00 4.052698e+00
      vertex   -1.015476e+00 -1.023426e+00 3.952704e+00
    endloop
  endfacet
  facet normal -2.025252e-01 2.213637e-01 -9.539296e-01
    outer loop
      vertex   -1.015476e+00 -1.023426e+00 3.952704e+00
      vertex   -1.514761e+00 -1.049316e+00 4.052698e+00
      vertex   -1.015476e+00 -8.219113e-01 3.999467e+00
    endloop
  endfacet
  facet normal -2.816493e-01 2.639595e-01 -9.224961e-01
    outer loop
      vertex   -1.514761e+00 -1.049316e+00 4.052698e+00
      vertex   -2.003965e+00 -1.296237e+00 4.131405e+00
      vertex   -2.003965e+00 -1.085321e+00 4.191756e+00
    endloop
  endfacet
  facet normal -5.057565e-01 1.950063e-01 -8.403469e-01
    outer loop
      vertex   -3.379005e+00 -1.251299e+00 4.832801e+00
      vertex   -3.379005e+00 -1.004916e+00 4.889976e+00
      vertex   -2.939199e+00 -9.529955e-01 4.637330e+00
    endloop
  endfacet
  facet normal -5.057565e-01 1.521931e-01 -8.491452e-01
    outer loop
      vertex   -2.939199e+00 -9.529955e-01 4.637330e+00
      vertex   -3.379005e+00 -1.004916e+00 4.889976e+00
      vertex   -2.939199e+00 -7.168955e-01 4.679646e+00
    endloop
  endfacet
  facet normal -4.337707e-01 1.589583e-01 -8.868908e-01
    outer loop
      vertex   -2.939199e+00 -9.529955e-01 4.637330e+00
      vertex   -2.939199e+00 -7.168955e-01 4.679646e+00
      vertex   -2.479834e+00 -6.833968e-01 4.460979e+00
    endloop
  endfacet
  facet normal -4.337707e-01 1.138340e-01 -8.938036e-01
    outer loop
      vertex   -2.479834e+00 -6.833968e-01 4.460979e+00
      vertex   -2.939199e+00 -7.168955e-01 4.679646e+00
      vertex   -2.479834e+00 -4.565748e-01 4.489866e+00
    endloop
  endfacet
  facet normal -2.816493e-01 2.168971e-01 -9.346814e-01
    outer loop
      vertex   -1.514761e+00 -1.049316e+00 4.052698e+00
      vertex   -2.003965e+00 -1.085321e+00 4.191756e+00
      vertex   -1.514761e+00 -8.427036e-01 4.100643e+00
    endloop
  endfacet
  facet normal -2.816493e-01 2.168971e-01 -9.346814e-01
    outer loop
      vertex   -1.514761e+00 -8.427036e-01 4.100643e+00
      vertex   -2.003965e+00 -1.085321e+00 4.191756e+00
      vertex   -2.003965e+00 -8.716188e-01 4.241346e+00
    endloop
  endfacet
  facet normal -2.816493e-01 1.692778e-01 -9.444674e-01
    outer loop
      vertex   -1.514761e+00 -8.427036e-01 4.100643e+00
      vertex   -2.003965e+00 -8.716188e-01 4.241346e+00
      vertex   -1.514761e+00 -6.339278e-01 4.138062e+00
    endloop
  endfacet
  facet normal -2.816493e-01 1.692778e-01 -9.444674e-01
    outer loop
      vertex   -1.514761e+00 -6.339278e-01 4.138062e+00
      vertex   -2.003965e+00 -8.716188e-01 4.241346e+00
      vertex   -2.003965e+00 -6.556794e-01 4.280049e+00
    endloop
  endfacet
  facet normal -2.816493e-01 1.212241e-01 -9.518290e-01
    outer loop
      vertex   -1.514761e+00 -6.339278e-01 4.138062e+00
      vertex   -2.003965e+00 -6.556794e-01 4.280049e+00
      vertex   -1.514761e+00 -4.235248e-01 4.164859e+00
    endloop
  endfacet
  facet normal -2.816493e-01 1.212241e-01 -9.518290e-01
    outer loop
      vertex   -1.514761e+00 -4.235248e-01 4.164859e+00
      vertex   -2.003965e+00 -6.556794e-01 4.280049e+00
      vertex   -2.003965e+00 -4.380569e-01 4.307765e+00
    endloop
  endfacet
  facet normal -2.816493e-01 7.285915e-02 -9.567472e-01
    outer loop
      vertex   -1.514761e+00 -4.235248e-01 4.164859e+00
      vertex   -2.003965e+00 -4.380569e-01 4.307765e+00
      vertex   -1.514761e+00 -2.120345e-01 4.180965e+00
    endloop
  endfacet
  facet normal -2.816493e-01 7.285915e-02 -9.567472e-01
    outer loop
      vertex   -1.514761e+00 -2.120345e-01 4.180965e+00
      vertex   -2.003965e+00 -4.380569e-01 4.307765e+00
      vertex   -2.003965e+00 -2.193099e-01 4.324424e+00
    endloop
  endfacet
  facet normal -2.816493e-01 2.430718e-02 -9.592095e-01
    outer loop
      vertex   -1.514761e+00 -2.120345e-01 4.180965e+00
      vertex   -2.003965e+00 -2.193099e-01 4.324424e+00
      vertex   -1.514761e+00 0.000000e+00 4.186338e+00
    endloop
  endfacet
  facet normal -2.816493e-01 2.430718e-02 -9.592095e-01
    outer loop
      vertex   -1.514761e+00 0.000000e+00 4.186338e+00
      vertex   -2.003965e+00 -2.193099e-01 4.324424e+00
      vertex   -2.003965e+00 0.000000e+00 4.329981e+00
    endloop
  endfacet
  facet normal -2.816493e-01 -2.430718e-02 -9.592095e-01
    outer loop
      vertex   -1.514761e+00 0.000000e+00 4.186338e+00
      vertex   -2.003965e+00 0.000000e+00 4.329981e+00
      vertex   -1.514761e+00 2.120345e-01 4.180965e+00
    endloop
  endfacet
  facet normal -2.816493e-01 -2.430718e-02 -9.592095e-01
    outer loop
      vertex   -1.514761e+00 2.120345e-01 4.180965e+00
      vertex   -2.003965e+00 0.000000e+00 4.329981e+00
      vertex   -2.003965e+00 2.193099e-01 4.324424e+00
    endloop
  endfacet
  facet normal -2.816493e-01 -7.285915e-02 -9.567472e-01
    outer loop
      vertex   -1.514761e+00 2.120345e-01 4.180965e+00
      vertex   -2.003965e+00 2.193099e-01 4.324424e+00
      vertex   -1.514761e+00 4.235248e-01 4.164859e+00
    endloop
  endfacet
  facet normal -2.816493e-01 -7.285915e-02 -9.567472e-01
    outer loop
      vertex   -1.514761e+00 4.235248e-01 4.164859e+00
      vertex   -2.003965e+00 2.193099e-01 4.324424e+00
      vertex   -2.003965e+00 4.380569e-01 4.307765e+00
    endloop
  endfacet
  facet normal -2.816493e-01 -1.212241e-01 -9.518290e-01
    outer loop
      vertex   -1.514761e+00 4.235248e-01 4.164859e+00
      vertex   -2.003965e+00 4.380569e-01 4.307765e+00
      vertex   -1.514761e+00 6.339278e-01 4.138062e+00
    endloop
  endfacet
  facet normal -2.816493e-01 -1.212241e-01 -9.518290e-01
    outer loop
      vertex   -1.514761e+00 6.339278e-01 4.138062e+00
      vertex   -2.003965e+00 4.380569e-01 4.307765e+00
      vertex   -2.003965e+00 6.556794e-01 4.280049e+00
    endloop
  endfacet
  facet normal -2.816493e-01 -1.692778e-01 -9.444674e-01
    outer loop
      vertex   -1.514761e+00 6.339278e-01 4.138062e+00
      vertex   -2.003965e+00 6.556794e-01 4.280049e+00
      vertex   -1.514761e+00 8.427036e-01 4.100643e+00
    endloop
  endfacet
  facet normal -2.816493e-01 -1.692778e-01 -9.444674e-01
    outer loop
      vertex   -1.514761e+00 8.427036e-01 4.100643e+00
      vertex   -2.003965e+00 6.556794e-01 4.280049e+00
      vertex   -2.003965e+00 8.716188e-01 4.241346e+00
    endloop
  endfacet
  facet normal -2.816493e-01 -2.168971e-01 -9.346814e-01
    outer loop
      vertex   -1.514761e+00 8.427036e-01 4.100643e+00
      vertex   -2.003965e+00 8.716188e-01 4.241346e+00
      vertex   -1.514761e+00 1.049316e+00 4.052698e+00
    endloop
  endfacet
  facet normal -2.816493e-01 -2.168971e-01 -9.346814e-01
    outer loop
      vertex   -1.514761e+00 1.049316e+00 4.052698e+00
      vertex   -2.003965e+00 8.716188e-01 4.241346e+00
      vertex   -2.003965e+00 1.085321e+00 4.191756e+00
    endloop
  endfacet
  facet normal -2.816493e-01 -2.639595e-01 -9.224961e-01
    outer loop
      vertex   -1.514761e+00 1.049316e+00 4.052698e+00
      vertex   -2.003965e+00 1.085321e+00 4.191756e+00
      vertex   -1.514761e+00 1.253235e+00 3.994349e+00
    endloop
  endfacet
  facet normal -2.816493e-01 -2.639595e-01 -9.224961e-01
    outer loop
      vertex   -1.514761e+00 1.253235e+00 3.994349e+00
      vertex   -2.003965e+00 1.085321e+00 4.191756e+00
      vertex   -2.003965e+00 1.296237e+00 4.131405e+00
    endloop
  endfacet
  facet normal -2.816493e-01 -3.103444e-01 -9.079427e-01
    outer loop
      vertex   -1.514761e+00 1.253235e+00 3.994349e+00
      vertex   -2.003965e+00 1.296237e+00 4.131405e+00
      vertex   -1.514761e+00 1.453937e+00 3.925747e+00
    endloop
  endfacet
  facet normal -2.816493e-01 -3.103444e-01 -9.079427e-01
    outer loop
      vertex   -1.514761e+00 1.453937e+00 3.925747e+00
      vertex   -2.003965e+00 1.296237e+00 4.131405e+00
      vertex   -2.003965e+00 1.503825e+00 4.060449e+00
    endloop
  endfacet
  facet normal -2.816493e-01 -3.559326e-01 -8.910587e-01
    outer loop
      vertex   -1.514761e+00 1.453937e+00 3.925747e+00
      vertex   -2.003965e+00 1.503825e+00 4.060449e+00
      vertex   -1.514761e+00 1.650907e+00 3.847068e+00
    endloop
  endfacet
  facet normal -2.816493e-01 -3.559326e-01 -8.910587e-01
    outer loop
      vertex   -1.514761e+00 1.650907e+00 3.847068e+00
      vertex   -2.003965e+00 1.503825e+00 4.060449e+00
      vertex   -2.003965e+00 1.707553e+00 3.979070e+00
    endloop
  endfacet
  facet normal -2.816493e-01 -4.006071e-01 -8.718874e-01
    outer loop
      vertex   -1.514761e+00 1.650907e+00 3.847068e+00
      vertex   -2.003965e+00 1.707553e+00 3.979070e+00
      vertex   -1.514761e+00 1.843639e+00 3.758513e+00
    endloop
  endfacet
  facet normal -2.816493e-01 -4.006071e-01 -8.718874e-01
    outer loop
      vertex   -1.514761e+00 1.843639e+00 3.758513e+00
      vertex   -2.003965e+00 1.707553e+00 3.979070e+00
      vertex   -2.003965e+00 1.906898e+00 3.887477e+00
    endloop
  endfacet
  facet normal -2.816493e-01 -4.442533e-01 -8.504779e-01
    outer loop
      vertex   -1.514761e+00 1.843639e+00 3.758513e+00
      vertex   -2.003965e+00 1.906898e+00 3.887477e+00
      vertex   -1.514761e+00 2.031638e+00 3.660310e+00
    endloop
  endfacet
  facet normal -2.816493e-01 -4.442533e-01 -8.504779e-01
    outer loop
      vertex   -1.514761e+00 2.031638e+00 3.660310e+00
      vertex   -2.003965e+00 1.906898e+00 3.887477e+00
      vertex   -2.003965e+00 2.101348e+00 3.785904e+00
    endloop
  endfacet
  facet normal -2.816493e-01 -4.867591e-01 -8.268852e-01
    outer loop
      vertex   -1.514761e+00 2.031638e+00 3.660310e+00
      vertex   -2.003965e+00 2.101348e+00 3.785904e+00
      vertex   -1.514761e+00 2.214422e+00 3.552712e+00
    endloop
  endfacet
  facet normal -2.816493e-01 -4.867591e-01 -8.268852e-01
    outer loop
      vertex   -1.514761e+00 2.214422e+00 3.552712e+00
      vertex   -2.003965e+00 2.101348e+00 3.785904e+00
      vertex   -2.003965e+00 2.290404e+00 3.674614e+00
    endloop
  endfacet
  facet normal -2.816493e-01 -5.280154e-01 -8.011700e-01
    outer loop
      vertex   -1.514761e+00 2.214422e+00 3.552712e+00
      vertex   -2.003965e+00 2.290404e+00 3.674614e+00
      vertex   -1.514761e+00 2.391522e+00 3.435993e+00
    endloop
  endfacet
  facet normal -2.816493e-01 -5.280154e-01 -8.011700e-01
    outer loop
      vertex   -1.514761e+00 2.391522e+00 3.435993e+00
      vertex   -2.003965e+00 2.290404e+00 3.674614e+00
      vertex   -2.003965e+00 2.473581e+00 3.553890e+00
    endloop
  endfacet
  facet normal -2.816493e-01 -5.679163e-01 -7.733982e-01
    outer loop
      vertex   -1.514761e+00 2.391522e+00 3.435993e+00
      vertex   -2.003965e+00 2.473581e+00 3.553890e+00
      vertex   -1.514761e+00 2.562482e+00 3.310454e+00
    endloop
  endfacet
  facet normal -2.025252e-01 1.727638e-01 -9.639171e-01
    outer loop
      vertex   -1.015476e+00 -6.182867e-01 4.035963e+00
      vertex   -1.015476e+00 -8.219113e-01 3.999467e+00
      vertex   -1.514761e+00 -8.427036e-01 4.100643e+00
    endloop
  endfacet
  facet normal -2.025252e-01 2.213637e-01 -9.539296e-01
    outer loop
      vertex   -1.514761e+00 -8.427036e-01 4.100643e+00
      vertex   -1.015476e+00 -8.219113e-01 3.999467e+00
      vertex   -1.514761e+00 -1.049316e+00 4.052698e+00
    endloop
  endfacet
  facet normal -2.025252e-01 1.727638e-01 -9.639171e-01
    outer loop
      vertex   -1.015476e+00 -6.182867e-01 4.035963e+00
      vertex   -1.514761e+00 -8.427036e-01 4.100643e+00
      vertex   -1.514761e+00 -6.339278e-01 4.138062e+00
    endloop
  endfacet
  facet normal -5.057565e-01 1.089893e-01 -8.557638e-01
    outer loop
      vertex   -3.379005e+00 -7.559525e-01 4.934597e+00
      vertex   -2.939199e+00 -4.789551e-01 4.709950e+00
      vertex   -2.939199e+00 -7.168955e-01 4.679646e+00
    endloop
  endfacet
  facet normal -4.337707e-01 1.138340e-01 -8.938036e-01
    outer loop
      vertex   -2.939199e+00 -7.168955e-01 4.679646e+00
      vertex   -2.939199e+00 -4.789551e-01 4.709950e+00
      vertex   -2.479834e+00 -4.565748e-01 4.489866e+00
    endloop
  endfacet
  facet normal -4.337707e-01 6.841750e-02 -8.984220e-01
    outer loop
      vertex   -2.479834e+00 -4.565748e-01 4.489866e+00
      vertex   -2.939199e+00 -4.789551e-01 4.709950e+00
      vertex   -2.479834e+00 -2.285808e-01 4.507229e+00
    endloop
  endfacet
  facet normal -2.025252e-01 1.237205e-01 -9.714303e-01
    outer loop
      vertex   -1.015476e+00 -6.182867e-01 4.035963e+00
      vertex   -1.514761e+00 -6.339278e-01 4.138062e+00
      vertex   -1.015476e+00 -4.130750e-01 4.062098e+00
    endloop
  endfacet
  facet normal -2.025252e-01 1.237205e-01 -9.714303e-01
    outer loop
      vertex   -1.015476e+00 -4.130750e-01 4.062098e+00
      vertex   -1.514761e+00 -6.339278e-01 4.138062e+00
      vertex   -1.514761e+00 -4.235248e-01 4.164859e+00
    endloop
  endfacet
  facet normal -2.025252e-01 7.435956e-02 -9.764498e-01
    outer loop
      vertex   -1.015476e+00 -4.130750e-01 4.062098e+00
      vertex   -1.514761e+00 -4.235248e-01 4.164859e+00
      vertex   -1.015476e+00 -2.068029e-01 4.077806e+00
    endloop
  endfacet
  facet normal -2.025252e-01 7.435956e-02 -9.764498e-01
    outer loop
      vertex   -1.015476e+00 -2.068029e-01 4.077806e+00
      vertex   -1.514761e+00 -4.235248e-01 4.164859e+00
      vertex   -1.514761e+00 -2.120345e-01 4.180965e+00
    endloop
  endfacet
  facet normal -2.025252e-01 2.480775e-02 -9.789628e-01
    outer loop
      vertex   -1.015476e+00 -2.068029e-01 4.077806e+00
      vertex   -1.514761e+00 -2.120345e-01 4.180965e+00
      vertex   -1.015476e+00 0.000000e+00 4.083047e+00
    endloop
  endfacet
  facet normal -2.025252e-01 2.480775e-02 -9.789628e-01
    outer loop
      vertex   -1.015476e+00 0.000000e+00 4.083047e+00
      vertex   -1.514761e+00 -2.120345e-01 4.180965e+00
      vertex   -1.514761e+00 0.000000e+00 4.186338e+00
    endloop
  endfacet
  facet normal -2.025252e-01 -2.480775e-02 -9.789628e-01
    outer loop
      vertex   -1.015476e+00 0.000000e+00 4.083047e+00
      vertex   -1.514761e+00 0.000000e+00 4.186338e+00
      vertex   -1.015476e+00 2.068029e-01 4.077806e+00
    endloop
  endfacet
  facet normal -2.025252e-01 -2.480775e-02 -9.789628e-01
    outer loop
      vertex   -1.015476e+00 2.068029e-01 4.077806e+00
      vertex   -1.514761e+00 0.000000e+00 4.186338e+00
      vertex   -1.514761e+00 2.120345e-01 4.180965e+00
    endloop
  endfacet
  facet normal -2.025252e-01 -7.435956e-02 -9.764498e-01
    outer loop
      vertex   -1.015476e+00 2.068029e-01 4.077806e+00
      vertex   -1.514761e+00 2.120345e-01 4.180965e+00
      vertex   -1.015476e+00 4.130750e-01 4.062098e+00
    endloop
  endfacet
  facet normal -2.025252e-01 -7.435956e-02 -9.764498e-01
    outer loop
      vertex   -1.015476e+00 4.130750e-01 4.062098e+00
      vertex   -1.514761e+00 2.120345e-01 4.180965e+00
      vertex   -1.514761e+00 4.235248e-01 4.164859e+00
    endloop
  endfacet
  facet normal -2.025252e-01 -1.237205e-01 -9.714303e-01
    outer loop
      vertex   -1.015476e+00 4.130750e-01 4.062098e+00
      vertex   -1.514761e+00 4.235248e-01 4.164859e+00
      vertex   -1.015476e+00 6.182867e-01 4.035963e+00
    endloop
  endfacet
  facet normal -2.025252e-01 -1.237205e-01 -9.714303e-01
    outer loop
      vertex   -1.015476e+00 6.182867e-01 4.035963e+00
      vertex   -1.514761e+00 4.235248e-01 4.164859e+00
      vertex   -1.514761e+00 6.339278e-01 4.138062e+00
    endloop
  endfacet
  facet normal -2.025252e-01 -1.727638e-01 -9.639171e-01
    outer loop
      vertex   -1.015476e+00 6.182867e-01 4.035963e+00
      vertex   -1.514761e+00 6.339278e-01 4.138062e+00
      vertex   -1.015476e+00 8.219113e-01 3.999467e+00
    endloop
  endfacet
  facet normal -2.025252e-01 -1.727638e-01 -9.639171e-01
    outer loop
      vertex   -1.015476e+00 8.219113e-01 3.999467e+00
      vertex   -1.514761e+00 6.339278e-01 4.138062e+00
      vertex   -1.514761e+00 8.427036e-01 4.100643e+00
    endloop
  endfacet
  facet normal -2.025252e-01 -2.213637e-01 -9.539296e-01
    outer loop
      vertex   -1.015476e+00 8.219113e-01 3.999467e+00
      vertex   -1.514761e+00 8.427036e-01 4.100643e+00
      vertex   -1.015476e+00 1.023426e+00 3.952704e+00
    endloop
  endfacet
  facet normal -2.025252e-01 -2.213637e-01 -9.539296e-01
    outer loop
      vertex   -1.015476e+00 1.023426e+00 3.952704e+00
      vertex   -1.514761e+00 8.427036e-01 4.100643e+00
      vertex   -1.514761e+00 1.049316e+00 4.052698e+00
    endloop
  endfacet
  facet normal -2.025252e-01 -2.693953e-01 -9.414933e-01
    outer loop
      vertex   -1.015476e+00 1.023426e+00 3.952704e+00
      vertex   -1.514761e+00 1.049316e+00 4.052698e+00
      vertex   -1.015476e+00 1.222314e+00 3.895795e+00
    endloop
  endfacet
  facet normal -2.025252e-01 -2.693953e-01 -9.414933e-01
    outer loop
      vertex   -1.015476e+00 1.222314e+00 3.895795e+00
      vertex   -1.514761e+00 1.049316e+00 4.052698e+00
      vertex   -1.514761e+00 1.253235e+00 3.994349e+00
    endloop
  endfacet
  facet normal -2.025252e-01 -3.167354e-01 -9.266403e-01
    outer loop
      vertex   -1.015476e+00 1.222314e+00 3.895795e+00
      vertex   -1.514761e+00 1.253235e+00 3.994349e+00
      vertex   -1.015476e+00 1.418064e+00 3.828886e+00
    endloop
  endfacet
  facet normal -2.025252e-01 -3.167354e-01 -9.266403e-01
    outer loop
      vertex   -1.015476e+00 1.418064e+00 3.828886e+00
      vertex   -1.514761e+00 1.253235e+00 3.994349e+00
      vertex   -1.514761e+00 1.453937e+00 3.925747e+00
    endloop
  endfacet
  facet normal -2.025252e-01 -3.632624e-01 -9.094086e-01
    outer loop
      vertex   -1.015476e+00 1.418064e+00 3.828886e+00
      vertex   -1.514761e+00 1.453937e+00 3.925747e+00
      vertex   -1.015476e+00 1.610174e+00 3.752148e+00
    endloop
  endfacet
  facet normal -2.025252e-01 -3.632624e-01 -9.094086e-01
    outer loop
      vertex   -1.015476e+00 1.610174e+00 3.752148e+00
      vertex   -1.514761e+00 1.453937e+00 3.925747e+00
      vertex   -1.514761e+00 1.650907e+00 3.847068e+00
    endloop
  endfacet
  facet normal -2.025252e-01 -4.088570e-01 -8.898424e-01
    outer loop
      vertex   -1.015476e+00 1.610174e+00 3.752148e+00
      vertex   -1.514761e+00 1.650907e+00 3.847068e+00
      vertex   -1.015476e+00 1.798150e+00 3.665778e+00
    endloop
  endfacet
  facet normal -2.025252e-01 -4.088570e-01 -8.898424e-01
    outer loop
      vertex   -1.015476e+00 1.798150e+00 3.665778e+00
      vertex   -1.514761e+00 1.650907e+00 3.847068e+00
      vertex   -1.514761e+00 1.843639e+00 3.758513e+00
    endloop
  endfacet
  facet normal -2.025252e-01 -4.534020e-01 -8.679920e-01
    outer loop
      vertex   -1.015476e+00 1.798150e+00 3.665778e+00
      vertex   -1.514761e+00 1.843639e+00 3.758513e+00
      vertex   -1.015476e+00 1.981511e+00 3.569998e+00
    endloop
  endfacet
  facet normal -2.025252e-01 -4.534020e-01 -8.679920e-01
    outer loop
      vertex   -1.015476e+00 1.981511e+00 3.569998e+00
      vertex   -1.514761e+00 1.843639e+00 3.758513e+00
      vertex   -1.514761e+00 2.031638e+00 3.660310e+00
    endloop
  endfacet
  facet normal -2.025252e-01 -4.967831e-01 -8.439135e-01
    outer loop
      vertex   -1.015476e+00 1.981511e+00 3.569998e+00
      vertex   -1.514761e+00 2.031638e+00 3.660310e+00
      vertex   -1.015476e+00 2.159785e+00 3.465054e+00
    endloop
  endfacet
  facet normal -2.025252e-01 -4.967831e-01 -8.439135e-01
    outer loop
      vertex   -1.015476e+00 2.159785e+00 3.465054e+00
      vertex   -1.514761e+00 2.031638e+00 3.660310e+00
      vertex   -1.514761e+00 2.214422e+00 3.552712e+00
    endloop
  endfacet
  facet normal -2.025252e-01 -5.388890e-01 -8.176687e-01
    outer loop
      vertex   -1.015476e+00 2.159785e+00 3.465054e+00
      vertex   -1.514761e+00 2.214422e+00 3.552712e+00
      vertex   -1.015476e+00 2.332515e+00 3.351216e+00
    endloop
  endfacet
  facet normal -2.025252e-01 -5.388890e-01 -8.176687e-01
    outer loop
      vertex   -1.015476e+00 2.332515e+00 3.351216e+00
      vertex   -1.514761e+00 2.214422e+00 3.552712e+00
      vertex   -1.514761e+00 2.391522e+00 3.435993e+00
    endloop
  endfacet
  facet normal -2.025252e-01 -5.796116e-01 -7.893250e-01
    outer loop
      vertex   -1.015476e+00 2.332515e+00 3.351216e+00
      vertex   -1.514761e+00 2.391522e+00 3.435993e+00
      vertex   -1.015476e+00 2.499258e+00 3.228775e+00
    endloop
  endfacet
  facet normal -2.025252e-01 -5.796116e-01 -7.893250e-01
    outer loop
      vertex   -1.015476e+00 2.499258e+00 3.228775e+00
      vertex   -1.514761e+00 2.391522e+00 3.435993e+00
      vertex   -1.514761e+00 2.562482e+00 3.310454e+00
    endloop
  endfacet
  facet normal -5.057565e-01 1.521931e-01 -8.491452e-01
    outer loop
      vertex   -3.379005e+00 -1.004916e+00 4.889976e+00
      vertex   -3.379005e+00 -7.559525e-01 4.934597e+00
      vertex   -2.939199e+00 -7.168955e-01 4.679646e+00
    endloop
  endfacet
  facet normal -5.057565e-01 -2.185393e-02 -8.623994e-01
    outer loop
      vertex   -3.379005e+00 2.528490e-01 4.985758e+00
      vertex   -2.939199e+00 2.397853e-01 4.728164e+00
      vertex   -3.379005e+00 0.000000e+00 4.992165e+00
    endloop
  endfacet
  facet normal -5.057565e-01 -2.185393e-02 -8.623994e-01
    outer loop
      vertex   -3.379005e+00 0.000000e+00 4.992165e+00
      vertex   -2.939199e+00 2.397853e-01 4.728164e+00
      vertex   -2.939199e+00 0.000000e+00 4.734240e+00
    endloop
  endfacet
  facet normal -5.057565e-01 2.185393e-02 -8.623994e-01
    outer loop
      vertex   -3.379005e+00 0.000000e+00 4.992165e+00
      vertex   -2.939199e+00 0.000000e+00 4.734240e+00
      vertex   -3.379005e+00 -2.528490e-01 4.985758e+00
    endloop
  endfacet
  facet normal -4.337707e-01 -6.841750e-02 -8.984220e-01
    outer loop
      vertex   -2.479834e+00 4.565748e-01 4.489866e+00
      vertex   -2.479834e+00 2.285808e-01 4.507229e+00
      vertex   -2.939199e+00 2.397853e-01 4.728164e+00
    endloop
  endfacet
  facet normal -4.337707e-01 -2.282537e-02 -9.007341e-01
    outer loop
      vertex   -2.939199e+00 2.397853e-01 4.728164e+00
      vertex   -2.479834e+00 2.285808e-01 4.507229e+00
      vertex   -2.939199e+00 0.000000e+00 4.734240e+00
    endloop
  endfacet
  facet normal -4.337707e-01 -6.841750e-02 -8.984220e-01
    outer loop
      vertex   -2.479834e+00 4.565748e-01 4.489866e+00
      vertex   -2.939199e+00 2.397853e-01 4.728164e+00
      vertex   -2.939199e+00 4.789551e-01 4.709950e+00
    endloop
  endfacet
  facet normal -5.057565e-01 -6.550569e-02 -8.601856e-01
    outer loop
      vertex   -2.939199e+00 4.789551e-01 4.709950e+00
      vertex   -2.939199e+00 2.397853e-01 4.728164e+00
      vertex   -3.379005e+00 2.528490e-01 4.985758e+00
    endloop
  endfacet
  facet normal -4.337707e-01 -1.138340e-01 -8.938036e-01
    outer loop
      vertex   -2.479834e+00 4.565748e-01 4.489866e+00
      vertex   -2.939199e+00 4.789551e-01 4.709950e+00
      vertex   -2.479834e+00 6.833968e-01 4.460979e+00
    endloop
  endfacet
  facet normal -5.057565e-01 -1.950063e-01 -8.403469e-01
    outer loop
      vertex   -3.379005e+00 1.004916e+00 4.889976e+00
      vertex   -3.379005e+00 1.251299e+00 4.832801e+00
      vertex   -2.939199e+00 1.186649e+00 4.583110e+00
    endloop
  endfacet
  facet normal -5.057565e-01 -2.373189e-01 -8.293914e-01
    outer loop
      vertex   -2.939199e+00 1.186649e+00 4.583110e+00
      vertex   -3.379005e+00 1.251299e+00 4.832801e+00
      vertex   -2.939199e+00 1.417257e+00 4.517124e+00
    endloop
  endfacet
  facet normal -4.337707e-01 -2.478680e-01 -8.662589e-01
    outer loop
      vertex   -2.939199e+00 1.186649e+00 4.583110e+00
      vertex   -2.939199e+00 1.417257e+00 4.517124e+00
      vertex   -2.479834e+00 1.351032e+00 4.306051e+00
    endloop
  endfacet
  facet normal -4.337707e-01 -2.914252e-01 -8.525927e-01
    outer loop
      vertex   -2.479834e+00 1.351032e+00 4.306051e+00
      vertex   -2.939199e+00 1.417257e+00 4.517124e+00
      vertex   -2.479834e+00 1.567396e+00 4.232095e+00
    endloop
  endfacet
  facet normal -5.057565e-01 -2.790223e-01 -8.163069e-01
    outer loop
      vertex   -3.379005e+00 1.494470e+00 4.763221e+00
      vertex   -2.939199e+00 1.644226e+00 4.439544e+00
      vertex   -2.939199e+00 1.417257e+00 4.517124e+00
    endloop
  endfacet
  facet normal -4.337707e-01 -2.914252e-01 -8.525927e-01
    outer loop
      vertex   -2.939199e+00 1.417257e+00 4.517124e+00
      vertex   -2.939199e+00 1.644226e+00 4.439544e+00
      vertex   -2.479834e+00 1.567396e+00 4.232095e+00
    endloop
  endfacet
  facet normal -4.337707e-01 -3.342342e-01 -8.367380e-01
    outer loop
      vertex   -2.479834e+00 1.567396e+00 4.232095e+00
      vertex   -2.939199e+00 1.644226e+00 4.439544e+00
      vertex   -2.479834e+00 1.779736e+00 4.147276e+00
    endloop
  endfacet
  facet normal -5.057565e-01 -2.373189e-01 -8.293914e-01
    outer loop
      vertex   -3.379005e+00 1.251299e+00 4.832801e+00
      vertex   -3.379005e+00 1.494470e+00 4.763221e+00
      vertex   -2.939199e+00 1.417257e+00 4.517124e+00
    endloop
  endfacet
  facet normal -5.057565e-01 -3.994162e-01 -7.646418e-01
    outer loop
      vertex   -3.379005e+00 2.422708e+00 4.364883e+00
      vertex   -2.939199e+00 2.297536e+00 4.139367e+00
      vertex   -3.379005e+00 2.198520e+00 4.481989e+00
    endloop
  endfacet
  facet normal -5.057565e-01 -3.994162e-01 -7.646418e-01
    outer loop
      vertex   -3.379005e+00 2.198520e+00 4.481989e+00
      vertex   -2.939199e+00 2.297536e+00 4.139367e+00
      vertex   -2.939199e+00 2.084932e+00 4.250422e+00
    endloop
  endfacet
  facet normal -5.057565e-01 -3.601751e-01 -7.838904e-01
    outer loop
      vertex   -3.379005e+00 2.198520e+00 4.481989e+00
      vertex   -2.939199e+00 2.084932e+00 4.250422e+00
      vertex   -3.379005e+00 1.968690e+00 4.587589e+00
    endloop
  endfacet
  facet normal -4.337707e-01 -4.570853e-01 -7.764766e-01
    outer loop
      vertex   -2.479834e+00 2.387226e+00 3.829950e+00
      vertex   -2.479834e+00 2.190178e+00 3.945945e+00
      vertex   -2.939199e+00 2.297536e+00 4.139367e+00
    endloop
  endfacet
  facet normal -4.337707e-01 -4.171708e-01 -7.986310e-01
    outer loop
      vertex   -2.939199e+00 2.297536e+00 4.139367e+00
      vertex   -2.479834e+00 2.190178e+00 3.945945e+00
      vertex   -2.939199e+00 2.084932e+00 4.250422e+00
    endloop
  endfacet
  facet normal -5.057565e-01 -4.376320e-01 -7.434302e-01
    outer loop
      vertex   -2.939199e+00 2.297536e+00 4.139367e+00
      vertex   -3.379005e+00 2.422708e+00 4.364883e+00
      vertex   -2.939199e+00 2.504243e+00 4.017686e+00
    endloop
  endfacet
  facet normal -5.057565e-01 -4.376320e-01 -7.434302e-01
    outer loop
      vertex   -2.939199e+00 2.504243e+00 4.017686e+00
      vertex   -3.379005e+00 2.422708e+00 4.364883e+00
      vertex   -3.379005e+00 2.640676e+00 4.236573e+00
    endloop
  endfacet
  facet normal -5.057565e-01 -4.747245e-01 -7.203104e-01
    outer loop
      vertex   -2.939199e+00 2.504243e+00 4.017686e+00
      vertex   -3.379005e+00 2.640676e+00 4.236573e+00
      vertex   -2.939199e+00 2.704521e+00 3.885691e+00
    endloop
  endfacet
  facet normal -4.337707e-01 -4.958266e-01 -7.523291e-01
    outer loop
      vertex   -2.939199e+00 2.704521e+00 3.885691e+00
      vertex   -2.479834e+00 2.578146e+00 3.704123e+00
      vertex   -2.939199e+00 2.504243e+00 4.017686e+00
    endloop
  endfacet
  facet normal -4.337707e-01 -4.958266e-01 -7.523291e-01
    outer loop
      vertex   -2.939199e+00 2.504243e+00 4.017686e+00
      vertex   -2.479834e+00 2.578146e+00 3.704123e+00
      vertex   -2.479834e+00 2.387226e+00 3.829950e+00
    endloop
  endfacet
  facet normal -4.337707e-01 -4.570853e-01 -7.764766e-01
    outer loop
      vertex   -2.939199e+00 2.504243e+00 4.017686e+00
      vertex   -2.479834e+00 2.387226e+00 3.829950e+00
      vertex   -2.939199e+00 2.297536e+00 4.139367e+00
    endloop
  endfacet
  facet normal -4.337707e-01 -5.332950e-01 -7.262502e-01
    outer loop
      vertex   -2.479834e+00 2.578146e+00 3.704123e+00
      vertex   -2.939199e+00 2.704521e+00 3.885691e+00
      vertex   -2.479834e+00 2.762447e+00 3.568788e+00
    endloop
  endfacet
  facet normal -5.057565e-01 6.550569e-02 8.601856e-01
    outer loop
      vertex   -2.939199e+00 -2.397853e-01 -4.728164e+00
      vertex   -3.379005e+00 -2.528490e-01 -4.985758e+00
      vertex   -2.939199e+00 -4.789551e-01 -4.709950e+00
    endloop
  endfacet
  facet normal -4.337707e-01 6.841750e-02 8.984220e-01
    outer loop
      vertex   -2.939199e+00 -2.397853e-01 -4.728164e+00
      vertex   -2.939199e+00 -4.789551e-01 -4.709950e+00
      vertex   -2.479834e+00 -4.565748e-01 -4.489866e+00
    endloop
  endfacet
  facet normal -4.337707e-01 1.138340e-01 8.938036e-01
    outer loop
      vertex   -2.479834e+00 -4.565748e-01 -4.489866e+00
      vertex   -2.939199e+00 -4.789551e-01 -4.709950e+00
      vertex   -2.479834e+00 -6.833968e-01 -4.460979e+00
    endloop
  endfacet
  facet normal -3.589023e-01 1.179213e-01 9.258962e-01
    outer loop
      vertex   -2.479834e+00 -4.565748e-01 -4.489866e+00
      vertex   -2.479834e+00 -6.833968e-01 -4.460979e+00
      vertex   -2.003965e+00 -6.556794e-01 -4.280049e+00
    endloop
  endfacet
  facet normal -3.589023e-01 1.646658e-01 9.187352e-01
    outer loop
      vertex   -2.003965e+00 -6.556794e-01 -4.280049e+00
      vertex   -2.479834e+00 -6.833968e-01 -4.460979e+00
      vertex   -2.003965e+00 -8.716188e-01 -4.241346e+00
    endloop
  endfacet
  facet normal -2.816493e-01 1.692778e-01 9.444674e-01
    outer loop
      vertex   -2.003965e+00 -6.556794e-01 -4.280049e+00
      vertex   -2.003965e+00 -8.716188e-01 -4.241346e+00
      vertex   -1.514761e+00 -8.427036e-01 -4.100643e+00
    endloop
  endfacet
  facet normal -5.057565e-01 1.521931e-01 8.491452e-01
    outer loop
      vertex   -3.379005e+00 -1.004916e+00 -4.889976e+00
      vertex   -2.939199e+00 -9.529955e-01 -4.637330e+00
      vertex   -3.379005e+00 -7.559525e-01 -4.934597e+00
    endloop
  endfacet
  facet normal -5.057565e-01 2.373189e-01 8.293914e-01
    outer loop
      vertex   -2.939199e+00 -1.186649e+00 -4.583110e+00
      vertex   -3.379005e+00 -1.251299e+00 -4.832801e+00
      vertex   -2.939199e+00 -1.417257e+00 -4.517124e+00
    endloop
  endfacet
  facet normal -5.057565e-01 2.373189e-01 8.293914e-01
    outer loop
      vertex   -2.939199e+00 -1.417257e+00 -4.517124e+00
      vertex   -3.379005e+00 -1.251299e+00 -4.832801e+00
      vertex   -3.379005e+00 -1.494470e+00 -4.763221e+00
    endloop
  endfacet
  facet normal -5.057565e-01 2.790223e-01 8.163069e-01
    outer loop
      vertex   -2.939199e+00 -1.417257e+00 -4.517124e+00
      vertex   -3.379005e+00 -1.494470e+00 -4.763221e+00
      vertex   -2.939199e+00 -1.644226e+00 -4.439544e+00
    endloop
  endfacet
  facet normal -5.057565e-01 2.790223e-01 8.163069e-01
    outer loop
      vertex   -2.939199e+00 -1.644226e+00 -4.439544e+00
      vertex   -3.379005e+00 -1.494470e+00 -4.763221e+00
      vertex   -3.379005e+00 -1.733805e+00 -4.681414e+00
    endloop
  endfacet
  facet normal -5.057565e-01 3.200094e-01 8.011269e-01
    outer loop
      vertex   -2.939199e+00 -1.644226e+00 -4.439544e+00
      vertex   -3.379005e+00 -1.733805e+00 -4.681414e+00
      vertex   -2.939199e+00 -1.866975e+00 -4.350567e+00
    endloop
  endfacet
  facet normal -5.057565e-01 3.200094e-01 8.011269e-01
    outer loop
      vertex   -2.939199e+00 -1.866975e+00 -4.350567e+00
      vertex   -3.379005e+00 -1.733805e+00 -4.681414e+00
      vertex   -3.379005e+00 -1.968690e+00 -4.587589e+00
    endloop
  endfacet
  facet normal -5.057565e-01 3.601751e-01 7.838904e-01
    outer loop
      vertex   -2.939199e+00 -1.866975e+00 -4.350567e+00
      vertex   -3.379005e+00 -1.968690e+00 -4.587589e+00
      vertex   -2.939199e+00 -2.084932e+00 -4.250422e+00
    endloop
  endfacet
  facet normal -3.589023e-01 2.567679e-01 8.973625e-01
    outer loop
      vertex   -2.003965e+00 -1.296237e+00 -4.131405e+00
      vertex   -2.003965e+00 -1.085321e+00 -4.191756e+00
      vertex   -2.479834e+00 -1.131200e+00 -4.368953e+00
    endloop
  endfacet
  facet normal -4.337707e-01 2.478680e-01 8.662589e-01
    outer loop
      vertex   -2.479834e+00 -1.131200e+00 -4.368953e+00
      vertex   -2.939199e+00 -1.186649e+00 -4.583110e+00
      vertex   -2.479834e+00 -1.351032e+00 -4.306051e+00
    endloop
  endfacet
  facet normal -4.337707e-01 2.478680e-01 8.662589e-01
    outer loop
      vertex   -2.479834e+00 -1.351032e+00 -4.306051e+00
      vertex   -2.939199e+00 -1.186649e+00 -4.583110e+00
      vertex   -2.939199e+00 -1.417257e+00 -4.517124e+00
    endloop
  endfacet
  facet normal -4.337707e-01 2.914252e-01 8.525927e-01
    outer loop
      vertex   -2.479834e+00 -1.351032e+00 -4.306051e+00
      vertex   -2.939199e+00 -1.417257e+00 -4.517124e+00
      vertex   -2.479834e+00 -1.567396e+00 -4.232095e+00
    endloop
  endfacet
  facet normal -4.337707e-01 2.914252e-01 8.525927e-01
    outer loop
      vertex   -2.479834e+00 -1.567396e+00 -4.232095e+00
      vertex   -2.939199e+00 -1.417257e+00 -4.517124e+00
      vertex   -2.939199e+00 -1.644226e+00 -4.439544e+00
    endloop
  endfacet
  facet normal -4.337707e-01 3.342342e-01 8.367380e-01
    outer loop
      vertex   -2.479834e+00 -1.567396e+00 -4.232095e+00
      vertex   -2.939199e+00 -1.644226e+00 -4.439544e+00
      vertex   -2.479834e+00 -1.779736e+00 -4.147276e+00
    endloop
  endfacet
  facet normal -4.337707e-01 3.342342e-01 8.367380e-01
    outer loop
      vertex   -2.479834e+00 -1.779736e+00 -4.147276e+00
      vertex   -2.939199e+00 -1.644226e+00 -4.439544e+00
      vertex   -2.939199e+00 -1.866975e+00 -4.350567e+00
    endloop
  endfacet
  facet normal -4.337707e-01 3.761853e-01 8.187354e-01
    outer loop
      vertex   -2.479834e+00 -1.779736e+00 -4.147276e+00
      vertex   -2.939199e+00 -1.866975e+00 -4.350567e+00
      vertex   -2.479834e+00 -1.987508e+00 -4.051811e+00
    endloop
  endfacet
  facet normal -4.337707e-01 3.761853e-01 8.187354e-01
    outer loop
      vertex   -2.479834e+00 -1.987508e+00 -4.051811e+00
      vertex   -2.939199e+00 -1.866975e+00 -4.350567e+00
      vertex   -2.939199e+00 -2.084932e+00 -4.250422e+00
    endloop
  endfacet
  facet normal -4.337707e-01 4.171708e-01 7.986310e-01
    outer loop
      vertex   -2.479834e+00 -1.987508e+00 -4.051811e+00
      vertex   -2.939199e+00 -2.084932e+00 -4.250422e+00
      vertex   -2.479834e+00 -2.190178e+00 -3.945945e+00
    endloop
  endfacet
  facet normal -3.589023e-01 3.018890e-01 8.832056e-01
    outer loop
      vertex   -2.479834e+00 -1.567396e+00 -4.232095e+00
      vertex   -2.003965e+00 -1.503825e+00 -4.060449e+00
      vertex   -2.479834e+00 -1.351032e+00 -4.306051e+00
    endloop
  endfacet
  facet normal -3.589023e-01 3.018890e-01 8.832056e-01
    outer loop
      vertex   -2.479834e+00 -1.351032e+00 -4.306051e+00
      vertex   -2.003965e+00 -1.503825e+00 -4.060449e+00
      vertex   -2.003965e+00 -1.296237e+00 -4.131405e+00
    endloop
  endfacet
  facet normal -3.589023e-01 2.567679e-01 8.973625e-01
    outer loop
      vertex   -2.479834e+00 -1.351032e+00 -4.306051e+00
      vertex   -2.003965e+00 -1.296237e+00 -4.131405e+00
      vertex   -2.479834e+00 -1.131200e+00 -4.368953e+00
    endloop
  endfacet
  facet normal -3.589023e-01 3.462351e-01 8.667816e-01
    outer loop
      vertex   -2.003965e+00 -1.503825e+00 -4.060449e+00
      vertex   -2.479834e+00 -1.567396e+00 -4.232095e+00
      vertex   -2.003965e+00 -1.707553e+00 -3.979070e+00
    endloop
  endfacet
  facet normal -3.589023e-01 3.462351e-01 8.667816e-01
    outer loop
      vertex   -2.003965e+00 -1.707553e+00 -3.979070e+00
      vertex   -2.479834e+00 -1.567396e+00 -4.232095e+00
      vertex   -2.479834e+00 -1.779736e+00 -4.147276e+00
    endloop
  endfacet
  facet normal -3.589023e-01 3.896925e-01 8.481326e-01
    outer loop
      vertex   -2.003965e+00 -1.707553e+00 -3.979070e+00
      vertex   -2.479834e+00 -1.779736e+00 -4.147276e+00
      vertex   -2.479834e+00 -1.987508e+00 -4.051811e+00
    endloop
  endfacet
  facet normal -5.057565e-01 4.747245e-01 7.203104e-01
    outer loop
      vertex   -3.379005e+00 -2.851865e+00 -4.097387e+00
      vertex   -2.939199e+00 -2.504243e+00 -4.017686e+00
      vertex   -3.379005e+00 -2.640676e+00 -4.236573e+00
    endloop
  endfacet
  facet normal -5.057565e-01 4.376320e-01 7.434302e-01
    outer loop
      vertex   -3.379005e+00 -2.640676e+00 -4.236573e+00
      vertex   -2.939199e+00 -2.504243e+00 -4.017686e+00
      vertex   -3.379005e+00 -2.422708e+00 -4.364883e+00
    endloop
  endfacet
  facet normal 2.816493e-01 3.103444e-01 9.079427e-01
    outer loop
      vertex   1.514761e+00 -1.453937e+00 -3.925747e+00
      vertex   2.003965e+00 -1.503825e+00 -4.060449e+00
      vertex   1.514761e+00 -1.253235e+00 -3.994349e+00
    endloop
  endfacet
  facet normal 2.816493e-01 3.103444e-01 9.079427e-01
    outer loop
      vertex   1.514761e+00 -1.253235e+00 -3.994349e+00
      vertex   2.003965e+00 -1.503825e+00 -4.060449e+00
      vertex   2.003965e+00 -1.296237e+00 -4.131405e+00
    endloop
  endfacet
  facet normal 4.337707e-01 2.914252e-01 8.525927e-01
    outer loop
      vertex   2.939199e+00 -1.644226e+00 -4.439544e+00
      vertex   2.939199e+00 -1.417257e+00 -4.517124e+00
      vertex   2.479834e+00 -1.351032e+00 -4.306051e+00
    endloop
  endfacet
  facet normal 3.589023e-01 3.018890e-01 8.832056e-01
    outer loop
      vertex   2.479834e+00 -1.351032e+00 -4.306051e+00
      vertex   2.003965e+00 -1.296237e+00 -4.131405e+00
      vertex   2.479834e+00 -1.567396e+00 -4.232095e+00
    endloop
  endfacet
  facet normal 3.589023e-01 3.018890e-01 8.832056e-01
    outer loop
      vertex   2.479834e+00 -1.567396e+00 -4.232095e+00
      vertex   2.003965e+00 -1.296237e+00 -4.131405e+00
      vertex   2.003965e+00 -1.503825e+00 -4.060449e+00
    endloop
  endfacet
  facet normal 3.589023e-01 3.462351e-01 8.667816e-01
    outer loop
      vertex   2.479834e+00 -1.567396e+00 -4.232095e+00
      vertex   2.003965e+00 -1.503825e+00 -4.060449e+00
      vertex   2.479834e+00 -1.779736e+00 -4.147276e+00
    endloop
  endfacet
  facet normal 4.337707e-01 3.342342e-01 8.367380e-01
    outer loop
      vertex   2.939199e+00 -1.866975e+00 -4.350567e+00
      vertex   2.939199e+00 -1.644226e+00 -4.439544e+00
      vertex   2.479834e+00 -1.567396e+00 -4.232095e+00
    endloop
  endfacet
  facet normal 4.337707e-01 2.914252e-01 8.525927e-01
    outer loop
      vertex   2.479834e+00 -1.567396e+00 -4.232095e+00
      vertex   2.939199e+00 -1.644226e+00 -4.439544e+00
      vertex   2.479834e+00 -1.351032e+00 -4.306051e+00
    endloop
  endfacet
  facet normal 4.337707e-01 3.342342e-01 8.367380e-01
    outer loop
      vertex   2.939199e+00 -1.866975e+00 -4.350567e+00
      vertex   2.479834e+00 -1.567396e+00 -4.232095e+00
      vertex   2.479834e+00 -1.779736e+00 -4.147276e+00
    endloop
  endfacet
  facet normal 4.337707e-01 3.761853e-01 8.187354e-01
    outer loop
      vertex   2.939199e+00 -2.084932e+00 -4.250422e+00
      vertex   2.939199e+00 -1.866975e+00 -4.350567e+00
      vertex   2.479834e+00 -1.779736e+00 -4.147276e+00
    endloop
  endfacet
  facet normal 4.337707e-01 4.171708e-01 7.986310e-01
    outer loop
      vertex   2.939199e+00 -2.297536e+00 -4.139367e+00
      vertex   2.939199e+00 -2.084932e+00 -4.250422e+00
      vertex   2.479834e+00 -1.987508e+00 -4.051811e+00
    endloop
  endfacet
  facet normal 4.337707e-01 3.761853e-01 8.187354e-01
    outer loop
      vertex   2.479834e+00 -1.987508e+00 -4.051811e+00
      vertex   2.939199e+00 -2.084932e+00 -4.250422e+00
      vertex   2.479834e+00 -1.779736e+00 -4.147276e+00
    endloop
  endfacet
  facet normal 5.057565e-01 -3.994162e-01 -7.646418e-01
    outer loop
      vertex   3.379005e+00 2.198520e+00 4.481989e+00
      vertex   2.939199e+00 2.084932e+00 4.250422e+00
      vertex   3.379005e+00 2.422708e+00 4.364883e+00
    endloop
  endfacet
  facet normal 5.057565e-01 -3.994162e-01 -7.646418e-01
    outer loop
      vertex   3.379005e+00 2.422708e+00 4.364883e+00
      vertex   2.939199e+00 2.084932e+00 4.250422e+00
      vertex   2.939199e+00 2.297536e+00 4.139367e+00
    endloop
  endfacet
  facet normal 5.057565e-01 -4.376320e-01 -7.434302e-01
    outer loop
      vertex   3.379005e+00 2.422708e+00 4.364883e+00
      vertex   2.939199e+00 2.297536e+00 4.139367e+00
      vertex   3.379005e+00 2.640676e+00 4.236573e+00
    endloop
  endfacet
  facet normal 4.337707e-01 -4.171708e-01 -7.986310e-01
    outer loop
      vertex   2.939199e+00 2.297536e+00 4.139367e+00
      vertex   2.939199e+00 2.084932e+00 4.250422e+00
      vertex   2.479834e+00 1.987508e+00 4.051811e+00
    endloop
  endfacet
  facet normal 4.337707e-01 -3.761853e-01 -8.187354e-01
    outer loop
      vertex   2.479834e+00 1.987508e+00 4.051811e+00
      vertex   2.939199e+00 2.084932e+00 4.250422e+00
      vertex   2.479834e+00 1.779736e+00 4.147276e+00
    endloop
  endfacet
  facet normal 3.589023e-01 -3.896925e-01 -8.481326e-01
    outer loop
      vertex   2.479834e+00 1.987508e+00 4.051811e+00
      vertex   2.479834e+00 1.779736e+00 4.147276e+00
      vertex   2.003965e+00 1.707553e+00 3.979070e+00
    endloop
  endfacet
  facet normal 3.589023e-01 -3.462351e-01 -8.667816e-01
    outer loop
      vertex   2.003965e+00 1.707553e+00 3.979070e+00
      vertex   2.479834e+00 1.779736e+00 4.147276e+00
      vertex   2.003965e+00 1.503825e+00 4.060449e+00
    endloop
  endfacet
  facet normal 2.816493e-01 -3.559326e-01 -8.910587e-01
    outer loop
      vertex   2.003965e+00 1.707553e+00 3.979070e+00
      vertex   2.003965e+00 1.503825e+00 4.060449e+00
      vertex   1.514761e+00 1.453937e+00 3.925747e+00
    endloop
  endfacet
  facet normal 2.816493e-01 -3.103444e-01 -9.079427e-01
    outer loop
      vertex   1.514761e+00 1.453937e+00 3.925747e+00
      vertex   2.003965e+00 1.503825e+00 4.060449e+00
      vertex   1.514761e+00 1.253235e+00 3.994349e+00
    endloop
  endfacet
  facet normal 5.057565e-01 -3.601751e-01 -7.838904e-01
    outer loop
      vertex   2.939199e+00 2.084932e+00 4.250422e+00
      vertex   3.379005e+00 2.198520e+00 4.481989e+00
      vertex   2.939199e+00 1.866975e+00 4.350567e+00
    endloop
  endfacet
  facet normal 5.057565e-01 -3.601751e-01 -7.838904e-01
    outer loop
      vertex   2.939199e+00 1.866975e+00 4.350567e+00
      vertex   3.379005e+00 2.198520e+00 4.481989e+00
      vertex   3.379005e+00 1.968690e+00 4.587589e+00
    endloop
  endfacet
  facet normal 5.057565e-01 -3.200094e-01 -8.011269e-01
    outer loop
      vertex   2.939199e+00 1.866975e+00 4.350567e+00
      vertex   3.379005e+00 1.968690e+00 4.587589e+00
      vertex   2.939199e+00 1.644226e+00 4.439544e+00
    endloop
  endfacet
  facet normal 4.337707e-01 -3.342342e-01 -8.367380e-01
    outer loop
      vertex   2.939199e+00 1.644226e+00 4.439544e+00
      vertex   2.479834e+00 1.567396e+00 4.232095e+00
      vertex   2.939199e+00 1.866975e+00 4.350567e+00
    endloop
  endfacet
  facet normal 4.337707e-01 -3.342342e-01 -8.367380e-01
    outer loop
      vertex   2.939199e+00 1.866975e+00 4.350567e+00
      vertex   2.479834e+00 1.567396e+00 4.232095e+00
      vertex   2.479834e+00 1.779736e+00 4.147276e+00
    endloop
  endfacet
  facet normal 4.337707e-01 -3.761853e-01 -8.187354e-01
    outer loop
      vertex   2.939199e+00 1.866975e+00 4.350567e+00
      vertex   2.479834e+00 1.779736e+00 4.147276e+00
      vertex   2.939199e+00 2.084932e+00 4.250422e+00
    endloop
  endfacet
  facet normal 3.589023e-01 -3.462351e-01 -8.667816e-01
    outer loop
      vertex   2.479834e+00 1.779736e+00 4.147276e+00
      vertex   2.479834e+00 1.567396e+00 4.232095e+00
      vertex   2.003965e+00 1.503825e+00 4.060449e+00
    endloop
  endfacet
  facet normal 3.589023e-01 -3.018890e-01 -8.832056e-01
    outer loop
      vertex   2.003965e+00 1.503825e+00 4.060449e+00
      vertex   2.479834e+00 1.567396e+00 4.232095e+00
      vertex   2.003965e+00 1.296237e+00 4.131405e+00
    endloop
  endfacet
  facet normal 2.816493e-01 -3.103444e-01 -9.079427e-01
    outer loop
      vertex   2.003965e+00 1.503825e+00 4.060449e+00
      vertex   2.003965e+00 1.296237e+00 4.131405e+00
      vertex   1.514761e+00 1.253235e+00 3.994349e+00
    endloop
  endfacet
  facet normal 2.816493e-01 -2.639595e-01 -9.224961e-01
    outer loop
      vertex   1.514761e+00 1.253235e+00 3.994349e+00
      vertex   2.003965e+00 1.296237e+00 4.131405e+00
      vertex   1.514761e+00 1.049316e+00 4.052698e+00
    endloop
  endfacet
  facet normal 3.589023e-01 -3.018890e-01 -8.832056e-01
    outer loop
      vertex   2.003965e+00 1.296237e+00 4.131405e+00
      vertex   2.479834e+00 1.567396e+00 4.232095e+00
      vertex   2.479834e+00 1.351032e+00 4.306051e+00
    endloop
  endfacet
  facet normal 4.337707e-01 -2.914252e-01 -8.525927e-01
    outer loop
      vertex   2.479834e+00 1.351032e+00 4.306051e+00
      vertex   2.479834e+00 1.567396e+00 4.232095e+00
      vertex   2.939199e+00 1.644226e+00 4.439544e+00
    endloop
  endfacet
  facet normal 2.816493e-01 -2.639595e-01 -9.224961e-01
    outer loop
      vertex   1.514761e+00 1.049316e+00 4.052698e+00
      vertex   2.003965e+00 1.296237e+00 4.131405e+00
      vertex   2.003965e+00 1.085321e+00 4.191756e+00
    endloop
  endfacet
  facet normal 3.589023e-01 -2.567679e-01 -8.973625e-01
    outer loop
      vertex   2.003965e+00 1.085321e+00 4.191756e+00
      vertex   2.003965e+00 1.296237e+00 4.131405e+00
      vertex   2.479834e+00 1.351032e+00 4.306051e+00
    endloop
  endfacet
  facet normal 5.057565e-01 -1.950063e-01 -8.403469e-01
    outer loop
      vertex   3.379005e+00 1.004916e+00 4.889976e+00
      vertex   2.939199e+00 9.529955e-01 4.637330e+00
      vertex   3.379005e+00 1.251299e+00 4.832801e+00
    endloop
  endfacet
  facet normal 5.057565e-01 -1.950063e-01 -8.403469e-01
    outer loop
      vertex   3.379005e+00 1.251299e+00 4.832801e+00
      vertex   2.939199e+00 9.529955e-01 4.637330e+00
      vertex   2.939199e+00 1.186649e+00 4.583110e+00
    endloop
  endfacet
  facet normal 5.057565e-01 -2.373189e-01 -8.293914e-01
    outer loop
      vertex   3.379005e+00 1.251299e+00 4.832801e+00
      vertex   2.939199e+00 1.186649e+00 4.583110e+00
      vertex   3.379005e+00 1.494470e+00 4.763221e+00
    endloop
  endfacet
  facet normal 4.337707e-01 -2.036746e-01 -8.777013e-01
    outer loop
      vertex   2.939199e+00 1.186649e+00 4.583110e+00
      vertex   2.939199e+00 9.529955e-01 4.637330e+00
      vertex   2.479834e+00 9.084645e-01 4.420640e+00
    endloop
  endfacet
  facet normal 4.337707e-01 -1.589583e-01 -8.868908e-01
    outer loop
      vertex   2.479834e+00 9.084645e-01 4.420640e+00
      vertex   2.939199e+00 9.529955e-01 4.637330e+00
      vertex   2.479834e+00 6.833968e-01 4.460979e+00
    endloop
  endfacet
  facet normal 3.589023e-01 -1.646658e-01 -9.187352e-01
    outer loop
      vertex   2.479834e+00 9.084645e-01 4.420640e+00
      vertex   2.479834e+00 6.833968e-01 4.460979e+00
      vertex   2.003965e+00 6.556794e-01 4.280049e+00
    endloop
  endfacet
  facet normal 3.589023e-01 -1.179213e-01 -9.258962e-01
    outer loop
      vertex   2.003965e+00 6.556794e-01 4.280049e+00
      vertex   2.479834e+00 6.833968e-01 4.460979e+00
      vertex   2.003965e+00 4.380569e-01 4.307765e+00
    endloop
  endfacet
  facet normal 2.816493e-01 -1.212241e-01 -9.518290e-01
    outer loop
      vertex   2.003965e+00 6.556794e-01 4.280049e+00
      vertex   2.003965e+00 4.380569e-01 4.307765e+00
      vertex   1.514761e+00 4.235248e-01 4.164859e+00
    endloop
  endfacet
  facet normal 2.816493e-01 -7.285915e-02 -9.567472e-01
    outer loop
      vertex   1.514761e+00 4.235248e-01 4.164859e+00
      vertex   2.003965e+00 4.380569e-01 4.307765e+00
      vertex   1.514761e+00 2.120345e-01 4.180965e+00
    endloop
  endfacet
  facet normal 4.337707e-01 -1.589583e-01 -8.868908e-01
    outer loop
      vertex   2.479834e+00 6.833968e-01 4.460979e+00
      vertex   2.939199e+00 9.529955e-01 4.637330e+00
      vertex   2.939199e+00 7.168955e-01 4.679646e+00
    endloop
  endfacet
  facet normal 5.057565e-01 -1.521931e-01 -8.491452e-01
    outer loop
      vertex   2.939199e+00 7.168955e-01 4.679646e+00
      vertex   2.939199e+00 9.529955e-01 4.637330e+00
      vertex   3.379005e+00 1.004916e+00 4.889976e+00
    endloop
  endfacet
  facet normal 2.816493e-01 -2.168971e-01 -9.346814e-01
    outer loop
      vertex   1.514761e+00 1.049316e+00 4.052698e+00
      vertex   2.003965e+00 1.085321e+00 4.191756e+00
      vertex   1.514761e+00 8.427036e-01 4.100643e+00
    endloop
  endfacet
  facet normal 4.337707e-01 -1.138340e-01 -8.938036e-01
    outer loop
      vertex   2.479834e+00 6.833968e-01 4.460979e+00
      vertex   2.939199e+00 7.168955e-01 4.679646e+00
      vertex   2.479834e+00 4.565748e-01 4.489866e+00
    endloop
  endfacet
  facet normal 3.589023e-01 -1.179213e-01 -9.258962e-01
    outer loop
      vertex   2.479834e+00 6.833968e-01 4.460979e+00
      vertex   2.479834e+00 4.565748e-01 4.489866e+00
      vertex   2.003965e+00 4.380569e-01 4.307765e+00
    endloop
  endfacet
  facet normal 3.589023e-01 -7.087408e-02 -9.306804e-01
    outer loop
      vertex   2.003965e+00 4.380569e-01 4.307765e+00
      vertex   2.479834e+00 4.565748e-01 4.489866e+00
      vertex   2.003965e+00 2.193099e-01 4.324424e+00
    endloop
  endfacet
  facet normal 2.816493e-01 -7.285915e-02 -9.567472e-01
    outer loop
      vertex   2.003965e+00 4.380569e-01 4.307765e+00
      vertex   2.003965e+00 2.193099e-01 4.324424e+00
      vertex   1.514761e+00 2.120345e-01 4.180965e+00
    endloop
  endfacet
  facet normal 2.816493e-01 -2.430718e-02 -9.592095e-01
    outer loop
      vertex   1.514761e+00 2.120345e-01 4.180965e+00
      vertex   2.003965e+00 2.193099e-01 4.324424e+00
      vertex   1.514761e+00 0.000000e+00 4.186338e+00
    endloop
  endfacet
  facet normal 5.057565e-01 -2.185393e-02 -8.623994e-01
    outer loop
      vertex   3.379005e+00 2.528490e-01 4.985758e+00
      vertex   3.379005e+00 0.000000e+00 4.992165e+00
      vertex   2.939199e+00 0.000000e+00 4.734240e+00
    endloop
  endfacet
  facet normal 5.057565e-01 2.185393e-02 -8.623994e-01
    outer loop
      vertex   2.939199e+00 0.000000e+00 4.734240e+00
      vertex   3.379005e+00 0.000000e+00 4.992165e+00
      vertex   2.939199e+00 -2.397853e-01 4.728164e+00
    endloop
  endfacet
  facet normal 4.337707e-01 2.282537e-02 -9.007341e-01
    outer loop
      vertex   2.939199e+00 0.000000e+00 4.734240e+00
      vertex   2.939199e+00 -2.397853e-01 4.728164e+00
      vertex   2.479834e+00 -2.285808e-01 4.507229e+00
    endloop
  endfacet
  facet normal 4.337707e-01 6.841750e-02 -8.984220e-01
    outer loop
      vertex   2.479834e+00 -2.285808e-01 4.507229e+00
      vertex   2.939199e+00 -2.397853e-01 4.728164e+00
      vertex   2.479834e+00 -4.565748e-01 4.489866e+00
    endloop
  endfacet
  facet normal 3.589023e-01 7.087408e-02 -9.306804e-01
    outer loop
      vertex   2.479834e+00 -2.285808e-01 4.507229e+00
      vertex   2.479834e+00 -4.565748e-01 4.489866e+00
      vertex   2.003965e+00 -4.380569e-01 4.307765e+00
    endloop
  endfacet
  facet normal 3.589023e-01 1.179213e-01 -9.258962e-01
    outer loop
      vertex   2.003965e+00 -4.380569e-01 4.307765e+00
      vertex   2.479834e+00 -4.565748e-01 4.489866e+00
      vertex   2.003965e+00 -6.556794e-01 4.280049e+00
    endloop
  endfacet
  facet normal 2.816493e-01 1.212241e-01 -9.518290e-01
    outer loop
      vertex   2.003965e+00 -4.380569e-01 4.307765e+00
      vertex   2.003965e+00 -6.556794e-01 4.280049e+00
      vertex   1.514761e+00 -6.339278e-01 4.138062e+00
    endloop
  endfacet
  facet normal 2.816493e-01 1.692778e-01 -9.444674e-01
    outer loop
      vertex   1.514761e+00 -6.339278e-01 4.138062e+00
      vertex   2.003965e+00 -6.556794e-01 4.280049e+00
      vertex   1.514761e+00 -8.427036e-01 4.100643e+00
    endloop
  endfacet
  facet normal 5.057565e-01 6.550569e-02 -8.601856e-01
    outer loop
      vertex   3.379005e+00 -2.528490e-01 4.985758e+00
      vertex   2.939199e+00 -4.789551e-01 4.709950e+00
      vertex   2.939199e+00 -2.397853e-01 4.728164e+00
    endloop
  endfacet
  facet normal 4.337707e-01 6.841750e-02 -8.984220e-01
    outer loop
      vertex   2.939199e+00 -2.397853e-01 4.728164e+00
      vertex   2.939199e+00 -4.789551e-01 4.709950e+00
      vertex   2.479834e+00 -4.565748e-01 4.489866e+00
    endloop
  endfacet
  facet normal 3.589023e-01 1.179213e-01 -9.258962e-01
    outer loop
      vertex   2.003965e+00 -6.556794e-01 4.280049e+00
      vertex   2.479834e+00 -4.565748e-01 4.489866e+00
      vertex   2.479834e+00 -6.833968e-01 4.460979e+00
    endloop
  endfacet
  facet normal 4.337707e-01 1.138340e-01 -8.938036e-01
    outer loop
      vertex   2.479834e+00 -6.833968e-01 4.460979e+00
      vertex   2.479834e+00 -4.565748e-01 4.489866e+00
      vertex   2.939199e+00 -4.789551e-01 4.709950e+00
    endloop
  endfacet
  facet normal 5.057565e-01 2.185393e-02 -8.623994e-01
    outer loop
      vertex   3.379005e+00 0.000000e+00 4.992165e+00
      vertex   3.379005e+00 -2.528490e-01 4.985758e+00
      vertex   2.939199e+00 -2.397853e-01 4.728164e+00
    endloop
  endfacet
  facet normal 2.816493e-01 1.692778e-01 -9.444674e-01
    outer loop
      vertex   1.514761e+00 -8.427036e-01 4.100643e+00
      vertex   2.003965e+00 -6.556794e-01 4.280049e+00
      vertex   2.003965e+00 -8.716188e-01 4.241346e+00
    endloop
  endfacet
  facet normal 3.589023e-01 1.646658e-01 -9.187352e-01
    outer loop
      vertex   2.003965e+00 -8.716188e-01 4.241346e+00
      vertex   2.003965e+00 -6.556794e-01 4.280049e+00
      vertex   2.479834e+00 -6.833968e-01 4.460979e+00
    endloop
  endfacet
  facet normal 5.057565e-01 1.950063e-01 -8.403469e-01
    outer loop
      vertex   3.379005e+00 -1.251299e+00 4.832801e+00
      vertex   2.939199e+00 -1.186649e+00 4.583110e+00
      vertex   3.379005e+00 -1.004916e+00 4.889976e+00
    endloop
  endfacet
  facet normal 5.057565e-01 1.950063e-01 -8.403469e-01
    outer loop
      vertex   3.379005e+00 -1.004916e+00 4.889976e+00
      vertex   2.939199e+00 -1.186649e+00 4.583110e+00
      vertex   2.939199e+00 -9.529955e-01 4.637330e+00
    endloop
  endfacet
  facet normal 5.057565e-01 1.521931e-01 -8.491452e-01
    outer loop
      vertex   3.379005e+00 -1.004916e+00 4.889976e+00
      vertex   2.939199e+00 -9.529955e-01 4.637330e+00
      vertex   3.379005e+00 -7.559525e-01 4.934597e+00
    endloop
  endfacet
  facet normal 4.337707e-01 2.036746e-01 -8.777013e-01
    outer loop
      vertex   2.939199e+00 -1.186649e+00 4.583110e+00
      vertex   2.479834e+00 -1.131200e+00 4.368953e+00
      vertex   2.939199e+00 -9.529955e-01 4.637330e+00
    endloop
  endfacet
  facet normal 2.816493e-01 2.168971e-01 -9.346814e-01
    outer loop
      vertex   1.514761e+00 -8.427036e-01 4.100643e+00
      vertex   2.003965e+00 -8.716188e-01 4.241346e+00
      vertex   1.514761e+00 -1.049316e+00 4.052698e+00
    endloop
  endfacet
  facet normal 5.057565e-01 2.790223e-01 -8.163069e-01
    outer loop
      vertex   2.939199e+00 -1.417257e+00 4.517124e+00
      vertex   3.379005e+00 -1.494470e+00 4.763221e+00
      vertex   2.939199e+00 -1.644226e+00 4.439544e+00
    endloop
  endfacet
  facet normal 5.057565e-01 2.790223e-01 -8.163069e-01
    outer loop
      vertex   2.939199e+00 -1.644226e+00 4.439544e+00
      vertex   3.379005e+00 -1.494470e+00 4.763221e+00
      vertex   3.379005e+00 -1.733805e+00 4.681414e+00
    endloop
  endfacet
  facet normal 5.057565e-01 3.200094e-01 -8.011269e-01
    outer loop
      vertex   2.939199e+00 -1.644226e+00 4.439544e+00
      vertex   3.379005e+00 -1.733805e+00 4.681414e+00
      vertex   2.939199e+00 -1.866975e+00 4.350567e+00
    endloop
  endfacet
  facet normal 5.057565e-01 3.200094e-01 -8.011269e-01
    outer loop
      vertex   2.939199e+00 -1.866975e+00 4.350567e+00
      vertex   3.379005e+00 -1.733805e+00 4.681414e+00
      vertex   3.379005e+00 -1.968690e+00 4.587589e+00
    endloop
  endfacet
  facet normal 5.057565e-01 3.601751e-01 -7.838904e-01
    outer loop
      vertex   2.939199e+00 -1.866975e+00 4.350567e+00
      vertex   3.379005e+00 -1.968690e+00 4.587589e+00
      vertex   2.939199e+00 -2.084932e+00 4.250422e+00
    endloop
  endfacet
  facet normal 4.337707e-01 2.914252e-01 -8.525927e-01
    outer loop
      vertex   2.479834e+00 -1.351032e+00 4.306051e+00
      vertex   2.939199e+00 -1.417257e+00 4.517124e+00
      vertex   2.479834e+00 -1.567396e+00 4.232095e+00
    endloop
  endfacet
  facet normal 4.337707e-01 2.914252e-01 -8.525927e-01
    outer loop
      vertex   2.479834e+00 -1.567396e+00 4.232095e+00
      vertex   2.939199e+00 -1.417257e+00 4.517124e+00
      vertex   2.939199e+00 -1.644226e+00 4.439544e+00
    endloop
  endfacet
  facet normal 4.337707e-01 3.342342e-01 -8.367380e-01
    outer loop
      vertex   2.479834e+00 -1.567396e+00 4.232095e+00
      vertex   2.939199e+00 -1.644226e+00 4.439544e+00
      vertex   2.479834e+00 -1.779736e+00 4.147276e+00
    endloop
  endfacet
  facet normal 4.337707e-01 3.342342e-01 -8.367380e-01
    outer loop
      vertex   2.479834e+00 -1.779736e+00 4.147276e+00
      vertex   2.939199e+00 -1.644226e+00 4.439544e+00
      vertex   2.939199e+00 -1.866975e+00 4.350567e+00
    endloop
  endfacet
  facet normal 4.337707e-01 3.761853e-01 -8.187354e-01
    outer loop
      vertex   2.479834e+00 -1.779736e+00 4.147276e+00
      vertex   2.939199e+00 -1.866975e+00 4.350567e+00
      vertex   2.479834e+00 -1.987508e+00 4.051811e+00
    endloop
  endfacet
  facet normal 4.337707e-01 3.761853e-01 -8.187354e-01
    outer loop
      vertex   2.479834e+00 -1.987508e+00 4.051811e+00
      vertex   2.939199e+00 -1.866975e+00 4.350567e+00
      vertex   2.939199e+00 -2.084932e+00 4.250422e+00
    endloop
  endfacet
  facet normal 4.337707e-01 4.171708e-01 -7.986310e-01
    outer loop
      vertex   2.479834e+00 -1.987508e+00 4.051811e+00
      vertex   2.939199e+00 -2.084932e+00 4.250422e+00
      vertex   2.479834e+00 -2.190178e+00 3.945945e+00
    endloop
  endfacet
  facet normal 3.589023e-01 3.018890e-01 -8.832056e-01
    outer loop
      vertex   2.003965e+00 -1.296237e+00 4.131405e+00
      vertex   2.479834e+00 -1.351032e+00 4.306051e+00
      vertex   2.003965e+00 -1.503825e+00 4.060449e+00
    endloop
  endfacet
  facet normal 3.589023e-01 3.018890e-01 -8.832056e-01
    outer loop
      vertex   2.003965e+00 -1.503825e+00 4.060449e+00
      vertex   2.479834e+00 -1.351032e+00 4.306051e+00
      vertex   2.479834e+00 -1.567396e+00 4.232095e+00
    endloop
  endfacet
  facet normal 3.589023e-01 3.462351e-01 -8.667816e-01
    outer loop
      vertex   2.003965e+00 -1.503825e+00 4.060449e+00
      vertex   2.479834e+00 -1.567396e+00 4.232095e+00
      vertex   2.003965e+00 -1.707553e+00 3.979070e+00
    endloop
  endfacet
  facet normal 3.589023e-01 3.462351e-01 -8.667816e-01
    outer loop
      vertex   2.003965e+00 -1.707553e+00 3.979070e+00
      vertex   2.479834e+00 -1.567396e+00 4.232095e+00
      vertex   2.479834e+00 -1.779736e+00 4.147276e+00
    endloop
  endfacet
  facet normal 3.589023e-01 3.896925e-01 -8.481326e-01
    outer loop
      vertex   2.003965e+00 -1.707553e+00 3.979070e+00
      vertex   2.479834e+00 -1.779736e+00 4.147276e+00
      vertex   2.479834e+00 -1.987508e+00 4.051811e+00
    endloop
  endfacet
  facet normal 5.057565e-01 4.747245e-01 -7.203104e-01
    outer loop
      vertex   3.379005e+00 -2.851865e+00 4.097387e+00
      vertex   2.939199e+00 -2.504243e+00 4.017686e+00
      vertex   3.379005e+00 -2.640676e+00 4.236573e+00
    endloop
  endfacet
  facet normal 5.057565e-01 4.376320e-01 -7.434302e-01
    outer loop
      vertex   3.379005e+00 -2.640676e+00 4.236573e+00
      vertex   2.939199e+00 -2.504243e+00 4.017686e+00
      vertex   3.379005e+00 -2.422708e+00 4.364883e+00
    endloop
  endfacet
  facet normal 3.648089e-16 -3.616458e-16 1.000000e+00
    outer loop
      vertex   -3.091671e+00 -2.829542e+00 -3.900000e+00
      vertex   -3.474805e+00 -3.216027e+00 -3.900000e+00
      vertex   -3.800000e+00 -6.000000e+00 -3.900000e+00
    endloop
  endfacet
  facet normal 1.474115e-15 -4.912233e-16 1.000000e+00
    outer loop
      vertex   -3.800000e+00 -6.000000e+00 -3.900000e+00
      vertex   -3.474805e+00 -3.216027e+00 -3.900000e+00
      vertex   -3.546607e+00 -3.431496e+00 -3.900000e+00
    endloop
  endfacet
  facet normal 1.400820e-15 -4.839925e-16 1.000000e+00
    outer loop
      vertex   -3.800000e+00 -6.000000e+00 -3.900000e+00
      vertex   -3.546607e+00 -3.431496e+00 -3.900000e+00
      vertex   -3.624401e+00 -3.656657e+00 -3.900000e+00
    endloop
  endfacet
  facet normal -1.199309e-14 5.196810e-16 1.000000e+00
    outer loop
      vertex   -3.624401e+00 -3.656657e+00 -3.900000e+00
      vertex   -3.708680e+00 -3.892542e+00 -3.900000e+00
      vertex   -3.800000e+00 -6.000000e+00 -3.900000e+00
    endloop
  endfacet
  facet normal 0.000000e+00 0.000000e+00 1.000000e+00
    outer loop
      vertex   -3.800000e+00 -6.000000e+00 -3.900000e+00
      vertex   -3.708680e+00 -3.892542e+00 -3.900000e+00
      vertex   -3.800000e+00 -4.140306e+00 -3.900000e+00
    endloop
  endfacet
  facet normal 2.041609e-16 -5.708470e-15 1.000000e+00
    outer loop
      vertex   -1.624808e+00 -6.000000e+00 -3.900000e+00
      vertex   -1.532081e+00 -5.763299e+00 -3.900000e+00
      vertex   -3.800000e+00 -6.000000e+00 -3.900000e+00
    endloop
  endfacet
  facet normal -4.167048e-16 2.402795e-16 1.000000e+00
    outer loop
      vertex   -3.800000e+00 -6.000000e+00 -3.900000e+00
      vertex   -1.532081e+00 -5.763299e+00 -3.900000e+00
      vertex   -1.405094e+00 -5.543073e+00 -3.900000e+00
    endloop
  endfacet
  facet normal -4.373389e-16 3.484293e-16 1.000000e+00
    outer loop
      vertex   -3.800000e+00 -6.000000e+00 -3.900000e+00
      vertex   -1.405094e+00 -5.543073e+00 -3.900000e+00
      vertex   -1.246687e+00 -5.344244e+00 -3.900000e+00
    endloop
  endfacet
  facet normal -3.082183e-16 -1.543270e-16 1.000000e+00
    outer loop
      vertex   -3.800000e+00 -6.000000e+00 -3.900000e+00
      vertex   -1.246687e+00 -5.344244e+00 -3.900000e+00
      vertex   -2.692178e+00 -2.457343e+00 -3.900000e+00
    endloop
  endfacet
  facet normal 0.000000e+00 0.000000e+00 1.000000e+00
    outer loop
      vertex   -2.692178e+00 -2.457343e+00 -3.900000e+00
      vertex   -1.246687e+00 -5.344244e+00 -3.900000e+00
      vertex   -1.060402e+00 -5.171261e+00 -3.900000e+00
    endloop
  endfacet
  facet normal 0.000000e+00 0.000000e+00 1.000000e+00
    outer loop
      vertex   -2.692178e+00 -2.457343e+00 -3.900000e+00
      vertex   -1.060402e+00 -5.171261e+00 -3.900000e+00
      vertex   -8.504044e-01 -5.027990e+00 -3.900000e+00
    endloop
  endfacet
  facet normal 0.000000e+00 -0.000000e+00 1.000000e+00
    outer loop
      vertex   -8.504044e-01 -5.027990e+00 -3.900000e+00
      vertex   -6.213902e-01 -4.917637e+00 -3.900000e+00
      vertex   -2.692178e+00 -2.457343e+00 -3.900000e+00
    endloop
  endfacet
  facet normal 0.000000e+00 0.000000e+00 1.000000e+00
    outer loop
      vertex   -2.692178e+00 -2.457343e+00 -3.900000e+00
      vertex   -6.213902e-01 -4.917637e+00 -3.900000e+00
      vertex   -3.784807e-01 -4.842667e+00 -3.900000e+00
    endloop
  endfacet
  facet normal 0.000000e+00 0.000000e+00 1.000000e+00
    outer loop
      vertex   -2.692178e+00 -2.457343e+00 -3.900000e+00
      vertex   -3.784807e-01 -4.842667e+00 -3.900000e+00
      vertex   -1.271077e-01 -4.804759e+00 -3.900000e+00
    endloop
  endfacet
  facet normal 0.000000e+00 -0.000000e+00 1.000000e+00
    outer loop
      vertex   1.271077e-01 -4.804759e+00 -3.900000e+00
      vertex   1.877498e+00 -1.783986e+00 -3.900000e+00
      vertex   -1.271077e-01 -4.804759e+00 -3.900000e+00
    endloop
  endfacet
  facet normal 0.000000e+00 -0.000000e+00 1.000000e+00
    outer loop
      vertex   -1.271077e-01 -4.804759e+00 -3.900000e+00
      vertex   1.877498e+00 -1.783986e+00 -3.900000e+00
      vertex   -1.877498e+00 -1.783986e+00 -3.900000e+00
    endloop
  endfacet
  facet normal 0.000000e+00 0.000000e+00 1.000000e+00
    outer loop
      vertex   -1.271077e-01 -4.804759e+00 -3.900000e+00
      vertex   -1.877498e+00 -1.783986e+00 -3.900000e+00
      vertex   -2.284672e+00 -2.106476e+00 -3.900000e+00
    endloop
  endfacet
  facet normal 0.000000e+00 -0.000000e+00 1.000000e+00
    outer loop
      vertex   3.784807e-01 -4.842667e+00 -3.900000e+00
      vertex   2.692178e+00 -2.457343e+00 -3.900000e+00
      vertex   1.271077e-01 -4.804759e+00 -3.900000e+00
    endloop
  endfacet
  facet normal 0.000000e+00 0.000000e+00 1.000000e+00
    outer loop
      vertex   1.271077e-01 -4.804759e+00 -3.900000e+00
      vertex   2.692178e+00 -2.457343e+00 -3.900000e+00
      vertex   2.284672e+00 -2.106476e+00 -3.900000e+00
    endloop
  endfacet
  facet normal 0.000000e+00 0.000000e+00 1.000000e+00
    outer loop
      vertex   1.271077e-01 -4.804759e+00 -3.900000e+00
      vertex   2.284672e+00 -2.106476e+00 -3.900000e+00
      vertex   1.877498e+00 -1.783986e+00 -3.900000e+00
    endloop
  endfacet
  facet normal 0.000000e+00 0.000000e+00 1.000000e+00
    outer loop
      vertex   2.692178e+00 -2.457343e+00 -3.900000e+00
      vertex   3.784807e-01 -4.842667e+00 -3.900000e+00
      vertex   3.091671e+00 -2.829542e+00 -3.900000e+00
    endloop
  endfacet
  facet normal 0.000000e+00 0.000000e+00 1.000000e+00
    outer loop
      vertex   3.091671e+00 -2.829542e+00 -3.900000e+00
      vertex   3.784807e-01 -4.842667e+00 -3.900000e+00
      vertex   6.213902e-01 -4.917637e+00 -3.900000e+00
    endloop
  endfacet
  facet normal 0.000000e+00 0.000000e+00 1.000000e+00
    outer loop
      vertex   3.091671e+00 -2.829542e+00 -3.900000e+00
      vertex   6.213902e-01 -4.917637e+00 -3.900000e+00
      vertex   3.546607e+00 -3.431496e+00 -3.900000e+00
    endloop
  endfacet
  facet normal 0.000000e+00 0.000000e+00 1.000000e+00
    outer loop
      vertex   3.546607e+00 -3.431496e+00 -3.900000e+00
      vertex   6.213902e-01 -4.917637e+00 -3.900000e+00
      vertex   3.624401e+00 -3.656657e+00 -3.900000e+00
    endloop
  endfacet
  facet normal 0.000000e+00 0.000000e+00 1.000000e+00
    outer loop
      vertex   3.624401e+00 -3.656657e+00 -3.900000e+00
      vertex   6.213902e-01 -4.917637e+00 -3.900000e+00
      vertex   8.504044e-01 -5.027990e+00 -3.900000e+00
    endloop
  endfacet
  facet normal 0.000000e+00 0.000000e+00 1.000000e+00
    outer loop
      vertex   3.624401e+00 -3.656657e+00 -3.900000e+00
      vertex   8.504044e-01 -5.027990e+00 -3.900000e+00
      vertex   3.708680e+00 -3.892542e+00 -3.900000e+00
    endloop
  endfacet
  facet normal 1.242175e-15 -3.126938e-15 1.000000e+00
    outer loop
      vertex   3.708680e+00 -3.892542e+00 -3.900000e+00
      vertex   8.504044e-01 -5.027990e+00 -3.900000e+00
      vertex   3.800000e+00 -4.140306e+00 -3.900000e+00
    endloop
  endfacet
  facet normal 2.089482e-16 3.062641e-16 1.000000e+00
    outer loop
      vertex   3.800000e+00 -4.140306e+00 -3.900000e+00
      vertex   8.504044e-01 -5.027990e+00 -3.900000e+00
      vertex   1.060402e+00 -5.171261e+00 -3.900000e+00
    endloop
  endfacet
  facet normal 2.307059e-16 2.484463e-16 1.000000e+00
    outer loop
      vertex   3.800000e+00 -4.140306e+00 -3.900000e+00
      vertex   1.060402e+00 -5.171261e+00 -3.900000e+00
      vertex   1.246687e+00 -5.344244e+00 -3.900000e+00
    endloop
  endfacet
  facet normal 2.528626e-16 2.014565e-16 1.000000e+00
    outer loop
      vertex   1.246687e+00 -5.344244e+00 -3.900000e+00
      vertex   1.405094e+00 -5.543073e+00 -3.900000e+00
      vertex   3.800000e+00 -4.140306e+00 -3.900000e+00
    endloop
  endfacet
  facet normal 3.708615e-16 0.000000e+00 1.000000e+00
    outer loop
      vertex   3.800000e+00 -4.140306e+00 -3.900000e+00
      vertex   1.405094e+00 -5.543073e+00 -3.900000e+00
      vertex   3.800000e+00 -6.000000e+00 -3.900000e+00
    endloop
  endfacet
  facet normal 4.167048e-16 2.402795e-16 1.000000e+00
    outer loop
      vertex   3.800000e+00 -6.000000e+00 -3.900000e+00
      vertex   1.405094e+00 -5.543073e+00 -3.900000e+00
      vertex   1.532081e+00 -5.763299e+00 -3.900000e+00
    endloop
  endfacet
  facet normal -2.041609e-16 -5.708470e-15 1.000000e+00
    outer loop
      vertex   3.800000e+00 -6.000000e+00 -3.900000e+00
      vertex   1.532081e+00 -5.763299e+00 -3.900000e+00
      vertex   1.624808e+00 -6.000000e+00 -3.900000e+00
    endloop
  endfacet
  facet normal 0.000000e+00 0.000000e+00 1.000000e+00
    outer loop
      vertex   3.546607e+00 -3.431496e+00 -3.900000e+00
      vertex   3.474805e+00 -3.216027e+00 -3.900000e+00
      vertex   3.091671e+00 -2.829542e+00 -3.900000e+00
    endloop
  endfacet
  facet normal 0.000000e+00 0.000000e+00 1.000000e+00
    outer loop
      vertex   -1.877498e+00 -1.783986e+00 -3.900000e+00
      vertex   1.877498e+00 -1.783986e+00 -3.900000e+00
      vertex   -1.674140e+00 -1.633814e+00 -3.900000e+00
    endloop
  endfacet
  facet normal -0.000000e+00 0.000000e+00 1.000000e+00
    outer loop
      vertex   -1.674140e+00 -1.633814e+00 -3.900000e+00
      vertex   1.877498e+00 -1.783986e+00 -3.900000e+00
      vertex   1.674140e+00 -1.633814e+00 -3.900000e+00
    endloop
  endfacet
  facet normal 0.000000e+00 0.000000e+00 1.000000e+00
    outer loop
      vertex   -1.674140e+00 -1.633814e+00 -3.900000e+00
      vertex   1.674140e+00 -1.633814e+00 -3.900000e+00
      vertex   -1.456321e+00 -1.481972e+00 -3.900000e+00
    endloop
  endfacet
  facet normal -0.000000e+00 0.000000e+00 1.000000e+00
    outer loop
      vertex   -1.456321e+00 -1.481972e+00 -3.900000e+00
      vertex   1.674140e+00 -1.633814e+00 -3.900000e+00
      vertex   1.456321e+00 -1.481972e+00 -3.900000e+00
    endloop
  endfacet
  facet normal 0.000000e+00 0.000000e+00 1.000000e+00
    outer loop
      vertex   -1.456321e+00 -1.481972e+00 -3.900000e+00
      vertex   1.456321e+00 -1.481972e+00 -3.900000e+00
      vertex   -1.227205e+00 -1.333700e+00 -3.900000e+00
    endloop
  endfacet
  facet normal -0.000000e+00 0.000000e+00 1.000000e+00
    outer loop
      vertex   -1.227205e+00 -1.333700e+00 -3.900000e+00
      vertex   1.456321e+00 -1.481972e+00 -3.900000e+00
      vertex   1.227205e+00 -1.333700e+00 -3.900000e+00
    endloop
  endfacet
  facet normal -3.558749e-28 6.491301e-15 1.000000e+00
    outer loop
      vertex   -1.227205e+00 -1.333700e+00 -3.900000e+00
      vertex   1.227205e+00 -1.333700e+00 -3.900000e+00
      vertex   -9.934855e-01 -1.196874e+00 -3.900000e+00
    endloop
  endfacet
  facet normal -4.470012e-16 -7.635475e-16 1.000000e+00
    outer loop
      vertex   -9.934855e-01 -1.196874e+00 -3.900000e+00
      vertex   1.227205e+00 -1.333700e+00 -3.900000e+00
      vertex   9.934855e-01 -1.196874e+00 -3.900000e+00
    endloop
  endfacet
  facet normal -4.470012e-16 -6.677532e-15 1.000000e+00
    outer loop
      vertex   -9.934855e-01 -1.196874e+00 -3.900000e+00
      vertex   9.934855e-01 -1.196874e+00 -3.900000e+00
      vertex   -7.618523e-01 -1.079370e+00 -3.900000e+00
    endloop
  endfacet
  facet normal -0.000000e+00 0.000000e+00 1.000000e+00
    outer loop
      vertex   -7.618523e-01 -1.079370e+00 -3.900000e+00
      vertex   9.934855e-01 -1.196874e+00 -3.900000e+00
      vertex   7.618523e-01 -1.079370e+00 -3.900000e+00
    endloop
  endfacet
  facet normal 0.000000e+00 0.000000e+00 1.000000e+00
    outer loop
      vertex   -7.618523e-01 -1.079370e+00 -3.900000e+00
      vertex   7.618523e-01 -1.079370e+00 -3.900000e+00
      vertex   -5.203232e-01 -9.838156e-01 -3.900000e+00
    endloop
  endfacet
  facet normal -0.000000e+00 0.000000e+00 1.000000e+00
    outer loop
      vertex   -5.203232e-01 -9.838156e-01 -3.900000e+00
      vertex   7.618523e-01 -1.079370e+00 -3.900000e+00
      vertex   5.203232e-01 -9.838156e-01 -3.900000e+00
    endloop
  endfacet
  facet normal 0.000000e+00 0.000000e+00 1.000000e+00
    outer loop
      vertex   -5.203232e-01 -9.838156e-01 -3.900000e+00
      vertex   5.203232e-01 -9.838156e-01 -3.900000e+00
      vertex   -2.587157e-01 -9.151532e-01 -3.900000e+00
    endloop
  endfacet
  facet normal 1.716514e-15 1.947546e-14 1.000000e+00
    outer loop
      vertex   -2.587157e-01 -9.151532e-01 -3.900000e+00
      vertex   5.203232e-01 -9.838156e-01 -3.900000e+00
      vertex   2.587157e-01 -9.151532e-01 -3.900000e+00
    endloop
  endfacet
  facet normal 1.716514e-15 -1.158965e-14 1.000000e+00
    outer loop
      vertex   -2.587157e-01 -9.151532e-01 -3.900000e+00
      vertex   2.587157e-01 -9.151532e-01 -3.900000e+00
      vertex   -1.275459e-01 -8.957260e-01 -3.900000e+00
    endloop
  endfacet
  facet normal 3.481799e-15 2.350860e-14 1.000000e+00
    outer loop
      vertex   -1.275459e-01 -8.957260e-01 -3.900000e+00
      vertex   2.587157e-01 -9.151532e-01 -3.900000e+00
      vertex   1.275459e-01 -8.957260e-01 -3.900000e+00
    endloop
  endfacet
  facet normal 3.481799e-15 1.285997e-13 1.000000e+00
    outer loop
      vertex   -1.275459e-01 -8.957260e-01 -3.900000e+00
      vertex   1.275459e-01 -8.957260e-01 -3.900000e+00
      vertex   -1.132659e-13 -8.888194e-01 -3.900000e+00
    endloop
  endfacet
  facet normal 0.000000e+00 0.000000e+00 1.000000e+00
    outer loop
      vertex   -2.284672e+00 -2.106476e+00 -3.900000e+00
      vertex   -2.692178e+00 -2.457343e+00 -3.900000e+00
      vertex   -1.271077e-01 -4.804759e+00 -3.900000e+00
    endloop
  endfacet
  facet normal 3.296106e-16 -3.537820e-16 1.000000e+00
    outer loop
      vertex   -2.692178e+00 -2.457343e+00 -3.900000e+00
      vertex   -3.091671e+00 -2.829542e+00 -3.900000e+00
      vertex   -3.800000e+00 -6.000000e+00 -3.900000e+00
    endloop
  endfacet
  facet normal 8.890288e-01 2.962535e-01 3.490868e-01
    outer loop
      vertex   3.546607e+00 -3.431496e+00 -3.900000e+00
      vertex   3.800000e+00 -3.793338e+00 -4.238245e+00
      vertex   3.474805e+00 -3.216027e+00 -3.900000e+00
    endloop
  endfacet
  facet normal 8.879346e-01 2.918828e-01 3.554948e-01
    outer loop
      vertex   3.474805e+00 -3.216027e+00 -3.900000e+00
      vertex   3.800000e+00 -3.793338e+00 -4.238245e+00
      vertex   3.800000e+00 -3.418840e+00 -4.545731e+00
    endloop
  endfacet
  facet normal 8.909624e-01 2.727610e-01 3.630254e-01
    outer loop
      vertex   3.474805e+00 -3.216027e+00 -3.900000e+00
      vertex   3.800000e+00 -3.418840e+00 -4.545731e+00
      vertex   3.474805e+00 -2.850753e+00 -4.174451e+00
    endloop
  endfacet
  facet normal 8.879384e-01 2.605620e-01 3.790421e-01
    outer loop
      vertex   3.474805e+00 -2.850753e+00 -4.174451e+00
      vertex   3.800000e+00 -3.418840e+00 -4.545731e+00
      vertex   3.800000e+00 -3.019529e+00 -4.820226e+00
    endloop
  endfacet
  facet normal 8.909362e-01 2.388957e-01 3.862143e-01
    outer loop
      vertex   3.474805e+00 -2.850753e+00 -4.174451e+00
      vertex   3.800000e+00 -3.019529e+00 -4.820226e+00
      vertex   3.474805e+00 -2.462190e+00 -4.414799e+00
    endloop
  endfacet
  facet normal 8.879830e-01 2.273122e-01 3.997692e-01
    outer loop
      vertex   3.474805e+00 -2.462190e+00 -4.414799e+00
      vertex   3.800000e+00 -3.019529e+00 -4.820226e+00
      vertex   3.800000e+00 -2.598304e+00 -5.059738e+00
    endloop
  endfacet
  facet normal 8.908658e-01 2.031097e-01 4.063307e-01
    outer loop
      vertex   3.474805e+00 -2.462190e+00 -4.414799e+00
      vertex   3.800000e+00 -2.598304e+00 -5.059738e+00
      vertex   3.474805e+00 -2.053513e+00 -4.619081e+00
    endloop
  endfacet
  facet normal 8.880683e-01 1.923925e-01 4.175162e-01
    outer loop
      vertex   3.474805e+00 -2.053513e+00 -4.619081e+00
      vertex   3.800000e+00 -2.598304e+00 -5.059738e+00
      vertex   3.800000e+00 -2.158222e+00 -5.262529e+00
    endloop
  endfacet
  facet normal 8.907509e-01 1.656739e-01 4.232198e-01
    outer loop
      vertex   3.474805e+00 -2.053513e+00 -4.619081e+00
      vertex   3.800000e+00 -2.158222e+00 -5.262529e+00
      vertex   3.474805e+00 -1.628060e+00 -4.785629e+00
    endloop
  endfacet
  facet normal 8.881944e-01 1.560752e-01 4.321473e-01
    outer loop
      vertex   3.474805e+00 -1.628060e+00 -4.785629e+00
      vertex   3.800000e+00 -2.158222e+00 -5.262529e+00
      vertex   3.800000e+00 -1.702477e+00 -5.427127e+00
    endloop
  endfacet
  facet normal 8.905914e-01 1.268711e-01 4.367502e-01
    outer loop
      vertex   3.474805e+00 -1.628060e+00 -4.785629e+00
      vertex   3.800000e+00 -1.702477e+00 -5.427127e+00
      vertex   3.474805e+00 -1.189308e+00 -4.913082e+00
    endloop
  endfacet
  facet normal 8.883609e-01 1.186440e-01 4.435522e-01
    outer loop
      vertex   3.474805e+00 -1.189308e+00 -4.913082e+00
      vertex   3.800000e+00 -1.702477e+00 -5.427127e+00
      vertex   3.800000e+00 -1.234375e+00 -5.552337e+00
    endloop
  endfacet
  facet normal 8.903870e-01 8.699438e-02 4.468142e-01
    outer loop
      vertex   3.474805e+00 -1.189308e+00 -4.913082e+00
      vertex   3.800000e+00 -1.234375e+00 -5.552337e+00
      vertex   3.474805e+00 -7.408392e-01 -5.000399e+00
    endloop
  endfacet
  facet normal 8.885676e-01 8.039089e-02 4.516470e-01
    outer loop
      vertex   3.474805e+00 -7.408392e-01 -5.000399e+00
      vertex   3.800000e+00 -1.234375e+00 -5.552337e+00
      vertex   3.800000e+00 -7.573155e-01 -5.637252e+00
    endloop
  endfacet
  facet normal 8.901374e-01 4.634503e-02 4.533294e-01
    outer loop
      vertex   3.474805e+00 -7.408392e-01 -5.000399e+00
      vertex   3.800000e+00 -7.573155e-01 -5.637252e+00
      vertex   3.474805e+00 -2.863185e-01 -5.046865e+00
    endloop
  endfacet
  facet normal 8.888141e-01 4.161439e-02 4.563745e-01
    outer loop
      vertex   3.474805e+00 -2.863185e-01 -5.046865e+00
      vertex   3.800000e+00 -7.573155e-01 -5.637252e+00
      vertex   3.800000e+00 -2.747594e-01 -5.681253e+00
    endloop
  endfacet
  facet normal 8.898421e-01 5.230441e-03 4.562385e-01
    outer loop
      vertex   3.474805e+00 -2.863185e-01 -5.046865e+00
      vertex   3.800000e+00 -2.747594e-01 -5.681253e+00
      vertex   3.474805e+00 1.705412e-01 -5.052103e+00
    endloop
  endfacet
  facet normal 8.891002e-01 2.616437e-03 4.577052e-01
    outer loop
      vertex   3.474805e+00 1.705412e-01 -5.052103e+00
      vertex   3.800000e+00 -2.747594e-01 -5.681253e+00
      vertex   3.800000e+00 2.097907e-01 -5.684023e+00
    endloop
  endfacet
  facet normal 8.895007e-01 -3.603796e-02 4.555104e-01
    outer loop
      vertex   3.474805e+00 1.705412e-01 -5.052103e+00
      vertex   3.800000e+00 2.097907e-01 -5.684023e+00
      vertex   3.474805e+00 6.260077e-01 -5.016068e+00
    endloop
  endfacet
  facet normal 8.894253e-01 -3.629989e-02 4.556369e-01
    outer loop
      vertex   3.474805e+00 6.260077e-01 -5.016068e+00
      vertex   3.800000e+00 2.097907e-01 -5.684023e+00
      vertex   3.800000e+00 6.928182e-01 -5.645541e+00
    endloop
  endfacet
  facet normal 8.891657e-01 -7.503193e-02 4.513919e-01
    outer loop
      vertex   3.474805e+00 6.260077e-01 -5.016068e+00
      vertex   3.800000e+00 6.928182e-01 -5.645541e+00
      vertex   3.800000e+00 1.170818e+00 -5.566087e+00
    endloop
  endfacet
  facet normal 8.896648e-01 3.073851e-01 3.376552e-01
    outer loop
      vertex   3.546607e+00 -3.431496e+00 -3.900000e+00
      vertex   3.624401e+00 -3.656657e+00 -3.900000e+00
      vertex   3.800000e+00 -3.793338e+00 -4.238245e+00
    endloop
  endfacet
  facet normal 8.880185e-01 3.172784e-01 3.328027e-01
    outer loop
      vertex   3.800000e+00 -3.793338e+00 -4.238245e+00
      vertex   3.624401e+00 -3.656657e+00 -3.900000e+00
      vertex   3.708680e+00 -3.892542e+00 -3.900000e+00
    endloop
  endfacet
  facet normal 8.843007e-01 3.259313e-01 3.343368e-01
    outer loop
      vertex   3.800000e+00 -3.793338e+00 -4.238245e+00
      vertex   3.708680e+00 -3.892542e+00 -3.900000e+00
      vertex   3.800000e+00 -4.140306e+00 -3.900000e+00
    endloop
  endfacet
  facet normal 8.897738e-01 -7.692989e-02 4.498714e-01
    outer loop
      vertex   3.474805e+00 6.260077e-01 -5.016068e+00
      vertex   3.800000e+00 1.170818e+00 -5.566087e+00
      vertex   3.474805e+00 1.076360e+00 -4.939056e+00
    endloop
  endfacet
  facet normal 8.888713e-01 -1.133207e-01 4.439214e-01
    outer loop
      vertex   3.474805e+00 1.076360e+00 -4.939056e+00
      vertex   3.800000e+00 1.170818e+00 -5.566087e+00
      vertex   3.800000e+00 1.640320e+00 -5.446236e+00
    endloop
  endfacet
  facet normal 8.900788e-01 -1.170825e-01 4.405127e-01
    outer loop
      vertex   3.474805e+00 1.076360e+00 -4.939056e+00
      vertex   3.800000e+00 1.640320e+00 -5.446236e+00
      vertex   3.474805e+00 1.517920e+00 -4.821696e+00
    endloop
  endfacet
  facet normal 8.886164e-01 -1.508559e-01 4.331321e-01
    outer loop
      vertex   3.474805e+00 1.517920e+00 -4.821696e+00
      vertex   3.800000e+00 1.640320e+00 -5.446236e+00
      vertex   3.800000e+00 2.097917e+00 -5.286859e+00
    endloop
  endfacet
  facet normal 8.903380e-01 -1.562051e-01 4.276659e-01
    outer loop
      vertex   3.474805e+00 1.517920e+00 -4.821696e+00
      vertex   3.800000e+00 2.097917e+00 -5.286859e+00
      vertex   3.474805e+00 1.947079e+00 -4.664945e+00
    endloop
  endfacet
  facet normal 8.884012e-01 -1.873440e-01 4.191008e-01
    outer loop
      vertex   3.474805e+00 1.947079e+00 -4.664945e+00
      vertex   3.800000e+00 2.097917e+00 -5.286859e+00
      vertex   3.800000e+00 2.540289e+00 -5.089112e+00
    endloop
  endfacet
  facet normal 8.905519e-01 -1.940033e-01 4.114365e-01
    outer loop
      vertex   3.474805e+00 1.947079e+00 -4.664945e+00
      vertex   3.800000e+00 2.540289e+00 -5.089112e+00
      vertex   3.474805e+00 2.360331e+00 -4.470085e+00
    endloop
  endfacet
  facet normal 8.882262e-01 -2.224994e-01 4.019306e-01
    outer loop
      vertex   3.474805e+00 2.360331e+00 -4.470085e+00
      vertex   3.800000e+00 2.540289e+00 -5.089112e+00
      vertex   3.800000e+00 2.964225e+00 -4.854432e+00
    endloop
  endfacet
  facet normal 8.907209e-01 -2.301925e-01 3.919537e-01
    outer loop
      vertex   3.474805e+00 2.360331e+00 -4.470085e+00
      vertex   3.800000e+00 2.964225e+00 -4.854432e+00
      vertex   3.474805e+00 2.754302e+00 -4.238708e+00
    endloop
  endfacet
  facet normal 8.880916e-01 -2.560468e-01 3.817504e-01
    outer loop
      vertex   3.474805e+00 2.754302e+00 -4.238708e+00
      vertex   3.800000e+00 2.964225e+00 -4.854432e+00
      vertex   3.800000e+00 3.366647e+00 -4.584520e+00
    endloop
  endfacet
  facet normal 8.908452e-01 -2.645006e-01 3.693701e-01
    outer loop
      vertex   3.474805e+00 2.754302e+00 -4.238708e+00
      vertex   3.800000e+00 3.366647e+00 -4.584520e+00
      vertex   3.474805e+00 3.125772e+00 -3.972704e+00
    endloop
  endfacet
  facet normal 8.879976e-01 -2.877234e-01 3.587136e-01
    outer loop
      vertex   3.474805e+00 3.125772e+00 -3.972704e+00
      vertex   3.800000e+00 3.366647e+00 -4.584520e+00
      vertex   3.800000e+00 3.744636e+00 -4.281335e+00
    endloop
  endfacet
  facet normal 8.909250e-01 -2.966690e-01 3.438606e-01
    outer loop
      vertex   3.474805e+00 3.125772e+00 -3.972704e+00
      vertex   3.800000e+00 3.744636e+00 -4.281335e+00
      vertex   3.474805e+00 3.471707e+00 -3.674246e+00
    endloop
  endfacet
  facet normal 8.879444e-01 -3.172817e-01 3.329971e-01
    outer loop
      vertex   3.474805e+00 3.471707e+00 -3.674246e+00
      vertex   3.800000e+00 3.744636e+00 -4.281335e+00
      vertex   3.800000e+00 4.095449e+00 -3.947079e+00
    endloop
  endfacet
  facet normal 8.909606e-01 -3.264549e-01 3.156208e-01
    outer loop
      vertex   3.474805e+00 3.471707e+00 -3.674246e+00
      vertex   3.800000e+00 4.095449e+00 -3.947079e+00
      vertex   3.474805e+00 3.789280e+00 -3.345771e+00
    endloop
  endfacet
  facet normal 8.879320e-01 -3.444909e-01 3.047995e-01
    outer loop
      vertex   3.474805e+00 3.789280e+00 -3.345771e+00
      vertex   3.800000e+00 4.095449e+00 -3.947079e+00
      vertex   3.800000e+00 4.416538e+00 -3.584177e+00
    endloop
  endfacet
  facet normal 8.909518e-01 -3.536327e-01 2.848662e-01
    outer loop
      vertex   3.474805e+00 3.789280e+00 -3.345771e+00
      vertex   3.800000e+00 4.416538e+00 -3.584177e+00
      vertex   3.474805e+00 4.075898e+00 -2.989964e+00
    endloop
  endfacet
  facet normal 8.879605e-01 -3.691394e-01 2.743397e-01
    outer loop
      vertex   3.474805e+00 4.075898e+00 -2.989964e+00
      vertex   3.800000e+00 4.416538e+00 -3.584177e+00
      vertex   3.800000e+00 4.705575e+00 -3.195262e+00
    endloop
  endfacet
  facet normal 8.908988e-01 -3.779958e-01 2.518302e-01
    outer loop
      vertex   3.474805e+00 4.075898e+00 -2.989964e+00
      vertex   3.800000e+00 4.705575e+00 -3.195262e+00
      vertex   3.474805e+00 4.329218e+00 -2.609732e+00
    endloop
  endfacet
  facet normal 8.880298e-01 -3.910361e-01 2.418549e-01
    outer loop
      vertex   3.474805e+00 4.329218e+00 -2.609732e+00
      vertex   3.800000e+00 4.705575e+00 -3.195262e+00
      vertex   3.800000e+00 4.960460e+00 -2.783158e+00
    endloop
  endfacet
  facet normal 8.908015e-01 -3.993578e-01 2.167627e-01
    outer loop
      vertex   3.474805e+00 4.329218e+00 -2.609732e+00
      vertex   3.800000e+00 4.960460e+00 -2.783158e+00
      vertex   3.474805e+00 4.547172e+00 -2.208179e+00
    endloop
  endfacet
  facet normal 8.881398e-01 -4.100127e-01 2.075987e-01
    outer loop
      vertex   3.474805e+00 4.547172e+00 -2.208179e+00
      vertex   3.800000e+00 4.960460e+00 -2.783158e+00
      vertex   3.800000e+00 5.179345e+00 -2.350855e+00
    endloop
  endfacet
  facet normal 8.906596e-01 -4.175538e-01 1.799286e-01
    outer loop
      vertex   3.474805e+00 4.547172e+00 -2.208179e+00
      vertex   3.800000e+00 5.179345e+00 -2.350855e+00
      vertex   3.474805e+00 4.727979e+00 -1.788588e+00
    endloop
  endfacet
  facet normal 8.882904e-01 -4.259244e-01 1.718387e-01
    outer loop
      vertex   3.474805e+00 4.727979e+00 -1.788588e+00
      vertex   3.800000e+00 5.179345e+00 -2.350855e+00
      vertex   3.800000e+00 5.360640e+00 -1.901491e+00
    endloop
  endfacet
  facet normal 8.904730e-01 -4.324415e-01 1.416057e-01
    outer loop
      vertex   3.474805e+00 4.727979e+00 -1.788588e+00
      vertex   3.800000e+00 5.360640e+00 -1.901491e+00
      vertex   3.474805e+00 4.870161e+00 -1.354385e+00
    endloop
  endfacet
  facet normal 8.884813e-01 -4.386516e-01 1.348546e-01
    outer loop
      vertex   3.474805e+00 4.870161e+00 -1.354385e+00
      vertex   3.800000e+00 5.360640e+00 -1.901491e+00
      vertex   3.800000e+00 5.503031e+00 -1.438326e+00
    endloop
  endfacet
  facet normal 8.902413e-01 -4.439027e-01 1.020830e-01
    outer loop
      vertex   3.474805e+00 4.870161e+00 -1.354385e+00
      vertex   3.800000e+00 5.503031e+00 -1.438326e+00
      vertex   3.474805e+00 4.972558e+00 -9.091172e-01
    endloop
  endfacet
  facet normal 8.887122e-01 -4.481007e-01 9.693537e-02
    outer loop
      vertex   3.474805e+00 4.972558e+00 -9.091172e-01
      vertex   3.800000e+00 5.503031e+00 -1.438326e+00
      vertex   3.800000e+00 5.605483e+00 -9.647230e-01
    endloop
  endfacet
  facet normal 8.899640e-01 -4.518431e-01 6.165850e-02
    outer loop
      vertex   3.474805e+00 4.972558e+00 -9.091172e-01
      vertex   3.800000e+00 5.605483e+00 -9.647230e-01
      vertex   3.474805e+00 5.034333e+00 -4.564229e-01
    endloop
  endfacet
  facet normal 8.889827e-01 -4.542046e-01 5.837716e-02
    outer loop
      vertex   3.474805e+00 5.034333e+00 -4.564229e-01
      vertex   3.800000e+00 5.605483e+00 -9.647230e-01
      vertex   3.800000e+00 5.667254e+00 -4.841182e-01
    endloop
  endfacet
  facet normal 8.896409e-01 -4.561942e-01 2.063743e-02
    outer loop
      vertex   3.474805e+00 5.034333e+00 -4.564229e-01
      vertex   3.800000e+00 5.667254e+00 -4.841182e-01
      vertex   3.474805e+00 5.054981e+00 5.100008e-15
    endloop
  endfacet
  facet normal 8.892925e-01 -4.569239e-01 1.948061e-02
    outer loop
      vertex   3.474805e+00 5.054981e+00 5.100008e-15
      vertex   3.800000e+00 5.667254e+00 -4.841182e-01
      vertex   3.800000e+00 5.687894e+00 3.040844e-16
    endloop
  endfacet
  facet normal 8.892925e-01 -4.569239e-01 -1.948061e-02
    outer loop
      vertex   3.474805e+00 5.054981e+00 5.100008e-15
      vertex   3.800000e+00 5.687894e+00 3.040844e-16
      vertex   3.800000e+00 5.667254e+00 4.841182e-01
    endloop
  endfacet
  facet normal 8.896409e-01 -4.561942e-01 -2.063743e-02
    outer loop
      vertex   3.474805e+00 5.054981e+00 5.100008e-15
      vertex   3.800000e+00 5.667254e+00 4.841182e-01
      vertex   3.474805e+00 5.034333e+00 4.564229e-01
    endloop
  endfacet
  facet normal 8.889827e-01 -4.542046e-01 -5.837716e-02
    outer loop
      vertex   3.474805e+00 5.034333e+00 4.564229e-01
      vertex   3.800000e+00 5.667254e+00 4.841182e-01
      vertex   3.800000e+00 5.605483e+00 9.647230e-01
    endloop
  endfacet
  facet normal 8.899640e-01 -4.518431e-01 -6.165850e-02
    outer loop
      vertex   3.474805e+00 5.034333e+00 4.564229e-01
      vertex   3.800000e+00 5.605483e+00 9.647230e-01
      vertex   3.474805e+00 4.972558e+00 9.091172e-01
    endloop
  endfacet
  facet normal 8.887122e-01 -4.481007e-01 -9.693537e-02
    outer loop
      vertex   3.474805e+00 4.972558e+00 9.091172e-01
      vertex   3.800000e+00 5.605483e+00 9.647230e-01
      vertex   3.800000e+00 5.503031e+00 1.438326e+00
    endloop
  endfacet
  facet normal 8.902413e-01 -4.439027e-01 -1.020830e-01
    outer loop
      vertex   3.474805e+00 4.972558e+00 9.091172e-01
      vertex   3.800000e+00 5.503031e+00 1.438326e+00
      vertex   3.474805e+00 4.870161e+00 1.354385e+00
    endloop
  endfacet
  facet normal 8.884813e-01 -4.386516e-01 -1.348546e-01
    outer loop
      vertex   3.474805e+00 4.870161e+00 1.354385e+00
      vertex   3.800000e+00 5.503031e+00 1.438326e+00
      vertex   3.800000e+00 5.360640e+00 1.901491e+00
    endloop
  endfacet
  facet normal 8.904730e-01 -4.324415e-01 -1.416057e-01
    outer loop
      vertex   3.474805e+00 4.870161e+00 1.354385e+00
      vertex   3.800000e+00 5.360640e+00 1.901491e+00
      vertex   3.474805e+00 4.727979e+00 1.788588e+00
    endloop
  endfacet
  facet normal 8.882904e-01 -4.259244e-01 -1.718387e-01
    outer loop
      vertex   3.474805e+00 4.727979e+00 1.788588e+00
      vertex   3.800000e+00 5.360640e+00 1.901491e+00
      vertex   3.800000e+00 5.179345e+00 2.350855e+00
    endloop
  endfacet
  facet normal 8.906596e-01 -4.175538e-01 -1.799286e-01
    outer loop
      vertex   3.474805e+00 4.727979e+00 1.788588e+00
      vertex   3.800000e+00 5.179345e+00 2.350855e+00
      vertex   3.474805e+00 4.547172e+00 2.208179e+00
    endloop
  endfacet
  facet normal 8.881398e-01 -4.100127e-01 -2.075987e-01
    outer loop
      vertex   3.474805e+00 4.547172e+00 2.208179e+00
      vertex   3.800000e+00 5.179345e+00 2.350855e+00
      vertex   3.800000e+00 4.960460e+00 2.783158e+00
    endloop
  endfacet
  facet normal 8.908015e-01 -3.993578e-01 -2.167627e-01
    outer loop
      vertex   3.474805e+00 4.547172e+00 2.208179e+00
      vertex   3.800000e+00 4.960460e+00 2.783158e+00
      vertex   3.474805e+00 4.329218e+00 2.609732e+00
    endloop
  endfacet
  facet normal 8.880298e-01 -3.910361e-01 -2.418549e-01
    outer loop
      vertex   3.474805e+00 4.329218e+00 2.609732e+00
      vertex   3.800000e+00 4.960460e+00 2.783158e+00
      vertex   3.800000e+00 4.705575e+00 3.195262e+00
    endloop
  endfacet
  facet normal 8.908988e-01 -3.779958e-01 -2.518302e-01
    outer loop
      vertex   3.474805e+00 4.329218e+00 2.609732e+00
      vertex   3.800000e+00 4.705575e+00 3.195262e+00
      vertex   3.474805e+00 4.075898e+00 2.989964e+00
    endloop
  endfacet
  facet normal 8.879605e-01 -3.691394e-01 -2.743397e-01
    outer loop
      vertex   3.474805e+00 4.075898e+00 2.989964e+00
      vertex   3.800000e+00 4.705575e+00 3.195262e+00
      vertex   3.800000e+00 4.416538e+00 3.584177e+00
    endloop
  endfacet
  facet normal 8.909518e-01 -3.536327e-01 -2.848662e-01
    outer loop
      vertex   3.474805e+00 4.075898e+00 2.989964e+00
      vertex   3.800000e+00 4.416538e+00 3.584177e+00
      vertex   3.474805e+00 3.789280e+00 3.345771e+00
    endloop
  endfacet
  facet normal 8.879320e-01 -3.444909e-01 -3.047995e-01
    outer loop
      vertex   3.474805e+00 3.789280e+00 3.345771e+00
      vertex   3.800000e+00 4.416538e+00 3.584177e+00
      vertex   3.800000e+00 4.095449e+00 3.947079e+00
    endloop
  endfacet
  facet normal 8.909606e-01 -3.264549e-01 -3.156208e-01
    outer loop
      vertex   3.474805e+00 3.789280e+00 3.345771e+00
      vertex   3.800000e+00 4.095449e+00 3.947079e+00
      vertex   3.474805e+00 3.471707e+00 3.674246e+00
    endloop
  endfacet
  facet normal 8.879444e-01 -3.172817e-01 -3.329971e-01
    outer loop
      vertex   3.474805e+00 3.471707e+00 3.674246e+00
      vertex   3.800000e+00 4.095449e+00 3.947079e+00
      vertex   3.800000e+00 3.744636e+00 4.281335e+00
    endloop
  endfacet
  facet normal 8.909250e-01 -2.966690e-01 -3.438606e-01
    outer loop
      vertex   3.474805e+00 3.471707e+00 3.674246e+00
      vertex   3.800000e+00 3.744636e+00 4.281335e+00
      vertex   3.474805e+00 3.125772e+00 3.972704e+00
    endloop
  endfacet
  facet normal 8.879976e-01 -2.877234e-01 -3.587136e-01
    outer loop
      vertex   3.474805e+00 3.125772e+00 3.972704e+00
      vertex   3.800000e+00 3.744636e+00 4.281335e+00
      vertex   3.800000e+00 3.366647e+00 4.584520e+00
    endloop
  endfacet
  facet normal 8.908452e-01 -2.645006e-01 -3.693701e-01
    outer loop
      vertex   3.474805e+00 3.125772e+00 3.972704e+00
      vertex   3.800000e+00 3.366647e+00 4.584520e+00
      vertex   3.474805e+00 2.754302e+00 4.238708e+00
    endloop
  endfacet
  facet normal 8.880916e-01 -2.560468e-01 -3.817504e-01
    outer loop
      vertex   3.474805e+00 2.754302e+00 4.238708e+00
      vertex   3.800000e+00 3.366647e+00 4.584520e+00
      vertex   3.800000e+00 2.964225e+00 4.854432e+00
    endloop
  endfacet
  facet normal 8.907209e-01 -2.301925e-01 -3.919537e-01
    outer loop
      vertex   3.474805e+00 2.754302e+00 4.238708e+00
      vertex   3.800000e+00 2.964225e+00 4.854432e+00
      vertex   3.474805e+00 2.360331e+00 4.470085e+00
    endloop
  endfacet
  facet normal 8.882262e-01 -2.224994e-01 -4.019306e-01
    outer loop
      vertex   3.474805e+00 2.360331e+00 4.470085e+00
      vertex   3.800000e+00 2.964225e+00 4.854432e+00
      vertex   3.800000e+00 2.540289e+00 5.089112e+00
    endloop
  endfacet
  facet normal 8.905519e-01 -1.940033e-01 -4.114365e-01
    outer loop
      vertex   3.474805e+00 2.360331e+00 4.470085e+00
      vertex   3.800000e+00 2.540289e+00 5.089112e+00
      vertex   3.474805e+00 1.947079e+00 4.664945e+00
    endloop
  endfacet
  facet normal 8.884012e-01 -1.873440e-01 -4.191008e-01
    outer loop
      vertex   3.474805e+00 1.947079e+00 4.664945e+00
      vertex   3.800000e+00 2.540289e+00 5.089112e+00
      vertex   3.800000e+00 2.097917e+00 5.286859e+00
    endloop
  endfacet
  facet normal 8.903380e-01 -1.562051e-01 -4.276659e-01
    outer loop
      vertex   3.474805e+00 1.947079e+00 4.664945e+00
      vertex   3.800000e+00 2.097917e+00 5.286859e+00
      vertex   3.474805e+00 1.517920e+00 4.821696e+00
    endloop
  endfacet
  facet normal 8.886164e-01 -1.508559e-01 -4.331321e-01
    outer loop
      vertex   3.474805e+00 1.517920e+00 4.821696e+00
      vertex   3.800000e+00 2.097917e+00 5.286859e+00
      vertex   3.800000e+00 1.640320e+00 5.446236e+00
    endloop
  endfacet
  facet normal 8.900788e-01 -1.170825e-01 -4.405127e-01
    outer loop
      vertex   3.474805e+00 1.517920e+00 4.821696e+00
      vertex   3.800000e+00 1.640320e+00 5.446236e+00
      vertex   3.474805e+00 1.076360e+00 4.939056e+00
    endloop
  endfacet
  facet normal 8.888713e-01 -1.133207e-01 -4.439214e-01
    outer loop
      vertex   3.474805e+00 1.076360e+00 4.939056e+00
      vertex   3.800000e+00 1.640320e+00 5.446236e+00
      vertex   3.800000e+00 1.170818e+00 5.566087e+00
    endloop
  endfacet
  facet normal 8.897738e-01 -7.692989e-02 -4.498714e-01
    outer loop
      vertex   3.474805e+00 1.076360e+00 4.939056e+00
      vertex   3.800000e+00 1.170818e+00 5.566087e+00
      vertex   3.474805e+00 6.260077e-01 5.016068e+00
    endloop
  endfacet
  facet normal 8.891657e-01 -7.503193e-02 -4.513919e-01
    outer loop
      vertex   3.474805e+00 6.260077e-01 5.016068e+00
      vertex   3.800000e+00 1.170818e+00 5.566087e+00
      vertex   3.800000e+00 6.928182e-01 5.645541e+00
    endloop
  endfacet
  facet normal 8.894253e-01 -3.629989e-02 -4.556369e-01
    outer loop
      vertex   3.474805e+00 6.260077e-01 5.016068e+00
      vertex   3.800000e+00 6.928182e-01 5.645541e+00
      vertex   3.800000e+00 2.097907e-01 5.684023e+00
    endloop
  endfacet
  facet normal 8.895007e-01 -3.603796e-02 -4.555104e-01
    outer loop
      vertex   3.474805e+00 6.260077e-01 5.016068e+00
      vertex   3.800000e+00 2.097907e-01 5.684023e+00
      vertex   3.474805e+00 1.705412e-01 5.052103e+00
    endloop
  endfacet
  facet normal 8.891002e-01 2.616437e-03 -4.577052e-01
    outer loop
      vertex   3.474805e+00 1.705412e-01 5.052103e+00
      vertex   3.800000e+00 2.097907e-01 5.684023e+00
      vertex   3.800000e+00 -2.747594e-01 5.681253e+00
    endloop
  endfacet
  facet normal 8.898421e-01 5.230441e-03 -4.562385e-01
    outer loop
      vertex   3.474805e+00 1.705412e-01 5.052103e+00
      vertex   3.800000e+00 -2.747594e-01 5.681253e+00
      vertex   3.474805e+00 -2.863185e-01 5.046865e+00
    endloop
  endfacet
  facet normal 8.888141e-01 4.161439e-02 -4.563745e-01
    outer loop
      vertex   3.474805e+00 -2.863185e-01 5.046865e+00
      vertex   3.800000e+00 -2.747594e-01 5.681253e+00
      vertex   3.800000e+00 -7.573155e-01 5.637252e+00
    endloop
  endfacet
  facet normal 8.901374e-01 4.634503e-02 -4.533294e-01
    outer loop
      vertex   3.474805e+00 -2.863185e-01 5.046865e+00
      vertex   3.800000e+00 -7.573155e-01 5.637252e+00
      vertex   3.474805e+00 -7.408392e-01 5.000399e+00
    endloop
  endfacet
  facet normal 8.885676e-01 8.039089e-02 -4.516470e-01
    outer loop
      vertex   3.474805e+00 -7.408392e-01 5.000399e+00
      vertex   3.800000e+00 -7.573155e-01 5.637252e+00
      vertex   3.800000e+00 -1.234375e+00 5.552337e+00
    endloop
  endfacet
  facet normal 8.903870e-01 8.699438e-02 -4.468142e-01
    outer loop
      vertex   3.474805e+00 -7.408392e-01 5.000399e+00
      vertex   3.800000e+00 -1.234375e+00 5.552337e+00
      vertex   3.474805e+00 -1.189308e+00 4.913082e+00
    endloop
  endfacet
  facet normal 8.883609e-01 1.186440e-01 -4.435522e-01
    outer loop
      vertex   3.474805e+00 -1.189308e+00 4.913082e+00
      vertex   3.800000e+00 -1.234375e+00 5.552337e+00
      vertex   3.800000e+00 -1.702477e+00 5.427127e+00
    endloop
  endfacet
  facet normal 8.905914e-01 1.268711e-01 -4.367502e-01
    outer loop
      vertex   3.474805e+00 -1.189308e+00 4.913082e+00
      vertex   3.800000e+00 -1.702477e+00 5.427127e+00
      vertex   3.474805e+00 -1.628060e+00 4.785629e+00
    endloop
  endfacet
  facet normal 8.881944e-01 1.560752e-01 -4.321473e-01
    outer loop
      vertex   3.474805e+00 -1.628060e+00 4.785629e+00
      vertex   3.800000e+00 -1.702477e+00 5.427127e+00
      vertex   3.800000e+00 -2.158222e+00 5.262529e+00
    endloop
  endfacet
  facet normal 8.907509e-01 1.656739e-01 -4.232198e-01
    outer loop
      vertex   3.474805e+00 -1.628060e+00 4.785629e+00
      vertex   3.800000e+00 -2.158222e+00 5.262529e+00
      vertex   3.474805e+00 -2.053513e+00 4.619081e+00
    endloop
  endfacet
  facet normal 8.880683e-01 1.923925e-01 -4.175162e-01
    outer loop
      vertex   3.474805e+00 -2.053513e+00 4.619081e+00
      vertex   3.800000e+00 -2.158222e+00 5.262529e+00
      vertex   3.800000e+00 -2.598304e+00 5.059738e+00
    endloop
  endfacet
  facet normal 8.908658e-01 2.031097e-01 -4.063307e-01
    outer loop
      vertex   3.474805e+00 -2.053513e+00 4.619081e+00
      vertex   3.800000e+00 -2.598304e+00 5.059738e+00
      vertex   3.474805e+00 -2.462190e+00 4.414799e+00
    endloop
  endfacet
  facet normal 8.879830e-01 2.273122e-01 -3.997692e-01
    outer loop
      vertex   3.474805e+00 -2.462190e+00 4.414799e+00
      vertex   3.800000e+00 -2.598304e+00 5.059738e+00
      vertex   3.800000e+00 -3.019529e+00 4.820226e+00
    endloop
  endfacet
  facet normal 8.909362e-01 2.388957e-01 -3.862143e-01
    outer loop
      vertex   3.474805e+00 -2.462190e+00 4.414799e+00
      vertex   3.800000e+00 -3.019529e+00 4.820226e+00
      vertex   3.474805e+00 -2.850753e+00 4.174451e+00
    endloop
  endfacet
  facet normal 8.879384e-01 2.605620e-01 -3.790421e-01
    outer loop
      vertex   3.474805e+00 -2.850753e+00 4.174451e+00
      vertex   3.800000e+00 -3.019529e+00 4.820226e+00
      vertex   3.800000e+00 -3.418840e+00 4.545731e+00
    endloop
  endfacet
  facet normal 8.909624e-01 2.727610e-01 -3.630254e-01
    outer loop
      vertex   3.474805e+00 -2.850753e+00 4.174451e+00
      vertex   3.800000e+00 -3.418840e+00 4.545731e+00
      vertex   3.474805e+00 -3.216027e+00 3.900000e+00
    endloop
  endfacet
  facet normal 8.872864e-01 2.956729e-01 -3.539779e-01
    outer loop
      vertex   3.474805e+00 -3.216027e+00 3.900000e+00
      vertex   3.800000e+00 -3.418840e+00 4.545731e+00
      vertex   3.546607e+00 -3.431496e+00 3.900000e+00
    endloop
  endfacet
  facet normal 8.886521e-01 2.910022e-01 -3.544223e-01
    outer loop
      vertex   3.546607e+00 -3.431496e+00 3.900000e+00
      vertex   3.800000e+00 -3.418840e+00 4.545731e+00
      vertex   3.800000e+00 -3.793338e+00 4.238245e+00
    endloop
  endfacet
  facet normal 8.896648e-01 3.073851e-01 -3.376552e-01
    outer loop
      vertex   3.546607e+00 -3.431496e+00 3.900000e+00
      vertex   3.800000e+00 -3.793338e+00 4.238245e+00
      vertex   3.624401e+00 -3.656657e+00 3.900000e+00
    endloop
  endfacet
  facet normal 8.880185e-01 3.172784e-01 -3.328027e-01
    outer loop
      vertex   3.624401e+00 -3.656657e+00 3.900000e+00
      vertex   3.800000e+00 -3.793338e+00 4.238245e+00
      vertex   3.708680e+00 -3.892542e+00 3.900000e+00
    endloop
  endfacet
  facet normal 8.843007e-01 3.259313e-01 -3.343368e-01
    outer loop
      vertex   3.708680e+00 -3.892542e+00 3.900000e+00
      vertex   3.800000e+00 -3.793338e+00 4.238245e+00
      vertex   3.800000e+00 -4.140306e+00 3.900000e+00
    endloop
  endfacet
  facet normal 0.000000e+00 0.000000e+00 -1.000000e+00
    outer loop
      vertex   -3.800000e+00 -4.140306e+00 3.900000e+00
      vertex   -3.708680e+00 -3.892542e+00 3.900000e+00
      vertex   -3.800000e+00 -6.000000e+00 3.900000e+00
    endloop
  endfacet
  facet normal 0.000000e+00 0.000000e+00 -1.000000e+00
    outer loop
      vertex   -3.800000e+00 -6.000000e+00 3.900000e+00
      vertex   -3.708680e+00 -3.892542e+00 3.900000e+00
      vertex   -3.624401e+00 -3.656657e+00 3.900000e+00
    endloop
  endfacet
  facet normal -1.457888e-14 1.092470e-15 -1.000000e+00
    outer loop
      vertex   -3.800000e+00 -6.000000e+00 3.900000e+00
      vertex   -3.624401e+00 -3.656657e+00 3.900000e+00
      vertex   -3.546607e+00 -3.431496e+00 3.900000e+00
    endloop
  endfacet
  facet normal 1.474115e-15 -4.912233e-16 -1.000000e+00
    outer loop
      vertex   -3.546607e+00 -3.431496e+00 3.900000e+00
      vertex   -3.474805e+00 -3.216027e+00 3.900000e+00
      vertex   -3.800000e+00 -6.000000e+00 3.900000e+00
    endloop
  endfacet
  facet normal 3.648089e-16 -3.616458e-16 -1.000000e+00
    outer loop
      vertex   -3.800000e+00 -6.000000e+00 3.900000e+00
      vertex   -3.474805e+00 -3.216027e+00 3.900000e+00
      vertex   -3.091671e+00 -2.829542e+00 3.900000e+00
    endloop
  endfacet
  facet normal -2.927006e-16 -2.147482e-16 -1.000000e+00
    outer loop
      vertex   -3.800000e+00 -6.000000e+00 3.900000e+00
      vertex   -3.091671e+00 -2.829542e+00 3.900000e+00
      vertex   -1.246687e+00 -5.344244e+00 3.900000e+00
    endloop
  endfacet
  facet normal 0.000000e+00 0.000000e+00 -1.000000e+00
    outer loop
      vertex   -1.246687e+00 -5.344244e+00 3.900000e+00
      vertex   -3.091671e+00 -2.829542e+00 3.900000e+00
      vertex   -2.692178e+00 -2.457343e+00 3.900000e+00
    endloop
  endfacet
  facet normal 0.000000e+00 0.000000e+00 -1.000000e+00
    outer loop
      vertex   -1.246687e+00 -5.344244e+00 3.900000e+00
      vertex   -2.692178e+00 -2.457343e+00 3.900000e+00
      vertex   -1.060402e+00 -5.171261e+00 3.900000e+00
    endloop
  endfacet
  facet normal 0.000000e+00 0.000000e+00 -1.000000e+00
    outer loop
      vertex   -1.060402e+00 -5.171261e+00 3.900000e+00
      vertex   -2.692178e+00 -2.457343e+00 3.900000e+00
      vertex   -8.504044e-01 -5.027990e+00 3.900000e+00
    endloop
  endfacet
  facet normal 0.000000e+00 0.000000e+00 -1.000000e+00
    outer loop
      vertex   -8.504044e-01 -5.027990e+00 3.900000e+00
      vertex   -2.692178e+00 -2.457343e+00 3.900000e+00
      vertex   -6.213902e-01 -4.917637e+00 3.900000e+00
    endloop
  endfacet
  facet normal 0.000000e+00 0.000000e+00 -1.000000e+00
    outer loop
      vertex   -6.213902e-01 -4.917637e+00 3.900000e+00
      vertex   -2.692178e+00 -2.457343e+00 3.900000e+00
      vertex   -3.784807e-01 -4.842667e+00 3.900000e+00
    endloop
  endfacet
  facet normal 0.000000e+00 0.000000e+00 -1.000000e+00
    outer loop
      vertex   -3.784807e-01 -4.842667e+00 3.900000e+00
      vertex   -2.692178e+00 -2.457343e+00 3.900000e+00
      vertex   -1.271077e-01 -4.804759e+00 3.900000e+00
    endloop
  endfacet
  facet normal 0.000000e+00 0.000000e+00 -1.000000e+00
    outer loop
      vertex   -1.271077e-01 -4.804759e+00 3.900000e+00
      vertex   -2.692178e+00 -2.457343e+00 3.900000e+00
      vertex   -2.284672e+00 -2.106476e+00 3.900000e+00
    endloop
  endfacet
  facet normal 0.000000e+00 0.000000e+00 -1.000000e+00
    outer loop
      vertex   -1.271077e-01 -4.804759e+00 3.900000e+00
      vertex   -2.284672e+00 -2.106476e+00 3.900000e+00
      vertex   -1.877498e+00 -1.783986e+00 3.900000e+00
    endloop
  endfacet
  facet normal 0.000000e+00 0.000000e+00 -1.000000e+00
    outer loop
      vertex   -1.271077e-01 -4.804759e+00 3.900000e+00
      vertex   -1.877498e+00 -1.783986e+00 3.900000e+00
      vertex   1.877498e+00 -1.783986e+00 3.900000e+00
    endloop
  endfacet
  facet normal -0.000000e+00 0.000000e+00 -1.000000e+00
    outer loop
      vertex   1.877498e+00 -1.783986e+00 3.900000e+00
      vertex   -1.877498e+00 -1.783986e+00 3.900000e+00
      vertex   -1.674140e+00 -1.633814e+00 3.900000e+00
    endloop
  endfacet
  facet normal 0.000000e+00 0.000000e+00 -1.000000e+00
    outer loop
      vertex   1.877498e+00 -1.783986e+00 3.900000e+00
      vertex   -1.674140e+00 -1.633814e+00 3.900000e+00
      vertex   1.674140e+00 -1.633814e+00 3.900000e+00
    endloop
  endfacet
  facet normal -0.000000e+00 0.000000e+00 -1.000000e+00
    outer loop
      vertex   1.674140e+00 -1.633814e+00 3.900000e+00
      vertex   -1.674140e+00 -1.633814e+00 3.900000e+00
      vertex   -1.456321e+00 -1.481972e+00 3.900000e+00
    endloop
  endfacet
  facet normal 0.000000e+00 0.000000e+00 -1.000000e+00
    outer loop
      vertex   1.674140e+00 -1.633814e+00 3.900000e+00
      vertex   -1.456321e+00 -1.481972e+00 3.900000e+00
      vertex   1.456321e+00 -1.481972e+00 3.900000e+00
    endloop
  endfacet
  facet normal -0.000000e+00 0.000000e+00 -1.000000e+00
    outer loop
      vertex   1.456321e+00 -1.481972e+00 3.900000e+00
      vertex   -1.456321e+00 -1.481972e+00 3.900000e+00
      vertex   -1.227205e+00 -1.333700e+00 3.900000e+00
    endloop
  endfacet
  facet normal 0.000000e+00 0.000000e+00 -1.000000e+00
    outer loop
      vertex   1.456321e+00 -1.481972e+00 3.900000e+00
      vertex   -1.227205e+00 -1.333700e+00 3.900000e+00
      vertex   1.227205e+00 -1.333700e+00 3.900000e+00
    endloop
  endfacet
  facet normal -0.000000e+00 0.000000e+00 -1.000000e+00
    outer loop
      vertex   1.227205e+00 -1.333700e+00 3.900000e+00
      vertex   -1.227205e+00 -1.333700e+00 3.900000e+00
      vertex   -9.934855e-01 -1.196874e+00 3.900000e+00
    endloop
  endfacet
  facet normal 0.000000e+00 0.000000e+00 -1.000000e+00
    outer loop
      vertex   1.227205e+00 -1.333700e+00 3.900000e+00
      vertex   -9.934855e-01 -1.196874e+00 3.900000e+00
      vertex   9.934855e-01 -1.196874e+00 3.900000e+00
    endloop
  endfacet
  facet normal -0.000000e+00 0.000000e+00 -1.000000e+00
    outer loop
      vertex   9.934855e-01 -1.196874e+00 3.900000e+00
      vertex   -9.934855e-01 -1.196874e+00 3.900000e+00
      vertex   -7.618523e-01 -1.079370e+00 3.900000e+00
    endloop
  endfacet
  facet normal 0.000000e+00 0.000000e+00 -1.000000e+00
    outer loop
      vertex   9.934855e-01 -1.196874e+00 3.900000e+00
      vertex   -7.618523e-01 -1.079370e+00 3.900000e+00
      vertex   7.618523e-01 -1.079370e+00 3.900000e+00
    endloop
  endfacet
  facet normal -0.000000e+00 0.000000e+00 -1.000000e+00
    outer loop
      vertex   7.618523e-01 -1.079370e+00 3.900000e+00
      vertex   -7.618523e-01 -1.079370e+00 3.900000e+00
      vertex   -5.203232e-01 -9.838156e-01 3.900000e+00
    endloop
  endfacet
  facet normal 0.000000e+00 0.000000e+00 -1.000000e+00
    outer loop
      vertex   7.618523e-01 -1.079370e+00 3.900000e+00
      vertex   -5.203232e-01 -9.838156e-01 3.900000e+00
      vertex   5.203232e-01 -9.838156e-01 3.900000e+00
    endloop
  endfacet
  facet normal 4.768003e-28 -6.467724e-15 -1.000000e+00
    outer loop
      vertex   5.203232e-01 -9.838156e-01 3.900000e+00
      vertex   -5.203232e-01 -9.838156e-01 3.900000e+00
      vertex   -2.587157e-01 -9.151532e-01 3.900000e+00
    endloop
  endfacet
  facet normal 8.582570e-16 3.270008e-15 -1.000000e+00
    outer loop
      vertex   5.203232e-01 -9.838156e-01 3.900000e+00
      vertex   -2.587157e-01 -9.151532e-01 3.900000e+00
      vertex   2.587157e-01 -9.151532e-01 3.900000e+00
    endloop
  endfacet
  facet normal 8.582570e-16 1.706428e-14 -1.000000e+00
    outer loop
      vertex   2.587157e-01 -9.151532e-01 3.900000e+00
      vertex   -2.587157e-01 -9.151532e-01 3.900000e+00
      vertex   -1.275459e-01 -8.957260e-01 3.900000e+00
    endloop
  endfacet
  facet normal 3.481799e-15 6.922681e-14 -1.000000e+00
    outer loop
      vertex   2.587157e-01 -9.151532e-01 3.900000e+00
      vertex   -1.275459e-01 -8.957260e-01 3.900000e+00
      vertex   1.275459e-01 -8.957260e-01 3.900000e+00
    endloop
  endfacet
  facet normal 3.481799e-15 -6.429987e-14 -1.000000e+00
    outer loop
      vertex   1.275459e-01 -8.957260e-01 3.900000e+00
      vertex   -1.275459e-01 -8.957260e-01 3.900000e+00
      vertex   -1.143241e-13 -8.888194e-01 3.900000e+00
    endloop
  endfacet
  facet normal 0.000000e+00 0.000000e+00 -1.000000e+00
    outer loop
      vertex   -1.271077e-01 -4.804759e+00 3.900000e+00
      vertex   1.877498e+00 -1.783986e+00 3.900000e+00
      vertex   1.271077e-01 -4.804759e+00 3.900000e+00
    endloop
  endfacet
  facet normal 0.000000e+00 0.000000e+00 -1.000000e+00
    outer loop
      vertex   1.271077e-01 -4.804759e+00 3.900000e+00
      vertex   1.877498e+00 -1.783986e+00 3.900000e+00
      vertex   2.284672e+00 -2.106476e+00 3.900000e+00
    endloop
  endfacet
  facet normal 0.000000e+00 0.000000e+00 -1.000000e+00
    outer loop
      vertex   1.271077e-01 -4.804759e+00 3.900000e+00
      vertex   2.284672e+00 -2.106476e+00 3.900000e+00
      vertex   2.692178e+00 -2.457343e+00 3.900000e+00
    endloop
  endfacet
  facet normal 0.000000e+00 0.000000e+00 -1.000000e+00
    outer loop
      vertex   1.271077e-01 -4.804759e+00 3.900000e+00
      vertex   2.692178e+00 -2.457343e+00 3.900000e+00
      vertex   3.784807e-01 -4.842667e+00 3.900000e+00
    endloop
  endfacet
  facet normal 0.000000e+00 0.000000e+00 -1.000000e+00
    outer loop
      vertex   3.784807e-01 -4.842667e+00 3.900000e+00
      vertex   2.692178e+00 -2.457343e+00 3.900000e+00
      vertex   3.091671e+00 -2.829542e+00 3.900000e+00
    endloop
  endfacet
  facet normal 0.000000e+00 0.000000e+00 -1.000000e+00
    outer loop
      vertex   3.784807e-01 -4.842667e+00 3.900000e+00
      vertex   3.091671e+00 -2.829542e+00 3.900000e+00
      vertex   6.213902e-01 -4.917637e+00 3.900000e+00
    endloop
  endfacet
  facet normal 0.000000e+00 0.000000e+00 -1.000000e+00
    outer loop
      vertex   6.213902e-01 -4.917637e+00 3.900000e+00
      vertex   3.091671e+00 -2.829542e+00 3.900000e+00
      vertex   3.546607e+00 -3.431496e+00 3.900000e+00
    endloop
  endfacet
  facet normal -8.524003e-16 1.677806e-15 -1.000000e+00
    outer loop
      vertex   6.213902e-01 -4.917637e+00 3.900000e+00
      vertex   3.546607e+00 -3.431496e+00 3.900000e+00
      vertex   3.624401e+00 -3.656657e+00 3.900000e+00
    endloop
  endfacet
  facet normal 0.000000e+00 0.000000e+00 -1.000000e+00
    outer loop
      vertex   3.091671e+00 -2.829542e+00 3.900000e+00
      vertex   3.474805e+00 -3.216027e+00 3.900000e+00
      vertex   3.546607e+00 -3.431496e+00 3.900000e+00
    endloop
  endfacet
  facet normal -7.902104e-17 -1.639901e-16 -1.000000e+00
    outer loop
      vertex   6.213902e-01 -4.917637e+00 3.900000e+00
      vertex   3.624401e+00 -3.656657e+00 3.900000e+00
      vertex   8.504044e-01 -5.027990e+00 3.900000e+00
    endloop
  endfacet
  facet normal 3.027886e-15 -6.448786e-15 -1.000000e+00
    outer loop
      vertex   8.504044e-01 -5.027990e+00 3.900000e+00
      vertex   3.624401e+00 -3.656657e+00 3.900000e+00
      vertex   3.708680e+00 -3.892542e+00 3.900000e+00
    endloop
  endfacet
  facet normal -2.145082e-16 1.713324e-15 -1.000000e+00
    outer loop
      vertex   8.504044e-01 -5.027990e+00 3.900000e+00
      vertex   3.708680e+00 -3.892542e+00 3.900000e+00
      vertex   3.800000e+00 -4.140306e+00 3.900000e+00
    endloop
  endfacet
  facet normal 3.708615e-16 0.000000e+00 -1.000000e+00
    outer loop
      vertex   3.800000e+00 -6.000000e+00 3.900000e+00
      vertex   1.405094e+00 -5.543073e+00 3.900000e+00
      vertex   3.800000e+00 -4.140306e+00 3.900000e+00
    endloop
  endfacet
  facet normal 2.528626e-16 2.014565e-16 -1.000000e+00
    outer loop
      vertex   3.800000e+00 -4.140306e+00 3.900000e+00
      vertex   1.405094e+00 -5.543073e+00 3.900000e+00
      vertex   1.246687e+00 -5.344244e+00 3.900000e+00
    endloop
  endfacet
  facet normal 2.307059e-16 2.484463e-16 -1.000000e+00
    outer loop
      vertex   3.800000e+00 -4.140306e+00 3.900000e+00
      vertex   1.246687e+00 -5.344244e+00 3.900000e+00
      vertex   1.060402e+00 -5.171261e+00 3.900000e+00
    endloop
  endfacet
  facet normal 4.083218e-16 1.599587e-16 -1.000000e+00
    outer loop
      vertex   1.624808e+00 -6.000000e+00 3.900000e+00
      vertex   1.532081e+00 -5.763299e+00 3.900000e+00
      vertex   3.800000e+00 -6.000000e+00 3.900000e+00
    endloop
  endfacet
  facet normal 4.167048e-16 2.402795e-16 -1.000000e+00
    outer loop
      vertex   3.800000e+00 -6.000000e+00 3.900000e+00
      vertex   1.532081e+00 -5.763299e+00 3.900000e+00
      vertex   1.405094e+00 -5.543073e+00 3.900000e+00
    endloop
  endfacet
  facet normal 2.089482e-16 3.062641e-16 -1.000000e+00
    outer loop
      vertex   1.060402e+00 -5.171261e+00 3.900000e+00
      vertex   8.504044e-01 -5.027990e+00 3.900000e+00
      vertex   3.800000e+00 -4.140306e+00 3.900000e+00
    endloop
  endfacet
  facet normal -4.373389e-16 3.484293e-16 -1.000000e+00
    outer loop
      vertex   -1.246687e+00 -5.344244e+00 3.900000e+00
      vertex   -1.405094e+00 -5.543073e+00 3.900000e+00
      vertex   -3.800000e+00 -6.000000e+00 3.900000e+00
    endloop
  endfacet
  facet normal -4.167048e-16 2.402795e-16 -1.000000e+00
    outer loop
      vertex   -3.800000e+00 -6.000000e+00 3.900000e+00
      vertex   -1.405094e+00 -5.543073e+00 3.900000e+00
      vertex   -1.532081e+00 -5.763299e+00 3.900000e+00
    endloop
  endfacet
  facet normal -4.083218e-16 1.599587e-16 -1.000000e+00
    outer loop
      vertex   -3.800000e+00 -6.000000e+00 3.900000e+00
      vertex   -1.532081e+00 -5.763299e+00 3.900000e+00
      vertex   -1.624808e+00 -6.000000e+00 3.900000e+00
    endloop
  endfacet
  facet normal 7.832731e-16 -8.715574e-02 9.961947e-01
    outer loop
      vertex   2.659386e-01 -4.820930e+00 7.378314e+00
      vertex   2.093012e-01 -1.504383e+00 7.668474e+00
      vertex   -7.972787e-14 -4.800000e+00 7.380145e+00
    endloop
  endfacet
  facet normal 1.808531e-17 -8.715574e-02 9.961947e-01
    outer loop
      vertex   -7.972787e-14 -4.800000e+00 7.380145e+00
      vertex   2.093012e-01 -1.504383e+00 7.668474e+00
      vertex   -2.093012e-01 -1.504383e+00 7.668474e+00
    endloop
  endfacet
  facet normal -7.829423e-16 -8.715574e-02 9.961947e-01
    outer loop
      vertex   -7.972787e-14 -4.800000e+00 7.380145e+00
      vertex   -2.093012e-01 -1.504383e+00 7.668474e+00
      vertex   -2.659386e-01 -4.820930e+00 7.378314e+00
    endloop
  endfacet
  facet normal -1.230202e-15 -8.715574e-02 9.961947e-01
    outer loop
      vertex   -2.659386e-01 -4.820930e+00 7.378314e+00
      vertex   -2.093012e-01 -1.504383e+00 7.668474e+00
      vertex   -6.264367e-01 -1.539398e+00 7.665411e+00
    endloop
  endfacet
  facet normal -8.481112e-17 -8.715574e-02 9.961947e-01
    outer loop
      vertex   -2.659386e-01 -4.820930e+00 7.378314e+00
      vertex   -6.264367e-01 -1.539398e+00 7.665411e+00
      vertex   -1.039181e+00 -1.609182e+00 7.659306e+00
    endloop
  endfacet
  facet normal 1.553777e-15 -8.715574e-02 9.961947e-01
    outer loop
      vertex   5.253289e-01 -4.883204e+00 7.372866e+00
      vertex   1.039181e+00 -1.609182e+00 7.659306e+00
      vertex   2.659386e-01 -4.820930e+00 7.378314e+00
    endloop
  endfacet
  facet normal -1.688212e-17 -8.715574e-02 9.961947e-01
    outer loop
      vertex   2.659386e-01 -4.820930e+00 7.378314e+00
      vertex   1.039181e+00 -1.609182e+00 7.659306e+00
      vertex   6.264367e-01 -1.539398e+00 7.665411e+00
    endloop
  endfacet
  facet normal 1.161026e-15 -8.715574e-02 9.961947e-01
    outer loop
      vertex   2.659386e-01 -4.820930e+00 7.378314e+00
      vertex   6.264367e-01 -1.539398e+00 7.665411e+00
      vertex   2.093012e-01 -1.504383e+00 7.668474e+00
    endloop
  endfacet
  facet normal -2.542763e-15 -8.715574e-02 9.961947e-01
    outer loop
      vertex   7.717838e-01 -4.985289e+00 7.363934e+00
      vertex   1.839977e+00 -1.850862e+00 7.638161e+00
      vertex   5.253289e-01 -4.883204e+00 7.372866e+00
    endloop
  endfacet
  facet normal 1.365687e-17 -8.715574e-02 9.961947e-01
    outer loop
      vertex   5.253289e-01 -4.883204e+00 7.372866e+00
      vertex   1.839977e+00 -1.850862e+00 7.638161e+00
      vertex   1.444642e+00 -1.713247e+00 7.650201e+00
    endloop
  endfacet
  facet normal -1.665689e-15 -8.715574e-02 9.961947e-01
    outer loop
      vertex   5.253289e-01 -4.883204e+00 7.372866e+00
      vertex   1.444642e+00 -1.713247e+00 7.650201e+00
      vertex   1.039181e+00 -1.609182e+00 7.659306e+00
    endloop
  endfacet
  facet normal 2.294185e-15 -8.715574e-02 9.961947e-01
    outer loop
      vertex   1.839977e+00 -1.850862e+00 7.638161e+00
      vertex   7.717838e-01 -4.985289e+00 7.363934e+00
      vertex   2.222416e+00 -2.021064e+00 7.623270e+00
    endloop
  endfacet
  facet normal 2.171851e-15 -8.715574e-02 9.961947e-01
    outer loop
      vertex   2.222416e+00 -2.021064e+00 7.623270e+00
      vertex   7.717838e-01 -4.985289e+00 7.363934e+00
      vertex   9.992349e-01 -5.124671e+00 7.351740e+00
    endloop
  endfacet
  facet normal -2.362026e-16 -8.715574e-02 9.961947e-01
    outer loop
      vertex   2.222416e+00 -2.021064e+00 7.623270e+00
      vertex   9.992349e-01 -5.124671e+00 7.351740e+00
      vertex   1.202082e+00 -5.297918e+00 7.336583e+00
    endloop
  endfacet
  facet normal -2.199624e-15 -8.715574e-02 9.961947e-01
    outer loop
      vertex   1.202082e+00 -5.297918e+00 7.336583e+00
      vertex   1.375329e+00 -5.500765e+00 7.318836e+00
      vertex   2.222416e+00 -2.021064e+00 7.623270e+00
    endloop
  endfacet
  facet normal -8.890772e-16 -8.715574e-02 9.961947e-01
    outer loop
      vertex   2.222416e+00 -2.021064e+00 7.623270e+00
      vertex   1.375329e+00 -5.500765e+00 7.318836e+00
      vertex   1.514711e+00 -5.728216e+00 7.298937e+00
    endloop
  endfacet
  facet normal 7.116687e-16 -8.715574e-02 9.961947e-01
    outer loop
      vertex   2.222416e+00 -2.021064e+00 7.623270e+00
      vertex   1.514711e+00 -5.728216e+00 7.298937e+00
      vertex   3.800000e+00 -7.000000e+00 7.187670e+00
    endloop
  endfacet
  facet normal -1.851135e-15 -8.715574e-02 9.961947e-01
    outer loop
      vertex   3.800000e+00 -7.000000e+00 7.187670e+00
      vertex   1.514711e+00 -5.728216e+00 7.298937e+00
      vertex   1.616796e+00 -5.974671e+00 7.277375e+00
    endloop
  endfacet
  facet normal 5.442329e-16 -8.715574e-02 9.961947e-01
    outer loop
      vertex   3.800000e+00 -7.000000e+00 7.187670e+00
      vertex   1.616796e+00 -5.974671e+00 7.277375e+00
      vertex   1.679070e+00 -6.234061e+00 7.254681e+00
    endloop
  endfacet
  facet normal 8.665201e-16 -8.715574e-02 9.961947e-01
    outer loop
      vertex   1.679070e+00 -6.234061e+00 7.254681e+00
      vertex   1.700000e+00 -6.500000e+00 7.231414e+00
      vertex   3.800000e+00 -7.000000e+00 7.187670e+00
    endloop
  endfacet
  facet normal 9.734603e-16 -8.715574e-02 9.961947e-01
    outer loop
      vertex   3.800000e+00 -7.000000e+00 7.187670e+00
      vertex   1.700000e+00 -6.500000e+00 7.231414e+00
      vertex   1.679070e+00 -6.765939e+00 7.208148e+00
    endloop
  endfacet
  facet normal 7.269563e-16 -8.715574e-02 9.961947e-01
    outer loop
      vertex   3.800000e+00 -7.000000e+00 7.187670e+00
      vertex   1.679070e+00 -6.765939e+00 7.208148e+00
      vertex   1.616796e+00 -7.025329e+00 7.185454e+00
    endloop
  endfacet
  facet normal 7.706129e-16 -8.715574e-02 9.961947e-01
    outer loop
      vertex   1.616796e+00 -7.025329e+00 7.185454e+00
      vertex   1.514711e+00 -7.271784e+00 7.163892e+00
      vertex   3.800000e+00 -7.000000e+00 7.187670e+00
    endloop
  endfacet
  facet normal 2.850736e-16 -8.715574e-02 9.961947e-01
    outer loop
      vertex   3.800000e+00 -7.000000e+00 7.187670e+00
      vertex   1.514711e+00 -7.271784e+00 7.163892e+00
      vertex   1.800000e+00 -9.000000e+00 7.012693e+00
    endloop
  endfacet
  facet normal 1.668343e-15 -8.715574e-02 9.961947e-01
    outer loop
      vertex   1.800000e+00 -9.000000e+00 7.012693e+00
      vertex   1.514711e+00 -7.271784e+00 7.163892e+00
      vertex   1.375329e+00 -7.499235e+00 7.143993e+00
    endloop
  endfacet
  facet normal 2.124538e-15 -8.715574e-02 9.961947e-01
    outer loop
      vertex   1.800000e+00 -9.000000e+00 7.012693e+00
      vertex   1.375329e+00 -7.499235e+00 7.143993e+00
      vertex   1.202082e+00 -7.702082e+00 7.126246e+00
    endloop
  endfacet
  facet normal 5.725295e-16 -8.715574e-02 9.961947e-01
    outer loop
      vertex   1.202082e+00 -7.702082e+00 7.126246e+00
      vertex   9.992349e-01 -7.875329e+00 7.111089e+00
      vertex   1.800000e+00 -9.000000e+00 7.012693e+00
    endloop
  endfacet
  facet normal -1.323750e-15 -8.715574e-02 9.961947e-01
    outer loop
      vertex   1.800000e+00 -9.000000e+00 7.012693e+00
      vertex   9.992349e-01 -7.875329e+00 7.111089e+00
      vertex   7.717838e-01 -8.014711e+00 7.098894e+00
    endloop
  endfacet
  facet normal 1.864701e-15 -8.715574e-02 9.961947e-01
    outer loop
      vertex   1.800000e+00 -9.000000e+00 7.012693e+00
      vertex   7.717838e-01 -8.014711e+00 7.098894e+00
      vertex   5.253289e-01 -8.116796e+00 7.089963e+00
    endloop
  endfacet
  facet normal -8.236255e-16 -8.715574e-02 9.961947e-01
    outer loop
      vertex   5.253289e-01 -8.116796e+00 7.089963e+00
      vertex   2.659386e-01 -8.179070e+00 7.084515e+00
      vertex   1.800000e+00 -9.000000e+00 7.012693e+00
    endloop
  endfacet
  facet normal -6.601802e-16 -8.715574e-02 9.961947e-01
    outer loop
      vertex   1.800000e+00 -9.000000e+00 7.012693e+00
      vertex   2.659386e-01 -8.179070e+00 7.084515e+00
      vertex   -7.993606e-14 -8.200000e+00 7.082684e+00
    endloop
  endfacet
  facet normal -9.831096e-16 -8.715574e-02 9.961947e-01
    outer loop
      vertex   1.800000e+00 -9.000000e+00 7.012693e+00
      vertex   -7.993606e-14 -8.200000e+00 7.082684e+00
      vertex   -1.800000e+00 -9.000000e+00 7.012693e+00
    endloop
  endfacet
  facet normal 3.634810e-16 -8.715574e-02 9.961947e-01
    outer loop
      vertex   -1.800000e+00 -9.000000e+00 7.012693e+00
      vertex   -7.993606e-14 -8.200000e+00 7.082684e+00
      vertex   -2.659386e-01 -8.179070e+00 7.084515e+00
    endloop
  endfacet
  facet normal 1.197591e-16 -8.715574e-02 9.961947e-01
    outer loop
      vertex   -1.800000e+00 -9.000000e+00 7.012693e+00
      vertex   -2.659386e-01 -8.179070e+00 7.084515e+00
      vertex   -5.253289e-01 -8.116796e+00 7.089963e+00
    endloop
  endfacet
  facet normal -2.885670e-15 -8.715574e-02 9.961947e-01
    outer loop
      vertex   -5.253289e-01 -8.116796e+00 7.089963e+00
      vertex   -7.717838e-01 -8.014711e+00 7.098894e+00
      vertex   -1.800000e+00 -9.000000e+00 7.012693e+00
    endloop
  endfacet
  facet normal -1.283412e-17 -8.715574e-02 9.961947e-01
    outer loop
      vertex   -1.800000e+00 -9.000000e+00 7.012693e+00
      vertex   -7.717838e-01 -8.014711e+00 7.098894e+00
      vertex   -9.992349e-01 -7.875329e+00 7.111089e+00
    endloop
  endfacet
  facet normal -2.246120e-15 -8.715574e-02 9.961947e-01
    outer loop
      vertex   -1.800000e+00 -9.000000e+00 7.012693e+00
      vertex   -9.992349e-01 -7.875329e+00 7.111089e+00
      vertex   -1.202082e+00 -7.702082e+00 7.126246e+00
    endloop
  endfacet
  facet normal -4.181659e-15 -8.715574e-02 9.961947e-01
    outer loop
      vertex   -1.202082e+00 -7.702082e+00 7.126246e+00
      vertex   -1.375329e+00 -7.499235e+00 7.143993e+00
      vertex   -1.800000e+00 -9.000000e+00 7.012693e+00
    endloop
  endfacet
  facet normal -4.299275e-15 -8.715574e-02 9.961947e-01
    outer loop
      vertex   -1.800000e+00 -9.000000e+00 7.012693e+00
      vertex   -1.375329e+00 -7.499235e+00 7.143993e+00
      vertex   -1.514711e+00 -7.271784e+00 7.163892e+00
    endloop
  endfacet
  facet normal -9.094827e-16 -8.715574e-02 9.961947e-01
    outer loop
      vertex   -1.800000e+00 -9.000000e+00 7.012693e+00
      vertex   -1.514711e+00 -7.271784e+00 7.163892e+00
      vertex   -3.800000e+00 -7.000000e+00 7.187670e+00
    endloop
  endfacet
  facet normal -1.177911e-15 -8.715574e-02 9.961947e-01
    outer loop
      vertex   -3.800000e+00 -7.000000e+00 7.187670e+00
      vertex   -1.514711e+00 -7.271784e+00 7.163892e+00
      vertex   -1.616796e+00 -7.025329e+00 7.185454e+00
    endloop
  endfacet
  facet normal -1.133278e-15 -8.715574e-02 9.961947e-01
    outer loop
      vertex   -3.800000e+00 -7.000000e+00 7.187670e+00
      vertex   -1.616796e+00 -7.025329e+00 7.185454e+00
      vertex   -1.679070e+00 -6.765939e+00 7.208148e+00
    endloop
  endfacet
  facet normal -1.387288e-15 -8.715574e-02 9.961947e-01
    outer loop
      vertex   -1.679070e+00 -6.765939e+00 7.208148e+00
      vertex   -1.700000e+00 -6.500000e+00 7.231414e+00
      vertex   -3.800000e+00 -7.000000e+00 7.187670e+00
    endloop
  endfacet
  facet normal -1.291947e-15 -8.715574e-02 9.961947e-01
    outer loop
      vertex   -3.800000e+00 -7.000000e+00 7.187670e+00
      vertex   -1.700000e+00 -6.500000e+00 7.231414e+00
      vertex   -1.679070e+00 -6.234061e+00 7.254681e+00
    endloop
  endfacet
  facet normal -9.934945e-16 -8.715574e-02 9.961947e-01
    outer loop
      vertex   -3.800000e+00 -7.000000e+00 7.187670e+00
      vertex   -1.679070e+00 -6.234061e+00 7.254681e+00
      vertex   -1.616796e+00 -5.974671e+00 7.277375e+00
    endloop
  endfacet
  facet normal 1.351634e-15 -8.715574e-02 9.961947e-01
    outer loop
      vertex   -1.616796e+00 -5.974671e+00 7.277375e+00
      vertex   -1.514711e+00 -5.728216e+00 7.298937e+00
      vertex   -3.800000e+00 -7.000000e+00 7.187670e+00
    endloop
  endfacet
  facet normal -9.296980e-16 -8.715574e-02 9.961947e-01
    outer loop
      vertex   -3.800000e+00 -7.000000e+00 7.187670e+00
      vertex   -1.514711e+00 -5.728216e+00 7.298937e+00
      vertex   -2.222416e+00 -2.021064e+00 7.623270e+00
    endloop
  endfacet
  facet normal -3.737009e-16 -8.715574e-02 9.961947e-01
    outer loop
      vertex   -3.800000e+00 -7.000000e+00 7.187670e+00
      vertex   -2.222416e+00 -2.021064e+00 7.623270e+00
      vertex   -3.800000e+00 -1.250385e+00 7.690696e+00
    endloop
  endfacet
  facet normal 1.152217e-15 -8.715574e-02 9.961947e-01
    outer loop
      vertex   -1.514711e+00 -5.728216e+00 7.298937e+00
      vertex   -1.375329e+00 -5.500765e+00 7.318836e+00
      vertex   -2.222416e+00 -2.021064e+00 7.623270e+00
    endloop
  endfacet
  facet normal 2.464299e-15 -8.715574e-02 9.961947e-01
    outer loop
      vertex   -2.222416e+00 -2.021064e+00 7.623270e+00
      vertex   -1.375329e+00 -5.500765e+00 7.318836e+00
      vertex   -1.202082e+00 -5.297918e+00 7.336583e+00
    endloop
  endfacet
  facet normal 4.579123e-16 -8.715574e-02 9.961947e-01
    outer loop
      vertex   -2.222416e+00 -2.021064e+00 7.623270e+00
      vertex   -1.202082e+00 -5.297918e+00 7.336583e+00
      vertex   -9.992349e-01 -5.124671e+00 7.351740e+00
    endloop
  endfacet
  facet normal -2.052500e-15 -8.715574e-02 9.961947e-01
    outer loop
      vertex   -9.992349e-01 -5.124671e+00 7.351740e+00
      vertex   -7.717838e-01 -4.985289e+00 7.363934e+00
      vertex   -2.222416e+00 -2.021064e+00 7.623270e+00
    endloop
  endfacet
  facet normal -4.612525e-16 -8.715574e-02 9.961947e-01
    outer loop
      vertex   -2.222416e+00 -2.021064e+00 7.623270e+00
      vertex   -7.717838e-01 -4.985289e+00 7.363934e+00
      vertex   -1.839977e+00 -1.850862e+00 7.638161e+00
    endloop
  endfacet
  facet normal 2.586552e-15 -8.715574e-02 9.961947e-01
    outer loop
      vertex   -1.839977e+00 -1.850862e+00 7.638161e+00
      vertex   -7.717838e-01 -4.985289e+00 7.363934e+00
      vertex   -5.253289e-01 -4.883204e+00 7.372866e+00
    endloop
  endfacet
  facet normal 9.633759e-17 -8.715574e-02 9.961947e-01
    outer loop
      vertex   -1.839977e+00 -1.850862e+00 7.638161e+00
      vertex   -5.253289e-01 -4.883204e+00 7.372866e+00
      vertex   -1.444642e+00 -1.713247e+00 7.650201e+00
    endloop
  endfacet
  facet normal 1.557755e-15 -8.715574e-02 9.961947e-01
    outer loop
      vertex   -1.444642e+00 -1.713247e+00 7.650201e+00
      vertex   -5.253289e-01 -4.883204e+00 7.372866e+00
      vertex   -1.039181e+00 -1.609182e+00 7.659306e+00
    endloop
  endfacet
  facet normal -1.516212e-15 -8.715574e-02 9.961947e-01
    outer loop
      vertex   -1.039181e+00 -1.609182e+00 7.659306e+00
      vertex   -5.253289e-01 -4.883204e+00 7.372866e+00
      vertex   -2.659386e-01 -4.820930e+00 7.378314e+00
    endloop
  endfacet
  facet normal -1.833880e-16 -8.715574e-02 9.961947e-01
    outer loop
      vertex   3.800000e+00 -7.000000e+00 7.187670e+00
      vertex   3.800000e+00 -1.250385e+00 7.690696e+00
      vertex   2.222416e+00 -2.021064e+00 7.623270e+00
    endloop
  endfacet
  facet normal 0.000000e+00 -1.000000e+00 -0.000000e+00
    outer loop
      vertex   -1.800000e+00 -9.000000e+00 7.012693e+00
      vertex   -1.800000e+00 -9.000000e+00 4.900000e+00
      vertex   1.800000e+00 -9.000000e+00 7.012693e+00
    endloop
  endfacet
  facet normal 0.000000e+00 -1.000000e+00 0.000000e+00
    outer loop
      vertex   1.800000e+00 -9.000000e+00 7.012693e+00
      vertex   -1.800000e+00 -9.000000e+00 4.900000e+00
      vertex   1.800000e+00 -9.000000e+00 4.900000e+00
    endloop
  endfacet
  facet normal -7.071068e-01 -7.071068e-01 7.431712e-17
    outer loop
      vertex   -1.800000e+00 -9.000000e+00 7.012693e+00
      vertex   -3.800000e+00 -7.000000e+00 7.187670e+00
      vertex   -1.800000e+00 -9.000000e+00 4.900000e+00
    endloop
  endfacet
  facet normal -7.071068e-01 -7.071068e-01 -2.125814e-16
    outer loop
      vertex   -1.800000e+00 -9.000000e+00 4.900000e+00
      vertex   -3.800000e+00 -7.000000e+00 7.187670e+00
      vertex   -3.800000e+00 -7.000000e+00 4.233333e+00
    endloop
  endfacet
  facet normal -4.948812e-16 -3.162278e-01 -9.486833e-01
    outer loop
      vertex   -3.800000e+00 -7.000000e+00 4.233333e+00
      vertex   -1.245849e+00 -7.656659e+00 4.452220e+00
      vertex   -1.800000e+00 -9.000000e+00 4.900000e+00
    endloop
  endfacet
  facet normal 8.002699e-16 -3.162278e-01 -9.486833e-01
    outer loop
      vertex   -1.800000e+00 -9.000000e+00 4.900000e+00
      vertex   -1.245849e+00 -7.656659e+00 4.452220e+00
      vertex   -1.059613e+00 -7.829368e+00 4.509789e+00
    endloop
  endfacet
  facet normal -1.810077e-16 -3.162278e-01 -9.486833e-01
    outer loop
      vertex   -1.800000e+00 -9.000000e+00 4.900000e+00
      vertex   -1.059613e+00 -7.829368e+00 4.509789e+00
      vertex   -8.497250e-01 -7.972402e+00 4.557467e+00
    endloop
  endfacet
  facet normal -3.342376e-16 -3.162278e-01 -9.486833e-01
    outer loop
      vertex   -3.800000e+00 -6.000000e+00 3.900000e+00
      vertex   -1.700000e+00 -6.500953e+00 4.066984e+00
      vertex   -3.800000e+00 -7.000000e+00 4.233333e+00
    endloop
  endfacet
  facet normal -5.234522e-16 -3.162278e-01 -9.486833e-01
    outer loop
      vertex   -3.800000e+00 -7.000000e+00 4.233333e+00
      vertex   -1.700000e+00 -6.500953e+00 4.066984e+00
      vertex   -1.680884e+00 -6.754224e+00 4.151408e+00
    endloop
  endfacet
  facet normal -3.873387e-16 -3.162278e-01 -9.486833e-01
    outer loop
      vertex   -3.800000e+00 -7.000000e+00 4.233333e+00
      vertex   -1.680884e+00 -6.754224e+00 4.151408e+00
      vertex   -1.624246e+00 -7.001821e+00 4.233940e+00
    endloop
  endfacet
  facet normal -3.873681e-16 -3.162278e-01 -9.486833e-01
    outer loop
      vertex   -1.624808e+00 -6.000000e+00 3.900000e+00
      vertex   -1.681168e+00 -6.247660e+00 3.982553e+00
      vertex   -3.800000e+00 -6.000000e+00 3.900000e+00
    endloop
  endfacet
  facet normal -5.196358e-16 -3.162278e-01 -9.486833e-01
    outer loop
      vertex   -3.800000e+00 -6.000000e+00 3.900000e+00
      vertex   -1.681168e+00 -6.247660e+00 3.982553e+00
      vertex   -1.700000e+00 -6.500953e+00 4.066984e+00
    endloop
  endfacet
  facet normal -3.873986e-16 -3.162278e-01 -9.486833e-01
    outer loop
      vertex   -1.624246e+00 -7.001821e+00 4.233940e+00
      vertex   -1.531352e+00 -7.238215e+00 4.312738e+00
      vertex   -3.800000e+00 -7.000000e+00 4.233333e+00
    endloop
  endfacet
  facet normal -2.457146e-16 -3.162278e-01 -9.486833e-01
    outer loop
      vertex   -3.800000e+00 -7.000000e+00 4.233333e+00
      vertex   -1.531352e+00 -7.238215e+00 4.312738e+00
      vertex   -1.404274e+00 -7.458131e+00 4.386044e+00
    endloop
  endfacet
  facet normal -5.659526e-16 -3.162278e-01 -9.486833e-01
    outer loop
      vertex   -3.800000e+00 -7.000000e+00 4.233333e+00
      vertex   -1.404274e+00 -7.458131e+00 4.386044e+00
      vertex   -1.245849e+00 -7.656659e+00 4.452220e+00
    endloop
  endfacet
  facet normal 2.457252e-15 -3.162278e-01 -9.486833e-01
    outer loop
      vertex   -8.497250e-01 -7.972402e+00 4.557467e+00
      vertex   -6.208686e-01 -8.082568e+00 4.594189e+00
      vertex   -1.800000e+00 -9.000000e+00 4.900000e+00
    endloop
  endfacet
  facet normal -1.581850e-15 -3.162278e-01 -9.486833e-01
    outer loop
      vertex   -1.800000e+00 -9.000000e+00 4.900000e+00
      vertex   -6.208686e-01 -8.082568e+00 4.594189e+00
      vertex   -3.781529e-01 -8.157408e+00 4.619136e+00
    endloop
  endfacet
  facet normal 8.928175e-16 -3.162278e-01 -9.486833e-01
    outer loop
      vertex   -1.800000e+00 -9.000000e+00 4.900000e+00
      vertex   -3.781529e-01 -8.157408e+00 4.619136e+00
      vertex   -1.269959e-01 -8.195250e+00 4.631750e+00
    endloop
  endfacet
  facet normal 0.000000e+00 -3.162278e-01 -9.486833e-01
    outer loop
      vertex   -1.269959e-01 -8.195250e+00 4.631750e+00
      vertex   1.269959e-01 -8.195250e+00 4.631750e+00
      vertex   -1.800000e+00 -9.000000e+00 4.900000e+00
    endloop
  endfacet
  facet normal 0.000000e+00 -3.162278e-01 -9.486833e-01
    outer loop
      vertex   -1.800000e+00 -9.000000e+00 4.900000e+00
      vertex   1.269959e-01 -8.195250e+00 4.631750e+00
      vertex   1.800000e+00 -9.000000e+00 4.900000e+00
    endloop
  endfacet
  facet normal -8.916070e-16 -3.162278e-01 -9.486833e-01
    outer loop
      vertex   1.800000e+00 -9.000000e+00 4.900000e+00
      vertex   1.269959e-01 -8.195250e+00 4.631750e+00
      vertex   3.781529e-01 -8.157408e+00 4.619136e+00
    endloop
  endfacet
  facet normal 1.464826e-15 -3.162278e-01 -9.486833e-01
    outer loop
      vertex   1.800000e+00 -9.000000e+00 4.900000e+00
      vertex   3.781529e-01 -8.157408e+00 4.619136e+00
      vertex   6.208686e-01 -8.082568e+00 4.594189e+00
    endloop
  endfacet
  facet normal -2.461749e-15 -3.162278e-01 -9.486833e-01
    outer loop
      vertex   6.208686e-01 -8.082568e+00 4.594189e+00
      vertex   8.497250e-01 -7.972402e+00 4.557467e+00
      vertex   1.800000e+00 -9.000000e+00 4.900000e+00
    endloop
  endfacet
  facet normal 8.302901e-17 -3.162278e-01 -9.486833e-01
    outer loop
      vertex   1.800000e+00 -9.000000e+00 4.900000e+00
      vertex   8.497250e-01 -7.972402e+00 4.557467e+00
      vertex   1.059613e+00 -7.829368e+00 4.509789e+00
    endloop
  endfacet
  facet normal -9.235976e-16 -3.162278e-01 -9.486833e-01
    outer loop
      vertex   1.800000e+00 -9.000000e+00 4.900000e+00
      vertex   1.059613e+00 -7.829368e+00 4.509789e+00
      vertex   1.245849e+00 -7.656659e+00 4.452220e+00
    endloop
  endfacet
  facet normal 1.966193e-16 -3.162278e-01 -9.486833e-01
    outer loop
      vertex   1.800000e+00 -9.000000e+00 4.900000e+00
      vertex   1.245849e+00 -7.656659e+00 4.452220e+00
      vertex   3.800000e+00 -7.000000e+00 4.233333e+00
    endloop
  endfacet
  facet normal 1.499148e-16 -3.162278e-01 -9.486833e-01
    outer loop
      vertex   3.800000e+00 -7.000000e+00 4.233333e+00
      vertex   1.245849e+00 -7.656659e+00 4.452220e+00
      vertex   1.404274e+00 -7.458131e+00 4.386044e+00
    endloop
  endfacet
  facet normal -1.425480e-16 -3.162278e-01 -9.486833e-01
    outer loop
      vertex   3.800000e+00 -7.000000e+00 4.233333e+00
      vertex   1.404274e+00 -7.458131e+00 4.386044e+00
      vertex   1.531352e+00 -7.238215e+00 4.312738e+00
    endloop
  endfacet
  facet normal -2.854315e-18 -3.162278e-01 -9.486833e-01
    outer loop
      vertex   1.531352e+00 -7.238215e+00 4.312738e+00
      vertex   1.624246e+00 -7.001821e+00 4.233940e+00
      vertex   3.800000e+00 -7.000000e+00 4.233333e+00
    endloop
  endfacet
  facet normal 9.269764e-19 -3.162278e-01 -9.486833e-01
    outer loop
      vertex   3.800000e+00 -7.000000e+00 4.233333e+00
      vertex   1.624246e+00 -7.001821e+00 4.233940e+00
      vertex   1.680884e+00 -6.754224e+00 4.151408e+00
    endloop
  endfacet
  facet normal 3.842783e-16 -3.162278e-01 -9.486833e-01
    outer loop
      vertex   3.800000e+00 -7.000000e+00 4.233333e+00
      vertex   1.680884e+00 -6.754224e+00 4.151408e+00
      vertex   1.700000e+00 -6.500953e+00 4.066984e+00
    endloop
  endfacet
  facet normal 1.332364e-16 -3.162278e-01 -9.486833e-01
    outer loop
      vertex   3.800000e+00 -7.000000e+00 4.233333e+00
      vertex   1.700000e+00 -6.500953e+00 4.066984e+00
      vertex   3.800000e+00 -6.000000e+00 3.900000e+00
    endloop
  endfacet
  facet normal 5.274448e-16 -3.162278e-01 -9.486833e-01
    outer loop
      vertex   3.800000e+00 -6.000000e+00 3.900000e+00
      vertex   1.700000e+00 -6.500953e+00 4.066984e+00
      vertex   1.681168e+00 -6.247660e+00 3.982553e+00
    endloop
  endfacet
  facet normal 3.873681e-16 -3.162278e-01 -9.486833e-01
    outer loop
      vertex   3.800000e+00 -6.000000e+00 3.900000e+00
      vertex   1.681168e+00 -6.247660e+00 3.982553e+00
      vertex   1.624808e+00 -6.000000e+00 3.900000e+00
    endloop
  endfacet
  facet normal 7.071068e-01 -7.071068e-01 -4.459027e-16
    outer loop
      vertex   1.800000e+00 -9.000000e+00 7.012693e+00
      vertex   1.800000e+00 -9.000000e+00 4.900000e+00
      vertex   3.800000e+00 -7.000000e+00 7.187670e+00
    endloop
  endfacet
  facet normal 7.071068e-01 -7.071068e-01 -2.125814e-16
    outer loop
      vertex   3.800000e+00 -7.000000e+00 7.187670e+00
      vertex   1.800000e+00 -9.000000e+00 4.900000e+00
      vertex   3.800000e+00 -7.000000e+00 4.233333e+00
    endloop
  endfacet
  facet normal 7.071068e-01 -7.071068e-01 4.361368e-17
    outer loop
      vertex   1.800000e+00 -9.000000e+00 -8.500000e+00
      vertex   3.800000e+00 -7.000000e+00 -8.500000e+00
      vertex   1.800000e+00 -9.000000e+00 -4.900000e+00
    endloop
  endfacet
  facet normal 7.071068e-01 -7.071068e-01 7.359808e-17
    outer loop
      vertex   1.800000e+00 -9.000000e+00 -4.900000e+00
      vertex   3.800000e+00 -7.000000e+00 -8.500000e+00
      vertex   3.800000e+00 -7.000000e+00 -4.233333e+00
    endloop
  endfacet
  facet normal -1.660650e-15 1.306960e-16 -1.000000e+00
    outer loop
      vertex   1.679070e+00 -6.765939e+00 -8.500000e+00
      vertex   1.700000e+00 -6.500000e+00 -8.500000e+00
      vertex   3.800000e+00 -7.000000e+00 -8.500000e+00
    endloop
  endfacet
  facet normal -1.724075e-15 -1.356876e-16 -1.000000e+00
    outer loop
      vertex   3.800000e+00 -7.000000e+00 -8.500000e+00
      vertex   1.700000e+00 -6.500000e+00 -8.500000e+00
      vertex   1.679070e+00 -6.234061e+00 -8.500000e+00
    endloop
  endfacet
  facet normal -1.834090e-15 -4.403261e-16 -1.000000e+00
    outer loop
      vertex   3.800000e+00 -7.000000e+00 -8.500000e+00
      vertex   1.679070e+00 -6.234061e+00 -8.500000e+00
      vertex   1.616796e+00 -5.974671e+00 -8.500000e+00
    endloop
  endfacet
  facet normal -2.020311e-15 -8.368400e-16 -1.000000e+00
    outer loop
      vertex   1.616796e+00 -5.974671e+00 -8.500000e+00
      vertex   1.514711e+00 -5.728216e+00 -8.500000e+00
      vertex   3.800000e+00 -7.000000e+00 -8.500000e+00
    endloop
  endfacet
  facet normal -1.405303e-15 2.682761e-16 -1.000000e+00
    outer loop
      vertex   3.800000e+00 -7.000000e+00 -8.500000e+00
      vertex   1.514711e+00 -5.728216e+00 -8.500000e+00
      vertex   2.222416e+00 -2.021064e+00 -8.500000e+00
    endloop
  endfacet
  facet normal -1.276927e-15 3.089523e-16 -1.000000e+00
    outer loop
      vertex   3.800000e+00 -7.000000e+00 -8.500000e+00
      vertex   2.222416e+00 -2.021064e+00 -8.500000e+00
      vertex   3.800000e+00 -1.250385e+00 -8.500000e+00
    endloop
  endfacet
  facet normal 0.000000e+00 0.000000e+00 -1.000000e+00
    outer loop
      vertex   1.514711e+00 -5.728216e+00 -8.500000e+00
      vertex   1.375329e+00 -5.500765e+00 -8.500000e+00
      vertex   2.222416e+00 -2.021064e+00 -8.500000e+00
    endloop
  endfacet
  facet normal 0.000000e+00 0.000000e+00 -1.000000e+00
    outer loop
      vertex   2.222416e+00 -2.021064e+00 -8.500000e+00
      vertex   1.375329e+00 -5.500765e+00 -8.500000e+00
      vertex   1.202082e+00 -5.297918e+00 -8.500000e+00
    endloop
  endfacet
  facet normal 0.000000e+00 0.000000e+00 -1.000000e+00
    outer loop
      vertex   2.222416e+00 -2.021064e+00 -8.500000e+00
      vertex   1.202082e+00 -5.297918e+00 -8.500000e+00
      vertex   9.992349e-01 -5.124671e+00 -8.500000e+00
    endloop
  endfacet
  facet normal 0.000000e+00 0.000000e+00 -1.000000e+00
    outer loop
      vertex   9.992349e-01 -5.124671e+00 -8.500000e+00
      vertex   7.717838e-01 -4.985289e+00 -8.500000e+00
      vertex   2.222416e+00 -2.021064e+00 -8.500000e+00
    endloop
  endfacet
  facet normal 3.468152e-15 -1.697244e-15 -1.000000e+00
    outer loop
      vertex   2.222416e+00 -2.021064e+00 -8.500000e+00
      vertex   7.717838e-01 -4.985289e+00 -8.500000e+00
      vertex   1.800979e+00 -1.835616e+00 -8.500000e+00
    endloop
  endfacet
  facet normal -2.057593e-16 -4.967470e-16 -1.000000e+00
    outer loop
      vertex   1.800979e+00 -1.835616e+00 -8.500000e+00
      vertex   7.717838e-01 -4.985289e+00 -8.500000e+00
      vertex   5.253289e-01 -4.883204e+00 -8.500000e+00
    endloop
  endfacet
  facet normal -1.708346e-16 -5.113657e-16 -1.000000e+00
    outer loop
      vertex   1.800979e+00 -1.835616e+00 -8.500000e+00
      vertex   5.253289e-01 -4.883204e+00 -8.500000e+00
      vertex   1.364270e+00 -1.689723e+00 -8.500000e+00
    endloop
  endfacet
  facet normal -1.228495e-16 -5.239716e-16 -1.000000e+00
    outer loop
      vertex   1.364270e+00 -1.689723e+00 -8.500000e+00
      vertex   5.253289e-01 -4.883204e+00 -8.500000e+00
      vertex   9.159919e-01 -1.584620e+00 -8.500000e+00
    endloop
  endfacet
  facet normal -1.257130e-16 -5.236324e-16 -1.000000e+00
    outer loop
      vertex   9.159919e-01 -1.584620e+00 -8.500000e+00
      vertex   5.253289e-01 -4.883204e+00 -8.500000e+00
      vertex   2.659386e-01 -4.820930e+00 -8.500000e+00
    endloop
  endfacet
  facet normal -7.425649e-17 -5.339681e-16 -1.000000e+00
    outer loop
      vertex   9.159919e-01 -1.584620e+00 -8.500000e+00
      vertex   2.659386e-01 -4.820930e+00 -8.500000e+00
      vertex   4.599461e-01 -1.521200e+00 -8.500000e+00
    endloop
  endfacet
  facet normal -4.217266e-17 -5.358545e-16 -1.000000e+00
    outer loop
      vertex   4.599461e-01 -1.521200e+00 -8.500000e+00
      vertex   2.659386e-01 -4.820930e+00 -8.500000e+00
      vertex   -8.004015e-14 -4.800000e+00 -8.500000e+00
    endloop
  endfacet
  facet normal -2.481104e-17 -5.382900e-16 -1.000000e+00
    outer loop
      vertex   4.599461e-01 -1.521200e+00 -8.500000e+00
      vertex   -8.004015e-14 -4.800000e+00 -8.500000e+00
      vertex   -7.901757e-14 -1.500000e+00 -8.500000e+00
    endloop
  endfacet
  facet normal 2.481104e-17 -5.382900e-16 -1.000000e+00
    outer loop
      vertex   -7.901757e-14 -1.500000e+00 -8.500000e+00
      vertex   -8.004015e-14 -4.800000e+00 -8.500000e+00
      vertex   -4.599461e-01 -1.521200e+00 -8.500000e+00
    endloop
  endfacet
  facet normal 4.217266e-17 -5.358545e-16 -1.000000e+00
    outer loop
      vertex   -4.599461e-01 -1.521200e+00 -8.500000e+00
      vertex   -8.004015e-14 -4.800000e+00 -8.500000e+00
      vertex   -2.659386e-01 -4.820930e+00 -8.500000e+00
    endloop
  endfacet
  facet normal 7.425649e-17 -5.339681e-16 -1.000000e+00
    outer loop
      vertex   -4.599461e-01 -1.521200e+00 -8.500000e+00
      vertex   -2.659386e-01 -4.820930e+00 -8.500000e+00
      vertex   -9.159919e-01 -1.584620e+00 -8.500000e+00
    endloop
  endfacet
  facet normal 1.257130e-16 -5.236324e-16 -1.000000e+00
    outer loop
      vertex   -9.159919e-01 -1.584620e+00 -8.500000e+00
      vertex   -2.659386e-01 -4.820930e+00 -8.500000e+00
      vertex   -5.253289e-01 -4.883204e+00 -8.500000e+00
    endloop
  endfacet
  facet normal 1.228495e-16 -5.239716e-16 -1.000000e+00
    outer loop
      vertex   -9.159919e-01 -1.584620e+00 -8.500000e+00
      vertex   -5.253289e-01 -4.883204e+00 -8.500000e+00
      vertex   -1.364270e+00 -1.689723e+00 -8.500000e+00
    endloop
  endfacet
  facet normal 1.708346e-16 -5.113657e-16 -1.000000e+00
    outer loop
      vertex   -1.364270e+00 -1.689723e+00 -8.500000e+00
      vertex   -5.253289e-01 -4.883204e+00 -8.500000e+00
      vertex   -1.800979e+00 -1.835616e+00 -8.500000e+00
    endloop
  endfacet
  facet normal 2.057593e-16 -4.967470e-16 -1.000000e+00
    outer loop
      vertex   -1.800979e+00 -1.835616e+00 -8.500000e+00
      vertex   -5.253289e-01 -4.883204e+00 -8.500000e+00
      vertex   -7.717838e-01 -4.985289e+00 -8.500000e+00
    endloop
  endfacet
  facet normal -3.468152e-15 -1.697244e-15 -1.000000e+00
    outer loop
      vertex   -1.800979e+00 -1.835616e+00 -8.500000e+00
      vertex   -7.717838e-01 -4.985289e+00 -8.500000e+00
      vertex   -2.222416e+00 -2.021064e+00 -8.500000e+00
    endloop
  endfacet
  facet normal 0.000000e+00 0.000000e+00 -1.000000e+00
    outer loop
      vertex   -2.222416e+00 -2.021064e+00 -8.500000e+00
      vertex   -7.717838e-01 -4.985289e+00 -8.500000e+00
      vertex   -9.992349e-01 -5.124671e+00 -8.500000e+00
    endloop
  endfacet
  facet normal 0.000000e+00 0.000000e+00 -1.000000e+00
    outer loop
      vertex   -2.222416e+00 -2.021064e+00 -8.500000e+00
      vertex   -9.992349e-01 -5.124671e+00 -8.500000e+00
      vertex   -1.202082e+00 -5.297918e+00 -8.500000e+00
    endloop
  endfacet
  facet normal -0.000000e+00 0.000000e+00 -1.000000e+00
    outer loop
      vertex   -1.202082e+00 -5.297918e+00 -8.500000e+00
      vertex   -1.375329e+00 -5.500765e+00 -8.500000e+00
      vertex   -2.222416e+00 -2.021064e+00 -8.500000e+00
    endloop
  endfacet
  facet normal 0.000000e+00 0.000000e+00 -1.000000e+00
    outer loop
      vertex   -2.222416e+00 -2.021064e+00 -8.500000e+00
      vertex   -1.375329e+00 -5.500765e+00 -8.500000e+00
      vertex   -1.514711e+00 -5.728216e+00 -8.500000e+00
    endloop
  endfacet
  facet normal 1.405303e-15 2.682761e-16 -1.000000e+00
    outer loop
      vertex   -2.222416e+00 -2.021064e+00 -8.500000e+00
      vertex   -1.514711e+00 -5.728216e+00 -8.500000e+00
      vertex   -3.800000e+00 -7.000000e+00 -8.500000e+00
    endloop
  endfacet
  facet normal 2.020311e-15 -8.368400e-16 -1.000000e+00
    outer loop
      vertex   -3.800000e+00 -7.000000e+00 -8.500000e+00
      vertex   -1.514711e+00 -5.728216e+00 -8.500000e+00
      vertex   -1.616796e+00 -5.974671e+00 -8.500000e+00
    endloop
  endfacet
  facet normal 1.834090e-15 -4.403261e-16 -1.000000e+00
    outer loop
      vertex   -3.800000e+00 -7.000000e+00 -8.500000e+00
      vertex   -1.616796e+00 -5.974671e+00 -8.500000e+00
      vertex   -1.679070e+00 -6.234061e+00 -8.500000e+00
    endloop
  endfacet
  facet normal 1.724075e-15 -1.356876e-16 -1.000000e+00
    outer loop
      vertex   -1.679070e+00 -6.234061e+00 -8.500000e+00
      vertex   -1.700000e+00 -6.500000e+00 -8.500000e+00
      vertex   -3.800000e+00 -7.000000e+00 -8.500000e+00
    endloop
  endfacet
  facet normal 1.660650e-15 1.306960e-16 -1.000000e+00
    outer loop
      vertex   -3.800000e+00 -7.000000e+00 -8.500000e+00
      vertex   -1.700000e+00 -6.500000e+00 -8.500000e+00
      vertex   -1.679070e+00 -6.765939e+00 -8.500000e+00
    endloop
  endfacet
  facet normal 1.631839e-15 3.917698e-16 -1.000000e+00
    outer loop
      vertex   -3.800000e+00 -7.000000e+00 -8.500000e+00
      vertex   -1.679070e+00 -6.765939e+00 -8.500000e+00
      vertex   -1.616796e+00 -7.025329e+00 -8.500000e+00
    endloop
  endfacet
  facet normal 1.635151e-15 6.773019e-16 -1.000000e+00
    outer loop
      vertex   -1.616796e+00 -7.025329e+00 -8.500000e+00
      vertex   -1.514711e+00 -7.271784e+00 -8.500000e+00
      vertex   -3.800000e+00 -7.000000e+00 -8.500000e+00
    endloop
  endfacet
  facet normal 1.644556e-15 7.563772e-16 -1.000000e+00
    outer loop
      vertex   -3.800000e+00 -7.000000e+00 -8.500000e+00
      vertex   -1.514711e+00 -7.271784e+00 -8.500000e+00
      vertex   -1.800000e+00 -9.000000e+00 -8.500000e+00
    endloop
  endfacet
  facet normal 1.321359e-15 8.097297e-16 -1.000000e+00
    outer loop
      vertex   -1.800000e+00 -9.000000e+00 -8.500000e+00
      vertex   -1.514711e+00 -7.271784e+00 -8.500000e+00
      vertex   -1.375329e+00 -7.499235e+00 -8.500000e+00
    endloop
  endfacet
  facet normal 1.040969e-15 8.890715e-16 -1.000000e+00
    outer loop
      vertex   -1.800000e+00 -9.000000e+00 -8.500000e+00
      vertex   -1.375329e+00 -7.499235e+00 -8.500000e+00
      vertex   -1.202082e+00 -7.702082e+00 -8.500000e+00
    endloop
  endfacet
  facet normal 8.388595e-16 9.821782e-16 -1.000000e+00
    outer loop
      vertex   -1.202082e+00 -7.702082e+00 -8.500000e+00
      vertex   -9.992349e-01 -7.875329e+00 -8.500000e+00
      vertex   -1.800000e+00 -9.000000e+00 -8.500000e+00
    endloop
  endfacet
  facet normal 6.738677e-16 1.099652e-15 -1.000000e+00
    outer loop
      vertex   -1.800000e+00 -9.000000e+00 -8.500000e+00
      vertex   -9.992349e-01 -7.875329e+00 -8.500000e+00
      vertex   -7.717838e-01 -8.014711e+00 -8.500000e+00
    endloop
  endfacet
  facet normal 5.213976e-16 1.258765e-15 -1.000000e+00
    outer loop
      vertex   -1.800000e+00 -9.000000e+00 -8.500000e+00
      vertex   -7.717838e-01 -8.014711e+00 -8.500000e+00
      vertex   -5.253289e-01 -8.116796e+00 -8.500000e+00
    endloop
  endfacet
  facet normal 3.586078e-16 1.493709e-15 -1.000000e+00
    outer loop
      vertex   -5.253289e-01 -8.116796e+00 -8.500000e+00
      vertex   -2.659386e-01 -8.179070e+00 -8.500000e+00
      vertex   -1.800000e+00 -9.000000e+00 -8.500000e+00
    endloop
  endfacet
  facet normal 1.484632e-16 1.886404e-15 -1.000000e+00
    outer loop
      vertex   -1.800000e+00 -9.000000e+00 -8.500000e+00
      vertex   -2.659386e-01 -8.179070e+00 -8.500000e+00
      vertex   -8.004015e-14 -8.200000e+00 -8.500000e+00
    endloop
  endfacet
  facet normal 0.000000e+00 2.220446e-15 -1.000000e+00
    outer loop
      vertex   -1.800000e+00 -9.000000e+00 -8.500000e+00
      vertex   -8.004015e-14 -8.200000e+00 -8.500000e+00
      vertex   1.800000e+00 -9.000000e+00 -8.500000e+00
    endloop
  endfacet
  facet normal -1.484632e-16 1.886404e-15 -1.000000e+00
    outer loop
      vertex   1.800000e+00 -9.000000e+00 -8.500000e+00
      vertex   -8.004015e-14 -8.200000e+00 -8.500000e+00
      vertex   2.659386e-01 -8.179070e+00 -8.500000e+00
    endloop
  endfacet
  facet normal -3.586078e-16 1.493709e-15 -1.000000e+00
    outer loop
      vertex   1.800000e+00 -9.000000e+00 -8.500000e+00
      vertex   2.659386e-01 -8.179070e+00 -8.500000e+00
      vertex   5.253289e-01 -8.116796e+00 -8.500000e+00
    endloop
  endfacet
  facet normal -5.213976e-16 1.258765e-15 -1.000000e+00
    outer loop
      vertex   5.253289e-01 -8.116796e+00 -8.500000e+00
      vertex   7.717838e-01 -8.014711e+00 -8.500000e+00
      vertex   1.800000e+00 -9.000000e+00 -8.500000e+00
    endloop
  endfacet
  facet normal -6.738677e-16 1.099652e-15 -1.000000e+00
    outer loop
      vertex   1.800000e+00 -9.000000e+00 -8.500000e+00
      vertex   7.717838e-01 -8.014711e+00 -8.500000e+00
      vertex   9.992349e-01 -7.875329e+00 -8.500000e+00
    endloop
  endfacet
  facet normal -8.388595e-16 9.821782e-16 -1.000000e+00
    outer loop
      vertex   1.800000e+00 -9.000000e+00 -8.500000e+00
      vertex   9.992349e-01 -7.875329e+00 -8.500000e+00
      vertex   1.202082e+00 -7.702082e+00 -8.500000e+00
    endloop
  endfacet
  facet normal -1.040969e-15 8.890715e-16 -1.000000e+00
    outer loop
      vertex   1.202082e+00 -7.702082e+00 -8.500000e+00
      vertex   1.375329e+00 -7.499235e+00 -8.500000e+00
      vertex   1.800000e+00 -9.000000e+00 -8.500000e+00
    endloop
  endfacet
  facet normal -1.321359e-15 8.097297e-16 -1.000000e+00
    outer loop
      vertex   1.800000e+00 -9.000000e+00 -8.500000e+00
      vertex   1.375329e+00 -7.499235e+00 -8.500000e+00
      vertex   1.514711e+00 -7.271784e+00 -8.500000e+00
    endloop
  endfacet
  facet normal -1.644556e-15 7.563772e-16 -1.000000e+00
    outer loop
      vertex   1.800000e+00 -9.000000e+00 -8.500000e+00
      vertex   1.514711e+00 -7.271784e+00 -8.500000e+00
      vertex   3.800000e+00 -7.000000e+00 -8.500000e+00
    endloop
  endfacet
  facet normal -1.635151e-15 6.773019e-16 -1.000000e+00
    outer loop
      vertex   3.800000e+00 -7.000000e+00 -8.500000e+00
      vertex   1.514711e+00 -7.271784e+00 -8.500000e+00
      vertex   1.616796e+00 -7.025329e+00 -8.500000e+00
    endloop
  endfacet
  facet normal -1.631839e-15 3.917698e-16 -1.000000e+00
    outer loop
      vertex   3.800000e+00 -7.000000e+00 -8.500000e+00
      vertex   1.616796e+00 -7.025329e+00 -8.500000e+00
      vertex   1.679070e+00 -6.765939e+00 -8.500000e+00
    endloop
  endfacet
  facet normal 1.276927e-15 3.089523e-16 -1.000000e+00
    outer loop
      vertex   -3.800000e+00 -7.000000e+00 -8.500000e+00
      vertex   -3.800000e+00 -1.250385e+00 -8.500000e+00
      vertex   -2.222416e+00 -2.021064e+00 -8.500000e+00
    endloop
  endfacet
  facet normal 0.000000e+00 -1.000000e+00 0.000000e+00
    outer loop
      vertex   1.800000e+00 -9.000000e+00 -8.500000e+00
      vertex   1.800000e+00 -9.000000e+00 -4.900000e+00
      vertex   -1.800000e+00 -9.000000e+00 -8.500000e+00
    endloop
  endfacet
  facet normal 0.000000e+00 -1.000000e+00 0.000000e+00
    outer loop
      vertex   -1.800000e+00 -9.000000e+00 -8.500000e+00
      vertex   1.800000e+00 -9.000000e+00 -4.900000e+00
      vertex   -1.800000e+00 -9.000000e+00 -4.900000e+00
    endloop
  endfacet
  facet normal -7.071068e-01 -7.071068e-01 8.722736e-17
    outer loop
      vertex   -1.800000e+00 -9.000000e+00 -8.500000e+00
      vertex   -1.800000e+00 -9.000000e+00 -4.900000e+00
      vertex   -3.800000e+00 -7.000000e+00 -8.500000e+00
    endloop
  endfacet
  facet normal -7.071068e-01 -7.071068e-01 7.359808e-17
    outer loop
      vertex   -3.800000e+00 -7.000000e+00 -8.500000e+00
      vertex   -1.800000e+00 -9.000000e+00 -4.900000e+00
      vertex   -3.800000e+00 -7.000000e+00 -4.233333e+00
    endloop
  endfacet
  facet normal -4.027667e-01 -9.153027e-01 0.000000e+00
    outer loop
      vertex   2.222416e+00 -2.021064e+00 -1.250000e+01
      vertex   2.222416e+00 -2.021064e+00 -8.500000e+00
      vertex   1.800979e+00 -1.835616e+00 -1.250000e+01
    endloop
  endfacet
  facet normal -4.027667e-01 -9.153027e-01 1.832676e-17
    outer loop
      vertex   1.800979e+00 -1.835616e+00 -1.250000e+01
      vertex   2.222416e+00 -2.021064e+00 -8.500000e+00
      vertex   1.800979e+00 -1.835616e+00 -8.500000e+00
    endloop
  endfacet
  facet normal -3.168610e-01 -9.484720e-01 -8.700914e-17
    outer loop
      vertex   1.800979e+00 -1.835616e+00 -1.250000e+01
      vertex   1.800979e+00 -1.835616e+00 -8.500000e+00
      vertex   1.364270e+00 -1.689723e+00 -1.250000e+01
    endloop
  endfacet
  facet normal -3.168610e-01 -9.484720e-01 1.782368e-17
    outer loop
      vertex   1.364270e+00 -1.689723e+00 -1.250000e+01
      vertex   1.800979e+00 -1.835616e+00 -8.500000e+00
      vertex   1.364270e+00 -1.689723e+00 -8.500000e+00
    endloop
  endfacet
  facet normal -2.282683e-01 -9.735983e-01 -1.939107e-17
    outer loop
      vertex   1.364270e+00 -1.689723e+00 -1.250000e+01
      vertex   1.364270e+00 -1.689723e+00 -8.500000e+00
      vertex   9.159919e-01 -1.584620e+00 -1.250000e+01
    endloop
  endfacet
  facet normal -2.282683e-01 -9.735983e-01 2.793485e-17
    outer loop
      vertex   9.159919e-01 -1.584620e+00 -1.250000e+01
      vertex   1.364270e+00 -1.689723e+00 -8.500000e+00
      vertex   9.159919e-01 -1.584620e+00 -8.500000e+00
    endloop
  endfacet
  facet normal -1.377399e-01 -9.904684e-01 -5.025464e-17
    outer loop
      vertex   9.159919e-01 -1.584620e+00 -1.250000e+01
      vertex   9.159919e-01 -1.584620e+00 -8.500000e+00
      vertex   4.599461e-01 -1.521200e+00 -1.250000e+01
    endloop
  endfacet
  facet normal -1.377399e-01 -9.904684e-01 5.734575e-18
    outer loop
      vertex   4.599461e-01 -1.521200e+00 -1.250000e+01
      vertex   9.159919e-01 -1.584620e+00 -8.500000e+00
      vertex   4.599461e-01 -1.521200e+00 -8.500000e+00
    endloop
  endfacet
  facet normal -4.604344e-02 -9.989394e-01 1.916943e-18
    outer loop
      vertex   4.599461e-01 -1.521200e+00 -1.250000e+01
      vertex   4.599461e-01 -1.521200e+00 -8.500000e+00
      vertex   -8.024222e-14 -1.500000e+00 -1.250000e+01
    endloop
  endfacet
  facet normal -4.604344e-02 -9.989394e-01 1.409674e-17
    outer loop
      vertex   -8.024222e-14 -1.500000e+00 -1.250000e+01
      vertex   4.599461e-01 -1.521200e+00 -8.500000e+00
      vertex   -7.901757e-14 -1.500000e+00 -8.500000e+00
    endloop
  endfacet
  facet normal 4.604344e-02 -9.989394e-01 -1.409674e-17
    outer loop
      vertex   -8.024222e-14 -1.500000e+00 -1.250000e+01
      vertex   -7.901757e-14 -1.500000e+00 -8.500000e+00
      vertex   -4.599461e-01 -1.521200e+00 -1.250000e+01
    endloop
  endfacet
  facet normal 4.604344e-02 -9.989394e-01 -2.683721e-17
    outer loop
      vertex   -4.599461e-01 -1.521200e+00 -1.250000e+01
      vertex   -7.901757e-14 -1.500000e+00 -8.500000e+00
      vertex   -4.599461e-01 -1.521200e+00 -8.500000e+00
    endloop
  endfacet
  facet normal 1.377399e-01 -9.904684e-01 -8.028404e-17
    outer loop
      vertex   -4.599461e-01 -1.521200e+00 -1.250000e+01
      vertex   -4.599461e-01 -1.521200e+00 -8.500000e+00
      vertex   -9.159919e-01 -1.584620e+00 -1.250000e+01
    endloop
  endfacet
  facet normal 1.377399e-01 -9.904684e-01 -1.305387e-16
    outer loop
      vertex   -9.159919e-01 -1.584620e+00 -1.250000e+01
      vertex   -4.599461e-01 -1.521200e+00 -8.500000e+00
      vertex   -9.159919e-01 -1.584620e+00 -8.500000e+00
    endloop
  endfacet
  facet normal 2.282683e-01 -9.735983e-01 -1.051152e-16
    outer loop
      vertex   -9.159919e-01 -1.584620e+00 -1.250000e+01
      vertex   -9.159919e-01 -1.584620e+00 -8.500000e+00
      vertex   -1.364270e+00 -1.689723e+00 -1.250000e+01
    endloop
  endfacet
  facet normal 2.282683e-01 -9.735983e-01 4.473394e-17
    outer loop
      vertex   -1.364270e+00 -1.689723e+00 -1.250000e+01
      vertex   -9.159919e-01 -1.584620e+00 -8.500000e+00
      vertex   -1.364270e+00 -1.689723e+00 -8.500000e+00
    endloop
  endfacet
  facet normal 3.168610e-01 -9.484720e-01 1.735496e-17
    outer loop
      vertex   -1.364270e+00 -1.689723e+00 -1.250000e+01
      vertex   -1.364270e+00 -1.689723e+00 -8.500000e+00
      vertex   -1.800979e+00 -1.835616e+00 -1.250000e+01
    endloop
  endfacet
  facet normal 3.168610e-01 -9.484720e-01 -1.700341e-17
    outer loop
      vertex   -1.800979e+00 -1.835616e+00 -1.250000e+01
      vertex   -1.364270e+00 -1.689723e+00 -8.500000e+00
      vertex   -1.800979e+00 -1.835616e+00 -8.500000e+00
    endloop
  endfacet
  facet normal 4.027667e-01 -9.153027e-01 5.896507e-17
    outer loop
      vertex   -1.800979e+00 -1.835616e+00 -1.250000e+01
      vertex   -1.800979e+00 -1.835616e+00 -8.500000e+00
      vertex   -2.222416e+00 -2.021064e+00 -1.250000e+01
    endloop
  endfacet
  facet normal 4.027667e-01 -9.153027e-01 0.000000e+00
    outer loop
      vertex   -2.222416e+00 -2.021064e+00 -1.250000e+01
      vertex   -1.800979e+00 -1.835616e+00 -8.500000e+00
      vertex   -2.222416e+00 -2.021064e+00 -8.500000e+00
    endloop
  endfacet
  facet normal -9.969173e-01 7.845909e-02 2.043997e-04
    outer loop
      vertex   1.679070e+00 -6.765939e+00 -8.500000e+00
      vertex   1.680884e+00 -6.754224e+00 -4.151408e+00
      vertex   1.700000e+00 -6.500000e+00 -8.500000e+00
    endloop
  endfacet
  facet normal -9.971642e-01 7.525693e-02 1.611204e-05
    outer loop
      vertex   1.700000e+00 -6.500000e+00 -8.500000e+00
      vertex   1.680884e+00 -6.754224e+00 -4.151408e+00
      vertex   1.700000e+00 -6.500953e+00 -4.066984e+00
    endloop
  endfacet
  facet normal -9.972479e-01 -7.413937e-02 -1.599197e-05
    outer loop
      vertex   1.700000e+00 -6.500000e+00 -8.500000e+00
      vertex   1.700000e+00 -6.500953e+00 -4.066984e+00
      vertex   1.681168e+00 -6.247660e+00 -3.982553e+00
    endloop
  endfacet
  facet normal -9.748068e-01 2.230507e-01 -1.943311e-04
    outer loop
      vertex   1.680884e+00 -6.754224e+00 -4.151408e+00
      vertex   1.679070e+00 -6.765939e+00 -8.500000e+00
      vertex   1.624246e+00 -7.001821e+00 -4.233940e+00
    endloop
  endfacet
  facet normal -9.723698e-01 2.334453e-01 4.117335e-04
    outer loop
      vertex   1.624246e+00 -7.001821e+00 -4.233940e+00
      vertex   1.679070e+00 -6.765939e+00 -8.500000e+00
      vertex   1.616796e+00 -7.025329e+00 -8.500000e+00
    endloop
  endfacet
  facet normal -9.306733e-01 3.658512e-01 -3.907112e-04
    outer loop
      vertex   1.624246e+00 -7.001821e+00 -4.233940e+00
      vertex   1.616796e+00 -7.025329e+00 -8.500000e+00
      vertex   1.531352e+00 -7.238215e+00 -4.312738e+00
    endloop
  endfacet
  facet normal -9.238794e-01 3.826834e-01 6.036951e-04
    outer loop
      vertex   1.531352e+00 -7.238215e+00 -4.312738e+00
      vertex   1.616796e+00 -7.025329e+00 -8.500000e+00
      vertex   1.514711e+00 -7.271784e+00 -8.500000e+00
    endloop
  endfacet
  facet normal -8.657559e-01 5.004662e-01 -5.715372e-04
    outer loop
      vertex   1.531352e+00 -7.238215e+00 -4.312738e+00
      vertex   1.514711e+00 -7.271784e+00 -8.500000e+00
      vertex   1.404274e+00 -7.458131e+00 -4.386044e+00
    endloop
  endfacet
  facet normal -8.526399e-01 5.224984e-01 7.785341e-04
    outer loop
      vertex   1.404274e+00 -7.458131e+00 -4.386044e+00
      vertex   1.514711e+00 -7.271784e+00 -8.500000e+00
      vertex   1.375329e+00 -7.499235e+00 -8.500000e+00
    endloop
  endfacet
  facet normal -7.815121e-01 6.238896e-01 -7.349294e-04
    outer loop
      vertex   1.404274e+00 -7.458131e+00 -4.386044e+00
      vertex   1.375329e+00 -7.499235e+00 -8.500000e+00
      vertex   1.245849e+00 -7.656659e+00 -4.452220e+00
    endloop
  endfacet
  facet normal -7.604056e-01 6.494478e-01 9.342207e-04
    outer loop
      vertex   1.245849e+00 -7.656659e+00 -4.452220e+00
      vertex   1.375329e+00 -7.499235e+00 -8.500000e+00
      vertex   1.202082e+00 -7.702082e+00 -8.500000e+00
    endloop
  endfacet
  facet normal -6.798308e-01 7.333685e-01 -8.787219e-04
    outer loop
      vertex   1.245849e+00 -7.656659e+00 -4.452220e+00
      vertex   1.202082e+00 -7.702082e+00 -8.500000e+00
      vertex   1.059613e+00 -7.829368e+00 -4.509789e+00
    endloop
  endfacet
  facet normal -6.494477e-01 7.604055e-01 1.068563e-03
    outer loop
      vertex   1.059613e+00 -7.829368e+00 -4.509789e+00
      vertex   1.202082e+00 -7.702082e+00 -8.500000e+00
      vertex   9.992349e-01 -7.875329e+00 -8.500000e+00
    endloop
  endfacet
  facet normal -5.629882e-01 8.264644e-01 -1.000605e-03
    outer loop
      vertex   1.059613e+00 -7.829368e+00 -4.509789e+00
      vertex   9.992349e-01 -7.875329e+00 -8.500000e+00
      vertex   8.497250e-01 -7.972402e+00 -4.557467e+00
    endloop
  endfacet
  facet normal -5.224982e-01 8.526396e-01 1.179354e-03
    outer loop
      vertex   8.497250e-01 -7.972402e+00 -4.557467e+00
      vertex   9.992349e-01 -7.875329e+00 -8.500000e+00
      vertex   7.717838e-01 -8.014711e+00 -8.500000e+00
    endloop
  endfacet
  facet normal -4.335961e-01 9.011066e-01 -1.098301e-03
    outer loop
      vertex   8.497250e-01 -7.972402e+00 -4.557467e+00
      vertex   7.717838e-01 -8.014711e+00 -8.500000e+00
      vertex   6.208686e-01 -8.082568e+00 -4.594189e+00
    endloop
  endfacet
  facet normal -3.826831e-01 9.238788e-01 1.264538e-03
    outer loop
      vertex   6.208686e-01 -8.082568e+00 -4.594189e+00
      vertex   7.717838e-01 -8.014711e+00 -8.500000e+00
      vertex   5.253289e-01 -8.116796e+00 -8.500000e+00
    endloop
  endfacet
  facet normal -2.945432e-01 9.556375e-01 -1.169757e-03
    outer loop
      vertex   6.208686e-01 -8.082568e+00 -4.594189e+00
      vertex   5.253289e-01 -8.116796e+00 -8.500000e+00
      vertex   3.781529e-01 -8.157408e+00 -4.619136e+00
    endloop
  endfacet
  facet normal -2.334452e-01 9.723691e-01 1.322384e-03
    outer loop
      vertex   3.781529e-01 -8.157408e+00 -4.619136e+00
      vertex   5.253289e-01 -8.116796e+00 -8.500000e+00
      vertex   2.659386e-01 -8.179070e+00 -8.500000e+00
    endloop
  endfacet
  facet normal -1.489298e-01 9.888470e-01 -1.213337e-03
    outer loop
      vertex   3.781529e-01 -8.157408e+00 -4.619136e+00
      vertex   2.659386e-01 -8.179070e+00 -8.500000e+00
      vertex   1.269959e-01 -8.195250e+00 -4.631750e+00
    endloop
  endfacet
  facet normal -7.845902e-02 9.969164e-01 1.351637e-03
    outer loop
      vertex   1.269959e-01 -8.195250e+00 -4.631750e+00
      vertex   2.659386e-01 -8.179070e+00 -8.500000e+00
      vertex   -8.004015e-14 -8.200000e+00 -8.500000e+00
    endloop
  endfacet
  facet normal 0.000000e+00 9.999992e-01 -1.227985e-03
    outer loop
      vertex   1.269959e-01 -8.195250e+00 -4.631750e+00
      vertex   -8.004015e-14 -8.200000e+00 -8.500000e+00
      vertex   -1.269959e-01 -8.195250e+00 -4.631750e+00
    endloop
  endfacet
  facet normal 7.845902e-02 9.969164e-01 1.351637e-03
    outer loop
      vertex   -1.269959e-01 -8.195250e+00 -4.631750e+00
      vertex   -8.004015e-14 -8.200000e+00 -8.500000e+00
      vertex   -2.659386e-01 -8.179070e+00 -8.500000e+00
    endloop
  endfacet
  facet normal 1.489298e-01 9.888470e-01 -1.213337e-03
    outer loop
      vertex   -1.269959e-01 -8.195250e+00 -4.631750e+00
      vertex   -2.659386e-01 -8.179070e+00 -8.500000e+00
      vertex   -3.781529e-01 -8.157408e+00 -4.619136e+00
    endloop
  endfacet
  facet normal 2.334452e-01 9.723691e-01 1.322384e-03
    outer loop
      vertex   -3.781529e-01 -8.157408e+00 -4.619136e+00
      vertex   -2.659386e-01 -8.179070e+00 -8.500000e+00
      vertex   -5.253289e-01 -8.116796e+00 -8.500000e+00
    endloop
  endfacet
  facet normal 2.945432e-01 9.556375e-01 -1.169757e-03
    outer loop
      vertex   -3.781529e-01 -8.157408e+00 -4.619136e+00
      vertex   -5.253289e-01 -8.116796e+00 -8.500000e+00
      vertex   -6.208686e-01 -8.082568e+00 -4.594189e+00
    endloop
  endfacet
  facet normal 3.826831e-01 9.238788e-01 1.264538e-03
    outer loop
      vertex   -6.208686e-01 -8.082568e+00 -4.594189e+00
      vertex   -5.253289e-01 -8.116796e+00 -8.500000e+00
      vertex   -7.717838e-01 -8.014711e+00 -8.500000e+00
    endloop
  endfacet
  facet normal 4.335961e-01 9.011066e-01 -1.098301e-03
    outer loop
      vertex   -6.208686e-01 -8.082568e+00 -4.594189e+00
      vertex   -7.717838e-01 -8.014711e+00 -8.500000e+00
      vertex   -8.497250e-01 -7.972402e+00 -4.557467e+00
    endloop
  endfacet
  facet normal 5.224982e-01 8.526396e-01 1.179354e-03
    outer loop
      vertex   -8.497250e-01 -7.972402e+00 -4.557467e+00
      vertex   -7.717838e-01 -8.014711e+00 -8.500000e+00
      vertex   -9.992349e-01 -7.875329e+00 -8.500000e+00
    endloop
  endfacet
  facet normal 5.629882e-01 8.264644e-01 -1.000605e-03
    outer loop
      vertex   -8.497250e-01 -7.972402e+00 -4.557467e+00
      vertex   -9.992349e-01 -7.875329e+00 -8.500000e+00
      vertex   -1.059613e+00 -7.829368e+00 -4.509789e+00
    endloop
  endfacet
  facet normal 6.494477e-01 7.604055e-01 1.068563e-03
    outer loop
      vertex   -1.059613e+00 -7.829368e+00 -4.509789e+00
      vertex   -9.992349e-01 -7.875329e+00 -8.500000e+00
      vertex   -1.202082e+00 -7.702082e+00 -8.500000e+00
    endloop
  endfacet
  facet normal 6.798308e-01 7.333685e-01 -8.787219e-04
    outer loop
      vertex   -1.059613e+00 -7.829368e+00 -4.509789e+00
      vertex   -1.202082e+00 -7.702082e+00 -8.500000e+00
      vertex   -1.245849e+00 -7.656659e+00 -4.452220e+00
    endloop
  endfacet
  facet normal 7.604056e-01 6.494478e-01 9.342207e-04
    outer loop
      vertex   -1.245849e+00 -7.656659e+00 -4.452220e+00
      vertex   -1.202082e+00 -7.702082e+00 -8.500000e+00
      vertex   -1.375329e+00 -7.499235e+00 -8.500000e+00
    endloop
  endfacet
  facet normal 7.815121e-01 6.238896e-01 -7.349294e-04
    outer loop
      vertex   -1.245849e+00 -7.656659e+00 -4.452220e+00
      vertex   -1.375329e+00 -7.499235e+00 -8.500000e+00
      vertex   -1.404274e+00 -7.458131e+00 -4.386044e+00
    endloop
  endfacet
  facet normal 8.526399e-01 5.224984e-01 7.785341e-04
    outer loop
      vertex   -1.404274e+00 -7.458131e+00 -4.386044e+00
      vertex   -1.375329e+00 -7.499235e+00 -8.500000e+00
      vertex   -1.514711e+00 -7.271784e+00 -8.500000e+00
    endloop
  endfacet
  facet normal 8.657559e-01 5.004662e-01 -5.715372e-04
    outer loop
      vertex   -1.404274e+00 -7.458131e+00 -4.386044e+00
      vertex   -1.514711e+00 -7.271784e+00 -8.500000e+00
      vertex   -1.531352e+00 -7.238215e+00 -4.312738e+00
    endloop
  endfacet
  facet normal 9.238794e-01 3.826834e-01 6.036951e-04
    outer loop
      vertex   -1.531352e+00 -7.238215e+00 -4.312738e+00
      vertex   -1.514711e+00 -7.271784e+00 -8.500000e+00
      vertex   -1.616796e+00 -7.025329e+00 -8.500000e+00
    endloop
  endfacet
  facet normal 9.306733e-01 3.658512e-01 -3.907112e-04
    outer loop
      vertex   -1.531352e+00 -7.238215e+00 -4.312738e+00
      vertex   -1.616796e+00 -7.025329e+00 -8.500000e+00
      vertex   -1.624246e+00 -7.001821e+00 -4.233940e+00
    endloop
  endfacet
  facet normal 9.723698e-01 2.334453e-01 4.117335e-04
    outer loop
      vertex   -1.624246e+00 -7.001821e+00 -4.233940e+00
      vertex   -1.616796e+00 -7.025329e+00 -8.500000e+00
      vertex   -1.679070e+00 -6.765939e+00 -8.500000e+00
    endloop
  endfacet
  facet normal 9.748068e-01 2.230507e-01 -1.943311e-04
    outer loop
      vertex   -1.624246e+00 -7.001821e+00 -4.233940e+00
      vertex   -1.679070e+00 -6.765939e+00 -8.500000e+00
      vertex   -1.680884e+00 -6.754224e+00 -4.151408e+00
    endloop
  endfacet
  facet normal 9.969173e-01 7.845909e-02 2.043997e-04
    outer loop
      vertex   -1.680884e+00 -6.754224e+00 -4.151408e+00
      vertex   -1.679070e+00 -6.765939e+00 -8.500000e+00
      vertex   -1.700000e+00 -6.500000e+00 -8.500000e+00
    endloop
  endfacet
  facet normal 9.971642e-01 7.525693e-02 1.611204e-05
    outer loop
      vertex   -1.680884e+00 -6.754224e+00 -4.151408e+00
      vertex   -1.700000e+00 -6.500000e+00 -8.500000e+00
      vertex   -1.700000e+00 -6.500953e+00 -4.066984e+00
    endloop
  endfacet
  facet normal 9.972479e-01 -7.413937e-02 -1.599197e-05
    outer loop
      vertex   -1.700000e+00 -6.500953e+00 -4.066984e+00
      vertex   -1.700000e+00 -6.500000e+00 -8.500000e+00
      vertex   -1.681168e+00 -6.247660e+00 -3.982553e+00
    endloop
  endfacet
  facet normal 9.969173e-01 -7.845909e-02 2.266815e-04
    outer loop
      vertex   -1.681168e+00 -6.247660e+00 -3.982553e+00
      vertex   -1.700000e+00 -6.500000e+00 -8.500000e+00
      vertex   -1.679070e+00 -6.234061e+00 -8.500000e+00
    endloop
  endfacet
  facet normal 9.750857e-01 -2.218284e-01 -2.150268e-04
    outer loop
      vertex   -1.681168e+00 -6.247660e+00 -3.982553e+00
      vertex   -1.679070e+00 -6.234061e+00 -8.500000e+00
      vertex   -1.624808e+00 -6.000000e+00 -3.900000e+00
    endloop
  endfacet
  facet normal 9.723698e-01 -2.334453e-01 4.081152e-04
    outer loop
      vertex   -1.624808e+00 -6.000000e+00 -3.900000e+00
      vertex   -1.679070e+00 -6.234061e+00 -8.500000e+00
      vertex   -1.616796e+00 -5.974671e+00 -8.500000e+00
    endloop
  endfacet
  facet normal 9.311029e-01 -3.647565e-01 -3.867934e-04
    outer loop
      vertex   -1.624808e+00 -6.000000e+00 -3.900000e+00
      vertex   -1.616796e+00 -5.974671e+00 -8.500000e+00
      vertex   -1.532081e+00 -5.763299e+00 -3.900000e+00
    endloop
  endfacet
  facet normal 9.238794e-01 -3.826834e-01 5.699849e-04
    outer loop
      vertex   -1.532081e+00 -5.763299e+00 -3.900000e+00
      vertex   -1.616796e+00 -5.974671e+00 -8.500000e+00
      vertex   -1.514711e+00 -5.728216e+00 -8.500000e+00
    endloop
  endfacet
  facet normal 8.662998e-01 -4.995241e-01 -5.385571e-04
    outer loop
      vertex   -1.532081e+00 -5.763299e+00 -3.900000e+00
      vertex   -1.514711e+00 -5.728216e+00 -8.500000e+00
      vertex   -1.405094e+00 -5.543073e+00 -3.900000e+00
    endloop
  endfacet
  facet normal 8.526399e-01 -5.224984e-01 7.116403e-04
    outer loop
      vertex   -1.405094e+00 -5.543073e+00 -3.900000e+00
      vertex   -1.514711e+00 -5.728216e+00 -8.500000e+00
      vertex   -1.375329e+00 -5.500765e+00 -8.500000e+00
    endloop
  endfacet
  facet normal 7.821248e-01 -6.231214e-01 -6.701023e-04
    outer loop
      vertex   -1.405094e+00 -5.543073e+00 -3.900000e+00
      vertex   -1.375329e+00 -5.500765e+00 -8.500000e+00
      vertex   -1.246687e+00 -5.344244e+00 -3.900000e+00
    endloop
  endfacet
  facet normal 7.604057e-01 -6.494478e-01 8.330736e-04
    outer loop
      vertex   -1.246687e+00 -5.344244e+00 -3.900000e+00
      vertex   -1.375329e+00 -5.500765e+00 -8.500000e+00
      vertex   -1.202082e+00 -5.297918e+00 -8.500000e+00
    endloop
  endfacet
  facet normal 6.804601e-01 -7.327847e-01 -7.814220e-04
    outer loop
      vertex   -1.246687e+00 -5.344244e+00 -3.900000e+00
      vertex   -1.202082e+00 -5.297918e+00 -8.500000e+00
      vertex   -1.060402e+00 -5.171261e+00 -3.900000e+00
    endloop
  endfacet
  facet normal 6.494478e-01 -7.604056e-01 9.342781e-04
    outer loop
      vertex   -1.060402e+00 -5.171261e+00 -3.900000e+00
      vertex   -1.202082e+00 -5.297918e+00 -8.500000e+00
      vertex   -9.992349e-01 -5.124671e+00 -8.500000e+00
    endloop
  endfacet
  facet normal 5.635792e-01 -8.260616e-01 -8.725100e-04
    outer loop
      vertex   -1.060402e+00 -5.171261e+00 -3.900000e+00
      vertex   -9.992349e-01 -5.124671e+00 -8.500000e+00
      vertex   -8.504044e-01 -5.027990e+00 -3.900000e+00
    endloop
  endfacet
  facet normal 5.224983e-01 -8.526397e-01 1.015248e-03
    outer loop
      vertex   -8.504044e-01 -5.027990e+00 -3.900000e+00
      vertex   -9.992349e-01 -5.124671e+00 -8.500000e+00
      vertex   -7.717838e-01 -4.985289e+00 -8.500000e+00
    endloop
  endfacet
  facet normal 4.340957e-01 -9.008663e-01 -9.433615e-04
    outer loop
      vertex   -8.504044e-01 -5.027990e+00 -3.900000e+00
      vertex   -7.717838e-01 -4.985289e+00 -8.500000e+00
      vertex   -6.213902e-01 -4.917637e+00 -3.900000e+00
    endloop
  endfacet
  facet normal 3.826832e-01 -9.238790e-01 1.075980e-03
    outer loop
      vertex   -6.213902e-01 -4.917637e+00 -3.900000e+00
      vertex   -7.717838e-01 -4.985289e+00 -8.500000e+00
      vertex   -5.253289e-01 -4.883204e+00 -8.500000e+00
    endloop
  endfacet
  facet normal 2.949050e-01 -9.555261e-01 -9.939724e-04
    outer loop
      vertex   -6.213902e-01 -4.917637e+00 -3.900000e+00
      vertex   -5.253289e-01 -4.883204e+00 -8.500000e+00
      vertex   -3.784807e-01 -4.842667e+00 -3.900000e+00
    endloop
  endfacet
  facet normal 2.334452e-01 -9.723693e-01 1.116469e-03
    outer loop
      vertex   -3.784807e-01 -4.842667e+00 -3.900000e+00
      vertex   -5.253289e-01 -4.883204e+00 -8.500000e+00
      vertex   -2.659386e-01 -4.820930e+00 -8.500000e+00
    endloop
  endfacet
  facet normal 1.491198e-01 -9.888186e-01 -1.024340e-03
    outer loop
      vertex   -3.784807e-01 -4.842667e+00 -3.900000e+00
      vertex   -2.659386e-01 -4.820930e+00 -8.500000e+00
      vertex   -1.271077e-01 -4.804759e+00 -3.900000e+00
    endloop
  endfacet
  facet normal 7.845905e-02 -9.969167e-01 1.136715e-03
    outer loop
      vertex   -1.271077e-01 -4.804759e+00 -3.900000e+00
      vertex   -2.659386e-01 -4.820930e+00 -8.500000e+00
      vertex   -8.004015e-14 -4.800000e+00 -8.500000e+00
    endloop
  endfacet
  facet normal 0.000000e+00 -9.999995e-01 -1.034463e-03
    outer loop
      vertex   -1.271077e-01 -4.804759e+00 -3.900000e+00
      vertex   -8.004015e-14 -4.800000e+00 -8.500000e+00
      vertex   1.271077e-01 -4.804759e+00 -3.900000e+00
    endloop
  endfacet
  facet normal -7.845905e-02 -9.969167e-01 1.136715e-03
    outer loop
      vertex   1.271077e-01 -4.804759e+00 -3.900000e+00
      vertex   -8.004015e-14 -4.800000e+00 -8.500000e+00
      vertex   2.659386e-01 -4.820930e+00 -8.500000e+00
    endloop
  endfacet
  facet normal -1.491198e-01 -9.888186e-01 -1.024340e-03
    outer loop
      vertex   1.271077e-01 -4.804759e+00 -3.900000e+00
      vertex   2.659386e-01 -4.820930e+00 -8.500000e+00
      vertex   3.784807e-01 -4.842667e+00 -3.900000e+00
    endloop
  endfacet
  facet normal -2.334452e-01 -9.723693e-01 1.116469e-03
    outer loop
      vertex   3.784807e-01 -4.842667e+00 -3.900000e+00
      vertex   2.659386e-01 -4.820930e+00 -8.500000e+00
      vertex   5.253289e-01 -4.883204e+00 -8.500000e+00
    endloop
  endfacet
  facet normal -2.949050e-01 -9.555261e-01 -9.939724e-04
    outer loop
      vertex   3.784807e-01 -4.842667e+00 -3.900000e+00
      vertex   5.253289e-01 -4.883204e+00 -8.500000e+00
      vertex   6.213902e-01 -4.917637e+00 -3.900000e+00
    endloop
  endfacet
  facet normal -3.826832e-01 -9.238790e-01 1.075980e-03
    outer loop
      vertex   6.213902e-01 -4.917637e+00 -3.900000e+00
      vertex   5.253289e-01 -4.883204e+00 -8.500000e+00
      vertex   7.717838e-01 -4.985289e+00 -8.500000e+00
    endloop
  endfacet
  facet normal -4.340957e-01 -9.008663e-01 -9.433615e-04
    outer loop
      vertex   6.213902e-01 -4.917637e+00 -3.900000e+00
      vertex   7.717838e-01 -4.985289e+00 -8.500000e+00
      vertex   8.504044e-01 -5.027990e+00 -3.900000e+00
    endloop
  endfacet
  facet normal -5.224983e-01 -8.526397e-01 1.015248e-03
    outer loop
      vertex   8.504044e-01 -5.027990e+00 -3.900000e+00
      vertex   7.717838e-01 -4.985289e+00 -8.500000e+00
      vertex   9.992349e-01 -5.124671e+00 -8.500000e+00
    endloop
  endfacet
  facet normal -5.635792e-01 -8.260616e-01 -8.725100e-04
    outer loop
      vertex   8.504044e-01 -5.027990e+00 -3.900000e+00
      vertex   9.992349e-01 -5.124671e+00 -8.500000e+00
      vertex   1.060402e+00 -5.171261e+00 -3.900000e+00
    endloop
  endfacet
  facet normal -6.494478e-01 -7.604056e-01 9.342781e-04
    outer loop
      vertex   1.060402e+00 -5.171261e+00 -3.900000e+00
      vertex   9.992349e-01 -5.124671e+00 -8.500000e+00
      vertex   1.202082e+00 -5.297918e+00 -8.500000e+00
    endloop
  endfacet
  facet normal -6.804601e-01 -7.327847e-01 -7.814220e-04
    outer loop
      vertex   1.060402e+00 -5.171261e+00 -3.900000e+00
      vertex   1.202082e+00 -5.297918e+00 -8.500000e+00
      vertex   1.246687e+00 -5.344244e+00 -3.900000e+00
    endloop
  endfacet
  facet normal -7.604057e-01 -6.494478e-01 8.330736e-04
    outer loop
      vertex   1.246687e+00 -5.344244e+00 -3.900000e+00
      vertex   1.202082e+00 -5.297918e+00 -8.500000e+00
      vertex   1.375329e+00 -5.500765e+00 -8.500000e+00
    endloop
  endfacet
  facet normal -7.821248e-01 -6.231214e-01 -6.701023e-04
    outer loop
      vertex   1.246687e+00 -5.344244e+00 -3.900000e+00
      vertex   1.375329e+00 -5.500765e+00 -8.500000e+00
      vertex   1.405094e+00 -5.543073e+00 -3.900000e+00
    endloop
  endfacet
  facet normal -8.526399e-01 -5.224984e-01 7.116403e-04
    outer loop
      vertex   1.405094e+00 -5.543073e+00 -3.900000e+00
      vertex   1.375329e+00 -5.500765e+00 -8.500000e+00
      vertex   1.514711e+00 -5.728216e+00 -8.500000e+00
    endloop
  endfacet
  facet normal -8.662998e-01 -4.995241e-01 -5.385571e-04
    outer loop
      vertex   1.405094e+00 -5.543073e+00 -3.900000e+00
      vertex   1.514711e+00 -5.728216e+00 -8.500000e+00
      vertex   1.532081e+00 -5.763299e+00 -3.900000e+00
    endloop
  endfacet
  facet normal -9.238794e-01 -3.826834e-01 5.699849e-04
    outer loop
      vertex   1.532081e+00 -5.763299e+00 -3.900000e+00
      vertex   1.514711e+00 -5.728216e+00 -8.500000e+00
      vertex   1.616796e+00 -5.974671e+00 -8.500000e+00
    endloop
  endfacet
  facet normal -9.311029e-01 -3.647565e-01 -3.867934e-04
    outer loop
      vertex   1.532081e+00 -5.763299e+00 -3.900000e+00
      vertex   1.616796e+00 -5.974671e+00 -8.500000e+00
      vertex   1.624808e+00 -6.000000e+00 -3.900000e+00
    endloop
  endfacet
  facet normal -9.723698e-01 -2.334453e-01 4.081152e-04
    outer loop
      vertex   1.624808e+00 -6.000000e+00 -3.900000e+00
      vertex   1.616796e+00 -5.974671e+00 -8.500000e+00
      vertex   1.679070e+00 -6.234061e+00 -8.500000e+00
    endloop
  endfacet
  facet normal -9.750857e-01 -2.218284e-01 -2.150268e-04
    outer loop
      vertex   1.624808e+00 -6.000000e+00 -3.900000e+00
      vertex   1.679070e+00 -6.234061e+00 -8.500000e+00
      vertex   1.681168e+00 -6.247660e+00 -3.982553e+00
    endloop
  endfacet
  facet normal -9.969173e-01 -7.845909e-02 2.266815e-04
    outer loop
      vertex   1.681168e+00 -6.247660e+00 -3.982553e+00
      vertex   1.679070e+00 -6.234061e+00 -8.500000e+00
      vertex   1.700000e+00 -6.500000e+00 -8.500000e+00
    endloop
  endfacet
  facet normal 7.846929e-02 -9.969154e-01 -1.502867e-03
    outer loop
      vertex   -2.659386e-01 -4.820930e+00 7.378314e+00
      vertex   -1.271077e-01 -4.804759e+00 3.900000e+00
      vertex   -7.972787e-14 -4.800000e+00 7.380145e+00
    endloop
  endfacet
  facet normal -8.839029e-19 -9.999991e-01 1.367336e-03
    outer loop
      vertex   -7.972787e-14 -4.800000e+00 7.380145e+00
      vertex   -1.271077e-01 -4.804759e+00 3.900000e+00
      vertex   1.271077e-01 -4.804759e+00 3.900000e+00
    endloop
  endfacet
  facet normal -7.846929e-02 -9.969154e-01 -1.502867e-03
    outer loop
      vertex   -7.972787e-14 -4.800000e+00 7.380145e+00
      vertex   1.271077e-01 -4.804759e+00 3.900000e+00
      vertex   2.659386e-01 -4.820930e+00 7.378314e+00
    endloop
  endfacet
  facet normal -1.491197e-01 -9.888182e-01 1.354668e-03
    outer loop
      vertex   2.659386e-01 -4.820930e+00 7.378314e+00
      vertex   1.271077e-01 -4.804759e+00 3.900000e+00
      vertex   3.784807e-01 -4.842667e+00 3.900000e+00
    endloop
  endfacet
  facet normal -2.334745e-01 -9.723618e-01 -1.477501e-03
    outer loop
      vertex   2.659386e-01 -4.820930e+00 7.378314e+00
      vertex   3.784807e-01 -4.842667e+00 3.900000e+00
      vertex   5.253289e-01 -4.883204e+00 7.372866e+00
    endloop
  endfacet
  facet normal -2.949049e-01 -9.555257e-01 1.316570e-03
    outer loop
      vertex   5.253289e-01 -4.883204e+00 7.372866e+00
      vertex   3.784807e-01 -4.842667e+00 3.900000e+00
      vertex   6.213902e-01 -4.917637e+00 3.900000e+00
    endloop
  endfacet
  facet normal -3.827272e-01 -9.238603e-01 -1.426595e-03
    outer loop
      vertex   5.253289e-01 -4.883204e+00 7.372866e+00
      vertex   6.213902e-01 -4.917637e+00 3.900000e+00
      vertex   7.717838e-01 -4.985289e+00 7.363934e+00
    endloop
  endfacet
  facet normal -4.340955e-01 -9.008660e-01 1.252755e-03
    outer loop
      vertex   7.717838e-01 -4.985289e+00 7.363934e+00
      vertex   6.213902e-01 -4.917637e+00 3.900000e+00
      vertex   8.504044e-01 -5.027990e+00 3.900000e+00
    endloop
  endfacet
  facet normal -5.225507e-01 -8.526071e-01 -1.349810e-03
    outer loop
      vertex   7.717838e-01 -4.985289e+00 7.363934e+00
      vertex   8.504044e-01 -5.027990e+00 3.900000e+00
      vertex   9.992349e-01 -5.124671e+00 7.351740e+00
    endloop
  endfacet
  facet normal -5.635790e-01 -8.260613e-01 1.162760e-03
    outer loop
      vertex   9.992349e-01 -5.124671e+00 7.351740e+00
      vertex   8.504044e-01 -5.027990e+00 3.900000e+00
      vertex   1.060402e+00 -5.171261e+00 3.900000e+00
    endloop
  endfacet
  facet normal -6.495014e-01 -7.603594e-01 -1.246651e-03
    outer loop
      vertex   9.992349e-01 -5.124671e+00 7.351740e+00
      vertex   1.060402e+00 -5.171261e+00 3.900000e+00
      vertex   1.202082e+00 -5.297918e+00 7.336583e+00
    endloop
  endfacet
  facet normal -6.804600e-01 -7.327845e-01 1.045964e-03
    outer loop
      vertex   1.202082e+00 -5.297918e+00 7.336583e+00
      vertex   1.060402e+00 -5.171261e+00 3.900000e+00
      vertex   1.246687e+00 -5.344244e+00 3.900000e+00
    endloop
  endfacet
  facet normal -7.604537e-01 -6.493912e-01 -1.116489e-03
    outer loop
      vertex   1.202082e+00 -5.297918e+00 7.336583e+00
      vertex   1.246687e+00 -5.344244e+00 3.900000e+00
      vertex   1.375329e+00 -5.500765e+00 7.318836e+00
    endloop
  endfacet
  facet normal -7.821247e-01 -6.231213e-01 9.016139e-04
    outer loop
      vertex   1.375329e+00 -5.500765e+00 7.318836e+00
      vertex   1.246687e+00 -5.344244e+00 3.900000e+00
      vertex   1.405094e+00 -5.543073e+00 3.900000e+00
    endloop
  endfacet
  facet normal -8.526771e-01 -5.224374e-01 -9.585824e-04
    outer loop
      vertex   1.375329e+00 -5.500765e+00 7.318836e+00
      vertex   1.405094e+00 -5.543073e+00 3.900000e+00
      vertex   1.514711e+00 -5.728216e+00 7.298937e+00
    endloop
  endfacet
  facet normal -8.662997e-01 -4.995240e-01 7.288639e-04
    outer loop
      vertex   1.514711e+00 -5.728216e+00 7.298937e+00
      vertex   1.405094e+00 -5.543073e+00 3.900000e+00
      vertex   1.532081e+00 -5.763299e+00 3.900000e+00
    endloop
  endfacet
  facet normal -9.239031e-01 -3.826257e-01 -7.721144e-04
    outer loop
      vertex   1.514711e+00 -5.728216e+00 7.298937e+00
      vertex   1.532081e+00 -5.763299e+00 3.900000e+00
      vertex   1.616796e+00 -5.974671e+00 7.277375e+00
    endloop
  endfacet
  facet normal -9.311028e-01 -3.647564e-01 5.268144e-04
    outer loop
      vertex   1.616796e+00 -5.974671e+00 7.277375e+00
      vertex   1.532081e+00 -5.763299e+00 3.900000e+00
      vertex   1.624808e+00 -6.000000e+00 3.900000e+00
    endloop
  endfacet
  facet normal -9.723808e-01 -2.333993e-01 -5.562260e-04
    outer loop
      vertex   1.616796e+00 -5.974671e+00 7.277375e+00
      vertex   1.624808e+00 -6.000000e+00 3.900000e+00
      vertex   1.679070e+00 -6.234061e+00 7.254681e+00
    endloop
  endfacet
  facet normal -9.750916e-01 -2.218025e-01 2.967511e-04
    outer loop
      vertex   1.679070e+00 -6.234061e+00 7.254681e+00
      vertex   1.624808e+00 -6.000000e+00 3.900000e+00
      vertex   1.681168e+00 -6.247660e+00 3.982553e+00
    endloop
  endfacet
  facet normal -9.969194e-01 -7.843187e-02 -3.130673e-04
    outer loop
      vertex   1.679070e+00 -6.234061e+00 7.254681e+00
      vertex   1.681168e+00 -6.247660e+00 3.982553e+00
      vertex   1.700000e+00 -6.500000e+00 7.231414e+00
    endloop
  endfacet
  facet normal -9.972480e-01 -7.413725e-02 2.240233e-05
    outer loop
      vertex   1.700000e+00 -6.500000e+00 7.231414e+00
      vertex   1.681168e+00 -6.247660e+00 3.982553e+00
      vertex   1.700000e+00 -6.500953e+00 4.066984e+00
    endloop
  endfacet
  facet normal -9.971643e-01 7.525479e-02 -2.257054e-05
    outer loop
      vertex   1.700000e+00 -6.500000e+00 7.231414e+00
      vertex   1.700000e+00 -6.500953e+00 4.066984e+00
      vertex   1.680884e+00 -6.754224e+00 4.151408e+00
    endloop
  endfacet
  facet normal 1.491197e-01 -9.888182e-01 1.354668e-03
    outer loop
      vertex   -1.271077e-01 -4.804759e+00 3.900000e+00
      vertex   -2.659386e-01 -4.820930e+00 7.378314e+00
      vertex   -3.784807e-01 -4.842667e+00 3.900000e+00
    endloop
  endfacet
  facet normal 2.334745e-01 -9.723618e-01 -1.477501e-03
    outer loop
      vertex   -3.784807e-01 -4.842667e+00 3.900000e+00
      vertex   -2.659386e-01 -4.820930e+00 7.378314e+00
      vertex   -5.253289e-01 -4.883204e+00 7.372866e+00
    endloop
  endfacet
  facet normal 2.949049e-01 -9.555257e-01 1.316570e-03
    outer loop
      vertex   -3.784807e-01 -4.842667e+00 3.900000e+00
      vertex   -5.253289e-01 -4.883204e+00 7.372866e+00
      vertex   -6.213902e-01 -4.917637e+00 3.900000e+00
    endloop
  endfacet
  facet normal 3.827272e-01 -9.238603e-01 -1.426595e-03
    outer loop
      vertex   -6.213902e-01 -4.917637e+00 3.900000e+00
      vertex   -5.253289e-01 -4.883204e+00 7.372866e+00
      vertex   -7.717838e-01 -4.985289e+00 7.363934e+00
    endloop
  endfacet
  facet normal 4.340955e-01 -9.008660e-01 1.252755e-03
    outer loop
      vertex   -6.213902e-01 -4.917637e+00 3.900000e+00
      vertex   -7.717838e-01 -4.985289e+00 7.363934e+00
      vertex   -8.504044e-01 -5.027990e+00 3.900000e+00
    endloop
  endfacet
  facet normal 5.225507e-01 -8.526071e-01 -1.349810e-03
    outer loop
      vertex   -8.504044e-01 -5.027990e+00 3.900000e+00
      vertex   -7.717838e-01 -4.985289e+00 7.363934e+00
      vertex   -9.992349e-01 -5.124671e+00 7.351740e+00
    endloop
  endfacet
  facet normal 5.635790e-01 -8.260613e-01 1.162760e-03
    outer loop
      vertex   -8.504044e-01 -5.027990e+00 3.900000e+00
      vertex   -9.992349e-01 -5.124671e+00 7.351740e+00
      vertex   -1.060402e+00 -5.171261e+00 3.900000e+00
    endloop
  endfacet
  facet normal 6.495014e-01 -7.603594e-01 -1.246651e-03
    outer loop
      vertex   -1.060402e+00 -5.171261e+00 3.900000e+00
      vertex   -9.992349e-01 -5.124671e+00 7.351740e+00
      vertex   -1.202082e+00 -5.297918e+00 7.336583e+00
    endloop
  endfacet
  facet normal 6.804600e-01 -7.327845e-01 1.045964e-03
    outer loop
      vertex   -1.060402e+00 -5.171261e+00 3.900000e+00
      vertex   -1.202082e+00 -5.297918e+00 7.336583e+00
      vertex   -1.246687e+00 -5.344244e+00 3.900000e+00
    endloop
  endfacet
  facet normal 7.604537e-01 -6.493912e-01 -1.116489e-03
    outer loop
      vertex   -1.246687e+00 -5.344244e+00 3.900000e+00
      vertex   -1.202082e+00 -5.297918e+00 7.336583e+00
      vertex   -1.375329e+00 -5.500765e+00 7.318836e+00
    endloop
  endfacet
  facet normal 7.821247e-01 -6.231213e-01 9.016139e-04
    outer loop
      vertex   -1.246687e+00 -5.344244e+00 3.900000e+00
      vertex   -1.375329e+00 -5.500765e+00 7.318836e+00
      vertex   -1.405094e+00 -5.543073e+00 3.900000e+00
    endloop
  endfacet
  facet normal 8.526771e-01 -5.224374e-01 -9.585824e-04
    outer loop
      vertex   -1.405094e+00 -5.543073e+00 3.900000e+00
      vertex   -1.375329e+00 -5.500765e+00 7.318836e+00
      vertex   -1.514711e+00 -5.728216e+00 7.298937e+00
    endloop
  endfacet
  facet normal 8.662997e-01 -4.995240e-01 7.288639e-04
    outer loop
      vertex   -1.405094e+00 -5.543073e+00 3.900000e+00
      vertex   -1.514711e+00 -5.728216e+00 7.298937e+00
      vertex   -1.532081e+00 -5.763299e+00 3.900000e+00
    endloop
  endfacet
  facet normal 9.239031e-01 -3.826257e-01 -7.721144e-04
    outer loop
      vertex   -1.532081e+00 -5.763299e+00 3.900000e+00
      vertex   -1.514711e+00 -5.728216e+00 7.298937e+00
      vertex   -1.616796e+00 -5.974671e+00 7.277375e+00
    endloop
  endfacet
  facet normal 9.311028e-01 -3.647564e-01 5.268144e-04
    outer loop
      vertex   -1.532081e+00 -5.763299e+00 3.900000e+00
      vertex   -1.616796e+00 -5.974671e+00 7.277375e+00
      vertex   -1.624808e+00 -6.000000e+00 3.900000e+00
    endloop
  endfacet
  facet normal 9.723808e-01 -2.333993e-01 -5.562260e-04
    outer loop
      vertex   -1.624808e+00 -6.000000e+00 3.900000e+00
      vertex   -1.616796e+00 -5.974671e+00 7.277375e+00
      vertex   -1.679070e+00 -6.234061e+00 7.254681e+00
    endloop
  endfacet
  facet normal 9.750916e-01 -2.218025e-01 2.967511e-04
    outer loop
      vertex   -1.624808e+00 -6.000000e+00 3.900000e+00
      vertex   -1.679070e+00 -6.234061e+00 7.254681e+00
      vertex   -1.681168e+00 -6.247660e+00 3.982553e+00
    endloop
  endfacet
  facet normal 9.969194e-01 -7.843187e-02 -3.130673e-04
    outer loop
      vertex   -1.681168e+00 -6.247660e+00 3.982553e+00
      vertex   -1.679070e+00 -6.234061e+00 7.254681e+00
      vertex   -1.700000e+00 -6.500000e+00 7.231414e+00
    endloop
  endfacet
  facet normal 9.972480e-01 -7.413725e-02 2.240233e-05
    outer loop
      vertex   -1.681168e+00 -6.247660e+00 3.982553e+00
      vertex   -1.700000e+00 -6.500000e+00 7.231414e+00
      vertex   -1.700000e+00 -6.500953e+00 4.066984e+00
    endloop
  endfacet
  facet normal 9.971643e-01 7.525479e-02 -2.257054e-05
    outer loop
      vertex   -1.700000e+00 -6.500953e+00 4.066984e+00
      vertex   -1.700000e+00 -6.500000e+00 7.231414e+00
      vertex   -1.680884e+00 -6.754224e+00 4.151408e+00
    endloop
  endfacet
  facet normal 9.969153e-01 7.848437e-02 -2.906860e-04
    outer loop
      vertex   -1.680884e+00 -6.754224e+00 4.151408e+00
      vertex   -1.700000e+00 -6.500000e+00 7.231414e+00
      vertex   -1.679070e+00 -6.765939e+00 7.208148e+00
    endloop
  endfacet
  facet normal 9.748008e-01 2.230768e-01 2.765635e-04
    outer loop
      vertex   -1.680884e+00 -6.754224e+00 4.151408e+00
      vertex   -1.679070e+00 -6.765939e+00 7.208148e+00
      vertex   -1.624246e+00 -7.001821e+00 4.233940e+00
    endloop
  endfacet
  facet normal 9.723579e-01 2.334945e-01 -5.946898e-04
    outer loop
      vertex   -1.624246e+00 -7.001821e+00 4.233940e+00
      vertex   -1.679070e+00 -6.765939e+00 7.208148e+00
      vertex   -1.616796e+00 -7.025329e+00 7.185454e+00
    endloop
  endfacet
  facet normal 9.306534e-01 3.659015e-01 5.651775e-04
    outer loop
      vertex   -1.624246e+00 -7.001821e+00 4.233940e+00
      vertex   -1.616796e+00 -7.025329e+00 7.185454e+00
      vertex   -1.531352e+00 -7.238215e+00 4.312738e+00
    endloop
  endfacet
  facet normal 9.238518e-01 3.827494e-01 -8.856600e-04
    outer loop
      vertex   -1.531352e+00 -7.238215e+00 4.312738e+00
      vertex   -1.616796e+00 -7.025329e+00 7.185454e+00
      vertex   -1.514711e+00 -7.271784e+00 7.163892e+00
    endloop
  endfacet
  facet normal 8.657169e-01 5.005333e-01 8.403885e-04
    outer loop
      vertex   -1.531352e+00 -7.238215e+00 4.312738e+00
      vertex   -1.514711e+00 -7.271784e+00 7.163892e+00
      vertex   -1.404274e+00 -7.458131e+00 4.386044e+00
    endloop
  endfacet
  facet normal 8.525944e-01 5.225720e-01 -1.159744e-03
    outer loop
      vertex   -1.404274e+00 -7.458131e+00 4.386044e+00
      vertex   -1.514711e+00 -7.271784e+00 7.163892e+00
      vertex   -1.375329e+00 -7.499235e+00 7.143993e+00
    endloop
  endfacet
  facet normal 7.814529e-01 6.239633e-01 1.097995e-03
    outer loop
      vertex   -1.404274e+00 -7.458131e+00 4.386044e+00
      vertex   -1.375329e+00 -7.499235e+00 7.143993e+00
      vertex   -1.245849e+00 -7.656659e+00 4.452220e+00
    endloop
  endfacet
  facet normal 7.603442e-01 6.495188e-01 -1.411955e-03
    outer loop
      vertex   -1.245849e+00 -7.656659e+00 4.452220e+00
      vertex   -1.375329e+00 -7.499235e+00 7.143993e+00
      vertex   -1.202082e+00 -7.702082e+00 7.126246e+00
    endloop
  endfacet
  facet normal 6.797550e-01 7.334380e-01 1.332579e-03
    outer loop
      vertex   -1.245849e+00 -7.656659e+00 4.452220e+00
      vertex   -1.202082e+00 -7.702082e+00 7.126246e+00
      vertex   -1.059613e+00 -7.829368e+00 4.509789e+00
    endloop
  endfacet
  facet normal 6.493765e-01 7.604653e-01 -1.636391e-03
    outer loop
      vertex   -1.059613e+00 -7.829368e+00 4.509789e+00
      vertex   -1.202082e+00 -7.702082e+00 7.126246e+00
      vertex   -9.992349e-01 -7.875329e+00 7.111089e+00
    endloop
  endfacet
  facet normal 5.629044e-01 8.265206e-01 1.537795e-03
    outer loop
      vertex   -1.059613e+00 -7.829368e+00 4.509789e+00
      vertex   -9.992349e-01 -7.875329e+00 7.111089e+00
      vertex   -8.497250e-01 -7.972402e+00 4.557467e+00
    endloop
  endfacet
  facet normal 5.224265e-01 8.526824e-01 -1.826628e-03
    outer loop
      vertex   -8.497250e-01 -7.972402e+00 4.557467e+00
      vertex   -9.992349e-01 -7.875329e+00 7.111089e+00
      vertex   -7.717838e-01 -8.014711e+00 7.098894e+00
    endloop
  endfacet
  facet normal 4.335165e-01 9.011440e-01 1.706867e-03
    outer loop
      vertex   -8.497250e-01 -7.972402e+00 4.557467e+00
      vertex   -7.717838e-01 -8.014711e+00 7.098894e+00
      vertex   -6.208686e-01 -8.082568e+00 4.594189e+00
    endloop
  endfacet
  facet normal 3.826216e-01 9.239030e-01 -1.976274e-03
    outer loop
      vertex   -6.208686e-01 -8.082568e+00 4.594189e+00
      vertex   -7.717838e-01 -8.014711e+00 7.098894e+00
      vertex   -5.253289e-01 -8.116796e+00 7.089963e+00
    endloop
  endfacet
  facet normal 2.944806e-01 9.556557e-01 1.833280e-03
    outer loop
      vertex   -6.208686e-01 -8.082568e+00 4.594189e+00
      vertex   -5.253289e-01 -8.116796e+00 7.089963e+00
      vertex   -3.781529e-01 -8.157408e+00 4.619136e+00
    endloop
  endfacet
  facet normal 2.334036e-01 9.723777e-01 -2.079655e-03
    outer loop
      vertex   -3.781529e-01 -8.157408e+00 4.619136e+00
      vertex   -5.253289e-01 -8.116796e+00 7.089963e+00
      vertex   -2.659386e-01 -8.179070e+00 7.084515e+00
    endloop
  endfacet
  facet normal 1.488953e-01 9.888511e-01 1.911572e-03
    outer loop
      vertex   -3.781529e-01 -8.157408e+00 4.619136e+00
      vertex   -2.659386e-01 -8.179070e+00 7.084515e+00
      vertex   -1.269959e-01 -8.195250e+00 4.631750e+00
    endloop
  endfacet
  facet normal 7.844432e-02 9.969162e-01 -2.132494e-03
    outer loop
      vertex   -1.269959e-01 -8.195250e+00 4.631750e+00
      vertex   -2.659386e-01 -8.179070e+00 7.084515e+00
      vertex   -7.993606e-14 -8.200000e+00 7.082684e+00
    endloop
  endfacet
  facet normal -0.000000e+00 9.999981e-01 1.938097e-03
    outer loop
      vertex   -1.269959e-01 -8.195250e+00 4.631750e+00
      vertex   -7.993606e-14 -8.200000e+00 7.082684e+00
      vertex   1.269959e-01 -8.195250e+00 4.631750e+00
    endloop
  endfacet
  facet normal -7.844432e-02 9.969162e-01 -2.132494e-03
    outer loop
      vertex   1.269959e-01 -8.195250e+00 4.631750e+00
      vertex   -7.993606e-14 -8.200000e+00 7.082684e+00
      vertex   2.659386e-01 -8.179070e+00 7.084515e+00
    endloop
  endfacet
  facet normal -1.488953e-01 9.888511e-01 1.911572e-03
    outer loop
      vertex   1.269959e-01 -8.195250e+00 4.631750e+00
      vertex   2.659386e-01 -8.179070e+00 7.084515e+00
      vertex   3.781529e-01 -8.157408e+00 4.619136e+00
    endloop
  endfacet
  facet normal -2.334036e-01 9.723777e-01 -2.079655e-03
    outer loop
      vertex   3.781529e-01 -8.157408e+00 4.619136e+00
      vertex   2.659386e-01 -8.179070e+00 7.084515e+00
      vertex   5.253289e-01 -8.116796e+00 7.089963e+00
    endloop
  endfacet
  facet normal -2.944806e-01 9.556557e-01 1.833280e-03
    outer loop
      vertex   3.781529e-01 -8.157408e+00 4.619136e+00
      vertex   5.253289e-01 -8.116796e+00 7.089963e+00
      vertex   6.208686e-01 -8.082568e+00 4.594189e+00
    endloop
  endfacet
  facet normal -3.826216e-01 9.239030e-01 -1.976274e-03
    outer loop
      vertex   6.208686e-01 -8.082568e+00 4.594189e+00
      vertex   5.253289e-01 -8.116796e+00 7.089963e+00
      vertex   7.717838e-01 -8.014711e+00 7.098894e+00
    endloop
  endfacet
  facet normal -4.335165e-01 9.011440e-01 1.706867e-03
    outer loop
      vertex   6.208686e-01 -8.082568e+00 4.594189e+00
      vertex   7.717838e-01 -8.014711e+00 7.098894e+00
      vertex   8.497250e-01 -7.972402e+00 4.557467e+00
    endloop
  endfacet
  facet normal -5.224265e-01 8.526824e-01 -1.826628e-03
    outer loop
      vertex   8.497250e-01 -7.972402e+00 4.557467e+00
      vertex   7.717838e-01 -8.014711e+00 7.098894e+00
      vertex   9.992349e-01 -7.875329e+00 7.111089e+00
    endloop
  endfacet
  facet normal -5.629044e-01 8.265206e-01 1.537795e-03
    outer loop
      vertex   8.497250e-01 -7.972402e+00 4.557467e+00
      vertex   9.992349e-01 -7.875329e+00 7.111089e+00
      vertex   1.059613e+00 -7.829368e+00 4.509789e+00
    endloop
  endfacet
  facet normal -6.493765e-01 7.604653e-01 -1.636391e-03
    outer loop
      vertex   1.059613e+00 -7.829368e+00 4.509789e+00
      vertex   9.992349e-01 -7.875329e+00 7.111089e+00
      vertex   1.202082e+00 -7.702082e+00 7.126246e+00
    endloop
  endfacet
  facet normal -6.797550e-01 7.334380e-01 1.332579e-03
    outer loop
      vertex   1.059613e+00 -7.829368e+00 4.509789e+00
      vertex   1.202082e+00 -7.702082e+00 7.126246e+00
      vertex   1.245849e+00 -7.656659e+00 4.452220e+00
    endloop
  endfacet
  facet normal -7.603442e-01 6.495188e-01 -1.411955e-03
    outer loop
      vertex   1.245849e+00 -7.656659e+00 4.452220e+00
      vertex   1.202082e+00 -7.702082e+00 7.126246e+00
      vertex   1.375329e+00 -7.499235e+00 7.143993e+00
    endloop
  endfacet
  facet normal -7.814529e-01 6.239633e-01 1.097995e-03
    outer loop
      vertex   1.245849e+00 -7.656659e+00 4.452220e+00
      vertex   1.375329e+00 -7.499235e+00 7.143993e+00
      vertex   1.404274e+00 -7.458131e+00 4.386044e+00
    endloop
  endfacet
  facet normal -8.525944e-01 5.225720e-01 -1.159744e-03
    outer loop
      vertex   1.404274e+00 -7.458131e+00 4.386044e+00
      vertex   1.375329e+00 -7.499235e+00 7.143993e+00
      vertex   1.514711e+00 -7.271784e+00 7.163892e+00
    endloop
  endfacet
  facet normal -8.657169e-01 5.005333e-01 8.403885e-04
    outer loop
      vertex   1.404274e+00 -7.458131e+00 4.386044e+00
      vertex   1.514711e+00 -7.271784e+00 7.163892e+00
      vertex   1.531352e+00 -7.238215e+00 4.312738e+00
    endloop
  endfacet
  facet normal -9.238518e-01 3.827494e-01 -8.856600e-04
    outer loop
      vertex   1.531352e+00 -7.238215e+00 4.312738e+00
      vertex   1.514711e+00 -7.271784e+00 7.163892e+00
      vertex   1.616796e+00 -7.025329e+00 7.185454e+00
    endloop
  endfacet
  facet normal -9.306534e-01 3.659015e-01 5.651775e-04
    outer loop
      vertex   1.531352e+00 -7.238215e+00 4.312738e+00
      vertex   1.616796e+00 -7.025329e+00 7.185454e+00
      vertex   1.624246e+00 -7.001821e+00 4.233940e+00
    endloop
  endfacet
  facet normal -9.723579e-01 2.334945e-01 -5.946898e-04
    outer loop
      vertex   1.624246e+00 -7.001821e+00 4.233940e+00
      vertex   1.616796e+00 -7.025329e+00 7.185454e+00
      vertex   1.679070e+00 -6.765939e+00 7.208148e+00
    endloop
  endfacet
  facet normal -9.748008e-01 2.230768e-01 2.765635e-04
    outer loop
      vertex   1.624246e+00 -7.001821e+00 4.233940e+00
      vertex   1.679070e+00 -6.765939e+00 7.208148e+00
      vertex   1.680884e+00 -6.754224e+00 4.151408e+00
    endloop
  endfacet
  facet normal -9.969153e-01 7.848437e-02 -2.906860e-04
    outer loop
      vertex   1.680884e+00 -6.754224e+00 4.151408e+00
      vertex   1.679070e+00 -6.765939e+00 7.208148e+00
      vertex   1.700000e+00 -6.500000e+00 7.231414e+00
    endloop
  endfacet
  facet normal 6.429011e-16 -3.162278e-01 9.486833e-01
    outer loop
      vertex   3.800000e+00 -7.000000e+00 -4.233333e+00
      vertex   1.245849e+00 -7.656659e+00 -4.452220e+00
      vertex   1.800000e+00 -9.000000e+00 -4.900000e+00
    endloop
  endfacet
  facet normal -5.328147e-16 -3.162278e-01 9.486833e-01
    outer loop
      vertex   1.800000e+00 -9.000000e+00 -4.900000e+00
      vertex   1.245849e+00 -7.656659e+00 -4.452220e+00
      vertex   1.059613e+00 -7.829368e+00 -4.509789e+00
    endloop
  endfacet
  facet normal -6.398569e-16 -3.162278e-01 9.486833e-01
    outer loop
      vertex   1.800000e+00 -9.000000e+00 -4.900000e+00
      vertex   1.059613e+00 -7.829368e+00 -4.509789e+00
      vertex   8.497250e-01 -7.972402e+00 -4.557467e+00
    endloop
  endfacet
  facet normal 6.644231e-16 -3.162278e-01 9.486833e-01
    outer loop
      vertex   3.800000e+00 -6.000000e+00 -3.900000e+00
      vertex   1.700000e+00 -6.500953e+00 -4.066984e+00
      vertex   3.800000e+00 -7.000000e+00 -4.233333e+00
    endloop
  endfacet
  facet normal 6.516126e-16 -3.162278e-01 9.486833e-01
    outer loop
      vertex   3.800000e+00 -7.000000e+00 -4.233333e+00
      vertex   1.700000e+00 -6.500953e+00 -4.066984e+00
      vertex   1.680884e+00 -6.754224e+00 -4.151408e+00
    endloop
  endfacet
  facet normal 5.174247e-16 -3.162278e-01 9.486833e-01
    outer loop
      vertex   3.800000e+00 -7.000000e+00 -4.233333e+00
      vertex   1.680884e+00 -6.754224e+00 -4.151408e+00
      vertex   1.624246e+00 -7.001821e+00 -4.233940e+00
    endloop
  endfacet
  facet normal -1.936840e-16 -3.162278e-01 9.486833e-01
    outer loop
      vertex   1.624808e+00 -6.000000e+00 -3.900000e+00
      vertex   1.681168e+00 -6.247660e+00 -3.982553e+00
      vertex   3.800000e+00 -6.000000e+00 -3.900000e+00
    endloop
  endfacet
  facet normal 5.241834e-16 -3.162278e-01 9.486833e-01
    outer loop
      vertex   3.800000e+00 -6.000000e+00 -3.900000e+00
      vertex   1.681168e+00 -6.247660e+00 -3.982553e+00
      vertex   1.700000e+00 -6.500953e+00 -4.066984e+00
    endloop
  endfacet
  facet normal 5.165274e-16 -3.162278e-01 9.486833e-01
    outer loop
      vertex   1.624246e+00 -7.001821e+00 -4.233940e+00
      vertex   1.531352e+00 -7.238215e+00 -4.312738e+00
      vertex   3.800000e+00 -7.000000e+00 -4.233333e+00
    endloop
  endfacet
  facet normal 5.202832e-16 -3.162278e-01 9.486833e-01
    outer loop
      vertex   3.800000e+00 -7.000000e+00 -4.233333e+00
      vertex   1.531352e+00 -7.238215e+00 -4.312738e+00
      vertex   1.404274e+00 -7.458131e+00 -4.386044e+00
    endloop
  endfacet
  facet normal 2.392942e-16 -3.162278e-01 9.486833e-01
    outer loop
      vertex   3.800000e+00 -7.000000e+00 -4.233333e+00
      vertex   1.404274e+00 -7.458131e+00 -4.386044e+00
      vertex   1.245849e+00 -7.656659e+00 -4.452220e+00
    endloop
  endfacet
  facet normal -7.588031e-16 -3.162278e-01 9.486833e-01
    outer loop
      vertex   8.497250e-01 -7.972402e+00 -4.557467e+00
      vertex   6.208686e-01 -8.082568e+00 -4.594189e+00
      vertex   1.800000e+00 -9.000000e+00 -4.900000e+00
    endloop
  endfacet
  facet normal 2.545813e-15 -3.162278e-01 9.486833e-01
    outer loop
      vertex   1.800000e+00 -9.000000e+00 -4.900000e+00
      vertex   6.208686e-01 -8.082568e+00 -4.594189e+00
      vertex   3.781529e-01 -8.157408e+00 -4.619136e+00
    endloop
  endfacet
  facet normal -3.472089e-15 -3.162278e-01 9.486833e-01
    outer loop
      vertex   1.800000e+00 -9.000000e+00 -4.900000e+00
      vertex   3.781529e-01 -8.157408e+00 -4.619136e+00
      vertex   1.269959e-01 -8.195250e+00 -4.631750e+00
    endloop
  endfacet
  facet normal 0.000000e+00 -3.162278e-01 9.486833e-01
    outer loop
      vertex   1.269959e-01 -8.195250e+00 -4.631750e+00
      vertex   -1.269959e-01 -8.195250e+00 -4.631750e+00
      vertex   1.800000e+00 -9.000000e+00 -4.900000e+00
    endloop
  endfacet
  facet normal 0.000000e+00 -3.162278e-01 9.486833e-01
    outer loop
      vertex   1.800000e+00 -9.000000e+00 -4.900000e+00
      vertex   -1.269959e-01 -8.195250e+00 -4.631750e+00
      vertex   -1.800000e+00 -9.000000e+00 -4.900000e+00
    endloop
  endfacet
  facet normal 3.446277e-15 -3.162278e-01 9.486833e-01
    outer loop
      vertex   -1.800000e+00 -9.000000e+00 -4.900000e+00
      vertex   -1.269959e-01 -8.195250e+00 -4.631750e+00
      vertex   -3.781529e-01 -8.157408e+00 -4.619136e+00
    endloop
  endfacet
  facet normal -2.481082e-15 -3.162278e-01 9.486833e-01
    outer loop
      vertex   -1.800000e+00 -9.000000e+00 -4.900000e+00
      vertex   -3.781529e-01 -8.157408e+00 -4.619136e+00
      vertex   -6.208686e-01 -8.082568e+00 -4.594189e+00
    endloop
  endfacet
  facet normal 7.516943e-16 -3.162278e-01 9.486833e-01
    outer loop
      vertex   -6.208686e-01 -8.082568e+00 -4.594189e+00
      vertex   -8.497250e-01 -7.972402e+00 -4.557467e+00
      vertex   -1.800000e+00 -9.000000e+00 -4.900000e+00
    endloop
  endfacet
  facet normal -8.302901e-17 -3.162278e-01 9.486833e-01
    outer loop
      vertex   -1.800000e+00 -9.000000e+00 -4.900000e+00
      vertex   -8.497250e-01 -7.972402e+00 -4.557467e+00
      vertex   -1.059613e+00 -7.829368e+00 -4.509789e+00
    endloop
  endfacet
  facet normal 9.235976e-16 -3.162278e-01 9.486833e-01
    outer loop
      vertex   -1.800000e+00 -9.000000e+00 -4.900000e+00
      vertex   -1.059613e+00 -7.829368e+00 -4.509789e+00
      vertex   -1.245849e+00 -7.656659e+00 -4.452220e+00
    endloop
  endfacet
  facet normal 1.016425e-16 -3.162278e-01 9.486833e-01
    outer loop
      vertex   -1.800000e+00 -9.000000e+00 -4.900000e+00
      vertex   -1.245849e+00 -7.656659e+00 -4.452220e+00
      vertex   -3.800000e+00 -7.000000e+00 -4.233333e+00
    endloop
  endfacet
  facet normal 2.755970e-16 -3.162278e-01 9.486833e-01
    outer loop
      vertex   -3.800000e+00 -7.000000e+00 -4.233333e+00
      vertex   -1.245849e+00 -7.656659e+00 -4.452220e+00
      vertex   -1.404274e+00 -7.458131e+00 -4.386044e+00
    endloop
  endfacet
  facet normal 2.639222e-16 -3.162278e-01 9.486833e-01
    outer loop
      vertex   -3.800000e+00 -7.000000e+00 -4.233333e+00
      vertex   -1.404274e+00 -7.458131e+00 -4.386044e+00
      vertex   -1.531352e+00 -7.238215e+00 -4.312738e+00
    endloop
  endfacet
  facet normal 2.558198e-16 -3.162278e-01 9.486833e-01
    outer loop
      vertex   -1.531352e+00 -7.238215e+00 -4.312738e+00
      vertex   -1.624246e+00 -7.001821e+00 -4.233940e+00
      vertex   -3.800000e+00 -7.000000e+00 -4.233333e+00
    endloop
  endfacet
  facet normal 2.572678e-16 -3.162278e-01 9.486833e-01
    outer loop
      vertex   -3.800000e+00 -7.000000e+00 -4.233333e+00
      vertex   -1.624246e+00 -7.001821e+00 -4.233940e+00
      vertex   -1.680884e+00 -6.754224e+00 -4.151408e+00
    endloop
  endfacet
  facet normal 1.294002e-16 -3.162278e-01 9.486833e-01
    outer loop
      vertex   -3.800000e+00 -7.000000e+00 -4.233333e+00
      vertex   -1.680884e+00 -6.754224e+00 -4.151408e+00
      vertex   -1.700000e+00 -6.500953e+00 -4.066984e+00
    endloop
  endfacet
  facet normal -2.707797e-16 -3.162278e-01 9.486833e-01
    outer loop
      vertex   -3.800000e+00 -7.000000e+00 -4.233333e+00
      vertex   -1.700000e+00 -6.500953e+00 -4.066984e+00
      vertex   -3.800000e+00 -6.000000e+00 -3.900000e+00
    endloop
  endfacet
  facet normal -2.704593e-16 -3.162278e-01 9.486833e-01
    outer loop
      vertex   -3.800000e+00 -6.000000e+00 -3.900000e+00
      vertex   -1.700000e+00 -6.500953e+00 -4.066984e+00
      vertex   -1.681168e+00 -6.247660e+00 -3.982553e+00
    endloop
  endfacet
  facet normal 1.936840e-16 -3.162278e-01 9.486833e-01
    outer loop
      vertex   -3.800000e+00 -6.000000e+00 -3.900000e+00
      vertex   -1.681168e+00 -6.247660e+00 -3.982553e+00
      vertex   -1.624808e+00 -6.000000e+00 -3.900000e+00
    endloop
  endfacet
  facet normal 0.000000e+00 1.000000e+00 0.000000e+00
    outer loop
      vertex   3.800000e+00 1.200000e+01 3.000000e+00
      vertex   -2.081900e-16 1.200000e+01 1.700000e+00
      vertex   -3.800000e+00 1.200000e+01 3.000000e+00
    endloop
  endfacet
  facet normal 0.000000e+00 1.000000e+00 0.000000e+00
    outer loop
      vertex   -3.800000e+00 1.200000e+01 3.000000e+00
      vertex   -2.081900e-16 1.200000e+01 1.700000e+00
      vertex   -2.659386e-01 1.200000e+01 1.679070e+00
    endloop
  endfacet
  facet normal 0.000000e+00 1.000000e+00 0.000000e+00
    outer loop
      vertex   -3.800000e+00 1.200000e+01 3.000000e+00
      vertex   -2.659386e-01 1.200000e+01 1.679070e+00
      vertex   -5.253289e-01 1.200000e+01 1.616796e+00
    endloop
  endfacet
  facet normal 0.000000e+00 1.000000e+00 0.000000e+00
    outer loop
      vertex   3.800000e+00 1.200000e+01 -1.250000e+01
      vertex   1.616796e+00 1.200000e+01 -5.253289e-01
      vertex   3.800000e+00 1.200000e+01 3.000000e+00
    endloop
  endfacet
  facet normal 0.000000e+00 1.000000e+00 0.000000e+00
    outer loop
      vertex   3.800000e+00 1.200000e+01 3.000000e+00
      vertex   1.616796e+00 1.200000e+01 -5.253289e-01
      vertex   1.679070e+00 1.200000e+01 -2.659386e-01
    endloop
  endfacet
  facet normal 0.000000e+00 1.000000e+00 0.000000e+00
    outer loop
      vertex   3.800000e+00 1.200000e+01 3.000000e+00
      vertex   1.679070e+00 1.200000e+01 -2.659386e-01
      vertex   1.700000e+00 1.200000e+01 -1.040950e-16
    endloop
  endfacet
  facet normal 0.000000e+00 1.000000e+00 0.000000e+00
    outer loop
      vertex   -3.800000e+00 1.200000e+01 -1.250000e+01
      vertex   0.000000e+00 1.200000e+01 -1.700000e+00
      vertex   3.800000e+00 1.200000e+01 -1.250000e+01
    endloop
  endfacet
  facet normal 0.000000e+00 1.000000e+00 0.000000e+00
    outer loop
      vertex   3.800000e+00 1.200000e+01 -1.250000e+01
      vertex   0.000000e+00 1.200000e+01 -1.700000e+00
      vertex   2.659386e-01 1.200000e+01 -1.679070e+00
    endloop
  endfacet
  facet normal 0.000000e+00 1.000000e+00 0.000000e+00
    outer loop
      vertex   3.800000e+00 1.200000e+01 -1.250000e+01
      vertex   2.659386e-01 1.200000e+01 -1.679070e+00
      vertex   5.253289e-01 1.200000e+01 -1.616796e+00
    endloop
  endfacet
  facet normal 0.000000e+00 1.000000e+00 0.000000e+00
    outer loop
      vertex   -3.800000e+00 1.200000e+01 3.000000e+00
      vertex   -1.616796e+00 1.200000e+01 -5.253289e-01
      vertex   -3.800000e+00 1.200000e+01 -1.250000e+01
    endloop
  endfacet
  facet normal 0.000000e+00 1.000000e+00 0.000000e+00
    outer loop
      vertex   -3.800000e+00 1.200000e+01 -1.250000e+01
      vertex   -1.616796e+00 1.200000e+01 -5.253289e-01
      vertex   -1.514711e+00 1.200000e+01 -7.717838e-01
    endloop
  endfacet
  facet normal 0.000000e+00 1.000000e+00 0.000000e+00
    outer loop
      vertex   -3.800000e+00 1.200000e+01 -1.250000e+01
      vertex   -1.514711e+00 1.200000e+01 -7.717838e-01
      vertex   -1.375329e+00 1.200000e+01 -9.992349e-01
    endloop
  endfacet
  facet normal 0.000000e+00 1.000000e+00 0.000000e+00
    outer loop
      vertex   -5.253289e-01 1.200000e+01 1.616796e+00
      vertex   -7.717838e-01 1.200000e+01 1.514711e+00
      vertex   -3.800000e+00 1.200000e+01 3.000000e+00
    endloop
  endfacet
  facet normal 0.000000e+00 1.000000e+00 0.000000e+00
    outer loop
      vertex   -3.800000e+00 1.200000e+01 3.000000e+00
      vertex   -7.717838e-01 1.200000e+01 1.514711e+00
      vertex   -9.992349e-01 1.200000e+01 1.375329e+00
    endloop
  endfacet
  facet normal 0.000000e+00 1.000000e+00 0.000000e+00
    outer loop
      vertex   -3.800000e+00 1.200000e+01 3.000000e+00
      vertex   -9.992349e-01 1.200000e+01 1.375329e+00
      vertex   -1.202082e+00 1.200000e+01 1.202082e+00
    endloop
  endfacet
  facet normal 0.000000e+00 1.000000e+00 0.000000e+00
    outer loop
      vertex   -1.202082e+00 1.200000e+01 1.202082e+00
      vertex   -1.375329e+00 1.200000e+01 9.992349e-01
      vertex   -3.800000e+00 1.200000e+01 3.000000e+00
    endloop
  endfacet
  facet normal 0.000000e+00 1.000000e+00 0.000000e+00
    outer loop
      vertex   -3.800000e+00 1.200000e+01 3.000000e+00
      vertex   -1.375329e+00 1.200000e+01 9.992349e-01
      vertex   -1.514711e+00 1.200000e+01 7.717838e-01
    endloop
  endfacet
  facet normal 0.000000e+00 1.000000e+00 0.000000e+00
    outer loop
      vertex   -3.800000e+00 1.200000e+01 3.000000e+00
      vertex   -1.514711e+00 1.200000e+01 7.717838e-01
      vertex   -1.616796e+00 1.200000e+01 5.253289e-01
    endloop
  endfacet
  facet normal 0.000000e+00 1.000000e+00 0.000000e+00
    outer loop
      vertex   -1.616796e+00 1.200000e+01 5.253289e-01
      vertex   -1.679070e+00 1.200000e+01 2.659386e-01
      vertex   -3.800000e+00 1.200000e+01 3.000000e+00
    endloop
  endfacet
  facet normal 0.000000e+00 1.000000e+00 0.000000e+00
    outer loop
      vertex   -3.800000e+00 1.200000e+01 3.000000e+00
      vertex   -1.679070e+00 1.200000e+01 2.659386e-01
      vertex   -1.700000e+00 1.200000e+01 -1.040950e-16
    endloop
  endfacet
  facet normal 0.000000e+00 1.000000e+00 0.000000e+00
    outer loop
      vertex   -3.800000e+00 1.200000e+01 3.000000e+00
      vertex   -1.700000e+00 1.200000e+01 -1.040950e-16
      vertex   -1.679070e+00 1.200000e+01 -2.659386e-01
    endloop
  endfacet
  facet normal 0.000000e+00 1.000000e+00 0.000000e+00
    outer loop
      vertex   -1.679070e+00 1.200000e+01 -2.659386e-01
      vertex   -1.616796e+00 1.200000e+01 -5.253289e-01
      vertex   -3.800000e+00 1.200000e+01 3.000000e+00
    endloop
  endfacet
  facet normal 0.000000e+00 1.000000e+00 0.000000e+00
    outer loop
      vertex   -1.375329e+00 1.200000e+01 -9.992349e-01
      vertex   -1.202082e+00 1.200000e+01 -1.202082e+00
      vertex   -3.800000e+00 1.200000e+01 -1.250000e+01
    endloop
  endfacet
  facet normal 0.000000e+00 1.000000e+00 0.000000e+00
    outer loop
      vertex   -3.800000e+00 1.200000e+01 -1.250000e+01
      vertex   -1.202082e+00 1.200000e+01 -1.202082e+00
      vertex   -9.992349e-01 1.200000e+01 -1.375329e+00
    endloop
  endfacet
  facet normal 0.000000e+00 1.000000e+00 0.000000e+00
    outer loop
      vertex   -3.800000e+00 1.200000e+01 -1.250000e+01
      vertex   -9.992349e-01 1.200000e+01 -1.375329e+00
      vertex   -7.717838e-01 1.200000e+01 -1.514711e+00
    endloop
  endfacet
  facet normal 0.000000e+00 1.000000e+00 0.000000e+00
    outer loop
      vertex   -7.717838e-01 1.200000e+01 -1.514711e+00
      vertex   -5.253289e-01 1.200000e+01 -1.616796e+00
      vertex   -3.800000e+00 1.200000e+01 -1.250000e+01
    endloop
  endfacet
  facet normal 0.000000e+00 1.000000e+00 0.000000e+00
    outer loop
      vertex   -3.800000e+00 1.200000e+01 -1.250000e+01
      vertex   -5.253289e-01 1.200000e+01 -1.616796e+00
      vertex   -2.659386e-01 1.200000e+01 -1.679070e+00
    endloop
  endfacet
  facet normal 0.000000e+00 1.000000e+00 0.000000e+00
    outer loop
      vertex   -3.800000e+00 1.200000e+01 -1.250000e+01
      vertex   -2.659386e-01 1.200000e+01 -1.679070e+00
      vertex   0.000000e+00 1.200000e+01 -1.700000e+00
    endloop
  endfacet
  facet normal -0.000000e+00 1.000000e+00 0.000000e+00
    outer loop
      vertex   5.253289e-01 1.200000e+01 -1.616796e+00
      vertex   7.717838e-01 1.200000e+01 -1.514711e+00
      vertex   3.800000e+00 1.200000e+01 -1.250000e+01
    endloop
  endfacet
  facet normal 0.000000e+00 1.000000e+00 0.000000e+00
    outer loop
      vertex   3.800000e+00 1.200000e+01 -1.250000e+01
      vertex   7.717838e-01 1.200000e+01 -1.514711e+00
      vertex   9.992349e-01 1.200000e+01 -1.375329e+00
    endloop
  endfacet
  facet normal 0.000000e+00 1.000000e+00 0.000000e+00
    outer loop
      vertex   3.800000e+00 1.200000e+01 -1.250000e+01
      vertex   9.992349e-01 1.200000e+01 -1.375329e+00
      vertex   1.202082e+00 1.200000e+01 -1.202082e+00
    endloop
  endfacet
  facet normal -0.000000e+00 1.000000e+00 0.000000e+00
    outer loop
      vertex   1.202082e+00 1.200000e+01 -1.202082e+00
      vertex   1.375329e+00 1.200000e+01 -9.992349e-01
      vertex   3.800000e+00 1.200000e+01 -1.250000e+01
    endloop
  endfacet
  facet normal 0.000000e+00 1.000000e+00 0.000000e+00
    outer loop
      vertex   3.800000e+00 1.200000e+01 -1.250000e+01
      vertex   1.375329e+00 1.200000e+01 -9.992349e-01
      vertex   1.514711e+00 1.200000e+01 -7.717838e-01
    endloop
  endfacet
  facet normal 0.000000e+00 1.000000e+00 0.000000e+00
    outer loop
      vertex   3.800000e+00 1.200000e+01 -1.250000e+01
      vertex   1.514711e+00 1.200000e+01 -7.717838e-01
      vertex   1.616796e+00 1.200000e+01 -5.253289e-01
    endloop
  endfacet
  facet normal 0.000000e+00 1.000000e+00 -0.000000e+00
    outer loop
      vertex   1.700000e+00 1.200000e+01 -1.040950e-16
      vertex   1.679070e+00 1.200000e+01 2.659386e-01
      vertex   3.800000e+00 1.200000e+01 3.000000e+00
    endloop
  endfacet
  facet normal 0.000000e+00 1.000000e+00 0.000000e+00
    outer loop
      vertex   3.800000e+00 1.200000e+01 3.000000e+00
      vertex   1.679070e+00 1.200000e+01 2.659386e-01
      vertex   1.616796e+00 1.200000e+01 5.253289e-01
    endloop
  endfacet
  facet normal 0.000000e+00 1.000000e+00 0.000000e+00
    outer loop
      vertex   3.800000e+00 1.200000e+01 3.000000e+00
      vertex   1.616796e+00 1.200000e+01 5.253289e-01
      vertex   1.514711e+00 1.200000e+01 7.717838e-01
    endloop
  endfacet
  facet normal 0.000000e+00 1.000000e+00 -0.000000e+00
    outer loop
      vertex   1.514711e+00 1.200000e+01 7.717838e-01
      vertex   1.375329e+00 1.200000e+01 9.992349e-01
      vertex   3.800000e+00 1.200000e+01 3.000000e+00
    endloop
  endfacet
  facet normal 0.000000e+00 1.000000e+00 0.000000e+00
    outer loop
      vertex   3.800000e+00 1.200000e+01 3.000000e+00
      vertex   1.375329e+00 1.200000e+01 9.992349e-01
      vertex   1.202082e+00 1.200000e+01 1.202082e+00
    endloop
  endfacet
  facet normal 0.000000e+00 1.000000e+00 0.000000e+00
    outer loop
      vertex   3.800000e+00 1.200000e+01 3.000000e+00
      vertex   1.202082e+00 1.200000e+01 1.202082e+00
      vertex   9.992349e-01 1.200000e+01 1.375329e+00
    endloop
  endfacet
  facet normal 0.000000e+00 1.000000e+00 -0.000000e+00
    outer loop
      vertex   9.992349e-01 1.200000e+01 1.375329e+00
      vertex   7.717838e-01 1.200000e+01 1.514711e+00
      vertex   3.800000e+00 1.200000e+01 3.000000e+00
    endloop
  endfacet
  facet normal 0.000000e+00 1.000000e+00 0.000000e+00
    outer loop
      vertex   3.800000e+00 1.200000e+01 3.000000e+00
      vertex   7.717838e-01 1.200000e+01 1.514711e+00
      vertex   5.253289e-01 1.200000e+01 1.616796e+00
    endloop
  endfacet
  facet normal 0.000000e+00 1.000000e+00 0.000000e+00
    outer loop
      vertex   3.800000e+00 1.200000e+01 3.000000e+00
      vertex   5.253289e-01 1.200000e+01 1.616796e+00
      vertex   2.659386e-01 1.200000e+01 1.679070e+00
    endloop
  endfacet
  facet normal 0.000000e+00 1.000000e+00 -0.000000e+00
    outer loop
      vertex   2.659386e-01 1.200000e+01 1.679070e+00
      vertex   -2.081900e-16 1.200000e+01 1.700000e+00
      vertex   3.800000e+00 1.200000e+01 3.000000e+00
    endloop
  endfacet
endsolid
