solid ASCII
  facet normal -7.798845e-01 6.259235e-01 0.000000e+00
    outer loop
      vertex   -2.449760e+02 3.527025e+02 2.708824e+01
      vertex   -2.449760e+02 3.527025e+02 4.000000e+01
      vertex   -2.439997e+02 3.539190e+02 2.806453e+01
    endloop
  endfacet
  facet normal -7.798845e-01 6.259235e-01 0.000000e+00
    outer loop
      vertex   -2.439997e+02 3.539190e+02 2.806453e+01
      vertex   -2.449760e+02 3.527025e+02 4.000000e+01
      vertex   -2.439997e+02 3.539190e+02 4.000000e+01
    endloop
  endfacet
  facet normal -2.164396e-01 9.762960e-01 0.000000e+00
    outer loop
      vertex   -2.449760e+02 3.527025e+02 4.000000e+01
      vertex   -2.449760e+02 3.527025e+02 2.708824e+01
      vertex   -2.508450e+02 3.514014e+02 4.000000e+01
    endloop
  endfacet
  facet normal -2.164396e-01 9.762960e-01 -5.017693e-15
    outer loop
      vertex   -2.508450e+02 3.514014e+02 4.000000e+01
      vertex   -2.449760e+02 3.527025e+02 2.708824e+01
      vertex   -2.540234e+02 3.506968e+02 4.400000e+01
    endloop
  endfacet
  facet normal -2.164396e-01 9.762960e-01 0.000000e+00
    outer loop
      vertex   -2.508450e+02 3.514014e+02 4.000000e+01
      vertex   -2.540234e+02 3.506968e+02 4.400000e+01
      vertex   -2.508450e+02 3.514014e+02 4.400000e+01
    endloop
  endfacet
  facet normal -2.164396e-01 9.762960e-01 1.677827e-15
    outer loop
      vertex   -1.523798e+02 3.732306e+02 2.708824e+01
      vertex   -2.071240e+02 3.610941e+02 8.184357e+00
      vertex   -2.449760e+02 3.527025e+02 2.708824e+01
    endloop
  endfacet
  facet normal -2.164396e-01 9.762960e-01 2.489871e-14
    outer loop
      vertex   -2.449760e+02 3.527025e+02 2.708824e+01
      vertex   -2.071240e+02 3.610941e+02 8.184357e+00
      vertex   -2.086477e+02 3.607563e+02 8.338075e+00
    endloop
  endfacet
  facet normal -2.164396e-01 9.762960e-01 -4.422344e-15
    outer loop
      vertex   -2.449760e+02 3.527025e+02 2.708824e+01
      vertex   -2.086477e+02 3.607563e+02 8.338075e+00
      vertex   -2.203632e+02 3.581591e+02 8.338075e+00
    endloop
  endfacet
  facet normal -2.164396e-01 9.762960e-01 1.363992e-15
    outer loop
      vertex   -1.523798e+02 3.732306e+02 -9.088238e+00
      vertex   -1.886578e+02 3.651880e+02 1.752289e+00
      vertex   -1.523798e+02 3.732306e+02 2.708824e+01
    endloop
  endfacet
  facet normal -2.164396e-01 9.762960e-01 -3.836466e-14
    outer loop
      vertex   -1.523798e+02 3.732306e+02 2.708824e+01
      vertex   -1.886578e+02 3.651880e+02 1.752289e+00
      vertex   -1.890622e+02 3.650983e+02 2.070126e+00
    endloop
  endfacet
  facet normal -2.164396e-01 9.762960e-01 5.370751e-14
    outer loop
      vertex   -1.523798e+02 3.732306e+02 2.708824e+01
      vertex   -1.890622e+02 3.650983e+02 2.070126e+00
      vertex   -1.895331e+02 3.649939e+02 2.269927e+00
    endloop
  endfacet
  facet normal -2.164396e-01 9.762960e-01 1.618823e-14
    outer loop
      vertex   -2.540135e+02 3.506990e+02 -9.088238e+00
      vertex   -2.086477e+02 3.607563e+02 -7.661925e+00
      vertex   -1.523798e+02 3.732306e+02 -9.088238e+00
    endloop
  endfacet
  facet normal -2.164396e-01 9.762960e-01 7.506238e-14
    outer loop
      vertex   -1.523798e+02 3.732306e+02 -9.088238e+00
      vertex   -2.086477e+02 3.607563e+02 -7.661925e+00
      vertex   -2.071240e+02 3.610941e+02 -7.508207e+00
    endloop
  endfacet
  facet normal -2.164396e-01 9.762960e-01 5.537747e-14
    outer loop
      vertex   -1.523798e+02 3.732306e+02 -9.088238e+00
      vertex   -2.071240e+02 3.610941e+02 -7.508207e+00
      vertex   -2.056588e+02 3.614190e+02 -7.052961e+00
    endloop
  endfacet
  facet normal -2.164396e-01 9.762960e-01 0.000000e+00
    outer loop
      vertex   -2.540234e+02 3.506968e+02 -9.103582e+00
      vertex   -2.540234e+02 3.506968e+02 4.400000e+01
      vertex   -2.540135e+02 3.506990e+02 -9.088238e+00
    endloop
  endfacet
  facet normal -2.164396e-01 9.762960e-01 4.674488e-16
    outer loop
      vertex   -2.540135e+02 3.506990e+02 -9.088238e+00
      vertex   -2.540234e+02 3.506968e+02 4.400000e+01
      vertex   -2.449760e+02 3.527025e+02 2.708824e+01
    endloop
  endfacet
  facet normal -2.164396e-01 9.762960e-01 1.795572e-15
    outer loop
      vertex   -2.540135e+02 3.506990e+02 -9.088238e+00
      vertex   -2.449760e+02 3.527025e+02 2.708824e+01
      vertex   -2.401537e+02 3.537716e+02 1.338075e+00
    endloop
  endfacet
  facet normal -2.164396e-01 9.762960e-01 4.962326e-15
    outer loop
      vertex   -2.401537e+02 3.537716e+02 1.338075e+00
      vertex   -2.449760e+02 3.527025e+02 2.708824e+01
      vertex   -2.398434e+02 3.538404e+02 1.752289e+00
    endloop
  endfacet
  facet normal -2.164396e-01 9.762960e-01 1.336290e-14
    outer loop
      vertex   -2.398434e+02 3.538404e+02 1.752289e+00
      vertex   -2.449760e+02 3.527025e+02 2.708824e+01
      vertex   -2.394390e+02 3.539301e+02 2.070126e+00
    endloop
  endfacet
  facet normal -2.164396e-01 9.762960e-01 -1.431435e-14
    outer loop
      vertex   -2.394390e+02 3.539301e+02 2.070126e+00
      vertex   -2.449760e+02 3.527025e+02 2.708824e+01
      vertex   -2.389681e+02 3.540345e+02 2.269927e+00
    endloop
  endfacet
  facet normal -2.164396e-01 9.762960e-01 9.625752e-15
    outer loop
      vertex   -2.389681e+02 3.540345e+02 2.269927e+00
      vertex   -2.449760e+02 3.527025e+02 2.708824e+01
      vertex   -2.384627e+02 3.541465e+02 2.338075e+00
    endloop
  endfacet
  facet normal -2.164396e-01 9.762960e-01 9.267420e-16
    outer loop
      vertex   -2.384627e+02 3.541465e+02 2.338075e+00
      vertex   -2.449760e+02 3.527025e+02 2.708824e+01
      vertex   -2.247025e+02 3.571971e+02 6.989832e+00
    endloop
  endfacet
  facet normal -2.164396e-01 9.762960e-01 6.236624e-14
    outer loop
      vertex   -2.384627e+02 3.541465e+02 2.338075e+00
      vertex   -2.247025e+02 3.571971e+02 6.989832e+00
      vertex   -2.258860e+02 3.569347e+02 5.994929e+00
    endloop
  endfacet
  facet normal -2.164396e-01 9.762960e-01 -3.159837e-14
    outer loop
      vertex   -2.203632e+02 3.581591e+02 8.338075e+00
      vertex   -2.218870e+02 3.578213e+02 8.184357e+00
      vertex   -2.449760e+02 3.527025e+02 2.708824e+01
    endloop
  endfacet
  facet normal -2.164396e-01 9.762960e-01 1.457499e-14
    outer loop
      vertex   -2.449760e+02 3.527025e+02 2.708824e+01
      vertex   -2.218870e+02 3.578213e+02 8.184357e+00
      vertex   -2.233521e+02 3.574964e+02 7.729111e+00
    endloop
  endfacet
  facet normal -2.164396e-01 9.762960e-01 2.285410e-15
    outer loop
      vertex   -2.449760e+02 3.527025e+02 2.708824e+01
      vertex   -2.233521e+02 3.574964e+02 7.729111e+00
      vertex   -2.247025e+02 3.571971e+02 6.989832e+00
    endloop
  endfacet
  facet normal -2.164396e-01 9.762960e-01 1.996579e-13
    outer loop
      vertex   -2.384627e+02 3.541465e+02 2.338075e+00
      vertex   -2.258860e+02 3.569347e+02 5.994929e+00
      vertex   -2.379574e+02 3.542585e+02 2.269927e+00
    endloop
  endfacet
  facet normal -2.164396e-01 9.762960e-01 -5.985429e-14
    outer loop
      vertex   -2.379574e+02 3.542585e+02 2.269927e+00
      vertex   -2.258860e+02 3.569347e+02 5.994929e+00
      vertex   -2.268573e+02 3.567194e+02 4.782637e+00
    endloop
  endfacet
  facet normal -2.164396e-01 9.762960e-01 2.967214e-14
    outer loop
      vertex   -2.379574e+02 3.542585e+02 2.269927e+00
      vertex   -2.268573e+02 3.567194e+02 4.782637e+00
      vertex   -2.275791e+02 3.565593e+02 3.399543e+00
    endloop
  endfacet
  facet normal -2.164396e-01 9.762960e-01 -2.234572e-14
    outer loop
      vertex   -2.280235e+02 3.564608e+02 1.898798e+00
      vertex   -2.370821e+02 3.544526e+02 1.752289e+00
      vertex   -2.275791e+02 3.565593e+02 3.399543e+00
    endloop
  endfacet
  facet normal -2.164396e-01 9.762960e-01 -2.185233e-13
    outer loop
      vertex   -2.275791e+02 3.565593e+02 3.399543e+00
      vertex   -2.370821e+02 3.544526e+02 1.752289e+00
      vertex   -2.374864e+02 3.543629e+02 2.070126e+00
    endloop
  endfacet
  facet normal -2.164396e-01 9.762960e-01 1.389284e-13
    outer loop
      vertex   -2.275791e+02 3.565593e+02 3.399543e+00
      vertex   -2.374864e+02 3.543629e+02 2.070126e+00
      vertex   -2.379574e+02 3.542585e+02 2.269927e+00
    endloop
  endfacet
  facet normal -2.164396e-01 9.762960e-01 2.951855e-14
    outer loop
      vertex   -2.281736e+02 3.564275e+02 3.380751e-01
      vertex   -2.365767e+02 3.545646e+02 8.557132e-01
      vertex   -2.280235e+02 3.564608e+02 1.898798e+00
    endloop
  endfacet
  facet normal -2.164396e-01 9.762960e-01 -1.743607e-14
    outer loop
      vertex   -2.280235e+02 3.564608e+02 1.898798e+00
      vertex   -2.365767e+02 3.545646e+02 8.557132e-01
      vertex   -2.367717e+02 3.545214e+02 1.338075e+00
    endloop
  endfacet
  facet normal -2.164396e-01 9.762960e-01 1.153502e-13
    outer loop
      vertex   -2.280235e+02 3.564608e+02 1.898798e+00
      vertex   -2.367717e+02 3.545214e+02 1.338075e+00
      vertex   -2.370821e+02 3.544526e+02 1.752289e+00
    endloop
  endfacet
  facet normal -2.164396e-01 9.762960e-01 -2.951985e-14
    outer loop
      vertex   -2.280235e+02 3.564608e+02 -1.222647e+00
      vertex   -2.365767e+02 3.545646e+02 -1.795630e-01
      vertex   -2.281736e+02 3.564275e+02 3.380751e-01
    endloop
  endfacet
  facet normal -2.164396e-01 9.762960e-01 -1.273070e-14
    outer loop
      vertex   -2.281736e+02 3.564275e+02 3.380751e-01
      vertex   -2.365767e+02 3.545646e+02 -1.795630e-01
      vertex   -2.365102e+02 3.545794e+02 3.380751e-01
    endloop
  endfacet
  facet normal -2.164396e-01 9.762960e-01 1.291782e-14
    outer loop
      vertex   -2.281736e+02 3.564275e+02 3.380751e-01
      vertex   -2.365102e+02 3.545794e+02 3.380751e-01
      vertex   -2.365767e+02 3.545646e+02 8.557132e-01
    endloop
  endfacet
  facet normal -2.164396e-01 9.762960e-01 2.235076e-14
    outer loop
      vertex   -2.275791e+02 3.565593e+02 -2.723392e+00
      vertex   -2.370821e+02 3.544526e+02 -1.076138e+00
      vertex   -2.280235e+02 3.564608e+02 -1.222647e+00
    endloop
  endfacet
  facet normal -2.164396e-01 9.762960e-01 -1.146788e-13
    outer loop
      vertex   -2.280235e+02 3.564608e+02 -1.222647e+00
      vertex   -2.370821e+02 3.544526e+02 -1.076138e+00
      vertex   -2.367717e+02 3.545214e+02 -6.619249e-01
    endloop
  endfacet
  facet normal -2.164396e-01 9.762960e-01 1.749932e-14
    outer loop
      vertex   -2.280235e+02 3.564608e+02 -1.222647e+00
      vertex   -2.367717e+02 3.545214e+02 -6.619249e-01
      vertex   -2.365767e+02 3.545646e+02 -1.795630e-01
    endloop
  endfacet
  facet normal -2.164396e-01 9.762960e-01 -2.968450e-14
    outer loop
      vertex   -2.268573e+02 3.567194e+02 -4.106487e+00
      vertex   -2.379574e+02 3.542585e+02 -1.593777e+00
      vertex   -2.275791e+02 3.565593e+02 -2.723392e+00
    endloop
  endfacet
  facet normal -2.164396e-01 9.762960e-01 -1.388281e-13
    outer loop
      vertex   -2.275791e+02 3.565593e+02 -2.723392e+00
      vertex   -2.379574e+02 3.542585e+02 -1.593777e+00
      vertex   -2.374864e+02 3.543629e+02 -1.393976e+00
    endloop
  endfacet
  facet normal -2.164396e-01 9.762960e-01 2.182912e-13
    outer loop
      vertex   -2.275791e+02 3.565593e+02 -2.723392e+00
      vertex   -2.374864e+02 3.543629e+02 -1.393976e+00
      vertex   -2.370821e+02 3.544526e+02 -1.076138e+00
    endloop
  endfacet
  facet normal -2.164396e-01 9.762960e-01 5.985878e-14
    outer loop
      vertex   -2.268573e+02 3.567194e+02 -4.106487e+00
      vertex   -2.258860e+02 3.569347e+02 -5.318779e+00
      vertex   -2.379574e+02 3.542585e+02 -1.593777e+00
    endloop
  endfacet
  facet normal -2.164396e-01 9.762960e-01 -1.996876e-13
    outer loop
      vertex   -2.379574e+02 3.542585e+02 -1.593777e+00
      vertex   -2.258860e+02 3.569347e+02 -5.318779e+00
      vertex   -2.384627e+02 3.541465e+02 -1.661925e+00
    endloop
  endfacet
  facet normal -2.164396e-01 9.762960e-01 7.619606e-15
    outer loop
      vertex   -2.384627e+02 3.541465e+02 -1.661925e+00
      vertex   -2.258860e+02 3.569347e+02 -5.318779e+00
      vertex   -2.540135e+02 3.506990e+02 -9.088238e+00
    endloop
  endfacet
  facet normal -2.164396e-01 9.762960e-01 -5.090844e-14
    outer loop
      vertex   -2.384627e+02 3.541465e+02 -1.661925e+00
      vertex   -2.540135e+02 3.506990e+02 -9.088238e+00
      vertex   -2.389681e+02 3.540345e+02 -1.593777e+00
    endloop
  endfacet
  facet normal -2.164396e-01 9.762960e-01 8.029875e-14
    outer loop
      vertex   -2.389681e+02 3.540345e+02 -1.593777e+00
      vertex   -2.540135e+02 3.506990e+02 -9.088238e+00
      vertex   -2.394390e+02 3.539301e+02 -1.393976e+00
    endloop
  endfacet
  facet normal -2.164396e-01 9.762960e-01 -4.960465e-14
    outer loop
      vertex   -2.394390e+02 3.539301e+02 -1.393976e+00
      vertex   -2.540135e+02 3.506990e+02 -9.088238e+00
      vertex   -2.398434e+02 3.538404e+02 -1.076138e+00
    endloop
  endfacet
  facet normal -2.164396e-01 9.762960e-01 -1.141731e-14
    outer loop
      vertex   -2.398434e+02 3.538404e+02 -1.076138e+00
      vertex   -2.540135e+02 3.506990e+02 -9.088238e+00
      vertex   -2.401537e+02 3.537716e+02 -6.619249e-01
    endloop
  endfacet
  facet normal -2.164396e-01 9.762960e-01 -5.367400e-15
    outer loop
      vertex   -2.401537e+02 3.537716e+02 -6.619249e-01
      vertex   -2.540135e+02 3.506990e+02 -9.088238e+00
      vertex   -2.403488e+02 3.537284e+02 -1.795630e-01
    endloop
  endfacet
  facet normal -2.164396e-01 9.762960e-01 9.847567e-16
    outer loop
      vertex   -2.403488e+02 3.537284e+02 -1.795630e-01
      vertex   -2.540135e+02 3.506990e+02 -9.088238e+00
      vertex   -2.404153e+02 3.537136e+02 3.380751e-01
    endloop
  endfacet
  facet normal -2.164396e-01 9.762960e-01 -1.175597e-15
    outer loop
      vertex   -2.404153e+02 3.537136e+02 3.380751e-01
      vertex   -2.540135e+02 3.506990e+02 -9.088238e+00
      vertex   -2.403488e+02 3.537284e+02 8.557132e-01
    endloop
  endfacet
  facet normal -2.164396e-01 9.762960e-01 9.610558e-15
    outer loop
      vertex   -2.403488e+02 3.537284e+02 8.557132e-01
      vertex   -2.540135e+02 3.506990e+02 -9.088238e+00
      vertex   -2.401537e+02 3.537716e+02 1.338075e+00
    endloop
  endfacet
  facet normal -2.164396e-01 9.762960e-01 -3.190582e-14
    outer loop
      vertex   -2.258860e+02 3.569347e+02 -5.318779e+00
      vertex   -2.247025e+02 3.571971e+02 -6.313682e+00
      vertex   -2.540135e+02 3.506990e+02 -9.088238e+00
    endloop
  endfacet
  facet normal -2.164396e-01 9.762960e-01 -1.115474e-15
    outer loop
      vertex   -2.540135e+02 3.506990e+02 -9.088238e+00
      vertex   -2.247025e+02 3.571971e+02 -6.313682e+00
      vertex   -2.233521e+02 3.574964e+02 -7.052961e+00
    endloop
  endfacet
  facet normal -2.164396e-01 9.762960e-01 -4.044208e-14
    outer loop
      vertex   -2.540135e+02 3.506990e+02 -9.088238e+00
      vertex   -2.233521e+02 3.574964e+02 -7.052961e+00
      vertex   -2.218870e+02 3.578213e+02 -7.508207e+00
    endloop
  endfacet
  facet normal -2.164396e-01 9.762960e-01 2.078503e-13
    outer loop
      vertex   -2.218870e+02 3.578213e+02 -7.508207e+00
      vertex   -2.203632e+02 3.581591e+02 -7.661925e+00
      vertex   -2.540135e+02 3.506990e+02 -9.088238e+00
    endloop
  endfacet
  facet normal -2.164396e-01 9.762960e-01 1.386116e-13
    outer loop
      vertex   -2.540135e+02 3.506990e+02 -9.088238e+00
      vertex   -2.203632e+02 3.581591e+02 -7.661925e+00
      vertex   -2.086477e+02 3.607563e+02 -7.661925e+00
    endloop
  endfacet
  facet normal -2.164396e-01 9.762960e-01 7.778975e-15
    outer loop
      vertex   -2.056588e+02 3.614190e+02 -7.052961e+00
      vertex   -2.043085e+02 3.617183e+02 -6.313682e+00
      vertex   -1.523798e+02 3.732306e+02 -9.088238e+00
    endloop
  endfacet
  facet normal -2.164396e-01 9.762960e-01 4.098767e-15
    outer loop
      vertex   -1.523798e+02 3.732306e+02 -9.088238e+00
      vertex   -2.043085e+02 3.617183e+02 -6.313682e+00
      vertex   -1.895331e+02 3.649939e+02 -1.593777e+00
    endloop
  endfacet
  facet normal -2.164396e-01 9.762960e-01 -8.807967e-14
    outer loop
      vertex   -1.523798e+02 3.732306e+02 -9.088238e+00
      vertex   -1.895331e+02 3.649939e+02 -1.593777e+00
      vertex   -1.890622e+02 3.650983e+02 -1.393976e+00
    endloop
  endfacet
  facet normal -2.164396e-01 9.762960e-01 -1.236618e-13
    outer loop
      vertex   -1.895331e+02 3.649939e+02 -1.593777e+00
      vertex   -2.043085e+02 3.617183e+02 -6.313682e+00
      vertex   -1.900385e+02 3.648819e+02 -1.661925e+00
    endloop
  endfacet
  facet normal -2.164396e-01 9.762960e-01 -3.667113e-14
    outer loop
      vertex   -1.900385e+02 3.648819e+02 -1.661925e+00
      vertex   -2.043085e+02 3.617183e+02 -6.313682e+00
      vertex   -2.031249e+02 3.619807e+02 -5.318779e+00
    endloop
  endfacet
  facet normal -2.164396e-01 9.762960e-01 1.827905e-13
    outer loop
      vertex   -1.900385e+02 3.648819e+02 -1.661925e+00
      vertex   -2.031249e+02 3.619807e+02 -5.318779e+00
      vertex   -1.905438e+02 3.647699e+02 -1.593777e+00
    endloop
  endfacet
  facet normal -2.164396e-01 9.762960e-01 4.863097e-15
    outer loop
      vertex   -1.905438e+02 3.647699e+02 -1.593777e+00
      vertex   -2.031249e+02 3.619807e+02 -5.318779e+00
      vertex   -2.021536e+02 3.621960e+02 -4.106487e+00
    endloop
  endfacet
  facet normal -2.164396e-01 9.762960e-01 -1.894125e-14
    outer loop
      vertex   -1.905438e+02 3.647699e+02 -1.593777e+00
      vertex   -2.021536e+02 3.621960e+02 -4.106487e+00
      vertex   -2.014319e+02 3.623561e+02 -2.723392e+00
    endloop
  endfacet
  facet normal -2.164396e-01 9.762960e-01 1.558766e-14
    outer loop
      vertex   -2.009874e+02 3.624546e+02 -1.222647e+00
      vertex   -1.914192e+02 3.645758e+02 -1.076138e+00
      vertex   -2.014319e+02 3.623561e+02 -2.723392e+00
    endloop
  endfacet
  facet normal -2.164396e-01 9.762960e-01 -2.174103e-13
    outer loop
      vertex   -2.014319e+02 3.623561e+02 -2.723392e+00
      vertex   -1.914192e+02 3.645758e+02 -1.076138e+00
      vertex   -1.910148e+02 3.646655e+02 -1.393976e+00
    endloop
  endfacet
  facet normal -2.164396e-01 9.762960e-01 1.453171e-13
    outer loop
      vertex   -2.014319e+02 3.623561e+02 -2.723392e+00
      vertex   -1.910148e+02 3.646655e+02 -1.393976e+00
      vertex   -1.905438e+02 3.647699e+02 -1.593777e+00
    endloop
  endfacet
  facet normal -2.164396e-01 9.762960e-01 3.371234e-14
    outer loop
      vertex   -2.008373e+02 3.624879e+02 3.380751e-01
      vertex   -1.919245e+02 3.644638e+02 -1.795630e-01
      vertex   -2.009874e+02 3.624546e+02 -1.222647e+00
    endloop
  endfacet
  facet normal -2.164396e-01 9.762960e-01 1.041094e-13
    outer loop
      vertex   -2.009874e+02 3.624546e+02 -1.222647e+00
      vertex   -1.919245e+02 3.644638e+02 -1.795630e-01
      vertex   -1.917295e+02 3.645070e+02 -6.619249e-01
    endloop
  endfacet
  facet normal -2.164396e-01 9.762960e-01 -1.978859e-14
    outer loop
      vertex   -2.009874e+02 3.624546e+02 -1.222647e+00
      vertex   -1.917295e+02 3.645070e+02 -6.619249e-01
      vertex   -1.914192e+02 3.645758e+02 -1.076138e+00
    endloop
  endfacet
  facet normal -2.164396e-01 9.762960e-01 -3.371344e-14
    outer loop
      vertex   -2.009874e+02 3.624546e+02 1.898798e+00
      vertex   -1.919245e+02 3.644638e+02 8.557132e-01
      vertex   -2.008373e+02 3.624879e+02 3.380751e-01
    endloop
  endfacet
  facet normal -2.164396e-01 9.762960e-01 -3.825500e-16
    outer loop
      vertex   -2.008373e+02 3.624879e+02 3.380751e-01
      vertex   -1.919245e+02 3.644638e+02 8.557132e-01
      vertex   -1.919911e+02 3.644490e+02 3.380751e-01
    endloop
  endfacet
  facet normal -2.164396e-01 9.762960e-01 8.253358e-16
    outer loop
      vertex   -2.008373e+02 3.624879e+02 3.380751e-01
      vertex   -1.919911e+02 3.644490e+02 3.380751e-01
      vertex   -1.919245e+02 3.644638e+02 -1.795630e-01
    endloop
  endfacet
  facet normal -2.164396e-01 9.762960e-01 -1.558715e-14
    outer loop
      vertex   -2.014319e+02 3.623561e+02 3.399543e+00
      vertex   -1.914192e+02 3.645758e+02 1.752289e+00
      vertex   -2.009874e+02 3.624546e+02 1.898798e+00
    endloop
  endfacet
  facet normal -2.164396e-01 9.762960e-01 1.949612e-14
    outer loop
      vertex   -2.009874e+02 3.624546e+02 1.898798e+00
      vertex   -1.914192e+02 3.645758e+02 1.752289e+00
      vertex   -1.917295e+02 3.645070e+02 1.338075e+00
    endloop
  endfacet
  facet normal -2.164396e-01 9.762960e-01 -1.036115e-13
    outer loop
      vertex   -2.009874e+02 3.624546e+02 1.898798e+00
      vertex   -1.917295e+02 3.645070e+02 1.338075e+00
      vertex   -1.919245e+02 3.644638e+02 8.557132e-01
    endloop
  endfacet
  facet normal -2.164396e-01 9.762960e-01 1.902001e-14
    outer loop
      vertex   -2.021536e+02 3.621960e+02 4.782637e+00
      vertex   -1.905438e+02 3.647699e+02 2.269927e+00
      vertex   -2.014319e+02 3.623561e+02 3.399543e+00
    endloop
  endfacet
  facet normal -2.164396e-01 9.762960e-01 -1.452501e-13
    outer loop
      vertex   -2.014319e+02 3.623561e+02 3.399543e+00
      vertex   -1.905438e+02 3.647699e+02 2.269927e+00
      vertex   -1.910148e+02 3.646655e+02 2.070126e+00
    endloop
  endfacet
  facet normal -2.164396e-01 9.762960e-01 2.169789e-13
    outer loop
      vertex   -2.014319e+02 3.623561e+02 3.399543e+00
      vertex   -1.910148e+02 3.646655e+02 2.070126e+00
      vertex   -1.914192e+02 3.645758e+02 1.752289e+00
    endloop
  endfacet
  facet normal -2.164396e-01 9.762960e-01 -5.046175e-15
    outer loop
      vertex   -2.021536e+02 3.621960e+02 4.782637e+00
      vertex   -2.031249e+02 3.619807e+02 5.994929e+00
      vertex   -1.905438e+02 3.647699e+02 2.269927e+00
    endloop
  endfacet
  facet normal -2.164396e-01 9.762960e-01 -1.827929e-13
    outer loop
      vertex   -1.905438e+02 3.647699e+02 2.269927e+00
      vertex   -2.031249e+02 3.619807e+02 5.994929e+00
      vertex   -1.900385e+02 3.648819e+02 2.338075e+00
    endloop
  endfacet
  facet normal -2.164396e-01 9.762960e-01 3.692163e-14
    outer loop
      vertex   -1.900385e+02 3.648819e+02 2.338075e+00
      vertex   -2.031249e+02 3.619807e+02 5.994929e+00
      vertex   -2.043085e+02 3.617183e+02 6.989832e+00
    endloop
  endfacet
  facet normal -2.164396e-01 9.762960e-01 1.237018e-13
    outer loop
      vertex   -1.900385e+02 3.648819e+02 2.338075e+00
      vertex   -2.043085e+02 3.617183e+02 6.989832e+00
      vertex   -1.895331e+02 3.649939e+02 2.269927e+00
    endloop
  endfacet
  facet normal -2.164396e-01 9.762960e-01 -8.299762e-16
    outer loop
      vertex   -1.895331e+02 3.649939e+02 2.269927e+00
      vertex   -2.043085e+02 3.617183e+02 6.989832e+00
      vertex   -1.523798e+02 3.732306e+02 2.708824e+01
    endloop
  endfacet
  facet normal -2.164396e-01 9.762960e-01 -3.974025e-15
    outer loop
      vertex   -2.043085e+02 3.617183e+02 6.989832e+00
      vertex   -2.056588e+02 3.614190e+02 7.729111e+00
      vertex   -1.523798e+02 3.732306e+02 2.708824e+01
    endloop
  endfacet
  facet normal -2.164396e-01 9.762960e-01 -2.637552e-14
    outer loop
      vertex   -1.523798e+02 3.732306e+02 2.708824e+01
      vertex   -2.056588e+02 3.614190e+02 7.729111e+00
      vertex   -2.071240e+02 3.610941e+02 8.184357e+00
    endloop
  endfacet
  facet normal -2.164396e-01 9.762960e-01 5.683809e-14
    outer loop
      vertex   -1.890622e+02 3.650983e+02 -1.393976e+00
      vertex   -1.886578e+02 3.651880e+02 -1.076138e+00
      vertex   -1.523798e+02 3.732306e+02 -9.088238e+00
    endloop
  endfacet
  facet normal -2.164396e-01 9.762960e-01 1.619238e-14
    outer loop
      vertex   -1.523798e+02 3.732306e+02 -9.088238e+00
      vertex   -1.886578e+02 3.651880e+02 -1.076138e+00
      vertex   -1.883475e+02 3.652568e+02 -6.619249e-01
    endloop
  endfacet
  facet normal -2.164396e-01 9.762960e-01 2.064556e-14
    outer loop
      vertex   -1.523798e+02 3.732306e+02 -9.088238e+00
      vertex   -1.883475e+02 3.652568e+02 -6.619249e-01
      vertex   -1.881524e+02 3.653000e+02 -1.795630e-01
    endloop
  endfacet
  facet normal -2.164396e-01 9.762960e-01 -1.190426e-14
    outer loop
      vertex   -1.881524e+02 3.653000e+02 -1.795630e-01
      vertex   -1.880859e+02 3.653148e+02 3.380751e-01
      vertex   -1.523798e+02 3.732306e+02 -9.088238e+00
    endloop
  endfacet
  facet normal -2.164396e-01 9.762960e-01 1.167555e-14
    outer loop
      vertex   -1.523798e+02 3.732306e+02 -9.088238e+00
      vertex   -1.880859e+02 3.653148e+02 3.380751e-01
      vertex   -1.881524e+02 3.653000e+02 8.557132e-01
    endloop
  endfacet
  facet normal -2.164396e-01 9.762960e-01 -2.412445e-14
    outer loop
      vertex   -1.523798e+02 3.732306e+02 -9.088238e+00
      vertex   -1.881524e+02 3.653000e+02 8.557132e-01
      vertex   -1.883475e+02 3.652568e+02 1.338075e+00
    endloop
  endfacet
  facet normal -2.164396e-01 9.762960e-01 -2.613220e-14
    outer loop
      vertex   -1.883475e+02 3.652568e+02 1.338075e+00
      vertex   -1.886578e+02 3.651880e+02 1.752289e+00
      vertex   -1.523798e+02 3.732306e+02 -9.088238e+00
    endloop
  endfacet
  facet normal -7.798845e-01 6.259235e-01 0.000000e+00
    outer loop
      vertex   -2.439997e+02 3.596011e+02 3.361194e+01
      vertex   -2.439997e+02 3.596011e+02 4.000000e+01
      vertex   -2.430234e+02 3.608175e+02 3.458824e+01
    endloop
  endfacet
  facet normal -7.798845e-01 6.259235e-01 6.574500e-15
    outer loop
      vertex   -2.430234e+02 3.608175e+02 3.458824e+01
      vertex   -2.439997e+02 3.596011e+02 4.000000e+01
      vertex   -2.430234e+02 3.608175e+02 4.000000e+01
    endloop
  endfacet
  facet normal -1.530459e-01 6.903455e-01 -7.071068e-01
    outer loop
      vertex   -2.430234e+02 3.608175e+02 3.458824e+01
      vertex   -1.513381e+02 3.811437e+02 3.458824e+01
      vertex   -2.439997e+02 3.596011e+02 3.361194e+01
    endloop
  endfacet
  facet normal -1.530459e-01 6.903455e-01 -7.071068e-01
    outer loop
      vertex   -2.439997e+02 3.596011e+02 3.361194e+01
      vertex   -1.513381e+02 3.811437e+02 3.458824e+01
      vertex   -1.523798e+02 3.732306e+02 2.708824e+01
    endloop
  endfacet
  facet normal -1.530459e-01 6.903455e-01 -7.071068e-01
    outer loop
      vertex   -2.439997e+02 3.596011e+02 3.361194e+01
      vertex   -1.523798e+02 3.732306e+02 2.708824e+01
      vertex   -2.439997e+02 3.539190e+02 2.806453e+01
    endloop
  endfacet
  facet normal -1.530459e-01 6.903455e-01 -7.071068e-01
    outer loop
      vertex   -2.439997e+02 3.539190e+02 2.806453e+01
      vertex   -1.523798e+02 3.732306e+02 2.708824e+01
      vertex   -2.449760e+02 3.527025e+02 2.708824e+01
    endloop
  endfacet
  facet normal -2.164396e-01 9.762960e-01 1.025470e-14
    outer loop
      vertex   -2.430234e+02 3.608175e+02 3.458824e+01
      vertex   -2.430234e+02 3.608175e+02 4.000000e+01
      vertex   -1.513381e+02 3.811437e+02 3.458824e+01
    endloop
  endfacet
  facet normal -2.164396e-01 9.762960e-01 1.952532e-15
    outer loop
      vertex   -1.513381e+02 3.811437e+02 3.458824e+01
      vertex   -2.430234e+02 3.608175e+02 4.000000e+01
      vertex   -9.074506e+01 3.945768e+02 4.000000e+01
    endloop
  endfacet
  facet normal -2.164396e-01 9.762960e-01 -8.615323e-16
    outer loop
      vertex   -1.513381e+02 3.811437e+02 3.458824e+01
      vertex   -9.074506e+01 3.945768e+02 4.000000e+01
      vertex   -8.499976e+01 3.958505e+02 -2.000000e+01
    endloop
  endfacet
  facet normal -2.164396e-01 9.762960e-01 -8.537847e-16
    outer loop
      vertex   -8.499976e+01 3.958505e+02 -2.000000e+01
      vertex   -9.074506e+01 3.945768e+02 4.000000e+01
      vertex   -8.499976e+01 3.958505e+02 4.500000e+01
    endloop
  endfacet
  facet normal -2.164396e-01 9.762960e-01 -1.648775e-18
    outer loop
      vertex   -8.499976e+01 3.958505e+02 4.500000e+01
      vertex   -9.074506e+01 3.945768e+02 4.000000e+01
      vertex   -9.074506e+01 3.945768e+02 4.500000e+01
    endloop
  endfacet
  facet normal -2.164396e-01 9.762960e-01 -9.066425e-16
    outer loop
      vertex   -8.499976e+01 3.958505e+02 -2.000000e+01
      vertex   -1.513381e+02 3.811437e+02 -2.000000e+01
      vertex   -1.513381e+02 3.811437e+02 3.458824e+01
    endloop
  endfacet
  facet normal -7.798845e-01 6.259235e-01 0.000000e+00
    outer loop
      vertex   -2.540234e+02 3.568789e+02 -1.629648e+01
      vertex   -2.540234e+02 3.568789e+02 -2.000000e+01
      vertex   -2.549997e+02 3.556624e+02 -1.665182e+01
    endloop
  endfacet
  facet normal -7.798845e-01 6.259235e-01 0.000000e+00
    outer loop
      vertex   -2.549997e+02 3.556624e+02 -1.665182e+01
      vertex   -2.540234e+02 3.568789e+02 -2.000000e+01
      vertex   -2.549997e+02 3.556624e+02 -2.000000e+01
    endloop
  endfacet
  facet normal -7.634797e-01 4.897879e-01 4.209592e-01
    outer loop
      vertex   -2.549997e+02 3.494803e+02 -9.458925e+00
      vertex   -2.540234e+02 3.506968e+02 -9.103582e+00
      vertex   -2.549997e+02 3.556624e+02 -1.665182e+01
    endloop
  endfacet
  facet normal -7.634797e-01 4.897879e-01 4.209592e-01
    outer loop
      vertex   -2.549997e+02 3.556624e+02 -1.665182e+01
      vertex   -2.540234e+02 3.506968e+02 -9.103582e+00
      vertex   -2.540135e+02 3.568811e+02 -1.628113e+01
    endloop
  endfacet
  facet normal -7.634797e-01 4.897879e-01 4.209592e-01
    outer loop
      vertex   -2.549997e+02 3.556624e+02 -1.665182e+01
      vertex   -2.540135e+02 3.568811e+02 -1.628113e+01
      vertex   -2.540234e+02 3.568789e+02 -1.629648e+01
    endloop
  endfacet
  facet normal -7.634797e-01 4.897879e-01 4.209592e-01
    outer loop
      vertex   -2.540234e+02 3.506968e+02 -9.103582e+00
      vertex   -2.540135e+02 3.506990e+02 -9.088238e+00
      vertex   -2.540135e+02 3.568811e+02 -1.628113e+01
    endloop
  endfacet
  facet normal -7.798845e-01 6.259235e-01 0.000000e+00
    outer loop
      vertex   -2.549997e+02 3.494803e+02 4.400000e+01
      vertex   -2.545116e+02 3.500886e+02 4.448815e+01
      vertex   -2.549997e+02 3.494803e+02 -9.458925e+00
    endloop
  endfacet
  facet normal -7.798845e-01 6.259235e-01 2.058655e-16
    outer loop
      vertex   -2.549997e+02 3.494803e+02 -9.458925e+00
      vertex   -2.545116e+02 3.500886e+02 4.448815e+01
      vertex   -2.540234e+02 3.506968e+02 -9.103582e+00
    endloop
  endfacet
  facet normal -7.798845e-01 6.259235e-01 0.000000e+00
    outer loop
      vertex   -2.540234e+02 3.506968e+02 -9.103582e+00
      vertex   -2.545116e+02 3.500886e+02 4.448815e+01
      vertex   -2.540234e+02 3.506968e+02 4.400000e+01
    endloop
  endfacet
  facet normal -2.164396e-01 9.762960e-01 0.000000e+00
    outer loop
      vertex   -2.540234e+02 3.568789e+02 -1.629648e+01
      vertex   -2.140535e+02 3.657400e+02 -1.844761e+01
      vertex   -2.540234e+02 3.568789e+02 -2.000000e+01
    endloop
  endfacet
  facet normal -2.164396e-01 9.762960e-01 3.102138e-13
    outer loop
      vertex   -2.540234e+02 3.568789e+02 -2.000000e+01
      vertex   -2.140535e+02 3.657400e+02 -1.844761e+01
      vertex   -2.148669e+02 3.655597e+02 -1.875596e+01
    endloop
  endfacet
  facet normal -2.164396e-01 9.762960e-01 -4.275157e-13
    outer loop
      vertex   -2.540234e+02 3.568789e+02 -2.000000e+01
      vertex   -2.148669e+02 3.655597e+02 -1.875596e+01
      vertex   -2.164106e+02 3.652174e+02 -1.900000e+01
    endloop
  endfacet
  facet normal -2.164396e-01 9.762960e-01 -2.592365e-13
    outer loop
      vertex   -2.164106e+02 3.652174e+02 -1.900000e+01
      vertex   -2.148669e+02 3.655597e+02 -1.875596e+01
      vertex   -2.156434e+02 3.653875e+02 -1.893862e+01
    endloop
  endfacet
  facet normal -2.164396e-01 9.762960e-01 1.587797e-12
    outer loop
      vertex   -2.540135e+02 3.568811e+02 -1.628113e+01
      vertex   -2.116277e+02 3.662778e+02 -1.700000e+01
      vertex   -2.540234e+02 3.568789e+02 -1.629648e+01
    endloop
  endfacet
  facet normal -2.164396e-01 9.762960e-01 -1.770865e-14
    outer loop
      vertex   -2.540234e+02 3.568789e+02 -1.629648e+01
      vertex   -2.116277e+02 3.662778e+02 -1.700000e+01
      vertex   -2.124467e+02 3.660962e+02 -1.755914e+01
    endloop
  endfacet
  facet normal -2.164396e-01 9.762960e-01 -4.330424e-14
    outer loop
      vertex   -2.540234e+02 3.568789e+02 -1.629648e+01
      vertex   -2.124467e+02 3.660962e+02 -1.755914e+01
      vertex   -2.131726e+02 3.659353e+02 -1.800000e+01
    endloop
  endfacet
  facet normal -2.164396e-01 9.762960e-01 7.123459e-15
    outer loop
      vertex   -2.540135e+02 3.568811e+02 -1.628113e+01
      vertex   -1.515415e+02 3.795986e+02 -1.628113e+01
      vertex   -2.116277e+02 3.662778e+02 -1.700000e+01
    endloop
  endfacet
  facet normal -2.164396e-01 9.762960e-01 9.033024e-14
    outer loop
      vertex   -2.116277e+02 3.662778e+02 -1.700000e+01
      vertex   -1.515415e+02 3.795986e+02 -1.628113e+01
      vertex   -1.847156e+02 3.722441e+02 -1.700000e+01
    endloop
  endfacet
  facet normal -2.164396e-01 9.762960e-01 1.062312e-14
    outer loop
      vertex   -1.847156e+02 3.722441e+02 -1.700000e+01
      vertex   -1.515415e+02 3.795986e+02 -1.628113e+01
      vertex   -1.838966e+02 3.724256e+02 -1.755914e+01
    endloop
  endfacet
  facet normal -2.164396e-01 9.762960e-01 -1.229865e-14
    outer loop
      vertex   -1.838966e+02 3.724256e+02 -1.755914e+01
      vertex   -1.515415e+02 3.795986e+02 -1.628113e+01
      vertex   -1.831708e+02 3.725865e+02 -1.800000e+01
    endloop
  endfacet
  facet normal -2.164396e-01 9.762960e-01 -2.670053e-13
    outer loop
      vertex   -1.831708e+02 3.725865e+02 -1.800000e+01
      vertex   -1.515415e+02 3.795986e+02 -1.628113e+01
      vertex   -1.822899e+02 3.727818e+02 -1.844761e+01
    endloop
  endfacet
  facet normal -2.164396e-01 9.762960e-01 -1.542385e-15
    outer loop
      vertex   -1.822899e+02 3.727818e+02 -1.844761e+01
      vertex   -1.515415e+02 3.795986e+02 -1.628113e+01
      vertex   -1.515415e+02 3.795986e+02 -2.000000e+01
    endloop
  endfacet
  facet normal -2.164396e-01 9.762960e-01 4.489041e-13
    outer loop
      vertex   -1.822899e+02 3.727818e+02 -1.844761e+01
      vertex   -1.515415e+02 3.795986e+02 -2.000000e+01
      vertex   -1.814764e+02 3.729622e+02 -1.875596e+01
    endloop
  endfacet
  facet normal -2.164396e-01 9.762960e-01 -3.756310e-13
    outer loop
      vertex   -1.814764e+02 3.729622e+02 -1.875596e+01
      vertex   -1.515415e+02 3.795986e+02 -2.000000e+01
      vertex   -1.799327e+02 3.733044e+02 -1.900000e+01
    endloop
  endfacet
  facet normal -2.164396e-01 9.762960e-01 7.665051e-15
    outer loop
      vertex   -1.814764e+02 3.729622e+02 -1.875596e+01
      vertex   -1.799327e+02 3.733044e+02 -1.900000e+01
      vertex   -1.807000e+02 3.731343e+02 -1.893862e+01
    endloop
  endfacet
  facet normal -2.164396e-01 9.762960e-01 3.273442e-16
    outer loop
      vertex   -1.515415e+02 3.795986e+02 -2.000000e+01
      vertex   -1.799327e+02 3.733044e+02 -2.000000e+01
      vertex   -1.799327e+02 3.733044e+02 -1.900000e+01
    endloop
  endfacet
  facet normal -2.164396e-01 9.762960e-01 -7.266009e-15
    outer loop
      vertex   -2.131726e+02 3.659353e+02 -1.800000e+01
      vertex   -2.140535e+02 3.657400e+02 -1.844761e+01
      vertex   -2.540234e+02 3.568789e+02 -1.629648e+01
    endloop
  endfacet
  facet normal -2.164396e-01 9.762960e-01 5.549600e-14
    outer loop
      vertex   -2.164106e+02 3.652174e+02 -1.900000e+01
      vertex   -2.164106e+02 3.652174e+02 -2.000000e+01
      vertex   -2.540234e+02 3.568789e+02 -2.000000e+01
    endloop
  endfacet
  facet normal -1.658024e-01 7.478861e-01 6.427876e-01
    outer loop
      vertex   -2.540135e+02 3.506990e+02 -9.088238e+00
      vertex   -1.523798e+02 3.732306e+02 -9.088238e+00
      vertex   -2.540135e+02 3.568811e+02 -1.628113e+01
    endloop
  endfacet
  facet normal -1.658024e-01 7.478861e-01 6.427876e-01
    outer loop
      vertex   -2.540135e+02 3.568811e+02 -1.628113e+01
      vertex   -1.523798e+02 3.732306e+02 -9.088238e+00
      vertex   -1.515415e+02 3.795986e+02 -1.628113e+01
    endloop
  endfacet
  facet normal -1.530459e-01 6.903455e-01 7.071068e-01
    outer loop
      vertex   -2.545116e+02 3.500886e+02 4.448815e+01
      vertex   -2.539997e+02 3.496778e+02 4.500000e+01
      vertex   -2.540234e+02 3.506968e+02 4.400000e+01
    endloop
  endfacet
  facet normal -1.530459e-01 6.903455e-01 7.071068e-01
    outer loop
      vertex   -2.540234e+02 3.506968e+02 4.400000e+01
      vertex   -2.539997e+02 3.496778e+02 4.500000e+01
      vertex   -2.508450e+02 3.503771e+02 4.500000e+01
    endloop
  endfacet
  facet normal -1.530459e-01 6.903455e-01 7.071068e-01
    outer loop
      vertex   -2.540234e+02 3.506968e+02 4.400000e+01
      vertex   -2.508450e+02 3.503771e+02 4.500000e+01
      vertex   -2.508450e+02 3.514014e+02 4.400000e+01
    endloop
  endfacet
  facet normal -1.530459e-01 6.903455e-01 7.071068e-01
    outer loop
      vertex   -2.116277e+02 3.662778e+02 -1.700000e+01
      vertex   -1.847156e+02 3.722441e+02 -1.700000e+01
      vertex   -2.117337e+02 3.664300e+02 -1.717157e+01
    endloop
  endfacet
  facet normal -1.530459e-01 6.903455e-01 7.071068e-01
    outer loop
      vertex   -2.117337e+02 3.664300e+02 -1.717157e+01
      vertex   -1.847156e+02 3.722441e+02 -1.700000e+01
      vertex   -2.122481e+02 3.671645e+02 -1.800000e+01
    endloop
  endfacet
  facet normal -1.530459e-01 6.903455e-01 7.071068e-01
    outer loop
      vertex   -2.122481e+02 3.671645e+02 -1.800000e+01
      vertex   -1.847156e+02 3.722441e+02 -1.700000e+01
      vertex   -1.846839e+02 3.724268e+02 -1.717157e+01
    endloop
  endfacet
  facet normal -1.530459e-01 6.903455e-01 7.071068e-01
    outer loop
      vertex   -2.122481e+02 3.671645e+02 -1.800000e+01
      vertex   -1.846839e+02 3.724268e+02 -1.717157e+01
      vertex   -1.845281e+02 3.733099e+02 -1.800000e+01
    endloop
  endfacet
  facet normal 0.000000e+00 0.000000e+00 1.000000e+00
    outer loop
      vertex   -2.122481e+02 3.671645e+02 -1.800000e+01
      vertex   -1.845281e+02 3.733099e+02 -1.800000e+01
      vertex   -2.082042e+02 3.735122e+02 -1.800000e+01
    endloop
  endfacet
  facet normal -0.000000e+00 0.000000e+00 1.000000e+00
    outer loop
      vertex   -2.082042e+02 3.735122e+02 -1.800000e+01
      vertex   -1.845281e+02 3.733099e+02 -1.800000e+01
      vertex   -2.056963e+02 3.752682e+02 -1.800000e+01
    endloop
  endfacet
  facet normal 0.000000e+00 0.000000e+00 1.000000e+00
    outer loop
      vertex   -2.082042e+02 3.735122e+02 -1.800000e+01
      vertex   -2.056963e+02 3.752682e+02 -1.800000e+01
      vertex   -2.075329e+02 3.743121e+02 -1.800000e+01
    endloop
  endfacet
  facet normal 0.000000e+00 0.000000e+00 1.000000e+00
    outer loop
      vertex   -2.075329e+02 3.743121e+02 -1.800000e+01
      vertex   -2.056963e+02 3.752682e+02 -1.800000e+01
      vertex   -2.066776e+02 3.749110e+02 -1.800000e+01
    endloop
  endfacet
  facet normal 0.000000e+00 0.000000e+00 1.000000e+00
    outer loop
      vertex   -1.845281e+02 3.733099e+02 -1.800000e+01
      vertex   -1.908758e+02 3.773538e+02 -1.800000e+01
      vertex   -2.056963e+02 3.752682e+02 -1.800000e+01
    endloop
  endfacet
  facet normal 0.000000e+00 0.000000e+00 1.000000e+00
    outer loop
      vertex   -2.056963e+02 3.752682e+02 -1.800000e+01
      vertex   -1.908758e+02 3.773538e+02 -1.800000e+01
      vertex   -1.938908e+02 3.778854e+02 -1.800000e+01
    endloop
  endfacet
  facet normal 0.000000e+00 0.000000e+00 1.000000e+00
    outer loop
      vertex   -1.938908e+02 3.778854e+02 -1.800000e+01
      vertex   -1.908758e+02 3.773538e+02 -1.800000e+01
      vertex   -1.918222e+02 3.777951e+02 -1.800000e+01
    endloop
  endfacet
  facet normal -0.000000e+00 0.000000e+00 1.000000e+00
    outer loop
      vertex   -1.938908e+02 3.778854e+02 -1.800000e+01
      vertex   -1.918222e+02 3.777951e+02 -1.800000e+01
      vertex   -1.928505e+02 3.779764e+02 -1.800000e+01
    endloop
  endfacet
  facet normal -1.938678e-01 5.922641e-01 7.820732e-01
    outer loop
      vertex   -2.164106e+02 3.652174e+02 -1.900000e+01
      vertex   -2.156434e+02 3.653875e+02 -1.893862e+01
      vertex   -2.154790e+02 3.655224e+02 -1.900000e+01
    endloop
  endfacet
  facet normal -3.073859e-01 6.783778e-01 6.673212e-01
    outer loop
      vertex   -2.154790e+02 3.655224e+02 -1.900000e+01
      vertex   -2.156434e+02 3.653875e+02 -1.893862e+01
      vertex   -2.148669e+02 3.655597e+02 -1.875596e+01
    endloop
  endfacet
  facet normal -3.304268e-01 5.870118e-01 7.390774e-01
    outer loop
      vertex   -2.154790e+02 3.655224e+02 -1.900000e+01
      vertex   -2.148669e+02 3.655597e+02 -1.875596e+01
      vertex   -2.146249e+02 3.660032e+02 -1.900000e+01
    endloop
  endfacet
  facet normal -3.964914e-01 5.991310e-01 6.955837e-01
    outer loop
      vertex   -2.146249e+02 3.660032e+02 -1.900000e+01
      vertex   -2.148669e+02 3.655597e+02 -1.875596e+01
      vertex   -2.140535e+02 3.657400e+02 -1.844761e+01
    endloop
  endfacet
  facet normal -4.523868e-01 5.273429e-01 7.192049e-01
    outer loop
      vertex   -2.146249e+02 3.660032e+02 -1.900000e+01
      vertex   -2.140535e+02 3.657400e+02 -1.844761e+01
      vertex   -2.138810e+02 3.666414e+02 -1.900000e+01
    endloop
  endfacet
  facet normal -4.752878e-01 5.240729e-01 7.067171e-01
    outer loop
      vertex   -2.138810e+02 3.666414e+02 -1.900000e+01
      vertex   -2.140535e+02 3.657400e+02 -1.844761e+01
      vertex   -2.131726e+02 3.659353e+02 -1.800000e+01
    endloop
  endfacet
  facet normal -5.324307e-01 4.663384e-01 7.064319e-01
    outer loop
      vertex   -2.138810e+02 3.666414e+02 -1.900000e+01
      vertex   -2.131726e+02 3.659353e+02 -1.800000e+01
      vertex   -2.124467e+02 3.660962e+02 -1.755914e+01
    endloop
  endfacet
  facet normal -5.516454e-01 4.329341e-01 7.129204e-01
    outer loop
      vertex   -2.138810e+02 3.666414e+02 -1.900000e+01
      vertex   -2.124467e+02 3.660962e+02 -1.755914e+01
      vertex   -2.132758e+02 3.674124e+02 -1.900000e+01
    endloop
  endfacet
  facet normal -5.742649e-01 4.124208e-01 7.071979e-01
    outer loop
      vertex   -2.132758e+02 3.674124e+02 -1.900000e+01
      vertex   -2.124467e+02 3.660962e+02 -1.755914e+01
      vertex   -2.116277e+02 3.662778e+02 -1.700000e+01
    endloop
  endfacet
  facet normal -5.944254e-01 3.829686e-01 7.071022e-01
    outer loop
      vertex   -2.132758e+02 3.674124e+02 -1.900000e+01
      vertex   -2.116277e+02 3.662778e+02 -1.700000e+01
      vertex   -2.117337e+02 3.664300e+02 -1.717157e+01
    endloop
  endfacet
  facet normal -5.963678e-01 3.799282e-01 7.071068e-01
    outer loop
      vertex   -2.117337e+02 3.664300e+02 -1.717157e+01
      vertex   -2.122481e+02 3.671645e+02 -1.800000e+01
      vertex   -2.132758e+02 3.674124e+02 -1.900000e+01
    endloop
  endfacet
  facet normal -5.963678e-01 3.799282e-01 7.071068e-01
    outer loop
      vertex   -2.132758e+02 3.674124e+02 -1.900000e+01
      vertex   -2.122481e+02 3.671645e+02 -1.800000e+01
      vertex   -2.090475e+02 3.740495e+02 -1.900000e+01
    endloop
  endfacet
  facet normal -5.963678e-01 3.799282e-01 7.071068e-01
    outer loop
      vertex   -2.090475e+02 3.740495e+02 -1.900000e+01
      vertex   -2.122481e+02 3.671645e+02 -1.800000e+01
      vertex   -2.082042e+02 3.735122e+02 -1.800000e+01
    endloop
  endfacet
  facet normal -2.205049e-01 6.736401e-01 7.053982e-01
    outer loop
      vertex   -2.059128e+02 3.762445e+02 -1.900000e+01
      vertex   -2.068443e+02 3.759395e+02 -1.900000e+01
      vertex   -2.056963e+02 3.752682e+02 -1.800000e+01
    endloop
  endfacet
  facet normal -2.390182e-01 6.566970e-01 7.152757e-01
    outer loop
      vertex   -2.056963e+02 3.752682e+02 -1.800000e+01
      vertex   -2.068443e+02 3.759395e+02 -1.900000e+01
      vertex   -2.066776e+02 3.749110e+02 -1.800000e+01
    endloop
  endfacet
  facet normal -3.506772e-01 6.229872e-01 6.992227e-01
    outer loop
      vertex   -2.066776e+02 3.749110e+02 -1.800000e+01
      vertex   -2.068443e+02 3.759395e+02 -1.900000e+01
      vertex   -2.076985e+02 3.754587e+02 -1.900000e+01
    endloop
  endfacet
  facet normal -3.987005e-01 5.694034e-01 7.189003e-01
    outer loop
      vertex   -2.066776e+02 3.749110e+02 -1.800000e+01
      vertex   -2.076985e+02 3.754587e+02 -1.900000e+01
      vertex   -2.075329e+02 3.743121e+02 -1.800000e+01
    endloop
  endfacet
  facet normal -4.654778e-01 5.426030e-01 6.992227e-01
    outer loop
      vertex   -2.075329e+02 3.743121e+02 -1.800000e+01
      vertex   -2.076985e+02 3.754587e+02 -1.900000e+01
      vertex   -2.084424e+02 3.748206e+02 -1.900000e+01
    endloop
  endfacet
  facet normal -5.353443e-01 4.492072e-01 7.152757e-01
    outer loop
      vertex   -2.075329e+02 3.743121e+02 -1.800000e+01
      vertex   -2.084424e+02 3.748206e+02 -1.900000e+01
      vertex   -2.082042e+02 3.735122e+02 -1.800000e+01
    endloop
  endfacet
  facet normal -5.575975e-01 4.376053e-01 7.053982e-01
    outer loop
      vertex   -2.082042e+02 3.735122e+02 -1.800000e+01
      vertex   -2.084424e+02 3.748206e+02 -1.900000e+01
      vertex   -2.090475e+02 3.740495e+02 -1.900000e+01
    endloop
  endfacet
  facet normal -1.530459e-01 6.903455e-01 7.071068e-01
    outer loop
      vertex   -2.056963e+02 3.752682e+02 -1.800000e+01
      vertex   -1.938908e+02 3.778854e+02 -1.800000e+01
      vertex   -2.059128e+02 3.762445e+02 -1.900000e+01
    endloop
  endfacet
  facet normal -1.530459e-01 6.903455e-01 7.071068e-01
    outer loop
      vertex   -2.059128e+02 3.762445e+02 -1.900000e+01
      vertex   -1.938908e+02 3.778854e+02 -1.800000e+01
      vertex   -1.941072e+02 3.788617e+02 -1.900000e+01
    endloop
  endfacet
  facet normal 3.204150e-01 6.322560e-01 7.053982e-01
    outer loop
      vertex   -1.903385e+02 3.781972e+02 -1.900000e+01
      vertex   -1.912128e+02 3.786403e+02 -1.900000e+01
      vertex   -1.908758e+02 3.773538e+02 -1.800000e+01
    endloop
  endfacet
  facet normal 2.953435e-01 6.333663e-01 7.152757e-01
    outer loop
      vertex   -1.908758e+02 3.773538e+02 -1.800000e+01
      vertex   -1.912128e+02 3.786403e+02 -1.900000e+01
      vertex   -1.918222e+02 3.777951e+02 -1.800000e+01
    endloop
  endfacet
  facet normal 1.925523e-01 6.884847e-01 6.992227e-01
    outer loop
      vertex   -1.918222e+02 3.777951e+02 -1.800000e+01
      vertex   -1.912128e+02 3.786403e+02 -1.900000e+01
      vertex   -1.921568e+02 3.789043e+02 -1.900000e+01
    endloop
  endfacet
  facet normal 1.207051e-01 6.845528e-01 7.189003e-01
    outer loop
      vertex   -1.918222e+02 3.777951e+02 -1.800000e+01
      vertex   -1.921568e+02 3.789043e+02 -1.900000e+01
      vertex   -1.928505e+02 3.779764e+02 -1.800000e+01
    endloop
  endfacet
  facet normal 5.453571e-02 7.128208e-01 6.992227e-01
    outer loop
      vertex   -1.928505e+02 3.779764e+02 -1.800000e+01
      vertex   -1.921568e+02 3.789043e+02 -1.900000e+01
      vertex   -1.931341e+02 3.789790e+02 -1.900000e+01
    endloop
  endfacet
  facet normal -6.090812e-02 6.961830e-01 7.152757e-01
    outer loop
      vertex   -1.928505e+02 3.779764e+02 -1.800000e+01
      vertex   -1.931341e+02 3.789790e+02 -1.900000e+01
      vertex   -1.938908e+02 3.778854e+02 -1.800000e+01
    endloop
  endfacet
  facet normal -8.484730e-02 7.037147e-01 7.053982e-01
    outer loop
      vertex   -1.938908e+02 3.778854e+02 -1.800000e+01
      vertex   -1.931341e+02 3.789790e+02 -1.900000e+01
      vertex   -1.941072e+02 3.788617e+02 -1.900000e+01
    endloop
  endfacet
  facet normal 3.799282e-01 5.963678e-01 7.071068e-01
    outer loop
      vertex   -1.908758e+02 3.773538e+02 -1.800000e+01
      vertex   -1.845281e+02 3.733099e+02 -1.800000e+01
      vertex   -1.903385e+02 3.781972e+02 -1.900000e+01
    endloop
  endfacet
  facet normal 3.799282e-01 5.963678e-01 7.071068e-01
    outer loop
      vertex   -1.903385e+02 3.781972e+02 -1.900000e+01
      vertex   -1.845281e+02 3.733099e+02 -1.800000e+01
      vertex   -1.837014e+02 3.739689e+02 -1.900000e+01
    endloop
  endfacet
  facet normal 3.799282e-01 5.963678e-01 7.071068e-01
    outer loop
      vertex   -1.837014e+02 3.739689e+02 -1.900000e+01
      vertex   -1.845281e+02 3.733099e+02 -1.800000e+01
      vertex   -1.846839e+02 3.724268e+02 -1.717157e+01
    endloop
  endfacet
  facet normal 2.854629e-01 6.476611e-01 7.064319e-01
    outer loop
      vertex   -1.838966e+02 3.724256e+02 -1.755914e+01
      vertex   -1.831708e+02 3.725865e+02 -1.800000e+01
      vertex   -1.828271e+02 3.735258e+02 -1.900000e+01
    endloop
  endfacet
  facet normal 2.092743e-01 6.758367e-01 7.067171e-01
    outer loop
      vertex   -1.828271e+02 3.735258e+02 -1.900000e+01
      vertex   -1.831708e+02 3.725865e+02 -1.800000e+01
      vertex   -1.822899e+02 3.727818e+02 -1.844761e+01
    endloop
  endfacet
  facet normal 1.871369e-01 6.691219e-01 7.192049e-01
    outer loop
      vertex   -1.828271e+02 3.735258e+02 -1.900000e+01
      vertex   -1.822899e+02 3.727818e+02 -1.844761e+01
      vertex   -1.818832e+02 3.732618e+02 -1.900000e+01
    endloop
  endfacet
  facet normal 1.061395e-01 7.105616e-01 6.955837e-01
    outer loop
      vertex   -1.818832e+02 3.732618e+02 -1.900000e+01
      vertex   -1.822899e+02 3.727818e+02 -1.844761e+01
      vertex   -1.814764e+02 3.729622e+02 -1.875596e+01
    endloop
  endfacet
  facet normal 5.138645e-02 6.716577e-01 7.390774e-01
    outer loop
      vertex   -1.818832e+02 3.732618e+02 -1.900000e+01
      vertex   -1.814764e+02 3.729622e+02 -1.875596e+01
      vertex   -1.809059e+02 3.731871e+02 -1.900000e+01
    endloop
  endfacet
  facet normal -8.108615e-03 7.447259e-01 6.673212e-01
    outer loop
      vertex   -1.809059e+02 3.731871e+02 -1.900000e+01
      vertex   -1.814764e+02 3.729622e+02 -1.875596e+01
      vertex   -1.807000e+02 3.731343e+02 -1.893862e+01
    endloop
  endfacet
  facet normal -7.459771e-02 6.187057e-01 7.820732e-01
    outer loop
      vertex   -1.809059e+02 3.731871e+02 -1.900000e+01
      vertex   -1.807000e+02 3.731343e+02 -1.893862e+01
      vertex   -1.799327e+02 3.733044e+02 -1.900000e+01
    endloop
  endfacet
  facet normal 3.169947e-01 6.255069e-01 7.129204e-01
    outer loop
      vertex   -1.828271e+02 3.735258e+02 -1.900000e+01
      vertex   -1.837014e+02 3.739689e+02 -1.900000e+01
      vertex   -1.838966e+02 3.724256e+02 -1.755914e+01
    endloop
  endfacet
  facet normal 3.488450e-01 6.156097e-01 7.066342e-01
    outer loop
      vertex   -1.838966e+02 3.724256e+02 -1.755914e+01
      vertex   -1.837014e+02 3.739689e+02 -1.900000e+01
      vertex   -1.846839e+02 3.724268e+02 -1.717157e+01
    endloop
  endfacet
  facet normal 3.515957e-01 6.075236e-01 7.122468e-01
    outer loop
      vertex   -1.838966e+02 3.724256e+02 -1.755914e+01
      vertex   -1.846839e+02 3.724268e+02 -1.717157e+01
      vertex   -1.847156e+02 3.722441e+02 -1.700000e+01
    endloop
  endfacet
  facet normal 4.520455e-01 8.919949e-01 -0.000000e+00
    outer loop
      vertex   -1.837014e+02 3.739689e+02 -2.000000e+01
      vertex   -1.837014e+02 3.739689e+02 -1.900000e+01
      vertex   -1.828271e+02 3.735258e+02 -2.000000e+01
    endloop
  endfacet
  facet normal 4.520455e-01 8.919949e-01 -0.000000e+00
    outer loop
      vertex   -1.828271e+02 3.735258e+02 -2.000000e+01
      vertex   -1.837014e+02 3.739689e+02 -1.900000e+01
      vertex   -1.828271e+02 3.735258e+02 -1.900000e+01
    endloop
  endfacet
  facet normal 2.693401e-01 9.630451e-01 -0.000000e+00
    outer loop
      vertex   -1.828271e+02 3.735258e+02 -2.000000e+01
      vertex   -1.828271e+02 3.735258e+02 -1.900000e+01
      vertex   -1.818832e+02 3.732618e+02 -1.900000e+01
    endloop
  endfacet
  facet normal 2.693401e-01 9.630451e-01 -1.865504e-18
    outer loop
      vertex   -1.828271e+02 3.735258e+02 -2.000000e+01
      vertex   -1.818832e+02 3.732618e+02 -1.900000e+01
      vertex   -1.818832e+02 3.732618e+02 -2.000000e+01
    endloop
  endfacet
  facet normal 7.628397e-02 9.970861e-01 -0.000000e+00
    outer loop
      vertex   -1.818832e+02 3.732618e+02 -2.000000e+01
      vertex   -1.818832e+02 3.732618e+02 -1.900000e+01
      vertex   -1.809059e+02 3.731871e+02 -1.900000e+01
    endloop
  endfacet
  facet normal 7.628397e-02 9.970861e-01 8.445838e-19
    outer loop
      vertex   -1.818832e+02 3.732618e+02 -2.000000e+01
      vertex   -1.809059e+02 3.731871e+02 -1.900000e+01
      vertex   -1.809059e+02 3.731871e+02 -2.000000e+01
    endloop
  endfacet
  facet normal -1.197037e-01 9.928097e-01 0.000000e+00
    outer loop
      vertex   -1.809059e+02 3.731871e+02 -2.000000e+01
      vertex   -1.809059e+02 3.731871e+02 -1.900000e+01
      vertex   -1.799327e+02 3.733044e+02 -2.000000e+01
    endloop
  endfacet
  facet normal -1.197037e-01 9.928097e-01 0.000000e+00
    outer loop
      vertex   -1.799327e+02 3.733044e+02 -2.000000e+01
      vertex   -1.809059e+02 3.731871e+02 -1.900000e+01
      vertex   -1.799327e+02 3.733044e+02 -1.900000e+01
    endloop
  endfacet
  facet normal -1.197037e-01 9.928097e-01 0.000000e+00
    outer loop
      vertex   -1.941072e+02 3.788617e+02 -2.000000e+01
      vertex   -1.941072e+02 3.788617e+02 -1.900000e+01
      vertex   -1.931341e+02 3.789790e+02 -2.000000e+01
    endloop
  endfacet
  facet normal -1.197037e-01 9.928097e-01 0.000000e+00
    outer loop
      vertex   -1.931341e+02 3.789790e+02 -2.000000e+01
      vertex   -1.941072e+02 3.788617e+02 -1.900000e+01
      vertex   -1.931341e+02 3.789790e+02 -1.900000e+01
    endloop
  endfacet
  facet normal 7.628397e-02 9.970861e-01 -0.000000e+00
    outer loop
      vertex   -1.931341e+02 3.789790e+02 -2.000000e+01
      vertex   -1.931341e+02 3.789790e+02 -1.900000e+01
      vertex   -1.921568e+02 3.789043e+02 -1.900000e+01
    endloop
  endfacet
  facet normal 7.628397e-02 9.970861e-01 3.450153e-19
    outer loop
      vertex   -1.931341e+02 3.789790e+02 -2.000000e+01
      vertex   -1.921568e+02 3.789043e+02 -1.900000e+01
      vertex   -1.921568e+02 3.789043e+02 -2.000000e+01
    endloop
  endfacet
  facet normal 2.693401e-01 9.630451e-01 -0.000000e+00
    outer loop
      vertex   -1.921568e+02 3.789043e+02 -2.000000e+01
      vertex   -1.921568e+02 3.789043e+02 -1.900000e+01
      vertex   -1.912128e+02 3.786403e+02 -1.900000e+01
    endloop
  endfacet
  facet normal 2.693401e-01 9.630451e-01 -8.895177e-18
    outer loop
      vertex   -1.921568e+02 3.789043e+02 -2.000000e+01
      vertex   -1.912128e+02 3.786403e+02 -1.900000e+01
      vertex   -1.912128e+02 3.786403e+02 -2.000000e+01
    endloop
  endfacet
  facet normal 4.520455e-01 8.919949e-01 -0.000000e+00
    outer loop
      vertex   -1.912128e+02 3.786403e+02 -2.000000e+01
      vertex   -1.912128e+02 3.786403e+02 -1.900000e+01
      vertex   -1.903385e+02 3.781972e+02 -2.000000e+01
    endloop
  endfacet
  facet normal 4.520455e-01 8.919949e-01 -0.000000e+00
    outer loop
      vertex   -1.903385e+02 3.781972e+02 -2.000000e+01
      vertex   -1.912128e+02 3.786403e+02 -1.900000e+01
      vertex   -1.903385e+02 3.781972e+02 -1.900000e+01
    endloop
  endfacet
  facet normal 5.372996e-01 8.433914e-01 0.000000e+00
    outer loop
      vertex   -1.903385e+02 3.781972e+02 -1.900000e+01
      vertex   -1.837014e+02 3.739689e+02 -1.900000e+01
      vertex   -1.903385e+02 3.781972e+02 -2.000000e+01
    endloop
  endfacet
  facet normal 5.372996e-01 8.433914e-01 -2.546320e-17
    outer loop
      vertex   -1.903385e+02 3.781972e+02 -2.000000e+01
      vertex   -1.837014e+02 3.739689e+02 -1.900000e+01
      vertex   -1.837014e+02 3.739689e+02 -2.000000e+01
    endloop
  endfacet
  facet normal -3.110911e-01 9.503801e-01 5.402285e-14
    outer loop
      vertex   -2.164106e+02 3.652174e+02 -2.000000e+01
      vertex   -2.164106e+02 3.652174e+02 -1.900000e+01
      vertex   -2.154790e+02 3.655224e+02 -2.000000e+01
    endloop
  endfacet
  facet normal -3.110911e-01 9.503801e-01 0.000000e+00
    outer loop
      vertex   -2.154790e+02 3.655224e+02 -2.000000e+01
      vertex   -2.164106e+02 3.652174e+02 -1.900000e+01
      vertex   -2.154790e+02 3.655224e+02 -1.900000e+01
    endloop
  endfacet
  facet normal -4.905236e-01 8.714279e-01 0.000000e+00
    outer loop
      vertex   -2.154790e+02 3.655224e+02 -2.000000e+01
      vertex   -2.154790e+02 3.655224e+02 -1.900000e+01
      vertex   -2.146249e+02 3.660032e+02 -1.900000e+01
    endloop
  endfacet
  facet normal -4.905236e-01 8.714279e-01 -1.396116e-14
    outer loop
      vertex   -2.154790e+02 3.655224e+02 -2.000000e+01
      vertex   -2.146249e+02 3.660032e+02 -1.900000e+01
      vertex   -2.146249e+02 3.660032e+02 -2.000000e+01
    endloop
  endfacet
  facet normal -6.511054e-01 7.589873e-01 -1.850553e-14
    outer loop
      vertex   -2.146249e+02 3.660032e+02 -2.000000e+01
      vertex   -2.146249e+02 3.660032e+02 -1.900000e+01
      vertex   -2.138810e+02 3.666414e+02 -1.900000e+01
    endloop
  endfacet
  facet normal -6.511054e-01 7.589873e-01 1.849907e-14
    outer loop
      vertex   -2.146249e+02 3.660032e+02 -2.000000e+01
      vertex   -2.138810e+02 3.666414e+02 -1.900000e+01
      vertex   -2.138810e+02 3.666414e+02 -2.000000e+01
    endloop
  endfacet
  facet normal -7.866657e-01 6.173792e-01 2.235838e-14
    outer loop
      vertex   -2.138810e+02 3.666414e+02 -2.000000e+01
      vertex   -2.138810e+02 3.666414e+02 -1.900000e+01
      vertex   -2.132758e+02 3.674124e+02 -2.000000e+01
    endloop
  endfacet
  facet normal -7.866657e-01 6.173792e-01 0.000000e+00
    outer loop
      vertex   -2.132758e+02 3.674124e+02 -2.000000e+01
      vertex   -2.138810e+02 3.666414e+02 -1.900000e+01
      vertex   -2.132758e+02 3.674124e+02 -1.900000e+01
    endloop
  endfacet
  facet normal -8.433914e-01 5.372996e-01 0.000000e+00
    outer loop
      vertex   -2.132758e+02 3.674124e+02 -1.900000e+01
      vertex   -2.090475e+02 3.740495e+02 -1.900000e+01
      vertex   -2.132758e+02 3.674124e+02 -2.000000e+01
    endloop
  endfacet
  facet normal -8.433914e-01 5.372996e-01 1.467120e-16
    outer loop
      vertex   -2.132758e+02 3.674124e+02 -2.000000e+01
      vertex   -2.090475e+02 3.740495e+02 -1.900000e+01
      vertex   -2.090475e+02 3.740495e+02 -2.000000e+01
    endloop
  endfacet
  facet normal -7.866657e-01 6.173792e-01 0.000000e+00
    outer loop
      vertex   -2.090475e+02 3.740495e+02 -2.000000e+01
      vertex   -2.090475e+02 3.740495e+02 -1.900000e+01
      vertex   -2.084424e+02 3.748206e+02 -2.000000e+01
    endloop
  endfacet
  facet normal -7.866657e-01 6.173792e-01 0.000000e+00
    outer loop
      vertex   -2.084424e+02 3.748206e+02 -2.000000e+01
      vertex   -2.090475e+02 3.740495e+02 -1.900000e+01
      vertex   -2.084424e+02 3.748206e+02 -1.900000e+01
    endloop
  endfacet
  facet normal -6.511054e-01 7.589873e-01 0.000000e+00
    outer loop
      vertex   -2.084424e+02 3.748206e+02 -2.000000e+01
      vertex   -2.084424e+02 3.748206e+02 -1.900000e+01
      vertex   -2.076985e+02 3.754587e+02 -1.900000e+01
    endloop
  endfacet
  facet normal -6.511054e-01 7.589873e-01 -4.405893e-18
    outer loop
      vertex   -2.084424e+02 3.748206e+02 -2.000000e+01
      vertex   -2.076985e+02 3.754587e+02 -1.900000e+01
      vertex   -2.076985e+02 3.754587e+02 -2.000000e+01
    endloop
  endfacet
  facet normal -4.905236e-01 8.714279e-01 0.000000e+00
    outer loop
      vertex   -2.076985e+02 3.754587e+02 -2.000000e+01
      vertex   -2.076985e+02 3.754587e+02 -1.900000e+01
      vertex   -2.068443e+02 3.759395e+02 -1.900000e+01
    endloop
  endfacet
  facet normal -4.905236e-01 8.714279e-01 1.932361e-17
    outer loop
      vertex   -2.076985e+02 3.754587e+02 -2.000000e+01
      vertex   -2.068443e+02 3.759395e+02 -1.900000e+01
      vertex   -2.068443e+02 3.759395e+02 -2.000000e+01
    endloop
  endfacet
  facet normal -3.110911e-01 9.503801e-01 0.000000e+00
    outer loop
      vertex   -2.068443e+02 3.759395e+02 -2.000000e+01
      vertex   -2.068443e+02 3.759395e+02 -1.900000e+01
      vertex   -2.059128e+02 3.762445e+02 -2.000000e+01
    endloop
  endfacet
  facet normal -3.110911e-01 9.503801e-01 0.000000e+00
    outer loop
      vertex   -2.059128e+02 3.762445e+02 -2.000000e+01
      vertex   -2.068443e+02 3.759395e+02 -1.900000e+01
      vertex   -2.059128e+02 3.762445e+02 -1.900000e+01
    endloop
  endfacet
  facet normal -2.164396e-01 9.762960e-01 0.000000e+00
    outer loop
      vertex   -2.059128e+02 3.762445e+02 -1.900000e+01
      vertex   -1.941072e+02 3.788617e+02 -1.900000e+01
      vertex   -2.059128e+02 3.762445e+02 -2.000000e+01
    endloop
  endfacet
  facet normal -2.164396e-01 9.762960e-01 8.855310e-17
    outer loop
      vertex   -2.059128e+02 3.762445e+02 -2.000000e+01
      vertex   -1.941072e+02 3.788617e+02 -1.900000e+01
      vertex   -1.941072e+02 3.788617e+02 -2.000000e+01
    endloop
  endfacet
  facet normal -1.796257e-16 1.441649e-16 -1.000000e+00
    outer loop
      vertex   -2.540234e+02 3.568789e+02 -2.000000e+01
      vertex   -2.399997e+02 3.497086e+02 -2.000000e+01
      vertex   -2.549997e+02 3.556624e+02 -2.000000e+01
    endloop
  endfacet
  facet normal -2.194994e-16 4.370708e-17 -1.000000e+00
    outer loop
      vertex   -2.549997e+02 3.556624e+02 -2.000000e+01
      vertex   -2.399997e+02 3.497086e+02 -2.000000e+01
      vertex   -2.461247e+02 3.189486e+02 -2.000000e+01
    endloop
  endfacet
  facet normal -6.263438e-17 8.162671e-17 -1.000000e+00
    outer loop
      vertex   -2.549997e+02 3.556624e+02 -2.000000e+01
      vertex   -2.461247e+02 3.189486e+02 -2.000000e+01
      vertex   -2.465907e+02 3.185910e+02 -2.000000e+01
    endloop
  endfacet
  facet normal -7.662236e-17 3.456211e-16 -1.000000e+00
    outer loop
      vertex   -2.540234e+02 3.568789e+02 -2.000000e+01
      vertex   -2.164106e+02 3.652174e+02 -2.000000e+01
      vertex   -2.399997e+02 3.497086e+02 -2.000000e+01
    endloop
  endfacet
  facet normal -1.534021e-14 2.356178e-14 -1.000000e+00
    outer loop
      vertex   -2.399997e+02 3.497086e+02 -2.000000e+01
      vertex   -2.164106e+02 3.652174e+02 -2.000000e+01
      vertex   -2.154790e+02 3.655224e+02 -2.000000e+01
    endloop
  endfacet
  facet normal 7.589578e-17 -3.423438e-16 -1.000000e+00
    outer loop
      vertex   -2.399997e+02 3.497086e+02 -2.000000e+01
      vertex   -2.154790e+02 3.655224e+02 -2.000000e+01
      vertex   -1.809059e+02 3.731871e+02 -2.000000e+01
    endloop
  endfacet
  facet normal 0.000000e+00 0.000000e+00 -1.000000e+00
    outer loop
      vertex   -1.809059e+02 3.731871e+02 -2.000000e+01
      vertex   -2.154790e+02 3.655224e+02 -2.000000e+01
      vertex   -2.146249e+02 3.660032e+02 -2.000000e+01
    endloop
  endfacet
  facet normal -0.000000e+00 0.000000e+00 -1.000000e+00
    outer loop
      vertex   -1.809059e+02 3.731871e+02 -2.000000e+01
      vertex   -2.146249e+02 3.660032e+02 -2.000000e+01
      vertex   -1.818832e+02 3.732618e+02 -2.000000e+01
    endloop
  endfacet
  facet normal 0.000000e+00 0.000000e+00 -1.000000e+00
    outer loop
      vertex   -1.818832e+02 3.732618e+02 -2.000000e+01
      vertex   -2.146249e+02 3.660032e+02 -2.000000e+01
      vertex   -2.138810e+02 3.666414e+02 -2.000000e+01
    endloop
  endfacet
  facet normal -0.000000e+00 0.000000e+00 -1.000000e+00
    outer loop
      vertex   -1.818832e+02 3.732618e+02 -2.000000e+01
      vertex   -2.138810e+02 3.666414e+02 -2.000000e+01
      vertex   -1.828271e+02 3.735258e+02 -2.000000e+01
    endloop
  endfacet
  facet normal -1.236620e-15 5.578033e-15 -1.000000e+00
    outer loop
      vertex   -1.828271e+02 3.735258e+02 -2.000000e+01
      vertex   -2.138810e+02 3.666414e+02 -2.000000e+01
      vertex   -2.132758e+02 3.674124e+02 -2.000000e+01
    endloop
  endfacet
  facet normal -1.236620e-15 5.578033e-15 -1.000000e+00
    outer loop
      vertex   -1.828271e+02 3.735258e+02 -2.000000e+01
      vertex   -2.132758e+02 3.674124e+02 -2.000000e+01
      vertex   -1.837014e+02 3.739689e+02 -2.000000e+01
    endloop
  endfacet
  facet normal -0.000000e+00 0.000000e+00 -1.000000e+00
    outer loop
      vertex   -1.837014e+02 3.739689e+02 -2.000000e+01
      vertex   -2.132758e+02 3.674124e+02 -2.000000e+01
      vertex   -2.059128e+02 3.762445e+02 -2.000000e+01
    endloop
  endfacet
  facet normal 0.000000e+00 0.000000e+00 -1.000000e+00
    outer loop
      vertex   -1.837014e+02 3.739689e+02 -2.000000e+01
      vertex   -2.059128e+02 3.762445e+02 -2.000000e+01
      vertex   -1.941072e+02 3.788617e+02 -2.000000e+01
    endloop
  endfacet
  facet normal 0.000000e+00 0.000000e+00 -1.000000e+00
    outer loop
      vertex   -2.132758e+02 3.674124e+02 -2.000000e+01
      vertex   -2.090475e+02 3.740495e+02 -2.000000e+01
      vertex   -2.059128e+02 3.762445e+02 -2.000000e+01
    endloop
  endfacet
  facet normal 7.161852e-15 -1.022819e-14 -1.000000e+00
    outer loop
      vertex   -2.059128e+02 3.762445e+02 -2.000000e+01
      vertex   -2.090475e+02 3.740495e+02 -2.000000e+01
      vertex   -2.084424e+02 3.748206e+02 -2.000000e+01
    endloop
  endfacet
  facet normal 4.084620e-15 -4.761402e-15 -1.000000e+00
    outer loop
      vertex   -2.059128e+02 3.762445e+02 -2.000000e+01
      vertex   -2.084424e+02 3.748206e+02 -2.000000e+01
      vertex   -2.076985e+02 3.754587e+02 -2.000000e+01
    endloop
  endfacet
  facet normal 9.113440e-15 -1.619026e-14 -1.000000e+00
    outer loop
      vertex   -2.076985e+02 3.754587e+02 -2.000000e+01
      vertex   -2.068443e+02 3.759395e+02 -2.000000e+01
      vertex   -2.059128e+02 3.762445e+02 -2.000000e+01
    endloop
  endfacet
  facet normal -1.417280e-15 -1.852487e-14 -1.000000e+00
    outer loop
      vertex   -1.931341e+02 3.789790e+02 -2.000000e+01
      vertex   -1.921568e+02 3.789043e+02 -2.000000e+01
      vertex   -1.941072e+02 3.788617e+02 -2.000000e+01
    endloop
  endfacet
  facet normal -1.689668e-15 -6.041531e-15 -1.000000e+00
    outer loop
      vertex   -1.941072e+02 3.788617e+02 -2.000000e+01
      vertex   -1.921568e+02 3.789043e+02 -2.000000e+01
      vertex   -1.912128e+02 3.786403e+02 -2.000000e+01
    endloop
  endfacet
  facet normal -2.168225e-15 -1.229661e-14 -1.000000e+00
    outer loop
      vertex   -1.941072e+02 3.788617e+02 -2.000000e+01
      vertex   -1.912128e+02 3.786403e+02 -2.000000e+01
      vertex   -1.903385e+02 3.781972e+02 -2.000000e+01
    endloop
  endfacet
  facet normal -0.000000e+00 -0.000000e+00 -1.000000e+00
    outer loop
      vertex   -1.903385e+02 3.781972e+02 -2.000000e+01
      vertex   -1.837014e+02 3.739689e+02 -2.000000e+01
      vertex   -1.941072e+02 3.788617e+02 -2.000000e+01
    endloop
  endfacet
  facet normal 1.050911e-14 -2.660215e-14 -1.000000e+00
    outer loop
      vertex   -1.809059e+02 3.731871e+02 -2.000000e+01
      vertex   -1.799327e+02 3.733044e+02 -2.000000e+01
      vertex   -2.399997e+02 3.497086e+02 -2.000000e+01
    endloop
  endfacet
  facet normal -7.662236e-17 3.456211e-16 -1.000000e+00
    outer loop
      vertex   -2.399997e+02 3.497086e+02 -2.000000e+01
      vertex   -1.799327e+02 3.733044e+02 -2.000000e+01
      vertex   -1.010750e+02 3.805075e+02 -2.000000e+01
    endloop
  endfacet
  facet normal -7.662236e-17 3.456211e-16 -1.000000e+00
    outer loop
      vertex   -1.010750e+02 3.805075e+02 -2.000000e+01
      vertex   -1.799327e+02 3.733044e+02 -2.000000e+01
      vertex   -1.515415e+02 3.795986e+02 -2.000000e+01
    endloop
  endfacet
  facet normal 3.457923e-15 -1.958998e-13 -1.000000e+00
    outer loop
      vertex   -1.010750e+02 3.805075e+02 -2.000000e+01
      vertex   -1.515415e+02 3.795986e+02 -2.000000e+01
      vertex   -1.513381e+02 3.811437e+02 -2.000000e+01
    endloop
  endfacet
  facet normal 6.515326e-15 -8.613832e-15 -1.000000e+00
    outer loop
      vertex   -8.499976e+01 3.958505e+02 -2.000000e+01
      vertex   -9.412476e+01 3.889486e+02 -2.000000e+01
      vertex   -1.513381e+02 3.811437e+02 -2.000000e+01
    endloop
  endfacet
  facet normal 6.494936e-15 -8.464365e-15 -1.000000e+00
    outer loop
      vertex   -1.513381e+02 3.811437e+02 -2.000000e+01
      vertex   -9.412476e+01 3.889486e+02 -2.000000e+01
      vertex   -9.459075e+01 3.885910e+02 -2.000000e+01
    endloop
  endfacet
  facet normal 5.987001e-15 -4.593988e-15 -1.000000e+00
    outer loop
      vertex   -1.513381e+02 3.811437e+02 -2.000000e+01
      vertex   -9.459075e+01 3.885910e+02 -2.000000e+01
      vertex   -9.494831e+01 3.881250e+02 -2.000000e+01
    endloop
  endfacet
  facet normal -1.064169e-15 1.182181e-15 -1.000000e+00
    outer loop
      vertex   -8.499976e+01 3.928453e+02 -2.000000e+01
      vertex   -9.241741e+01 3.891733e+02 -2.000000e+01
      vertex   -8.499976e+01 3.958505e+02 -2.000000e+01
    endloop
  endfacet
  facet normal 0.000000e+00 0.000000e+00 -1.000000e+00
    outer loop
      vertex   -8.499976e+01 3.958505e+02 -2.000000e+01
      vertex   -9.241741e+01 3.891733e+02 -2.000000e+01
      vertex   -9.299976e+01 3.892500e+02 -2.000000e+01
    endloop
  endfacet
  facet normal 0.000000e+00 0.000000e+00 -1.000000e+00
    outer loop
      vertex   -8.499976e+01 3.958505e+02 -2.000000e+01
      vertex   -9.299976e+01 3.892500e+02 -2.000000e+01
      vertex   -9.358210e+01 3.891733e+02 -2.000000e+01
    endloop
  endfacet
  facet normal -2.181912e-16 -5.267602e-16 -1.000000e+00
    outer loop
      vertex   -9.241741e+01 3.891733e+02 -2.000000e+01
      vertex   -8.499976e+01 3.928453e+02 -2.000000e+01
      vertex   -9.187476e+01 3.889486e+02 -2.000000e+01
    endloop
  endfacet
  facet normal -4.808752e-16 -6.330842e-17 -1.000000e+00
    outer loop
      vertex   -9.187476e+01 3.889486e+02 -2.000000e+01
      vertex   -8.499976e+01 3.928453e+02 -2.000000e+01
      vertex   -8.496568e+01 3.925865e+02 -2.000000e+01
    endloop
  endfacet
  facet normal -3.049511e-16 -3.974201e-16 -1.000000e+00
    outer loop
      vertex   -9.187476e+01 3.889486e+02 -2.000000e+01
      vertex   -8.496568e+01 3.925865e+02 -2.000000e+01
      vertex   -9.140877e+01 3.885910e+02 -2.000000e+01
    endloop
  endfacet
  facet normal -4.387112e-16 -1.817201e-16 -1.000000e+00
    outer loop
      vertex   -9.140877e+01 3.885910e+02 -2.000000e+01
      vertex   -8.496568e+01 3.925865e+02 -2.000000e+01
      vertex   -8.486578e+01 3.923453e+02 -2.000000e+01
    endloop
  endfacet
  facet normal -3.769951e-16 -2.892785e-16 -1.000000e+00
    outer loop
      vertex   -9.140877e+01 3.885910e+02 -2.000000e+01
      vertex   -8.486578e+01 3.923453e+02 -2.000000e+01
      vertex   -9.105120e+01 3.881250e+02 -2.000000e+01
    endloop
  endfacet
  facet normal -3.769951e-16 -2.892785e-16 -1.000000e+00
    outer loop
      vertex   -9.105120e+01 3.881250e+02 -2.000000e+01
      vertex   -8.486578e+01 3.923453e+02 -2.000000e+01
      vertex   -8.470686e+01 3.921382e+02 -2.000000e+01
    endloop
  endfacet
  facet normal -4.437201e-16 -1.837949e-16 -1.000000e+00
    outer loop
      vertex   -9.105120e+01 3.881250e+02 -2.000000e+01
      vertex   -8.470686e+01 3.921382e+02 -2.000000e+01
      vertex   -9.082642e+01 3.875823e+02 -2.000000e+01
    endloop
  endfacet
  facet normal -2.946633e-16 -3.840127e-16 -1.000000e+00
    outer loop
      vertex   -9.082642e+01 3.875823e+02 -2.000000e+01
      vertex   -8.470686e+01 3.921382e+02 -2.000000e+01
      vertex   -8.449976e+01 3.919793e+02 -2.000000e+01
    endloop
  endfacet
  facet normal -5.144734e-16 -6.773171e-17 -1.000000e+00
    outer loop
      vertex   -9.082642e+01 3.875823e+02 -2.000000e+01
      vertex   -8.449976e+01 3.919793e+02 -2.000000e+01
      vertex   -9.074976e+01 3.870000e+02 -2.000000e+01
    endloop
  endfacet
  facet normal -1.944452e-16 -4.694322e-16 -1.000000e+00
    outer loop
      vertex   -9.074976e+01 3.870000e+02 -2.000000e+01
      vertex   -8.449976e+01 3.919793e+02 -2.000000e+01
      vertex   -8.425858e+01 3.918794e+02 -2.000000e+01
    endloop
  endfacet
  facet normal -5.473139e-16 0.000000e+00 -1.000000e+00
    outer loop
      vertex   -9.074976e+01 3.870000e+02 -2.000000e+01
      vertex   -8.425858e+01 3.918794e+02 -2.000000e+01
      vertex   -8.425858e+01 3.821206e+02 -2.000000e+01
    endloop
  endfacet
  facet normal 0.000000e+00 0.000000e+00 -1.000000e+00
    outer loop
      vertex   -8.425858e+01 3.821206e+02 -2.000000e+01
      vertex   -8.425858e+01 3.918794e+02 -2.000000e+01
      vertex   -8.399976e+01 3.918453e+02 -2.000000e+01
    endloop
  endfacet
  facet normal 0.000000e+00 0.000000e+00 -1.000000e+00
    outer loop
      vertex   -8.425858e+01 3.821206e+02 -2.000000e+01
      vertex   -8.399976e+01 3.918453e+02 -2.000000e+01
      vertex   -8.399976e+01 3.821547e+02 -2.000000e+01
    endloop
  endfacet
  facet normal 0.000000e+00 0.000000e+00 -1.000000e+00
    outer loop
      vertex   -8.399976e+01 3.821547e+02 -2.000000e+01
      vertex   -8.399976e+01 3.918453e+02 -2.000000e+01
      vertex   -8.374094e+01 3.821206e+02 -2.000000e+01
    endloop
  endfacet
  facet normal 0.000000e+00 0.000000e+00 -1.000000e+00
    outer loop
      vertex   -8.374094e+01 3.821206e+02 -2.000000e+01
      vertex   -8.399976e+01 3.918453e+02 -2.000000e+01
      vertex   -8.374094e+01 3.918794e+02 -2.000000e+01
    endloop
  endfacet
  facet normal 0.000000e+00 0.000000e+00 -1.000000e+00
    outer loop
      vertex   -8.374094e+01 3.821206e+02 -2.000000e+01
      vertex   -8.374094e+01 3.918794e+02 -2.000000e+01
      vertex   -8.349976e+01 3.820207e+02 -2.000000e+01
    endloop
  endfacet
  facet normal 0.000000e+00 0.000000e+00 -1.000000e+00
    outer loop
      vertex   -8.349976e+01 3.820207e+02 -2.000000e+01
      vertex   -8.374094e+01 3.918794e+02 -2.000000e+01
      vertex   -8.349976e+01 3.919793e+02 -2.000000e+01
    endloop
  endfacet
  facet normal 0.000000e+00 0.000000e+00 -1.000000e+00
    outer loop
      vertex   -8.349976e+01 3.820207e+02 -2.000000e+01
      vertex   -8.349976e+01 3.919793e+02 -2.000000e+01
      vertex   -7.999976e+01 3.922679e+02 -2.000000e+01
    endloop
  endfacet
  facet normal -0.000000e+00 0.000000e+00 -1.000000e+00
    outer loop
      vertex   -7.999976e+01 3.922679e+02 -2.000000e+01
      vertex   -8.349976e+01 3.919793e+02 -2.000000e+01
      vertex   -8.149976e+01 3.931340e+02 -2.000000e+01
    endloop
  endfacet
  facet normal 0.000000e+00 0.000000e+00 -1.000000e+00
    outer loop
      vertex   -7.999976e+01 3.922679e+02 -2.000000e+01
      vertex   -8.149976e+01 3.931340e+02 -2.000000e+01
      vertex   -8.003383e+01 3.925268e+02 -2.000000e+01
    endloop
  endfacet
  facet normal 0.000000e+00 0.000000e+00 -1.000000e+00
    outer loop
      vertex   -8.003383e+01 3.925268e+02 -2.000000e+01
      vertex   -8.149976e+01 3.931340e+02 -2.000000e+01
      vertex   -8.013373e+01 3.927679e+02 -2.000000e+01
    endloop
  endfacet
  facet normal 0.000000e+00 0.000000e+00 -1.000000e+00
    outer loop
      vertex   -8.013373e+01 3.927679e+02 -2.000000e+01
      vertex   -8.149976e+01 3.931340e+02 -2.000000e+01
      vertex   -8.029265e+01 3.929751e+02 -2.000000e+01
    endloop
  endfacet
  facet normal 0.000000e+00 0.000000e+00 -1.000000e+00
    outer loop
      vertex   -8.029265e+01 3.929751e+02 -2.000000e+01
      vertex   -8.149976e+01 3.931340e+02 -2.000000e+01
      vertex   -8.049976e+01 3.931340e+02 -2.000000e+01
    endloop
  endfacet
  facet normal 0.000000e+00 0.000000e+00 -1.000000e+00
    outer loop
      vertex   -8.049976e+01 3.931340e+02 -2.000000e+01
      vertex   -8.149976e+01 3.931340e+02 -2.000000e+01
      vertex   -8.074094e+01 3.932339e+02 -2.000000e+01
    endloop
  endfacet
  facet normal -0.000000e+00 0.000000e+00 -1.000000e+00
    outer loop
      vertex   -8.074094e+01 3.932339e+02 -2.000000e+01
      vertex   -8.149976e+01 3.931340e+02 -2.000000e+01
      vertex   -8.125858e+01 3.932339e+02 -2.000000e+01
    endloop
  endfacet
  facet normal 0.000000e+00 0.000000e+00 -1.000000e+00
    outer loop
      vertex   -8.074094e+01 3.932339e+02 -2.000000e+01
      vertex   -8.125858e+01 3.932339e+02 -2.000000e+01
      vertex   -8.099976e+01 3.932679e+02 -2.000000e+01
    endloop
  endfacet
  facet normal 0.000000e+00 -0.000000e+00 -1.000000e+00
    outer loop
      vertex   -7.999976e+01 3.922679e+02 -2.000000e+01
      vertex   -7.999976e+01 3.817321e+02 -2.000000e+01
      vertex   -8.349976e+01 3.820207e+02 -2.000000e+01
    endloop
  endfacet
  facet normal 0.000000e+00 0.000000e+00 -1.000000e+00
    outer loop
      vertex   -8.349976e+01 3.820207e+02 -2.000000e+01
      vertex   -7.999976e+01 3.817321e+02 -2.000000e+01
      vertex   -8.149976e+01 3.808660e+02 -2.000000e+01
    endloop
  endfacet
  facet normal 0.000000e+00 0.000000e+00 -1.000000e+00
    outer loop
      vertex   -8.149976e+01 3.808660e+02 -2.000000e+01
      vertex   -7.999976e+01 3.817321e+02 -2.000000e+01
      vertex   -8.003383e+01 3.814732e+02 -2.000000e+01
    endloop
  endfacet
  facet normal 0.000000e+00 0.000000e+00 -1.000000e+00
    outer loop
      vertex   -8.149976e+01 3.808660e+02 -2.000000e+01
      vertex   -8.003383e+01 3.814732e+02 -2.000000e+01
      vertex   -8.013373e+01 3.812321e+02 -2.000000e+01
    endloop
  endfacet
  facet normal 0.000000e+00 0.000000e+00 -1.000000e+00
    outer loop
      vertex   -8.013373e+01 3.812321e+02 -2.000000e+01
      vertex   -8.029265e+01 3.810249e+02 -2.000000e+01
      vertex   -8.149976e+01 3.808660e+02 -2.000000e+01
    endloop
  endfacet
  facet normal 0.000000e+00 0.000000e+00 -1.000000e+00
    outer loop
      vertex   -8.149976e+01 3.808660e+02 -2.000000e+01
      vertex   -8.029265e+01 3.810249e+02 -2.000000e+01
      vertex   -8.049976e+01 3.808660e+02 -2.000000e+01
    endloop
  endfacet
  facet normal 0.000000e+00 0.000000e+00 -1.000000e+00
    outer loop
      vertex   -8.149976e+01 3.808660e+02 -2.000000e+01
      vertex   -8.049976e+01 3.808660e+02 -2.000000e+01
      vertex   -8.125858e+01 3.807661e+02 -2.000000e+01
    endloop
  endfacet
  facet normal 0.000000e+00 0.000000e+00 -1.000000e+00
    outer loop
      vertex   -8.125858e+01 3.807661e+02 -2.000000e+01
      vertex   -8.049976e+01 3.808660e+02 -2.000000e+01
      vertex   -8.074094e+01 3.807661e+02 -2.000000e+01
    endloop
  endfacet
  facet normal 0.000000e+00 0.000000e+00 -1.000000e+00
    outer loop
      vertex   -8.125858e+01 3.807661e+02 -2.000000e+01
      vertex   -8.074094e+01 3.807661e+02 -2.000000e+01
      vertex   -8.099976e+01 3.807321e+02 -2.000000e+01
    endloop
  endfacet
  facet normal -1.944452e-16 4.694322e-16 -1.000000e+00
    outer loop
      vertex   -8.425858e+01 3.821206e+02 -2.000000e+01
      vertex   -8.449976e+01 3.820207e+02 -2.000000e+01
      vertex   -9.074976e+01 3.870000e+02 -2.000000e+01
    endloop
  endfacet
  facet normal -5.144734e-16 6.773171e-17 -1.000000e+00
    outer loop
      vertex   -9.074976e+01 3.870000e+02 -2.000000e+01
      vertex   -8.449976e+01 3.820207e+02 -2.000000e+01
      vertex   -9.082642e+01 3.864177e+02 -2.000000e+01
    endloop
  endfacet
  facet normal -2.946633e-16 3.840127e-16 -1.000000e+00
    outer loop
      vertex   -9.082642e+01 3.864177e+02 -2.000000e+01
      vertex   -8.449976e+01 3.820207e+02 -2.000000e+01
      vertex   -8.470686e+01 3.818618e+02 -2.000000e+01
    endloop
  endfacet
  facet normal -4.437201e-16 1.837949e-16 -1.000000e+00
    outer loop
      vertex   -9.082642e+01 3.864177e+02 -2.000000e+01
      vertex   -8.470686e+01 3.818618e+02 -2.000000e+01
      vertex   -9.105120e+01 3.858750e+02 -2.000000e+01
    endloop
  endfacet
  facet normal -3.769951e-16 2.892785e-16 -1.000000e+00
    outer loop
      vertex   -9.105120e+01 3.858750e+02 -2.000000e+01
      vertex   -8.470686e+01 3.818618e+02 -2.000000e+01
      vertex   -8.486578e+01 3.816547e+02 -2.000000e+01
    endloop
  endfacet
  facet normal -3.769951e-16 2.892785e-16 -1.000000e+00
    outer loop
      vertex   -9.105120e+01 3.858750e+02 -2.000000e+01
      vertex   -8.486578e+01 3.816547e+02 -2.000000e+01
      vertex   -9.140877e+01 3.854090e+02 -2.000000e+01
    endloop
  endfacet
  facet normal -4.387112e-16 1.817201e-16 -1.000000e+00
    outer loop
      vertex   -9.140877e+01 3.854090e+02 -2.000000e+01
      vertex   -8.486578e+01 3.816547e+02 -2.000000e+01
      vertex   -8.496568e+01 3.814135e+02 -2.000000e+01
    endloop
  endfacet
  facet normal -3.049511e-16 3.974201e-16 -1.000000e+00
    outer loop
      vertex   -9.140877e+01 3.854090e+02 -2.000000e+01
      vertex   -8.496568e+01 3.814135e+02 -2.000000e+01
      vertex   -9.187476e+01 3.850514e+02 -2.000000e+01
    endloop
  endfacet
  facet normal -4.808752e-16 6.330842e-17 -1.000000e+00
    outer loop
      vertex   -9.187476e+01 3.850514e+02 -2.000000e+01
      vertex   -8.496568e+01 3.814135e+02 -2.000000e+01
      vertex   -8.499976e+01 3.811547e+02 -2.000000e+01
    endloop
  endfacet
  facet normal -2.181912e-16 5.267602e-16 -1.000000e+00
    outer loop
      vertex   -9.187476e+01 3.850514e+02 -2.000000e+01
      vertex   -8.499976e+01 3.811547e+02 -2.000000e+01
      vertex   -9.241741e+01 3.848267e+02 -2.000000e+01
    endloop
  endfacet
  facet normal -4.117088e-16 1.358398e-16 -1.000000e+00
    outer loop
      vertex   -9.241741e+01 3.848267e+02 -2.000000e+01
      vertex   -8.499976e+01 3.811547e+02 -2.000000e+01
      vertex   -9.499976e+01 3.770000e+02 -2.000000e+01
    endloop
  endfacet
  facet normal 0.000000e+00 0.000000e+00 -1.000000e+00
    outer loop
      vertex   -9.241741e+01 3.848267e+02 -2.000000e+01
      vertex   -9.499976e+01 3.770000e+02 -2.000000e+01
      vertex   -9.299976e+01 3.847500e+02 -2.000000e+01
    endloop
  endfacet
  facet normal -0.000000e+00 0.000000e+00 -1.000000e+00
    outer loop
      vertex   -9.299976e+01 3.847500e+02 -2.000000e+01
      vertex   -9.499976e+01 3.770000e+02 -2.000000e+01
      vertex   -9.358210e+01 3.848267e+02 -2.000000e+01
    endloop
  endfacet
  facet normal -0.000000e+00 0.000000e+00 -1.000000e+00
    outer loop
      vertex   -9.358210e+01 3.848267e+02 -2.000000e+01
      vertex   -9.499976e+01 3.770000e+02 -2.000000e+01
      vertex   -9.412476e+01 3.850514e+02 -2.000000e+01
    endloop
  endfacet
  facet normal 1.100527e-15 -1.196011e-16 -1.000000e+00
    outer loop
      vertex   -9.412476e+01 3.850514e+02 -2.000000e+01
      vertex   -9.499976e+01 3.770000e+02 -2.000000e+01
      vertex   -1.010750e+02 3.805075e+02 -2.000000e+01
    endloop
  endfacet
  facet normal 5.520083e-16 7.193912e-16 -1.000000e+00
    outer loop
      vertex   -9.412476e+01 3.850514e+02 -2.000000e+01
      vertex   -1.010750e+02 3.805075e+02 -2.000000e+01
      vertex   -9.459075e+01 3.854090e+02 -2.000000e+01
    endloop
  endfacet
  facet normal 6.935333e-16 5.321668e-16 -1.000000e+00
    outer loop
      vertex   -9.459075e+01 3.854090e+02 -2.000000e+01
      vertex   -1.010750e+02 3.805075e+02 -2.000000e+01
      vertex   -9.494831e+01 3.858750e+02 -2.000000e+01
    endloop
  endfacet
  facet normal 8.509567e-16 3.524778e-16 -1.000000e+00
    outer loop
      vertex   -9.494831e+01 3.858750e+02 -2.000000e+01
      vertex   -1.010750e+02 3.805075e+02 -2.000000e+01
      vertex   -9.517309e+01 3.864177e+02 -2.000000e+01
    endloop
  endfacet
  facet normal 1.063694e-15 1.400380e-16 -1.000000e+00
    outer loop
      vertex   -9.517309e+01 3.864177e+02 -2.000000e+01
      vertex   -1.010750e+02 3.805075e+02 -2.000000e+01
      vertex   -9.524976e+01 3.870000e+02 -2.000000e+01
    endloop
  endfacet
  facet normal 1.429534e-15 -1.882017e-16 -1.000000e+00
    outer loop
      vertex   -9.524976e+01 3.870000e+02 -2.000000e+01
      vertex   -1.010750e+02 3.805075e+02 -2.000000e+01
      vertex   -9.517309e+01 3.875823e+02 -2.000000e+01
    endloop
  endfacet
  facet normal 2.391288e-15 -9.905040e-16 -1.000000e+00
    outer loop
      vertex   -9.517309e+01 3.875823e+02 -2.000000e+01
      vertex   -1.010750e+02 3.805075e+02 -2.000000e+01
      vertex   -9.494831e+01 3.881250e+02 -2.000000e+01
    endloop
  endfacet
  facet normal 5.889173e-15 -3.803809e-15 -1.000000e+00
    outer loop
      vertex   -9.494831e+01 3.881250e+02 -2.000000e+01
      vertex   -1.010750e+02 3.805075e+02 -2.000000e+01
      vertex   -1.513381e+02 3.811437e+02 -2.000000e+01
    endloop
  endfacet
  facet normal -3.552714e-16 -0.000000e+00 -1.000000e+00
    outer loop
      vertex   -8.499976e+01 3.811547e+02 -2.000000e+01
      vertex   -8.499976e+01 3.770000e+02 -2.000000e+01
      vertex   -9.499976e+01 3.770000e+02 -2.000000e+01
    endloop
  endfacet
  facet normal -8.122406e-16 6.828964e-17 -1.000000e+00
    outer loop
      vertex   -2.399997e+02 2.456603e+02 -2.000000e+01
      vertex   -2.427497e+02 3.170000e+02 -2.000000e+01
      vertex   -2.399997e+02 3.497086e+02 -2.000000e+01
    endloop
  endfacet
  facet normal 0.000000e+00 0.000000e+00 -1.000000e+00
    outer loop
      vertex   -2.399997e+02 3.497086e+02 -2.000000e+01
      vertex   -2.427497e+02 3.170000e+02 -2.000000e+01
      vertex   -2.428264e+02 3.175823e+02 -2.000000e+01
    endloop
  endfacet
  facet normal 0.000000e+00 0.000000e+00 -1.000000e+00
    outer loop
      vertex   -2.399997e+02 3.497086e+02 -2.000000e+01
      vertex   -2.428264e+02 3.175823e+02 -2.000000e+01
      vertex   -2.430511e+02 3.181250e+02 -2.000000e+01
    endloop
  endfacet
  facet normal -1.940844e-17 3.990266e-16 -1.000000e+00
    outer loop
      vertex   -2.349997e+02 2.370000e+02 -2.000000e+01
      vertex   -2.434087e+02 2.365910e+02 -2.000000e+01
      vertex   -2.399997e+02 2.456603e+02 -2.000000e+01
    endloop
  endfacet
  facet normal 2.332967e-16 3.040382e-16 -1.000000e+00
    outer loop
      vertex   -2.399997e+02 2.456603e+02 -2.000000e+01
      vertex   -2.434087e+02 2.365910e+02 -2.000000e+01
      vertex   -2.438747e+02 2.369486e+02 -2.000000e+01
    endloop
  endfacet
  facet normal 1.426398e-16 3.443628e-16 -1.000000e+00
    outer loop
      vertex   -2.399997e+02 2.456603e+02 -2.000000e+01
      vertex   -2.438747e+02 2.369486e+02 -2.000000e+01
      vertex   -2.444174e+02 2.371733e+02 -2.000000e+01
    endloop
  endfacet
  facet normal 0.000000e+00 3.552714e-16 -1.000000e+00
    outer loop
      vertex   -2.349997e+02 2.270000e+02 -2.000000e+01
      vertex   -2.391544e+02 2.270000e+02 -2.000000e+01
      vertex   -2.349997e+02 2.370000e+02 -2.000000e+01
    endloop
  endfacet
  facet normal -1.358398e-16 4.117088e-16 -1.000000e+00
    outer loop
      vertex   -2.349997e+02 2.370000e+02 -2.000000e+01
      vertex   -2.391544e+02 2.270000e+02 -2.000000e+01
      vertex   -2.428264e+02 2.344177e+02 -2.000000e+01
    endloop
  endfacet
  facet normal 0.000000e+00 0.000000e+00 -1.000000e+00
    outer loop
      vertex   -2.349997e+02 2.370000e+02 -2.000000e+01
      vertex   -2.428264e+02 2.344177e+02 -2.000000e+01
      vertex   -2.427497e+02 2.350000e+02 -2.000000e+01
    endloop
  endfacet
  facet normal -5.267602e-16 2.181912e-16 -1.000000e+00
    outer loop
      vertex   -2.428264e+02 2.344177e+02 -2.000000e+01
      vertex   -2.391544e+02 2.270000e+02 -2.000000e+01
      vertex   -2.430511e+02 2.338750e+02 -2.000000e+01
    endloop
  endfacet
  facet normal -6.330842e-17 4.808752e-16 -1.000000e+00
    outer loop
      vertex   -2.430511e+02 2.338750e+02 -2.000000e+01
      vertex   -2.391544e+02 2.270000e+02 -2.000000e+01
      vertex   -2.394132e+02 2.269659e+02 -2.000000e+01
    endloop
  endfacet
  facet normal -3.974201e-16 3.049511e-16 -1.000000e+00
    outer loop
      vertex   -2.430511e+02 2.338750e+02 -2.000000e+01
      vertex   -2.394132e+02 2.269659e+02 -2.000000e+01
      vertex   -2.434087e+02 2.334090e+02 -2.000000e+01
    endloop
  endfacet
  facet normal -1.817201e-16 4.387112e-16 -1.000000e+00
    outer loop
      vertex   -2.434087e+02 2.334090e+02 -2.000000e+01
      vertex   -2.394132e+02 2.269659e+02 -2.000000e+01
      vertex   -2.396544e+02 2.268660e+02 -2.000000e+01
    endloop
  endfacet
  facet normal -2.892785e-16 3.769951e-16 -1.000000e+00
    outer loop
      vertex   -2.434087e+02 2.334090e+02 -2.000000e+01
      vertex   -2.396544e+02 2.268660e+02 -2.000000e+01
      vertex   -2.438747e+02 2.330514e+02 -2.000000e+01
    endloop
  endfacet
  facet normal -2.892785e-16 3.769951e-16 -1.000000e+00
    outer loop
      vertex   -2.438747e+02 2.330514e+02 -2.000000e+01
      vertex   -2.396544e+02 2.268660e+02 -2.000000e+01
      vertex   -2.398615e+02 2.267071e+02 -2.000000e+01
    endloop
  endfacet
  facet normal -1.837949e-16 4.437201e-16 -1.000000e+00
    outer loop
      vertex   -2.438747e+02 2.330514e+02 -2.000000e+01
      vertex   -2.398615e+02 2.267071e+02 -2.000000e+01
      vertex   -2.444174e+02 2.328267e+02 -2.000000e+01
    endloop
  endfacet
  facet normal -3.840127e-16 2.946633e-16 -1.000000e+00
    outer loop
      vertex   -2.444174e+02 2.328267e+02 -2.000000e+01
      vertex   -2.398615e+02 2.267071e+02 -2.000000e+01
      vertex   -2.400204e+02 2.265000e+02 -2.000000e+01
    endloop
  endfacet
  facet normal -6.773171e-17 5.144734e-16 -1.000000e+00
    outer loop
      vertex   -2.444174e+02 2.328267e+02 -2.000000e+01
      vertex   -2.400204e+02 2.265000e+02 -2.000000e+01
      vertex   -2.449997e+02 2.327500e+02 -2.000000e+01
    endloop
  endfacet
  facet normal -4.694322e-16 1.944452e-16 -1.000000e+00
    outer loop
      vertex   -2.449997e+02 2.327500e+02 -2.000000e+01
      vertex   -2.400204e+02 2.265000e+02 -2.000000e+01
      vertex   -2.401203e+02 2.262588e+02 -2.000000e+01
    endloop
  endfacet
  facet normal 3.188032e-30 5.473139e-16 -1.000000e+00
    outer loop
      vertex   -2.449997e+02 2.327500e+02 -2.000000e+01
      vertex   -2.401203e+02 2.262588e+02 -2.000000e+01
      vertex   -2.498791e+02 2.262588e+02 -2.000000e+01
    endloop
  endfacet
  facet normal 0.000000e+00 0.000000e+00 -1.000000e+00
    outer loop
      vertex   -2.498791e+02 2.262588e+02 -2.000000e+01
      vertex   -2.401203e+02 2.262588e+02 -2.000000e+01
      vertex   -2.498450e+02 2.260000e+02 -2.000000e+01
    endloop
  endfacet
  facet normal 0.000000e+00 0.000000e+00 -1.000000e+00
    outer loop
      vertex   -2.498450e+02 2.260000e+02 -2.000000e+01
      vertex   -2.401203e+02 2.262588e+02 -2.000000e+01
      vertex   -2.401544e+02 2.260000e+02 -2.000000e+01
    endloop
  endfacet
  facet normal 0.000000e+00 -0.000000e+00 -1.000000e+00
    outer loop
      vertex   -2.498450e+02 2.260000e+02 -2.000000e+01
      vertex   -2.401544e+02 2.260000e+02 -2.000000e+01
      vertex   -2.498791e+02 2.257412e+02 -2.000000e+01
    endloop
  endfacet
  facet normal 0.000000e+00 0.000000e+00 -1.000000e+00
    outer loop
      vertex   -2.498791e+02 2.257412e+02 -2.000000e+01
      vertex   -2.401544e+02 2.260000e+02 -2.000000e+01
      vertex   -2.401203e+02 2.257412e+02 -2.000000e+01
    endloop
  endfacet
  facet normal 0.000000e+00 -0.000000e+00 -1.000000e+00
    outer loop
      vertex   -2.498791e+02 2.257412e+02 -2.000000e+01
      vertex   -2.401203e+02 2.257412e+02 -2.000000e+01
      vertex   -2.499790e+02 2.255000e+02 -2.000000e+01
    endloop
  endfacet
  facet normal 0.000000e+00 0.000000e+00 -1.000000e+00
    outer loop
      vertex   -2.499790e+02 2.255000e+02 -2.000000e+01
      vertex   -2.401203e+02 2.257412e+02 -2.000000e+01
      vertex   -2.400204e+02 2.255000e+02 -2.000000e+01
    endloop
  endfacet
  facet normal 0.000000e+00 -0.000000e+00 -1.000000e+00
    outer loop
      vertex   -2.499790e+02 2.255000e+02 -2.000000e+01
      vertex   -2.400204e+02 2.255000e+02 -2.000000e+01
      vertex   -2.502676e+02 2.220000e+02 -2.000000e+01
    endloop
  endfacet
  facet normal 0.000000e+00 0.000000e+00 -1.000000e+00
    outer loop
      vertex   -2.502676e+02 2.220000e+02 -2.000000e+01
      vertex   -2.400204e+02 2.255000e+02 -2.000000e+01
      vertex   -2.397318e+02 2.220000e+02 -2.000000e+01
    endloop
  endfacet
  facet normal 0.000000e+00 0.000000e+00 -1.000000e+00
    outer loop
      vertex   -2.397318e+02 2.220000e+02 -2.000000e+01
      vertex   -2.400204e+02 2.255000e+02 -2.000000e+01
      vertex   -2.388657e+02 2.235000e+02 -2.000000e+01
    endloop
  endfacet
  facet normal 0.000000e+00 0.000000e+00 -1.000000e+00
    outer loop
      vertex   -2.397318e+02 2.220000e+02 -2.000000e+01
      vertex   -2.388657e+02 2.235000e+02 -2.000000e+01
      vertex   -2.387658e+02 2.232588e+02 -2.000000e+01
    endloop
  endfacet
  facet normal 0.000000e+00 -0.000000e+00 -1.000000e+00
    outer loop
      vertex   -2.387658e+02 2.232588e+02 -2.000000e+01
      vertex   -2.387318e+02 2.230000e+02 -2.000000e+01
      vertex   -2.397318e+02 2.220000e+02 -2.000000e+01
    endloop
  endfacet
  facet normal 0.000000e+00 0.000000e+00 -1.000000e+00
    outer loop
      vertex   -2.397318e+02 2.220000e+02 -2.000000e+01
      vertex   -2.387318e+02 2.230000e+02 -2.000000e+01
      vertex   -2.387658e+02 2.227412e+02 -2.000000e+01
    endloop
  endfacet
  facet normal 0.000000e+00 0.000000e+00 -1.000000e+00
    outer loop
      vertex   -2.397318e+02 2.220000e+02 -2.000000e+01
      vertex   -2.387658e+02 2.227412e+02 -2.000000e+01
      vertex   -2.388657e+02 2.225000e+02 -2.000000e+01
    endloop
  endfacet
  facet normal 0.000000e+00 0.000000e+00 -1.000000e+00
    outer loop
      vertex   -2.388657e+02 2.225000e+02 -2.000000e+01
      vertex   -2.390246e+02 2.222929e+02 -2.000000e+01
      vertex   -2.397318e+02 2.220000e+02 -2.000000e+01
    endloop
  endfacet
  facet normal 0.000000e+00 0.000000e+00 -1.000000e+00
    outer loop
      vertex   -2.397318e+02 2.220000e+02 -2.000000e+01
      vertex   -2.390246e+02 2.222929e+02 -2.000000e+01
      vertex   -2.392318e+02 2.221340e+02 -2.000000e+01
    endloop
  endfacet
  facet normal 0.000000e+00 0.000000e+00 -1.000000e+00
    outer loop
      vertex   -2.397318e+02 2.220000e+02 -2.000000e+01
      vertex   -2.392318e+02 2.221340e+02 -2.000000e+01
      vertex   -2.394729e+02 2.220341e+02 -2.000000e+01
    endloop
  endfacet
  facet normal 0.000000e+00 0.000000e+00 -1.000000e+00
    outer loop
      vertex   -2.505265e+02 2.220341e+02 -2.000000e+01
      vertex   -2.507676e+02 2.221340e+02 -2.000000e+01
      vertex   -2.502676e+02 2.220000e+02 -2.000000e+01
    endloop
  endfacet
  facet normal 0.000000e+00 0.000000e+00 -1.000000e+00
    outer loop
      vertex   -2.502676e+02 2.220000e+02 -2.000000e+01
      vertex   -2.507676e+02 2.221340e+02 -2.000000e+01
      vertex   -2.509748e+02 2.222929e+02 -2.000000e+01
    endloop
  endfacet
  facet normal 0.000000e+00 0.000000e+00 -1.000000e+00
    outer loop
      vertex   -2.502676e+02 2.220000e+02 -2.000000e+01
      vertex   -2.509748e+02 2.222929e+02 -2.000000e+01
      vertex   -2.511337e+02 2.225000e+02 -2.000000e+01
    endloop
  endfacet
  facet normal 0.000000e+00 0.000000e+00 -1.000000e+00
    outer loop
      vertex   -2.511337e+02 2.225000e+02 -2.000000e+01
      vertex   -2.512336e+02 2.227412e+02 -2.000000e+01
      vertex   -2.502676e+02 2.220000e+02 -2.000000e+01
    endloop
  endfacet
  facet normal 0.000000e+00 0.000000e+00 -1.000000e+00
    outer loop
      vertex   -2.502676e+02 2.220000e+02 -2.000000e+01
      vertex   -2.512336e+02 2.227412e+02 -2.000000e+01
      vertex   -2.512676e+02 2.230000e+02 -2.000000e+01
    endloop
  endfacet
  facet normal 0.000000e+00 0.000000e+00 -1.000000e+00
    outer loop
      vertex   -2.502676e+02 2.220000e+02 -2.000000e+01
      vertex   -2.512676e+02 2.230000e+02 -2.000000e+01
      vertex   -2.512336e+02 2.232588e+02 -2.000000e+01
    endloop
  endfacet
  facet normal 0.000000e+00 0.000000e+00 -1.000000e+00
    outer loop
      vertex   -2.512336e+02 2.232588e+02 -2.000000e+01
      vertex   -2.511337e+02 2.235000e+02 -2.000000e+01
      vertex   -2.502676e+02 2.220000e+02 -2.000000e+01
    endloop
  endfacet
  facet normal 0.000000e+00 0.000000e+00 -1.000000e+00
    outer loop
      vertex   -2.502676e+02 2.220000e+02 -2.000000e+01
      vertex   -2.511337e+02 2.235000e+02 -2.000000e+01
      vertex   -2.499790e+02 2.255000e+02 -2.000000e+01
    endloop
  endfacet
  facet normal 4.694322e-16 1.944452e-16 -1.000000e+00
    outer loop
      vertex   -2.498791e+02 2.262588e+02 -2.000000e+01
      vertex   -2.499790e+02 2.265000e+02 -2.000000e+01
      vertex   -2.449997e+02 2.327500e+02 -2.000000e+01
    endloop
  endfacet
  facet normal 6.773171e-17 5.144734e-16 -1.000000e+00
    outer loop
      vertex   -2.449997e+02 2.327500e+02 -2.000000e+01
      vertex   -2.499790e+02 2.265000e+02 -2.000000e+01
      vertex   -2.455820e+02 2.328267e+02 -2.000000e+01
    endloop
  endfacet
  facet normal 3.840127e-16 2.946633e-16 -1.000000e+00
    outer loop
      vertex   -2.455820e+02 2.328267e+02 -2.000000e+01
      vertex   -2.499790e+02 2.265000e+02 -2.000000e+01
      vertex   -2.501379e+02 2.267071e+02 -2.000000e+01
    endloop
  endfacet
  facet normal 1.837949e-16 4.437201e-16 -1.000000e+00
    outer loop
      vertex   -2.455820e+02 2.328267e+02 -2.000000e+01
      vertex   -2.501379e+02 2.267071e+02 -2.000000e+01
      vertex   -2.461247e+02 2.330514e+02 -2.000000e+01
    endloop
  endfacet
  facet normal 2.892785e-16 3.769951e-16 -1.000000e+00
    outer loop
      vertex   -2.461247e+02 2.330514e+02 -2.000000e+01
      vertex   -2.501379e+02 2.267071e+02 -2.000000e+01
      vertex   -2.503450e+02 2.268660e+02 -2.000000e+01
    endloop
  endfacet
  facet normal 2.892785e-16 3.769951e-16 -1.000000e+00
    outer loop
      vertex   -2.461247e+02 2.330514e+02 -2.000000e+01
      vertex   -2.503450e+02 2.268660e+02 -2.000000e+01
      vertex   -2.465907e+02 2.334090e+02 -2.000000e+01
    endloop
  endfacet
  facet normal 1.817201e-16 4.387112e-16 -1.000000e+00
    outer loop
      vertex   -2.465907e+02 2.334090e+02 -2.000000e+01
      vertex   -2.503450e+02 2.268660e+02 -2.000000e+01
      vertex   -2.505862e+02 2.269659e+02 -2.000000e+01
    endloop
  endfacet
  facet normal 3.974201e-16 3.049511e-16 -1.000000e+00
    outer loop
      vertex   -2.465907e+02 2.334090e+02 -2.000000e+01
      vertex   -2.505862e+02 2.269659e+02 -2.000000e+01
      vertex   -2.469483e+02 2.338750e+02 -2.000000e+01
    endloop
  endfacet
  facet normal 6.330842e-17 4.808752e-16 -1.000000e+00
    outer loop
      vertex   -2.469483e+02 2.338750e+02 -2.000000e+01
      vertex   -2.505862e+02 2.269659e+02 -2.000000e+01
      vertex   -2.508450e+02 2.270000e+02 -2.000000e+01
    endloop
  endfacet
  facet normal 5.267602e-16 2.181912e-16 -1.000000e+00
    outer loop
      vertex   -2.469483e+02 2.338750e+02 -2.000000e+01
      vertex   -2.508450e+02 2.270000e+02 -2.000000e+01
      vertex   -2.471730e+02 2.344177e+02 -2.000000e+01
    endloop
  endfacet
  facet normal 0.000000e+00 4.789536e-16 -1.000000e+00
    outer loop
      vertex   -2.471730e+02 2.344177e+02 -2.000000e+01
      vertex   -2.508450e+02 2.270000e+02 -2.000000e+01
      vertex   -2.549997e+02 2.270000e+02 -2.000000e+01
    endloop
  endfacet
  facet normal 4.035698e-16 5.313097e-17 -1.000000e+00
    outer loop
      vertex   -2.471730e+02 2.344177e+02 -2.000000e+01
      vertex   -2.549997e+02 2.270000e+02 -2.000000e+01
      vertex   -2.472497e+02 2.350000e+02 -2.000000e+01
    endloop
  endfacet
  facet normal 5.305107e-16 -6.984306e-17 -1.000000e+00
    outer loop
      vertex   -2.472497e+02 2.350000e+02 -2.000000e+01
      vertex   -2.549997e+02 2.270000e+02 -2.000000e+01
      vertex   -2.471730e+02 2.355823e+02 -2.000000e+01
    endloop
  endfacet
  facet normal 8.316776e-16 -3.444921e-16 -1.000000e+00
    outer loop
      vertex   -2.471730e+02 2.355823e+02 -2.000000e+01
      vertex   -2.549997e+02 2.270000e+02 -2.000000e+01
      vertex   -2.469483e+02 2.361250e+02 -2.000000e+01
    endloop
  endfacet
  facet normal 2.897876e-16 1.336444e-16 -1.000000e+00
    outer loop
      vertex   -2.469483e+02 2.361250e+02 -2.000000e+01
      vertex   -2.549997e+02 2.270000e+02 -2.000000e+01
      vertex   -2.469483e+02 3.158750e+02 -2.000000e+01
    endloop
  endfacet
  facet normal -1.741688e-16 1.336444e-16 -1.000000e+00
    outer loop
      vertex   -2.469483e+02 2.361250e+02 -2.000000e+01
      vertex   -2.469483e+02 3.158750e+02 -2.000000e+01
      vertex   -2.465907e+02 2.365910e+02 -2.000000e+01
    endloop
  endfacet
  facet normal 1.762282e-16 1.352247e-16 -1.000000e+00
    outer loop
      vertex   -2.465907e+02 2.365910e+02 -2.000000e+01
      vertex   -2.469483e+02 3.158750e+02 -2.000000e+01
      vertex   -2.465907e+02 3.154090e+02 -2.000000e+01
    endloop
  endfacet
  facet normal 3.529554e-16 1.352247e-16 -1.000000e+00
    outer loop
      vertex   -2.465907e+02 2.365910e+02 -2.000000e+01
      vertex   -2.465907e+02 3.154090e+02 -2.000000e+01
      vertex   -2.399997e+02 2.456603e+02 -2.000000e+01
    endloop
  endfacet
  facet normal 8.428004e-17 1.098359e-16 -1.000000e+00
    outer loop
      vertex   -2.399997e+02 2.456603e+02 -2.000000e+01
      vertex   -2.465907e+02 3.154090e+02 -2.000000e+01
      vertex   -2.461247e+02 3.150514e+02 -2.000000e+01
    endloop
  endfacet
  facet normal 4.402367e-17 1.062825e-16 -1.000000e+00
    outer loop
      vertex   -2.399997e+02 2.456603e+02 -2.000000e+01
      vertex   -2.461247e+02 3.150514e+02 -2.000000e+01
      vertex   -2.455820e+02 3.148267e+02 -2.000000e+01
    endloop
  endfacet
  facet normal 2.303423e-16 1.380634e-16 -1.000000e+00
    outer loop
      vertex   -2.549997e+02 3.556624e+02 -2.000000e+01
      vertex   -2.472497e+02 3.170000e+02 -2.000000e+01
      vertex   -2.549997e+02 2.270000e+02 -2.000000e+01
    endloop
  endfacet
  facet normal 7.250908e-16 9.546001e-17 -1.000000e+00
    outer loop
      vertex   -2.549997e+02 2.270000e+02 -2.000000e+01
      vertex   -2.472497e+02 3.170000e+02 -2.000000e+01
      vertex   -2.471730e+02 3.164177e+02 -2.000000e+01
    endloop
  endfacet
  facet normal 3.167493e-16 1.312019e-16 -1.000000e+00
    outer loop
      vertex   -2.549997e+02 2.270000e+02 -2.000000e+01
      vertex   -2.471730e+02 3.164177e+02 -2.000000e+01
      vertex   -2.469483e+02 3.158750e+02 -2.000000e+01
    endloop
  endfacet
  facet normal 0.000000e+00 0.000000e+00 -1.000000e+00
    outer loop
      vertex   -2.430511e+02 3.181250e+02 -2.000000e+01
      vertex   -2.434087e+02 3.185910e+02 -2.000000e+01
      vertex   -2.399997e+02 3.497086e+02 -2.000000e+01
    endloop
  endfacet
  facet normal 0.000000e+00 0.000000e+00 -1.000000e+00
    outer loop
      vertex   -2.399997e+02 3.497086e+02 -2.000000e+01
      vertex   -2.434087e+02 3.185910e+02 -2.000000e+01
      vertex   -2.438747e+02 3.189486e+02 -2.000000e+01
    endloop
  endfacet
  facet normal 0.000000e+00 0.000000e+00 -1.000000e+00
    outer loop
      vertex   -2.399997e+02 3.497086e+02 -2.000000e+01
      vertex   -2.438747e+02 3.189486e+02 -2.000000e+01
      vertex   -2.444174e+02 3.191733e+02 -2.000000e+01
    endloop
  endfacet
  facet normal 0.000000e+00 0.000000e+00 -1.000000e+00
    outer loop
      vertex   -2.444174e+02 3.191733e+02 -2.000000e+01
      vertex   -2.449997e+02 3.192500e+02 -2.000000e+01
      vertex   -2.399997e+02 3.497086e+02 -2.000000e+01
    endloop
  endfacet
  facet normal 0.000000e+00 0.000000e+00 -1.000000e+00
    outer loop
      vertex   -2.399997e+02 3.497086e+02 -2.000000e+01
      vertex   -2.449997e+02 3.192500e+02 -2.000000e+01
      vertex   -2.455820e+02 3.191733e+02 -2.000000e+01
    endloop
  endfacet
  facet normal 0.000000e+00 0.000000e+00 -1.000000e+00
    outer loop
      vertex   -2.399997e+02 3.497086e+02 -2.000000e+01
      vertex   -2.455820e+02 3.191733e+02 -2.000000e+01
      vertex   -2.461247e+02 3.189486e+02 -2.000000e+01
    endloop
  endfacet
  facet normal -9.639723e-17 7.396820e-17 -1.000000e+00
    outer loop
      vertex   -2.465907e+02 3.185910e+02 -2.000000e+01
      vertex   -2.469483e+02 3.181250e+02 -2.000000e+01
      vertex   -2.549997e+02 3.556624e+02 -2.000000e+01
    endloop
  endfacet
  facet normal -1.505390e-16 6.235528e-17 -1.000000e+00
    outer loop
      vertex   -2.549997e+02 3.556624e+02 -2.000000e+01
      vertex   -2.469483e+02 3.181250e+02 -2.000000e+01
      vertex   -2.471730e+02 3.175823e+02 -2.000000e+01
    endloop
  endfacet
  facet normal -2.766909e-16 3.642705e-17 -1.000000e+00
    outer loop
      vertex   -2.549997e+02 3.556624e+02 -2.000000e+01
      vertex   -2.471730e+02 3.175823e+02 -2.000000e+01
      vertex   -2.472497e+02 3.170000e+02 -2.000000e+01
    endloop
  endfacet
  facet normal 1.366984e-17 1.038327e-16 -1.000000e+00
    outer loop
      vertex   -2.455820e+02 3.148267e+02 -2.000000e+01
      vertex   -2.449997e+02 3.147500e+02 -2.000000e+01
      vertex   -2.399997e+02 2.456603e+02 -2.000000e+01
    endloop
  endfacet
  facet normal -1.341181e-17 1.018728e-16 -1.000000e+00
    outer loop
      vertex   -2.399997e+02 2.456603e+02 -2.000000e+01
      vertex   -2.449997e+02 3.147500e+02 -2.000000e+01
      vertex   -2.444174e+02 3.148267e+02 -2.000000e+01
    endloop
  endfacet
  facet normal -4.145520e-17 1.000817e-16 -1.000000e+00
    outer loop
      vertex   -2.399997e+02 2.456603e+02 -2.000000e+01
      vertex   -2.444174e+02 3.148267e+02 -2.000000e+01
      vertex   -2.438747e+02 3.150514e+02 -2.000000e+01
    endloop
  endfacet
  facet normal -7.534330e-17 9.818930e-17 -1.000000e+00
    outer loop
      vertex   -2.438747e+02 3.150514e+02 -2.000000e+01
      vertex   -2.434087e+02 3.154090e+02 -2.000000e+01
      vertex   -2.399997e+02 2.456603e+02 -2.000000e+01
    endloop
  endfacet
  facet normal -1.248118e-16 9.577149e-17 -1.000000e+00
    outer loop
      vertex   -2.399997e+02 2.456603e+02 -2.000000e+01
      vertex   -2.434087e+02 3.154090e+02 -2.000000e+01
      vertex   -2.430511e+02 3.158750e+02 -2.000000e+01
    endloop
  endfacet
  facet normal -2.211094e-16 9.158652e-17 -1.000000e+00
    outer loop
      vertex   -2.399997e+02 2.456603e+02 -2.000000e+01
      vertex   -2.430511e+02 3.158750e+02 -2.000000e+01
      vertex   -2.428264e+02 3.164177e+02 -2.000000e+01
    endloop
  endfacet
  facet normal -5.851915e-16 7.704192e-17 -1.000000e+00
    outer loop
      vertex   -2.428264e+02 3.164177e+02 -2.000000e+01
      vertex   -2.427497e+02 3.170000e+02 -2.000000e+01
      vertex   -2.399997e+02 2.456603e+02 -2.000000e+01
    endloop
  endfacet
  facet normal 0.000000e+00 0.000000e+00 -1.000000e+00
    outer loop
      vertex   -2.427497e+02 2.350000e+02 -2.000000e+01
      vertex   -2.428264e+02 2.355823e+02 -2.000000e+01
      vertex   -2.349997e+02 2.370000e+02 -2.000000e+01
    endloop
  endfacet
  facet normal 0.000000e+00 0.000000e+00 -1.000000e+00
    outer loop
      vertex   -2.349997e+02 2.370000e+02 -2.000000e+01
      vertex   -2.428264e+02 2.355823e+02 -2.000000e+01
      vertex   -2.430511e+02 2.361250e+02 -2.000000e+01
    endloop
  endfacet
  facet normal 0.000000e+00 0.000000e+00 -1.000000e+00
    outer loop
      vertex   -2.349997e+02 2.370000e+02 -2.000000e+01
      vertex   -2.430511e+02 2.361250e+02 -2.000000e+01
      vertex   -2.434087e+02 2.365910e+02 -2.000000e+01
    endloop
  endfacet
  facet normal 5.157664e-17 3.917635e-16 -1.000000e+00
    outer loop
      vertex   -2.444174e+02 2.371733e+02 -2.000000e+01
      vertex   -2.449997e+02 2.372500e+02 -2.000000e+01
      vertex   -2.399997e+02 2.456603e+02 -2.000000e+01
    endloop
  endfacet
  facet normal -6.033593e-17 4.582969e-16 -1.000000e+00
    outer loop
      vertex   -2.399997e+02 2.456603e+02 -2.000000e+01
      vertex   -2.449997e+02 2.372500e+02 -2.000000e+01
      vertex   -2.455820e+02 2.371733e+02 -2.000000e+01
    endloop
  endfacet
  facet normal -2.383268e-16 5.753719e-16 -1.000000e+00
    outer loop
      vertex   -2.399997e+02 2.456603e+02 -2.000000e+01
      vertex   -2.455820e+02 2.371733e+02 -2.000000e+01
      vertex   -2.461247e+02 2.369486e+02 -2.000000e+01
    endloop
  endfacet
  facet normal -6.795155e-16 8.855618e-16 -1.000000e+00
    outer loop
      vertex   -2.461247e+02 2.369486e+02 -2.000000e+01
      vertex   -2.465907e+02 2.365910e+02 -2.000000e+01
      vertex   -2.399997e+02 2.456603e+02 -2.000000e+01
    endloop
  endfacet
  facet normal -0.000000e+00 0.000000e+00 -1.000000e+00
    outer loop
      vertex   -9.358210e+01 3.891733e+02 -2.000000e+01
      vertex   -9.412476e+01 3.889486e+02 -2.000000e+01
      vertex   -8.499976e+01 3.958505e+02 -2.000000e+01
    endloop
  endfacet
  facet normal -9.914449e-01 1.305262e-01 -7.577190e-15
    outer loop
      vertex   -1.515415e+02 3.795986e+02 -2.000000e+01
      vertex   -1.515415e+02 3.795986e+02 -1.628113e+01
      vertex   -1.513381e+02 3.811437e+02 -2.000000e+01
    endloop
  endfacet
  facet normal -9.914449e-01 1.305262e-01 3.802834e-16
    outer loop
      vertex   -1.513381e+02 3.811437e+02 -2.000000e+01
      vertex   -1.515415e+02 3.795986e+02 -1.628113e+01
      vertex   -1.513381e+02 3.811437e+02 3.458824e+01
    endloop
  endfacet
  facet normal -9.914449e-01 1.305262e-01 5.627967e-17
    outer loop
      vertex   -1.513381e+02 3.811437e+02 3.458824e+01
      vertex   -1.515415e+02 3.795986e+02 -1.628113e+01
      vertex   -1.523798e+02 3.732306e+02 2.708824e+01
    endloop
  endfacet
  facet normal -9.914449e-01 1.305262e-01 -5.738260e-16
    outer loop
      vertex   -1.523798e+02 3.732306e+02 2.708824e+01
      vertex   -1.515415e+02 3.795986e+02 -1.628113e+01
      vertex   -1.523798e+02 3.732306e+02 -9.088238e+00
    endloop
  endfacet
  facet normal 0.000000e+00 -0.000000e+00 1.000000e+00
    outer loop
      vertex   -2.488634e+02 2.339647e+02 -1.100000e+01
      vertex   -2.471730e+02 2.344177e+02 -1.100000e+01
      vertex   -2.489997e+02 2.350000e+02 -1.100000e+01
    endloop
  endfacet
  facet normal -0.000000e+00 0.000000e+00 1.000000e+00
    outer loop
      vertex   -2.489997e+02 2.350000e+02 -1.100000e+01
      vertex   -2.471730e+02 2.344177e+02 -1.100000e+01
      vertex   -2.472497e+02 2.350000e+02 -1.100000e+01
    endloop
  endfacet
  facet normal 0.000000e+00 0.000000e+00 1.000000e+00
    outer loop
      vertex   -2.489997e+02 2.350000e+02 -1.100000e+01
      vertex   -2.472497e+02 2.350000e+02 -1.100000e+01
      vertex   -2.471730e+02 2.355823e+02 -1.100000e+01
    endloop
  endfacet
  facet normal 0.000000e+00 0.000000e+00 1.000000e+00
    outer loop
      vertex   -2.471730e+02 2.344177e+02 -1.100000e+01
      vertex   -2.488634e+02 2.339647e+02 -1.100000e+01
      vertex   -2.469483e+02 2.338750e+02 -1.100000e+01
    endloop
  endfacet
  facet normal 0.000000e+00 0.000000e+00 1.000000e+00
    outer loop
      vertex   -2.469483e+02 2.338750e+02 -1.100000e+01
      vertex   -2.488634e+02 2.339647e+02 -1.100000e+01
      vertex   -2.484638e+02 2.330000e+02 -1.100000e+01
    endloop
  endfacet
  facet normal 0.000000e+00 0.000000e+00 1.000000e+00
    outer loop
      vertex   -2.469483e+02 2.338750e+02 -1.100000e+01
      vertex   -2.484638e+02 2.330000e+02 -1.100000e+01
      vertex   -2.465907e+02 2.334090e+02 -1.100000e+01
    endloop
  endfacet
  facet normal 0.000000e+00 0.000000e+00 1.000000e+00
    outer loop
      vertex   -2.465907e+02 2.334090e+02 -1.100000e+01
      vertex   -2.484638e+02 2.330000e+02 -1.100000e+01
      vertex   -2.478281e+02 2.321716e+02 -1.100000e+01
    endloop
  endfacet
  facet normal 0.000000e+00 0.000000e+00 1.000000e+00
    outer loop
      vertex   -2.465907e+02 2.334090e+02 -1.100000e+01
      vertex   -2.478281e+02 2.321716e+02 -1.100000e+01
      vertex   -2.461247e+02 2.330514e+02 -1.100000e+01
    endloop
  endfacet
  facet normal 0.000000e+00 0.000000e+00 1.000000e+00
    outer loop
      vertex   -2.461247e+02 2.330514e+02 -1.100000e+01
      vertex   -2.478281e+02 2.321716e+02 -1.100000e+01
      vertex   -2.469997e+02 2.315359e+02 -1.100000e+01
    endloop
  endfacet
  facet normal 0.000000e+00 0.000000e+00 1.000000e+00
    outer loop
      vertex   -2.461247e+02 2.330514e+02 -1.100000e+01
      vertex   -2.469997e+02 2.315359e+02 -1.100000e+01
      vertex   -2.455820e+02 2.328267e+02 -1.100000e+01
    endloop
  endfacet
  facet normal 0.000000e+00 0.000000e+00 1.000000e+00
    outer loop
      vertex   -2.455820e+02 2.328267e+02 -1.100000e+01
      vertex   -2.469997e+02 2.315359e+02 -1.100000e+01
      vertex   -2.460350e+02 2.311363e+02 -1.100000e+01
    endloop
  endfacet
  facet normal 0.000000e+00 0.000000e+00 1.000000e+00
    outer loop
      vertex   -2.455820e+02 2.328267e+02 -1.100000e+01
      vertex   -2.460350e+02 2.311363e+02 -1.100000e+01
      vertex   -2.449997e+02 2.327500e+02 -1.100000e+01
    endloop
  endfacet
  facet normal 0.000000e+00 0.000000e+00 1.000000e+00
    outer loop
      vertex   -2.449997e+02 2.327500e+02 -1.100000e+01
      vertex   -2.460350e+02 2.311363e+02 -1.100000e+01
      vertex   -2.449997e+02 2.310000e+02 -1.100000e+01
    endloop
  endfacet
  facet normal 0.000000e+00 0.000000e+00 1.000000e+00
    outer loop
      vertex   -2.449997e+02 2.327500e+02 -1.100000e+01
      vertex   -2.449997e+02 2.310000e+02 -1.100000e+01
      vertex   -2.439644e+02 2.311363e+02 -1.100000e+01
    endloop
  endfacet
  facet normal -0.000000e+00 0.000000e+00 1.000000e+00
    outer loop
      vertex   -2.449997e+02 2.327500e+02 -1.100000e+01
      vertex   -2.439644e+02 2.311363e+02 -1.100000e+01
      vertex   -2.444174e+02 2.328267e+02 -1.100000e+01
    endloop
  endfacet
  facet normal 0.000000e+00 0.000000e+00 1.000000e+00
    outer loop
      vertex   -2.444174e+02 2.328267e+02 -1.100000e+01
      vertex   -2.439644e+02 2.311363e+02 -1.100000e+01
      vertex   -2.429997e+02 2.315359e+02 -1.100000e+01
    endloop
  endfacet
  facet normal -0.000000e+00 0.000000e+00 1.000000e+00
    outer loop
      vertex   -2.444174e+02 2.328267e+02 -1.100000e+01
      vertex   -2.429997e+02 2.315359e+02 -1.100000e+01
      vertex   -2.438747e+02 2.330514e+02 -1.100000e+01
    endloop
  endfacet
  facet normal 0.000000e+00 0.000000e+00 1.000000e+00
    outer loop
      vertex   -2.438747e+02 2.330514e+02 -1.100000e+01
      vertex   -2.429997e+02 2.315359e+02 -1.100000e+01
      vertex   -2.421713e+02 2.321716e+02 -1.100000e+01
    endloop
  endfacet
  facet normal -0.000000e+00 0.000000e+00 1.000000e+00
    outer loop
      vertex   -2.438747e+02 2.330514e+02 -1.100000e+01
      vertex   -2.421713e+02 2.321716e+02 -1.100000e+01
      vertex   -2.434087e+02 2.334090e+02 -1.100000e+01
    endloop
  endfacet
  facet normal 0.000000e+00 0.000000e+00 1.000000e+00
    outer loop
      vertex   -2.434087e+02 2.334090e+02 -1.100000e+01
      vertex   -2.421713e+02 2.321716e+02 -1.100000e+01
      vertex   -2.415356e+02 2.330000e+02 -1.100000e+01
    endloop
  endfacet
  facet normal -0.000000e+00 0.000000e+00 1.000000e+00
    outer loop
      vertex   -2.434087e+02 2.334090e+02 -1.100000e+01
      vertex   -2.415356e+02 2.330000e+02 -1.100000e+01
      vertex   -2.430511e+02 2.338750e+02 -1.100000e+01
    endloop
  endfacet
  facet normal -0.000000e+00 0.000000e+00 1.000000e+00
    outer loop
      vertex   -2.430511e+02 2.338750e+02 -1.100000e+01
      vertex   -2.415356e+02 2.330000e+02 -1.100000e+01
      vertex   -2.411360e+02 2.339647e+02 -1.100000e+01
    endloop
  endfacet
  facet normal 0.000000e+00 0.000000e+00 1.000000e+00
    outer loop
      vertex   -2.430511e+02 2.338750e+02 -1.100000e+01
      vertex   -2.411360e+02 2.339647e+02 -1.100000e+01
      vertex   -2.428264e+02 2.344177e+02 -1.100000e+01
    endloop
  endfacet
  facet normal -0.000000e+00 0.000000e+00 1.000000e+00
    outer loop
      vertex   -2.428264e+02 2.344177e+02 -1.100000e+01
      vertex   -2.411360e+02 2.339647e+02 -1.100000e+01
      vertex   -2.427497e+02 2.350000e+02 -1.100000e+01
    endloop
  endfacet
  facet normal -0.000000e+00 0.000000e+00 1.000000e+00
    outer loop
      vertex   -2.427497e+02 2.350000e+02 -1.100000e+01
      vertex   -2.411360e+02 2.339647e+02 -1.100000e+01
      vertex   -2.409997e+02 2.350000e+02 -1.100000e+01
    endloop
  endfacet
  facet normal 0.000000e+00 -0.000000e+00 1.000000e+00
    outer loop
      vertex   -2.427497e+02 2.350000e+02 -1.100000e+01
      vertex   -2.409997e+02 2.350000e+02 -1.100000e+01
      vertex   -2.428264e+02 2.355823e+02 -1.100000e+01
    endloop
  endfacet
  facet normal -0.000000e+00 0.000000e+00 1.000000e+00
    outer loop
      vertex   -2.428264e+02 2.355823e+02 -1.100000e+01
      vertex   -2.409997e+02 2.350000e+02 -1.100000e+01
      vertex   -2.411360e+02 2.360353e+02 -1.100000e+01
    endloop
  endfacet
  facet normal 0.000000e+00 -0.000000e+00 1.000000e+00
    outer loop
      vertex   -2.428264e+02 2.355823e+02 -1.100000e+01
      vertex   -2.411360e+02 2.360353e+02 -1.100000e+01
      vertex   -2.430511e+02 2.361250e+02 -1.100000e+01
    endloop
  endfacet
  facet normal -0.000000e+00 0.000000e+00 1.000000e+00
    outer loop
      vertex   -2.430511e+02 2.361250e+02 -1.100000e+01
      vertex   -2.411360e+02 2.360353e+02 -1.100000e+01
      vertex   -2.415356e+02 2.370000e+02 -1.100000e+01
    endloop
  endfacet
  facet normal 0.000000e+00 -0.000000e+00 1.000000e+00
    outer loop
      vertex   -2.430511e+02 2.361250e+02 -1.100000e+01
      vertex   -2.415356e+02 2.370000e+02 -1.100000e+01
      vertex   -2.434087e+02 2.365910e+02 -1.100000e+01
    endloop
  endfacet
  facet normal 0.000000e+00 0.000000e+00 1.000000e+00
    outer loop
      vertex   -2.434087e+02 2.365910e+02 -1.100000e+01
      vertex   -2.415356e+02 2.370000e+02 -1.100000e+01
      vertex   -2.421713e+02 2.378284e+02 -1.100000e+01
    endloop
  endfacet
  facet normal 0.000000e+00 -0.000000e+00 1.000000e+00
    outer loop
      vertex   -2.434087e+02 2.365910e+02 -1.100000e+01
      vertex   -2.421713e+02 2.378284e+02 -1.100000e+01
      vertex   -2.438747e+02 2.369486e+02 -1.100000e+01
    endloop
  endfacet
  facet normal 0.000000e+00 0.000000e+00 1.000000e+00
    outer loop
      vertex   -2.438747e+02 2.369486e+02 -1.100000e+01
      vertex   -2.421713e+02 2.378284e+02 -1.100000e+01
      vertex   -2.429997e+02 2.384641e+02 -1.100000e+01
    endloop
  endfacet
  facet normal 0.000000e+00 -0.000000e+00 1.000000e+00
    outer loop
      vertex   -2.438747e+02 2.369486e+02 -1.100000e+01
      vertex   -2.429997e+02 2.384641e+02 -1.100000e+01
      vertex   -2.444174e+02 2.371733e+02 -1.100000e+01
    endloop
  endfacet
  facet normal 0.000000e+00 0.000000e+00 1.000000e+00
    outer loop
      vertex   -2.444174e+02 2.371733e+02 -1.100000e+01
      vertex   -2.429997e+02 2.384641e+02 -1.100000e+01
      vertex   -2.439644e+02 2.388637e+02 -1.100000e+01
    endloop
  endfacet
  facet normal 0.000000e+00 -0.000000e+00 1.000000e+00
    outer loop
      vertex   -2.444174e+02 2.371733e+02 -1.100000e+01
      vertex   -2.439644e+02 2.388637e+02 -1.100000e+01
      vertex   -2.449997e+02 2.372500e+02 -1.100000e+01
    endloop
  endfacet
  facet normal 0.000000e+00 0.000000e+00 1.000000e+00
    outer loop
      vertex   -2.449997e+02 2.372500e+02 -1.100000e+01
      vertex   -2.439644e+02 2.388637e+02 -1.100000e+01
      vertex   -2.449997e+02 2.390000e+02 -1.100000e+01
    endloop
  endfacet
  facet normal 0.000000e+00 -0.000000e+00 1.000000e+00
    outer loop
      vertex   -2.449997e+02 2.372500e+02 -1.100000e+01
      vertex   -2.449997e+02 2.390000e+02 -1.100000e+01
      vertex   -2.460350e+02 2.388637e+02 -1.100000e+01
    endloop
  endfacet
  facet normal 0.000000e+00 0.000000e+00 1.000000e+00
    outer loop
      vertex   -2.449997e+02 2.372500e+02 -1.100000e+01
      vertex   -2.460350e+02 2.388637e+02 -1.100000e+01
      vertex   -2.455820e+02 2.371733e+02 -1.100000e+01
    endloop
  endfacet
  facet normal 0.000000e+00 0.000000e+00 1.000000e+00
    outer loop
      vertex   -2.455820e+02 2.371733e+02 -1.100000e+01
      vertex   -2.460350e+02 2.388637e+02 -1.100000e+01
      vertex   -2.469997e+02 2.384641e+02 -1.100000e+01
    endloop
  endfacet
  facet normal 0.000000e+00 0.000000e+00 1.000000e+00
    outer loop
      vertex   -2.455820e+02 2.371733e+02 -1.100000e+01
      vertex   -2.469997e+02 2.384641e+02 -1.100000e+01
      vertex   -2.461247e+02 2.369486e+02 -1.100000e+01
    endloop
  endfacet
  facet normal 0.000000e+00 0.000000e+00 1.000000e+00
    outer loop
      vertex   -2.461247e+02 2.369486e+02 -1.100000e+01
      vertex   -2.469997e+02 2.384641e+02 -1.100000e+01
      vertex   -2.478281e+02 2.378284e+02 -1.100000e+01
    endloop
  endfacet
  facet normal 0.000000e+00 0.000000e+00 1.000000e+00
    outer loop
      vertex   -2.461247e+02 2.369486e+02 -1.100000e+01
      vertex   -2.478281e+02 2.378284e+02 -1.100000e+01
      vertex   -2.465907e+02 2.365910e+02 -1.100000e+01
    endloop
  endfacet
  facet normal 0.000000e+00 0.000000e+00 1.000000e+00
    outer loop
      vertex   -2.465907e+02 2.365910e+02 -1.100000e+01
      vertex   -2.478281e+02 2.378284e+02 -1.100000e+01
      vertex   -2.484638e+02 2.370000e+02 -1.100000e+01
    endloop
  endfacet
  facet normal 0.000000e+00 0.000000e+00 1.000000e+00
    outer loop
      vertex   -2.465907e+02 2.365910e+02 -1.100000e+01
      vertex   -2.484638e+02 2.370000e+02 -1.100000e+01
      vertex   -2.469483e+02 2.361250e+02 -1.100000e+01
    endloop
  endfacet
  facet normal 0.000000e+00 0.000000e+00 1.000000e+00
    outer loop
      vertex   -2.469483e+02 2.361250e+02 -1.100000e+01
      vertex   -2.484638e+02 2.370000e+02 -1.100000e+01
      vertex   -2.488634e+02 2.360353e+02 -1.100000e+01
    endloop
  endfacet
  facet normal 0.000000e+00 0.000000e+00 1.000000e+00
    outer loop
      vertex   -2.469483e+02 2.361250e+02 -1.100000e+01
      vertex   -2.488634e+02 2.360353e+02 -1.100000e+01
      vertex   -2.471730e+02 2.355823e+02 -1.100000e+01
    endloop
  endfacet
  facet normal 0.000000e+00 0.000000e+00 1.000000e+00
    outer loop
      vertex   -2.471730e+02 2.355823e+02 -1.100000e+01
      vertex   -2.488634e+02 2.360353e+02 -1.100000e+01
      vertex   -2.489997e+02 2.350000e+02 -1.100000e+01
    endloop
  endfacet
  facet normal 0.000000e+00 -0.000000e+00 1.000000e+00
    outer loop
      vertex   -9.686346e+01 3.859647e+02 -1.100000e+01
      vertex   -9.517309e+01 3.864177e+02 -1.100000e+01
      vertex   -9.699976e+01 3.870000e+02 -1.100000e+01
    endloop
  endfacet
  facet normal -0.000000e+00 0.000000e+00 1.000000e+00
    outer loop
      vertex   -9.699976e+01 3.870000e+02 -1.100000e+01
      vertex   -9.517309e+01 3.864177e+02 -1.100000e+01
      vertex   -9.524976e+01 3.870000e+02 -1.100000e+01
    endloop
  endfacet
  facet normal 0.000000e+00 0.000000e+00 1.000000e+00
    outer loop
      vertex   -9.699976e+01 3.870000e+02 -1.100000e+01
      vertex   -9.524976e+01 3.870000e+02 -1.100000e+01
      vertex   -9.517309e+01 3.875823e+02 -1.100000e+01
    endloop
  endfacet
  facet normal 0.000000e+00 0.000000e+00 1.000000e+00
    outer loop
      vertex   -9.517309e+01 3.864177e+02 -1.100000e+01
      vertex   -9.686346e+01 3.859647e+02 -1.100000e+01
      vertex   -9.494831e+01 3.858750e+02 -1.100000e+01
    endloop
  endfacet
  facet normal 0.000000e+00 0.000000e+00 1.000000e+00
    outer loop
      vertex   -9.494831e+01 3.858750e+02 -1.100000e+01
      vertex   -9.686346e+01 3.859647e+02 -1.100000e+01
      vertex   -9.646386e+01 3.850000e+02 -1.100000e+01
    endloop
  endfacet
  facet normal 0.000000e+00 0.000000e+00 1.000000e+00
    outer loop
      vertex   -9.494831e+01 3.858750e+02 -1.100000e+01
      vertex   -9.646386e+01 3.850000e+02 -1.100000e+01
      vertex   -9.459075e+01 3.854090e+02 -1.100000e+01
    endloop
  endfacet
  facet normal 0.000000e+00 0.000000e+00 1.000000e+00
    outer loop
      vertex   -9.459075e+01 3.854090e+02 -1.100000e+01
      vertex   -9.646386e+01 3.850000e+02 -1.100000e+01
      vertex   -9.582818e+01 3.841716e+02 -1.100000e+01
    endloop
  endfacet
  facet normal 0.000000e+00 0.000000e+00 1.000000e+00
    outer loop
      vertex   -9.459075e+01 3.854090e+02 -1.100000e+01
      vertex   -9.582818e+01 3.841716e+02 -1.100000e+01
      vertex   -9.412476e+01 3.850514e+02 -1.100000e+01
    endloop
  endfacet
  facet normal 0.000000e+00 0.000000e+00 1.000000e+00
    outer loop
      vertex   -9.412476e+01 3.850514e+02 -1.100000e+01
      vertex   -9.582818e+01 3.841716e+02 -1.100000e+01
      vertex   -9.499976e+01 3.835359e+02 -1.100000e+01
    endloop
  endfacet
  facet normal 0.000000e+00 0.000000e+00 1.000000e+00
    outer loop
      vertex   -9.412476e+01 3.850514e+02 -1.100000e+01
      vertex   -9.499976e+01 3.835359e+02 -1.100000e+01
      vertex   -9.358210e+01 3.848267e+02 -1.100000e+01
    endloop
  endfacet
  facet normal 0.000000e+00 0.000000e+00 1.000000e+00
    outer loop
      vertex   -9.358210e+01 3.848267e+02 -1.100000e+01
      vertex   -9.499976e+01 3.835359e+02 -1.100000e+01
      vertex   -9.403503e+01 3.831363e+02 -1.100000e+01
    endloop
  endfacet
  facet normal 0.000000e+00 0.000000e+00 1.000000e+00
    outer loop
      vertex   -9.358210e+01 3.848267e+02 -1.100000e+01
      vertex   -9.403503e+01 3.831363e+02 -1.100000e+01
      vertex   -9.299976e+01 3.847500e+02 -1.100000e+01
    endloop
  endfacet
  facet normal 0.000000e+00 0.000000e+00 1.000000e+00
    outer loop
      vertex   -9.299976e+01 3.847500e+02 -1.100000e+01
      vertex   -9.403503e+01 3.831363e+02 -1.100000e+01
      vertex   -9.299976e+01 3.830000e+02 -1.100000e+01
    endloop
  endfacet
  facet normal 0.000000e+00 0.000000e+00 1.000000e+00
    outer loop
      vertex   -9.299976e+01 3.847500e+02 -1.100000e+01
      vertex   -9.299976e+01 3.830000e+02 -1.100000e+01
      vertex   -9.196448e+01 3.831363e+02 -1.100000e+01
    endloop
  endfacet
  facet normal -0.000000e+00 0.000000e+00 1.000000e+00
    outer loop
      vertex   -9.299976e+01 3.847500e+02 -1.100000e+01
      vertex   -9.196448e+01 3.831363e+02 -1.100000e+01
      vertex   -9.241741e+01 3.848267e+02 -1.100000e+01
    endloop
  endfacet
  facet normal 0.000000e+00 0.000000e+00 1.000000e+00
    outer loop
      vertex   -9.241741e+01 3.848267e+02 -1.100000e+01
      vertex   -9.196448e+01 3.831363e+02 -1.100000e+01
      vertex   -9.099976e+01 3.835359e+02 -1.100000e+01
    endloop
  endfacet
  facet normal -0.000000e+00 0.000000e+00 1.000000e+00
    outer loop
      vertex   -9.241741e+01 3.848267e+02 -1.100000e+01
      vertex   -9.099976e+01 3.835359e+02 -1.100000e+01
      vertex   -9.187476e+01 3.850514e+02 -1.100000e+01
    endloop
  endfacet
  facet normal 0.000000e+00 0.000000e+00 1.000000e+00
    outer loop
      vertex   -9.187476e+01 3.850514e+02 -1.100000e+01
      vertex   -9.099976e+01 3.835359e+02 -1.100000e+01
      vertex   -9.017133e+01 3.841716e+02 -1.100000e+01
    endloop
  endfacet
  facet normal -0.000000e+00 0.000000e+00 1.000000e+00
    outer loop
      vertex   -9.187476e+01 3.850514e+02 -1.100000e+01
      vertex   -9.017133e+01 3.841716e+02 -1.100000e+01
      vertex   -9.140877e+01 3.854090e+02 -1.100000e+01
    endloop
  endfacet
  facet normal 0.000000e+00 0.000000e+00 1.000000e+00
    outer loop
      vertex   -9.140877e+01 3.854090e+02 -1.100000e+01
      vertex   -9.017133e+01 3.841716e+02 -1.100000e+01
      vertex   -8.953566e+01 3.850000e+02 -1.100000e+01
    endloop
  endfacet
  facet normal -0.000000e+00 0.000000e+00 1.000000e+00
    outer loop
      vertex   -9.140877e+01 3.854090e+02 -1.100000e+01
      vertex   -8.953566e+01 3.850000e+02 -1.100000e+01
      vertex   -9.105120e+01 3.858750e+02 -1.100000e+01
    endloop
  endfacet
  facet normal -0.000000e+00 0.000000e+00 1.000000e+00
    outer loop
      vertex   -9.105120e+01 3.858750e+02 -1.100000e+01
      vertex   -8.953566e+01 3.850000e+02 -1.100000e+01
      vertex   -8.913605e+01 3.859647e+02 -1.100000e+01
    endloop
  endfacet
  facet normal 0.000000e+00 0.000000e+00 1.000000e+00
    outer loop
      vertex   -9.105120e+01 3.858750e+02 -1.100000e+01
      vertex   -8.913605e+01 3.859647e+02 -1.100000e+01
      vertex   -9.082642e+01 3.864177e+02 -1.100000e+01
    endloop
  endfacet
  facet normal -0.000000e+00 0.000000e+00 1.000000e+00
    outer loop
      vertex   -9.082642e+01 3.864177e+02 -1.100000e+01
      vertex   -8.913605e+01 3.859647e+02 -1.100000e+01
      vertex   -9.074976e+01 3.870000e+02 -1.100000e+01
    endloop
  endfacet
  facet normal -0.000000e+00 0.000000e+00 1.000000e+00
    outer loop
      vertex   -9.074976e+01 3.870000e+02 -1.100000e+01
      vertex   -8.913605e+01 3.859647e+02 -1.100000e+01
      vertex   -8.899976e+01 3.870000e+02 -1.100000e+01
    endloop
  endfacet
  facet normal 0.000000e+00 -0.000000e+00 1.000000e+00
    outer loop
      vertex   -9.074976e+01 3.870000e+02 -1.100000e+01
      vertex   -8.899976e+01 3.870000e+02 -1.100000e+01
      vertex   -9.082642e+01 3.875823e+02 -1.100000e+01
    endloop
  endfacet
  facet normal -0.000000e+00 0.000000e+00 1.000000e+00
    outer loop
      vertex   -9.082642e+01 3.875823e+02 -1.100000e+01
      vertex   -8.899976e+01 3.870000e+02 -1.100000e+01
      vertex   -8.913605e+01 3.880353e+02 -1.100000e+01
    endloop
  endfacet
  facet normal 0.000000e+00 -0.000000e+00 1.000000e+00
    outer loop
      vertex   -9.082642e+01 3.875823e+02 -1.100000e+01
      vertex   -8.913605e+01 3.880353e+02 -1.100000e+01
      vertex   -9.105120e+01 3.881250e+02 -1.100000e+01
    endloop
  endfacet
  facet normal -0.000000e+00 0.000000e+00 1.000000e+00
    outer loop
      vertex   -9.105120e+01 3.881250e+02 -1.100000e+01
      vertex   -8.913605e+01 3.880353e+02 -1.100000e+01
      vertex   -8.953566e+01 3.890000e+02 -1.100000e+01
    endloop
  endfacet
  facet normal 0.000000e+00 -0.000000e+00 1.000000e+00
    outer loop
      vertex   -9.105120e+01 3.881250e+02 -1.100000e+01
      vertex   -8.953566e+01 3.890000e+02 -1.100000e+01
      vertex   -9.140877e+01 3.885910e+02 -1.100000e+01
    endloop
  endfacet
  facet normal 0.000000e+00 0.000000e+00 1.000000e+00
    outer loop
      vertex   -9.140877e+01 3.885910e+02 -1.100000e+01
      vertex   -8.953566e+01 3.890000e+02 -1.100000e+01
      vertex   -9.017133e+01 3.898284e+02 -1.100000e+01
    endloop
  endfacet
  facet normal 0.000000e+00 -0.000000e+00 1.000000e+00
    outer loop
      vertex   -9.140877e+01 3.885910e+02 -1.100000e+01
      vertex   -9.017133e+01 3.898284e+02 -1.100000e+01
      vertex   -9.187476e+01 3.889486e+02 -1.100000e+01
    endloop
  endfacet
  facet normal 0.000000e+00 0.000000e+00 1.000000e+00
    outer loop
      vertex   -9.187476e+01 3.889486e+02 -1.100000e+01
      vertex   -9.017133e+01 3.898284e+02 -1.100000e+01
      vertex   -9.099976e+01 3.904641e+02 -1.100000e+01
    endloop
  endfacet
  facet normal 0.000000e+00 -0.000000e+00 1.000000e+00
    outer loop
      vertex   -9.187476e+01 3.889486e+02 -1.100000e+01
      vertex   -9.099976e+01 3.904641e+02 -1.100000e+01
      vertex   -9.241741e+01 3.891733e+02 -1.100000e+01
    endloop
  endfacet
  facet normal 0.000000e+00 0.000000e+00 1.000000e+00
    outer loop
      vertex   -9.241741e+01 3.891733e+02 -1.100000e+01
      vertex   -9.099976e+01 3.904641e+02 -1.100000e+01
      vertex   -9.196448e+01 3.908637e+02 -1.100000e+01
    endloop
  endfacet
  facet normal 0.000000e+00 -0.000000e+00 1.000000e+00
    outer loop
      vertex   -9.241741e+01 3.891733e+02 -1.100000e+01
      vertex   -9.196448e+01 3.908637e+02 -1.100000e+01
      vertex   -9.299976e+01 3.892500e+02 -1.100000e+01
    endloop
  endfacet
  facet normal 0.000000e+00 0.000000e+00 1.000000e+00
    outer loop
      vertex   -9.299976e+01 3.892500e+02 -1.100000e+01
      vertex   -9.196448e+01 3.908637e+02 -1.100000e+01
      vertex   -9.299976e+01 3.910000e+02 -1.100000e+01
    endloop
  endfacet
  facet normal 0.000000e+00 -0.000000e+00 1.000000e+00
    outer loop
      vertex   -9.299976e+01 3.892500e+02 -1.100000e+01
      vertex   -9.299976e+01 3.910000e+02 -1.100000e+01
      vertex   -9.403503e+01 3.908637e+02 -1.100000e+01
    endloop
  endfacet
  facet normal 0.000000e+00 0.000000e+00 1.000000e+00
    outer loop
      vertex   -9.299976e+01 3.892500e+02 -1.100000e+01
      vertex   -9.403503e+01 3.908637e+02 -1.100000e+01
      vertex   -9.358210e+01 3.891733e+02 -1.100000e+01
    endloop
  endfacet
  facet normal 0.000000e+00 0.000000e+00 1.000000e+00
    outer loop
      vertex   -9.358210e+01 3.891733e+02 -1.100000e+01
      vertex   -9.403503e+01 3.908637e+02 -1.100000e+01
      vertex   -9.499976e+01 3.904641e+02 -1.100000e+01
    endloop
  endfacet
  facet normal 0.000000e+00 0.000000e+00 1.000000e+00
    outer loop
      vertex   -9.358210e+01 3.891733e+02 -1.100000e+01
      vertex   -9.499976e+01 3.904641e+02 -1.100000e+01
      vertex   -9.412476e+01 3.889486e+02 -1.100000e+01
    endloop
  endfacet
  facet normal 0.000000e+00 0.000000e+00 1.000000e+00
    outer loop
      vertex   -9.412476e+01 3.889486e+02 -1.100000e+01
      vertex   -9.499976e+01 3.904641e+02 -1.100000e+01
      vertex   -9.582818e+01 3.898284e+02 -1.100000e+01
    endloop
  endfacet
  facet normal 0.000000e+00 0.000000e+00 1.000000e+00
    outer loop
      vertex   -9.412476e+01 3.889486e+02 -1.100000e+01
      vertex   -9.582818e+01 3.898284e+02 -1.100000e+01
      vertex   -9.459075e+01 3.885910e+02 -1.100000e+01
    endloop
  endfacet
  facet normal 0.000000e+00 0.000000e+00 1.000000e+00
    outer loop
      vertex   -9.459075e+01 3.885910e+02 -1.100000e+01
      vertex   -9.582818e+01 3.898284e+02 -1.100000e+01
      vertex   -9.646386e+01 3.890000e+02 -1.100000e+01
    endloop
  endfacet
  facet normal 0.000000e+00 0.000000e+00 1.000000e+00
    outer loop
      vertex   -9.459075e+01 3.885910e+02 -1.100000e+01
      vertex   -9.646386e+01 3.890000e+02 -1.100000e+01
      vertex   -9.494831e+01 3.881250e+02 -1.100000e+01
    endloop
  endfacet
  facet normal 0.000000e+00 0.000000e+00 1.000000e+00
    outer loop
      vertex   -9.494831e+01 3.881250e+02 -1.100000e+01
      vertex   -9.646386e+01 3.890000e+02 -1.100000e+01
      vertex   -9.686346e+01 3.880353e+02 -1.100000e+01
    endloop
  endfacet
  facet normal 0.000000e+00 0.000000e+00 1.000000e+00
    outer loop
      vertex   -9.494831e+01 3.881250e+02 -1.100000e+01
      vertex   -9.686346e+01 3.880353e+02 -1.100000e+01
      vertex   -9.517309e+01 3.875823e+02 -1.100000e+01
    endloop
  endfacet
  facet normal 0.000000e+00 0.000000e+00 1.000000e+00
    outer loop
      vertex   -9.517309e+01 3.875823e+02 -1.100000e+01
      vertex   -9.686346e+01 3.880353e+02 -1.100000e+01
      vertex   -9.699976e+01 3.870000e+02 -1.100000e+01
    endloop
  endfacet
  facet normal -0.000000e+00 0.000000e+00 1.000000e+00
    outer loop
      vertex   -2.428264e+02 3.164177e+02 -1.500000e+01
      vertex   -2.411267e+02 3.160000e+02 -1.500000e+01
      vertex   -2.427497e+02 3.170000e+02 -1.500000e+01
    endloop
  endfacet
  facet normal -0.000000e+00 0.000000e+00 1.000000e+00
    outer loop
      vertex   -2.427497e+02 3.170000e+02 -1.500000e+01
      vertex   -2.411267e+02 3.160000e+02 -1.500000e+01
      vertex   -2.409999e+02 3.170365e+02 -1.500000e+01
    endloop
  endfacet
  facet normal 0.000000e+00 -0.000000e+00 1.000000e+00
    outer loop
      vertex   -2.427497e+02 3.170000e+02 -1.500000e+01
      vertex   -2.409999e+02 3.170365e+02 -1.500000e+01
      vertex   -2.428264e+02 3.175823e+02 -1.500000e+01
    endloop
  endfacet
  facet normal -0.000000e+00 0.000000e+00 1.000000e+00
    outer loop
      vertex   -2.428264e+02 3.175823e+02 -1.500000e+01
      vertex   -2.409999e+02 3.170365e+02 -1.500000e+01
      vertex   -2.411456e+02 3.180705e+02 -1.500000e+01
    endloop
  endfacet
  facet normal 0.000000e+00 -0.000000e+00 1.000000e+00
    outer loop
      vertex   -2.428264e+02 3.175823e+02 -1.500000e+01
      vertex   -2.411456e+02 3.180705e+02 -1.500000e+01
      vertex   -2.430511e+02 3.181250e+02 -1.500000e+01
    endloop
  endfacet
  facet normal -0.000000e+00 0.000000e+00 1.000000e+00
    outer loop
      vertex   -2.430511e+02 3.181250e+02 -1.500000e+01
      vertex   -2.411456e+02 3.180705e+02 -1.500000e+01
      vertex   -2.415540e+02 3.190315e+02 -1.500000e+01
    endloop
  endfacet
  facet normal 0.000000e+00 -0.000000e+00 1.000000e+00
    outer loop
      vertex   -2.430511e+02 3.181250e+02 -1.500000e+01
      vertex   -2.415540e+02 3.190315e+02 -1.500000e+01
      vertex   -2.434087e+02 3.185910e+02 -1.500000e+01
    endloop
  endfacet
  facet normal 0.000000e+00 0.000000e+00 1.000000e+00
    outer loop
      vertex   -2.434087e+02 3.185910e+02 -1.500000e+01
      vertex   -2.415540e+02 3.190315e+02 -1.500000e+01
      vertex   -2.421972e+02 3.198541e+02 -1.500000e+01
    endloop
  endfacet
  facet normal 0.000000e+00 -0.000000e+00 1.000000e+00
    outer loop
      vertex   -2.434087e+02 3.185910e+02 -1.500000e+01
      vertex   -2.421972e+02 3.198541e+02 -1.500000e+01
      vertex   -2.438747e+02 3.189486e+02 -1.500000e+01
    endloop
  endfacet
  facet normal 0.000000e+00 0.000000e+00 1.000000e+00
    outer loop
      vertex   -2.438747e+02 3.189486e+02 -1.500000e+01
      vertex   -2.421972e+02 3.198541e+02 -1.500000e+01
      vertex   -2.430314e+02 3.204822e+02 -1.500000e+01
    endloop
  endfacet
  facet normal 0.000000e+00 -0.000000e+00 1.000000e+00
    outer loop
      vertex   -2.438747e+02 3.189486e+02 -1.500000e+01
      vertex   -2.430314e+02 3.204822e+02 -1.500000e+01
      vertex   -2.444174e+02 3.191733e+02 -1.500000e+01
    endloop
  endfacet
  facet normal 1.285220e-15 -1.360950e-15 1.000000e+00
    outer loop
      vertex   -2.444174e+02 3.191733e+02 -1.500000e+01
      vertex   -2.430314e+02 3.204822e+02 -1.500000e+01
      vertex   -2.439997e+02 3.208730e+02 -1.500000e+01
    endloop
  endfacet
  facet normal -1.332823e-16 -1.012379e-15 1.000000e+00
    outer loop
      vertex   -2.444174e+02 3.191733e+02 -1.500000e+01
      vertex   -2.439997e+02 3.208730e+02 -1.500000e+01
      vertex   -2.449997e+02 3.192500e+02 -1.500000e+01
    endloop
  endfacet
  facet normal -1.718226e-15 -3.581715e-17 1.000000e+00
    outer loop
      vertex   -2.449997e+02 3.192500e+02 -1.500000e+01
      vertex   -2.439997e+02 3.208730e+02 -1.500000e+01
      vertex   -2.450362e+02 3.209998e+02 -1.500000e+01
    endloop
  endfacet
  facet normal 0.000000e+00 0.000000e+00 1.000000e+00
    outer loop
      vertex   -2.449997e+02 3.192500e+02 -1.500000e+01
      vertex   -2.450362e+02 3.209998e+02 -1.500000e+01
      vertex   -2.455820e+02 3.191733e+02 -1.500000e+01
    endloop
  endfacet
  facet normal 0.000000e+00 -0.000000e+00 1.000000e+00
    outer loop
      vertex   -2.455820e+02 3.191733e+02 -1.500000e+01
      vertex   -2.450362e+02 3.209998e+02 -1.500000e+01
      vertex   -2.460702e+02 3.208541e+02 -1.500000e+01
    endloop
  endfacet
  facet normal 0.000000e+00 0.000000e+00 1.000000e+00
    outer loop
      vertex   -2.455820e+02 3.191733e+02 -1.500000e+01
      vertex   -2.460702e+02 3.208541e+02 -1.500000e+01
      vertex   -2.461247e+02 3.189486e+02 -1.500000e+01
    endloop
  endfacet
  facet normal 0.000000e+00 -0.000000e+00 1.000000e+00
    outer loop
      vertex   -2.461247e+02 3.189486e+02 -1.500000e+01
      vertex   -2.460702e+02 3.208541e+02 -1.500000e+01
      vertex   -2.470312e+02 3.204457e+02 -1.500000e+01
    endloop
  endfacet
  facet normal 0.000000e+00 0.000000e+00 1.000000e+00
    outer loop
      vertex   -2.461247e+02 3.189486e+02 -1.500000e+01
      vertex   -2.470312e+02 3.204457e+02 -1.500000e+01
      vertex   -2.465907e+02 3.185910e+02 -1.500000e+01
    endloop
  endfacet
  facet normal 0.000000e+00 0.000000e+00 1.000000e+00
    outer loop
      vertex   -2.465907e+02 3.185910e+02 -1.500000e+01
      vertex   -2.470312e+02 3.204457e+02 -1.500000e+01
      vertex   -2.478538e+02 3.198025e+02 -1.500000e+01
    endloop
  endfacet
  facet normal 0.000000e+00 0.000000e+00 1.000000e+00
    outer loop
      vertex   -2.465907e+02 3.185910e+02 -1.500000e+01
      vertex   -2.478538e+02 3.198025e+02 -1.500000e+01
      vertex   -2.469483e+02 3.181250e+02 -1.500000e+01
    endloop
  endfacet
  facet normal 0.000000e+00 0.000000e+00 1.000000e+00
    outer loop
      vertex   -2.469483e+02 3.181250e+02 -1.500000e+01
      vertex   -2.478538e+02 3.198025e+02 -1.500000e+01
      vertex   -2.484819e+02 3.189683e+02 -1.500000e+01
    endloop
  endfacet
  facet normal 0.000000e+00 0.000000e+00 1.000000e+00
    outer loop
      vertex   -2.469483e+02 3.181250e+02 -1.500000e+01
      vertex   -2.484819e+02 3.189683e+02 -1.500000e+01
      vertex   -2.471730e+02 3.175823e+02 -1.500000e+01
    endloop
  endfacet
  facet normal 0.000000e+00 0.000000e+00 1.000000e+00
    outer loop
      vertex   -2.471730e+02 3.175823e+02 -1.500000e+01
      vertex   -2.484819e+02 3.189683e+02 -1.500000e+01
      vertex   -2.488727e+02 3.180000e+02 -1.500000e+01
    endloop
  endfacet
  facet normal 0.000000e+00 0.000000e+00 1.000000e+00
    outer loop
      vertex   -2.471730e+02 3.175823e+02 -1.500000e+01
      vertex   -2.488727e+02 3.180000e+02 -1.500000e+01
      vertex   -2.472497e+02 3.170000e+02 -1.500000e+01
    endloop
  endfacet
  facet normal 0.000000e+00 0.000000e+00 1.000000e+00
    outer loop
      vertex   -2.472497e+02 3.170000e+02 -1.500000e+01
      vertex   -2.488727e+02 3.180000e+02 -1.500000e+01
      vertex   -2.489995e+02 3.169635e+02 -1.500000e+01
    endloop
  endfacet
  facet normal 0.000000e+00 0.000000e+00 1.000000e+00
    outer loop
      vertex   -2.472497e+02 3.170000e+02 -1.500000e+01
      vertex   -2.489995e+02 3.169635e+02 -1.500000e+01
      vertex   -2.471730e+02 3.164177e+02 -1.500000e+01
    endloop
  endfacet
  facet normal 0.000000e+00 0.000000e+00 1.000000e+00
    outer loop
      vertex   -2.471730e+02 3.164177e+02 -1.500000e+01
      vertex   -2.489995e+02 3.169635e+02 -1.500000e+01
      vertex   -2.488538e+02 3.159295e+02 -1.500000e+01
    endloop
  endfacet
  facet normal 0.000000e+00 0.000000e+00 1.000000e+00
    outer loop
      vertex   -2.471730e+02 3.164177e+02 -1.500000e+01
      vertex   -2.488538e+02 3.159295e+02 -1.500000e+01
      vertex   -2.469483e+02 3.158750e+02 -1.500000e+01
    endloop
  endfacet
  facet normal 0.000000e+00 0.000000e+00 1.000000e+00
    outer loop
      vertex   -2.469483e+02 3.158750e+02 -1.500000e+01
      vertex   -2.488538e+02 3.159295e+02 -1.500000e+01
      vertex   -2.484454e+02 3.149685e+02 -1.500000e+01
    endloop
  endfacet
  facet normal 0.000000e+00 0.000000e+00 1.000000e+00
    outer loop
      vertex   -2.469483e+02 3.158750e+02 -1.500000e+01
      vertex   -2.484454e+02 3.149685e+02 -1.500000e+01
      vertex   -2.465907e+02 3.154090e+02 -1.500000e+01
    endloop
  endfacet
  facet normal 0.000000e+00 0.000000e+00 1.000000e+00
    outer loop
      vertex   -2.465907e+02 3.154090e+02 -1.500000e+01
      vertex   -2.484454e+02 3.149685e+02 -1.500000e+01
      vertex   -2.478022e+02 3.141459e+02 -1.500000e+01
    endloop
  endfacet
  facet normal 0.000000e+00 0.000000e+00 1.000000e+00
    outer loop
      vertex   -2.465907e+02 3.154090e+02 -1.500000e+01
      vertex   -2.478022e+02 3.141459e+02 -1.500000e+01
      vertex   -2.461247e+02 3.150514e+02 -1.500000e+01
    endloop
  endfacet
  facet normal 0.000000e+00 0.000000e+00 1.000000e+00
    outer loop
      vertex   -2.461247e+02 3.150514e+02 -1.500000e+01
      vertex   -2.478022e+02 3.141459e+02 -1.500000e+01
      vertex   -2.469680e+02 3.135178e+02 -1.500000e+01
    endloop
  endfacet
  facet normal 0.000000e+00 0.000000e+00 1.000000e+00
    outer loop
      vertex   -2.461247e+02 3.150514e+02 -1.500000e+01
      vertex   -2.469680e+02 3.135178e+02 -1.500000e+01
      vertex   -2.455820e+02 3.148267e+02 -1.500000e+01
    endloop
  endfacet
  facet normal 0.000000e+00 0.000000e+00 1.000000e+00
    outer loop
      vertex   -2.455820e+02 3.148267e+02 -1.500000e+01
      vertex   -2.469680e+02 3.135178e+02 -1.500000e+01
      vertex   -2.459997e+02 3.131270e+02 -1.500000e+01
    endloop
  endfacet
  facet normal 0.000000e+00 0.000000e+00 1.000000e+00
    outer loop
      vertex   -2.455820e+02 3.148267e+02 -1.500000e+01
      vertex   -2.459997e+02 3.131270e+02 -1.500000e+01
      vertex   -2.449997e+02 3.147500e+02 -1.500000e+01
    endloop
  endfacet
  facet normal 0.000000e+00 0.000000e+00 1.000000e+00
    outer loop
      vertex   -2.449997e+02 3.147500e+02 -1.500000e+01
      vertex   -2.459997e+02 3.131270e+02 -1.500000e+01
      vertex   -2.449632e+02 3.130002e+02 -1.500000e+01
    endloop
  endfacet
  facet normal -0.000000e+00 0.000000e+00 1.000000e+00
    outer loop
      vertex   -2.449997e+02 3.147500e+02 -1.500000e+01
      vertex   -2.449632e+02 3.130002e+02 -1.500000e+01
      vertex   -2.444174e+02 3.148267e+02 -1.500000e+01
    endloop
  endfacet
  facet normal 0.000000e+00 0.000000e+00 1.000000e+00
    outer loop
      vertex   -2.444174e+02 3.148267e+02 -1.500000e+01
      vertex   -2.449632e+02 3.130002e+02 -1.500000e+01
      vertex   -2.439292e+02 3.131459e+02 -1.500000e+01
    endloop
  endfacet
  facet normal -0.000000e+00 0.000000e+00 1.000000e+00
    outer loop
      vertex   -2.444174e+02 3.148267e+02 -1.500000e+01
      vertex   -2.439292e+02 3.131459e+02 -1.500000e+01
      vertex   -2.438747e+02 3.150514e+02 -1.500000e+01
    endloop
  endfacet
  facet normal 0.000000e+00 0.000000e+00 1.000000e+00
    outer loop
      vertex   -2.438747e+02 3.150514e+02 -1.500000e+01
      vertex   -2.439292e+02 3.131459e+02 -1.500000e+01
      vertex   -2.429682e+02 3.135543e+02 -1.500000e+01
    endloop
  endfacet
  facet normal -0.000000e+00 0.000000e+00 1.000000e+00
    outer loop
      vertex   -2.438747e+02 3.150514e+02 -1.500000e+01
      vertex   -2.429682e+02 3.135543e+02 -1.500000e+01
      vertex   -2.434087e+02 3.154090e+02 -1.500000e+01
    endloop
  endfacet
  facet normal 0.000000e+00 0.000000e+00 1.000000e+00
    outer loop
      vertex   -2.434087e+02 3.154090e+02 -1.500000e+01
      vertex   -2.429682e+02 3.135543e+02 -1.500000e+01
      vertex   -2.421456e+02 3.141975e+02 -1.500000e+01
    endloop
  endfacet
  facet normal -0.000000e+00 0.000000e+00 1.000000e+00
    outer loop
      vertex   -2.434087e+02 3.154090e+02 -1.500000e+01
      vertex   -2.421456e+02 3.141975e+02 -1.500000e+01
      vertex   -2.430511e+02 3.158750e+02 -1.500000e+01
    endloop
  endfacet
  facet normal 0.000000e+00 0.000000e+00 1.000000e+00
    outer loop
      vertex   -2.430511e+02 3.158750e+02 -1.500000e+01
      vertex   -2.421456e+02 3.141975e+02 -1.500000e+01
      vertex   -2.415175e+02 3.150317e+02 -1.500000e+01
    endloop
  endfacet
  facet normal -0.000000e+00 0.000000e+00 1.000000e+00
    outer loop
      vertex   -2.430511e+02 3.158750e+02 -1.500000e+01
      vertex   -2.415175e+02 3.150317e+02 -1.500000e+01
      vertex   -2.428264e+02 3.164177e+02 -1.500000e+01
    endloop
  endfacet
  facet normal 0.000000e+00 0.000000e+00 1.000000e+00
    outer loop
      vertex   -2.428264e+02 3.164177e+02 -1.500000e+01
      vertex   -2.415175e+02 3.150317e+02 -1.500000e+01
      vertex   -2.411267e+02 3.160000e+02 -1.500000e+01
    endloop
  endfacet
  facet normal 1.322159e-17 -1.074512e-16 1.000000e+00
    outer loop
      vertex   -2.439997e+02 3.131270e+02 -1.100000e+01
      vertex   -2.450310e+02 3.130001e+02 -1.100000e+01
      vertex   -2.439997e+02 2.470000e+02 -1.100000e+01
    endloop
  endfacet
  facet normal -1.499146e-17 -1.078920e-16 1.000000e+00
    outer loop
      vertex   -2.439997e+02 2.470000e+02 -1.100000e+01
      vertex   -2.450310e+02 3.130001e+02 -1.100000e+01
      vertex   -2.460601e+02 3.131431e+02 -1.100000e+01
    endloop
  endfacet
  facet normal 0.000000e+00 -1.074250e-16 1.000000e+00
    outer loop
      vertex   -2.439997e+02 2.470000e+02 -1.100000e+01
      vertex   -2.460601e+02 3.131431e+02 -1.100000e+01
      vertex   -2.489997e+02 2.470000e+02 -1.100000e+01
    endloop
  endfacet
  facet normal -4.440548e-17 -1.054515e-16 1.000000e+00
    outer loop
      vertex   -2.489997e+02 2.470000e+02 -1.100000e+01
      vertex   -2.460601e+02 3.131431e+02 -1.100000e+01
      vertex   -2.470177e+02 3.135464e+02 -1.100000e+01
    endloop
  endfacet
  facet normal -8.084182e-17 -1.043663e-16 1.000000e+00
    outer loop
      vertex   -2.489997e+02 2.470000e+02 -1.100000e+01
      vertex   -2.470177e+02 3.135464e+02 -1.100000e+01
      vertex   -2.478392e+02 3.141826e+02 -1.100000e+01
    endloop
  endfacet
  facet normal -1.356908e-16 -1.034189e-16 1.000000e+00
    outer loop
      vertex   -2.478392e+02 3.141826e+02 -1.100000e+01
      vertex   -2.484690e+02 3.150090e+02 -1.100000e+01
      vertex   -2.489997e+02 2.470000e+02 -1.100000e+01
    endloop
  endfacet
  facet normal -2.489168e-16 -1.025353e-16 1.000000e+00
    outer loop
      vertex   -2.489997e+02 2.470000e+02 -1.100000e+01
      vertex   -2.484690e+02 3.150090e+02 -1.100000e+01
      vertex   -2.488647e+02 3.159698e+02 -1.100000e+01
    endloop
  endfacet
  facet normal -7.749155e-16 -1.015061e-16 1.000000e+00
    outer loop
      vertex   -2.489997e+02 2.470000e+02 -1.100000e+01
      vertex   -2.488647e+02 3.159698e+02 -1.100000e+01
      vertex   -2.489997e+02 3.170000e+02 -1.100000e+01
    endloop
  endfacet
  facet normal 0.000000e+00 -6.745569e-17 1.000000e+00
    outer loop
      vertex   -2.489997e+02 3.471906e+02 -1.100000e+01
      vertex   -2.460601e+02 3.208569e+02 -1.100000e+01
      vertex   -2.439997e+02 3.471906e+02 -1.100000e+01
    endloop
  endfacet
  facet normal 9.475901e-18 -6.819711e-17 1.000000e+00
    outer loop
      vertex   -2.439997e+02 3.471906e+02 -1.100000e+01
      vertex   -2.460601e+02 3.208569e+02 -1.100000e+01
      vertex   -2.450310e+02 3.209999e+02 -1.100000e+01
    endloop
  endfacet
  facet normal -1.722502e-15 -1.860219e-30 1.000000e+00
    outer loop
      vertex   -2.439997e+02 3.471906e+02 -1.100000e+01
      vertex   -2.450310e+02 3.209999e+02 -1.100000e+01
      vertex   -2.439997e+02 3.208730e+02 -1.100000e+01
    endloop
  endfacet
  facet normal 4.491808e-16 -5.883815e-17 1.000000e+00
    outer loop
      vertex   -2.489997e+02 3.170000e+02 -1.100000e+01
      vertex   -2.488647e+02 3.180302e+02 -1.100000e+01
      vertex   -2.489997e+02 3.471906e+02 -1.100000e+01
    endloop
  endfacet
  facet normal 1.462402e-16 -6.024013e-17 1.000000e+00
    outer loop
      vertex   -2.489997e+02 3.471906e+02 -1.100000e+01
      vertex   -2.488647e+02 3.180302e+02 -1.100000e+01
      vertex   -2.484690e+02 3.189910e+02 -1.100000e+01
    endloop
  endfacet
  facet normal 8.065750e-17 -6.147436e-17 1.000000e+00
    outer loop
      vertex   -2.489997e+02 3.471906e+02 -1.100000e+01
      vertex   -2.484690e+02 3.189910e+02 -1.100000e+01
      vertex   -2.478392e+02 3.198174e+02 -1.100000e+01
    endloop
  endfacet
  facet normal 4.866837e-17 -6.283060e-17 1.000000e+00
    outer loop
      vertex   -2.478392e+02 3.198174e+02 -1.100000e+01
      vertex   -2.470177e+02 3.204536e+02 -1.100000e+01
      vertex   -2.489997e+02 3.471906e+02 -1.100000e+01
    endloop
  endfacet
  facet normal 2.713019e-17 -6.442720e-17 1.000000e+00
    outer loop
      vertex   -2.489997e+02 3.471906e+02 -1.100000e+01
      vertex   -2.470177e+02 3.204536e+02 -1.100000e+01
      vertex   -2.460601e+02 3.208569e+02 -1.100000e+01
    endloop
  endfacet
  facet normal 0.000000e+00 -0.000000e+00 1.000000e+00
    outer loop
      vertex   -9.055543e+01 3.928453e+02 4.500000e+01
      vertex   -8.499976e+01 3.928453e+02 4.500000e+01
      vertex   -9.074506e+01 3.945768e+02 4.500000e+01
    endloop
  endfacet
  facet normal -0.000000e+00 0.000000e+00 1.000000e+00
    outer loop
      vertex   -9.074506e+01 3.945768e+02 4.500000e+01
      vertex   -8.499976e+01 3.928453e+02 4.500000e+01
      vertex   -8.499976e+01 3.958505e+02 4.500000e+01
    endloop
  endfacet
  facet normal 2.070569e-01 -6.772526e-01 7.060144e-01
    outer loop
      vertex   -2.194975e+02 3.542539e+02 -1.266192e+01
      vertex   -2.201468e+02 3.571828e+02 -9.661925e+00
      vertex   -2.214829e+02 3.538137e+02 -1.250187e+01
    endloop
  endfacet
  facet normal 2.133121e-01 -6.777544e-01 7.036667e-01
    outer loop
      vertex   -2.214829e+02 3.538137e+02 -1.250187e+01
      vertex   -2.201468e+02 3.571828e+02 -9.661925e+00
      vertex   -2.218421e+02 3.568069e+02 -9.510002e+00
    endloop
  endfacet
  facet normal 3.142309e-01 -6.520118e-01 6.900287e-01
    outer loop
      vertex   -2.214829e+02 3.538137e+02 -1.250187e+01
      vertex   -2.218421e+02 3.568069e+02 -9.510002e+00
      vertex   -2.234195e+02 3.533844e+02 -1.202566e+01
    endloop
  endfacet
  facet normal 3.316325e-01 -6.531844e-01 6.807129e-01
    outer loop
      vertex   -2.234195e+02 3.533844e+02 -1.202566e+01
      vertex   -2.218421e+02 3.568069e+02 -9.510002e+00
      vertex   -2.234859e+02 3.564425e+02 -9.058851e+00
    endloop
  endfacet
  facet normal 4.177931e-01 -6.279356e-01 6.566170e-01
    outer loop
      vertex   -2.234195e+02 3.533844e+02 -1.202566e+01
      vertex   -2.234859e+02 3.564425e+02 -9.058851e+00
      vertex   -2.252595e+02 3.529765e+02 -1.124501e+01
    endloop
  endfacet
  facet normal 4.440999e-01 -6.294307e-01 6.376459e-01
    outer loop
      vertex   -2.252595e+02 3.529765e+02 -1.124501e+01
      vertex   -2.234859e+02 3.564425e+02 -9.058851e+00
      vertex   -2.250283e+02 3.561006e+02 -8.322179e+00
    endloop
  endfacet
  facet normal 5.150169e-01 -6.056338e-01 6.066014e-01
    outer loop
      vertex   -2.252595e+02 3.529765e+02 -1.124501e+01
      vertex   -2.250283e+02 3.561006e+02 -8.322179e+00
      vertex   -2.269576e+02 3.526000e+02 -1.017915e+01
    endloop
  endfacet
  facet normal 5.475503e-01 -6.072014e-01 5.757561e-01
    outer loop
      vertex   -2.269576e+02 3.526000e+02 -1.017915e+01
      vertex   -2.250283e+02 3.561006e+02 -8.322179e+00
      vertex   -2.264223e+02 3.557915e+02 -7.322369e+00
    endloop
  endfacet
  facet normal 6.033427e-01 -5.856777e-01 5.412571e-01
    outer loop
      vertex   -2.269576e+02 3.526000e+02 -1.017915e+01
      vertex   -2.264223e+02 3.557915e+02 -7.322369e+00
      vertex   -2.284720e+02 3.522643e+02 -8.854313e+00
    endloop
  endfacet
  facet normal 6.390694e-01 -5.871468e-01 4.968390e-01
    outer loop
      vertex   -2.284720e+02 3.522643e+02 -8.854313e+00
      vertex   -2.264223e+02 3.557915e+02 -7.322369e+00
      vertex   -2.276257e+02 3.555247e+02 -6.089801e+00
    endloop
  endfacet
  facet normal 6.804504e-01 -5.685834e-01 4.622772e-01
    outer loop
      vertex   -2.284720e+02 3.522643e+02 -8.854313e+00
      vertex   -2.276257e+02 3.555247e+02 -6.089801e+00
      vertex   -2.297654e+02 3.519775e+02 -7.303133e+00
    endloop
  endfacet
  facet normal 7.160662e-01 -5.698424e-01 4.031487e-01
    outer loop
      vertex   -2.297654e+02 3.519775e+02 -7.303133e+00
      vertex   -2.276257e+02 3.555247e+02 -6.089801e+00
      vertex   -2.286018e+02 3.553083e+02 -4.661925e+00
    endloop
  endfacet
  facet normal 7.443250e-01 -5.547975e-01 3.717258e-01
    outer loop
      vertex   -2.297654e+02 3.519775e+02 -7.303133e+00
      vertex   -2.286018e+02 3.553083e+02 -4.661925e+00
      vertex   -2.308060e+02 3.517468e+02 -5.563801e+00
    endloop
  endfacet
  facet normal 7.763400e-01 -5.557748e-01 2.973392e-01
    outer loop
      vertex   -2.308060e+02 3.517468e+02 -5.563801e+00
      vertex   -2.286018e+02 3.553083e+02 -4.661925e+00
      vertex   -2.293210e+02 3.551489e+02 -3.082126e+00
    endloop
  endfacet
  facet normal 7.933130e-01 -5.446848e-01 2.719796e-01
    outer loop
      vertex   -2.308060e+02 3.517468e+02 -5.563801e+00
      vertex   -2.293210e+02 3.551489e+02 -3.082126e+00
      vertex   -2.315681e+02 3.515779e+02 -3.679146e+00
    endloop
  endfacet
  facet normal 8.181368e-01 -5.453290e-01 1.823965e-01
    outer loop
      vertex   -2.315681e+02 3.515779e+02 -3.679146e+00
      vertex   -2.293210e+02 3.551489e+02 -3.082126e+00
      vertex   -2.297614e+02 3.550513e+02 -1.398407e+00
    endloop
  endfacet
  facet normal 8.261688e-01 -5.385179e-01 1.656612e-01
    outer loop
      vertex   -2.315681e+02 3.515779e+02 -3.679146e+00
      vertex   -2.297614e+02 3.550513e+02 -1.398407e+00
      vertex   -2.320331e+02 3.514748e+02 -1.695573e+00
    endloop
  endfacet
  facet normal 8.401956e-01 -5.387777e-01 6.156286e-02
    outer loop
      vertex   -2.320331e+02 3.514748e+02 -1.695573e+00
      vertex   -2.297614e+02 3.550513e+02 -1.398407e+00
      vertex   -2.299098e+02 3.550184e+02 3.380751e-01
    endloop
  endfacet
  facet normal 8.420885e-01 -5.364695e-01 5.556454e-02
    outer loop
      vertex   -2.320331e+02 3.514748e+02 -1.695573e+00
      vertex   -2.299098e+02 3.550184e+02 3.380751e-01
      vertex   -2.321893e+02 3.514402e+02 3.380751e-01
    endloop
  endfacet
  facet normal 8.420885e-01 -5.364695e-01 -5.556454e-02
    outer loop
      vertex   -2.321893e+02 3.514402e+02 3.380751e-01
      vertex   -2.299098e+02 3.550184e+02 3.380751e-01
      vertex   -2.320331e+02 3.514748e+02 2.371723e+00
    endloop
  endfacet
  facet normal 8.401956e-01 -5.387777e-01 -6.156286e-02
    outer loop
      vertex   -2.320331e+02 3.514748e+02 2.371723e+00
      vertex   -2.299098e+02 3.550184e+02 3.380751e-01
      vertex   -2.297614e+02 3.550513e+02 2.074557e+00
    endloop
  endfacet
  facet normal 8.261688e-01 -5.385179e-01 -1.656612e-01
    outer loop
      vertex   -2.320331e+02 3.514748e+02 2.371723e+00
      vertex   -2.297614e+02 3.550513e+02 2.074557e+00
      vertex   -2.315681e+02 3.515779e+02 4.355296e+00
    endloop
  endfacet
  facet normal 8.181368e-01 -5.453290e-01 -1.823965e-01
    outer loop
      vertex   -2.315681e+02 3.515779e+02 4.355296e+00
      vertex   -2.297614e+02 3.550513e+02 2.074557e+00
      vertex   -2.293210e+02 3.551489e+02 3.758277e+00
    endloop
  endfacet
  facet normal 7.933130e-01 -5.446848e-01 -2.719796e-01
    outer loop
      vertex   -2.315681e+02 3.515779e+02 4.355296e+00
      vertex   -2.293210e+02 3.551489e+02 3.758277e+00
      vertex   -2.308060e+02 3.517468e+02 6.239952e+00
    endloop
  endfacet
  facet normal 7.763400e-01 -5.557748e-01 -2.973392e-01
    outer loop
      vertex   -2.308060e+02 3.517468e+02 6.239952e+00
      vertex   -2.293210e+02 3.551489e+02 3.758277e+00
      vertex   -2.286018e+02 3.553083e+02 5.338075e+00
    endloop
  endfacet
  facet normal 7.443250e-01 -5.547975e-01 -3.717258e-01
    outer loop
      vertex   -2.308060e+02 3.517468e+02 6.239952e+00
      vertex   -2.286018e+02 3.553083e+02 5.338075e+00
      vertex   -2.297654e+02 3.519775e+02 7.979283e+00
    endloop
  endfacet
  facet normal 7.160662e-01 -5.698424e-01 -4.031487e-01
    outer loop
      vertex   -2.297654e+02 3.519775e+02 7.979283e+00
      vertex   -2.286018e+02 3.553083e+02 5.338075e+00
      vertex   -2.276257e+02 3.555247e+02 6.765951e+00
    endloop
  endfacet
  facet normal 6.804504e-01 -5.685834e-01 -4.622772e-01
    outer loop
      vertex   -2.297654e+02 3.519775e+02 7.979283e+00
      vertex   -2.276257e+02 3.555247e+02 6.765951e+00
      vertex   -2.284720e+02 3.522643e+02 9.530463e+00
    endloop
  endfacet
  facet normal 6.390694e-01 -5.871468e-01 -4.968390e-01
    outer loop
      vertex   -2.284720e+02 3.522643e+02 9.530463e+00
      vertex   -2.276257e+02 3.555247e+02 6.765951e+00
      vertex   -2.264223e+02 3.557915e+02 7.998520e+00
    endloop
  endfacet
  facet normal 6.033427e-01 -5.856777e-01 -5.412571e-01
    outer loop
      vertex   -2.284720e+02 3.522643e+02 9.530463e+00
      vertex   -2.264223e+02 3.557915e+02 7.998520e+00
      vertex   -2.269576e+02 3.526000e+02 1.085530e+01
    endloop
  endfacet
  facet normal 5.475503e-01 -6.072014e-01 -5.757561e-01
    outer loop
      vertex   -2.269576e+02 3.526000e+02 1.085530e+01
      vertex   -2.264223e+02 3.557915e+02 7.998520e+00
      vertex   -2.250283e+02 3.561006e+02 8.998329e+00
    endloop
  endfacet
  facet normal 5.150169e-01 -6.056338e-01 -6.066014e-01
    outer loop
      vertex   -2.269576e+02 3.526000e+02 1.085530e+01
      vertex   -2.250283e+02 3.561006e+02 8.998329e+00
      vertex   -2.252595e+02 3.529765e+02 1.192116e+01
    endloop
  endfacet
  facet normal 4.440999e-01 -6.294307e-01 -6.376459e-01
    outer loop
      vertex   -2.252595e+02 3.529765e+02 1.192116e+01
      vertex   -2.250283e+02 3.561006e+02 8.998329e+00
      vertex   -2.234859e+02 3.564425e+02 9.735001e+00
    endloop
  endfacet
  facet normal 4.177931e-01 -6.279356e-01 -6.566170e-01
    outer loop
      vertex   -2.252595e+02 3.529765e+02 1.192116e+01
      vertex   -2.234859e+02 3.564425e+02 9.735001e+00
      vertex   -2.234195e+02 3.533844e+02 1.270181e+01
    endloop
  endfacet
  facet normal 3.316325e-01 -6.531844e-01 -6.807129e-01
    outer loop
      vertex   -2.234195e+02 3.533844e+02 1.270181e+01
      vertex   -2.234859e+02 3.564425e+02 9.735001e+00
      vertex   -2.218421e+02 3.568069e+02 1.018615e+01
    endloop
  endfacet
  facet normal 3.142309e-01 -6.520118e-01 -6.900287e-01
    outer loop
      vertex   -2.234195e+02 3.533844e+02 1.270181e+01
      vertex   -2.218421e+02 3.568069e+02 1.018615e+01
      vertex   -2.214829e+02 3.538137e+02 1.317802e+01
    endloop
  endfacet
  facet normal 2.133121e-01 -6.777544e-01 -7.036667e-01
    outer loop
      vertex   -2.214829e+02 3.538137e+02 1.317802e+01
      vertex   -2.218421e+02 3.568069e+02 1.018615e+01
      vertex   -2.201468e+02 3.571828e+02 1.033808e+01
    endloop
  endfacet
  facet normal 2.070569e-01 -6.772526e-01 -7.060144e-01
    outer loop
      vertex   -2.214829e+02 3.538137e+02 1.317802e+01
      vertex   -2.201468e+02 3.571828e+02 1.033808e+01
      vertex   -2.194975e+02 3.542539e+02 1.333808e+01
    endloop
  endfacet
  facet normal 1.530459e-01 -6.903455e-01 7.071068e-01
    outer loop
      vertex   -2.084313e+02 3.597800e+02 -9.661925e+00
      vertex   -2.201468e+02 3.571828e+02 -9.661925e+00
      vertex   -2.077819e+02 3.568512e+02 -1.266192e+01
    endloop
  endfacet
  facet normal 1.530459e-01 -6.903455e-01 7.071068e-01
    outer loop
      vertex   -2.077819e+02 3.568512e+02 -1.266192e+01
      vertex   -2.201468e+02 3.571828e+02 -9.661925e+00
      vertex   -2.194975e+02 3.542539e+02 -1.266192e+01
    endloop
  endfacet
  facet normal 9.856204e-02 -7.013054e-01 -7.060144e-01
    outer loop
      vertex   -2.077819e+02 3.568512e+02 1.333808e+01
      vertex   -2.084313e+02 3.597800e+02 1.033808e+01
      vertex   -2.057965e+02 3.572913e+02 1.317802e+01
    endloop
  endfacet
  facet normal 9.310497e-02 -7.044037e-01 -7.036667e-01
    outer loop
      vertex   -2.057965e+02 3.572913e+02 1.317802e+01
      vertex   -2.084313e+02 3.597800e+02 1.033808e+01
      vertex   -2.067359e+02 3.601559e+02 1.018615e+01
    endloop
  endfacet
  facet normal -9.237851e-03 -7.237231e-01 -6.900287e-01
    outer loop
      vertex   -2.057965e+02 3.572913e+02 1.317802e+01
      vertex   -2.067359e+02 3.601559e+02 1.018615e+01
      vertex   -2.038599e+02 3.577206e+02 1.270181e+01
    endloop
  endfacet
  facet normal -2.451344e-02 -7.321400e-01 -6.807129e-01
    outer loop
      vertex   -2.038599e+02 3.577206e+02 1.270181e+01
      vertex   -2.067359e+02 3.601559e+02 1.018615e+01
      vertex   -2.050921e+02 3.605203e+02 9.735001e+00
    endloop
  endfacet
  facet normal -1.132721e-01 -7.456699e-01 -6.566170e-01
    outer loop
      vertex   -2.038599e+02 3.577206e+02 1.270181e+01
      vertex   -2.050921e+02 3.605203e+02 9.735001e+00
      vertex   -2.020200e+02 3.581286e+02 1.192116e+01
    endloop
  endfacet
  facet normal -1.364823e-01 -7.581426e-01 -6.376459e-01
    outer loop
      vertex   -2.020200e+02 3.581286e+02 1.192116e+01
      vertex   -2.050921e+02 3.605203e+02 9.735001e+00
      vertex   -2.035498e+02 3.608622e+02 8.998329e+00
    endloop
  endfacet
  facet normal -2.108119e-01 -7.665462e-01 -6.066014e-01
    outer loop
      vertex   -2.020200e+02 3.581286e+02 1.192116e+01
      vertex   -2.035498e+02 3.608622e+02 8.998329e+00
      vertex   -2.003219e+02 3.585050e+02 1.085530e+01
    endloop
  endfacet
  facet normal -2.396347e-01 -7.817162e-01 -5.757561e-01
    outer loop
      vertex   -2.003219e+02 3.585050e+02 1.085530e+01
      vertex   -2.035498e+02 3.608622e+02 8.998329e+00
      vertex   -2.021557e+02 3.611713e+02 7.998520e+00
    endloop
  endfacet
  facet normal -2.992961e-01 -7.857879e-01 -5.412571e-01
    outer loop
      vertex   -2.003219e+02 3.585050e+02 1.085530e+01
      vertex   -2.021557e+02 3.611713e+02 7.998520e+00
      vertex   -1.988074e+02 3.588408e+02 9.530463e+00
    endloop
  endfacet
  facet normal -3.310546e-01 -8.022181e-01 -4.968390e-01
    outer loop
      vertex   -1.988074e+02 3.588408e+02 9.530463e+00
      vertex   -2.021557e+02 3.611713e+02 7.998520e+00
      vertex   -2.009524e+02 3.614381e+02 6.765951e+00
    endloop
  endfacet
  facet normal -3.764038e-01 -8.028823e-01 -4.622772e-01
    outer loop
      vertex   -1.988074e+02 3.588408e+02 9.530463e+00
      vertex   -2.009524e+02 3.614381e+02 6.765951e+00
      vertex   -1.975140e+02 3.591275e+02 7.979283e+00
    endloop
  endfacet
  facet normal -4.081505e-01 -8.190752e-01 -4.031487e-01
    outer loop
      vertex   -1.975140e+02 3.591275e+02 7.979283e+00
      vertex   -2.009524e+02 3.614381e+02 6.765951e+00
      vertex   -1.999763e+02 3.616545e+02 5.338075e+00
    endloop
  endfacet
  facet normal -4.401200e-01 -8.173826e-01 -3.717258e-01
    outer loop
      vertex   -1.975140e+02 3.591275e+02 7.979283e+00
      vertex   -1.999763e+02 3.616545e+02 5.338075e+00
      vertex   -1.964734e+02 3.593582e+02 6.239952e+00
    endloop
  endfacet
  facet normal -4.687224e-01 -8.317985e-01 -2.973392e-01
    outer loop
      vertex   -1.964734e+02 3.593582e+02 6.239952e+00
      vertex   -1.999763e+02 3.616545e+02 5.338075e+00
      vertex   -1.992571e+02 3.618139e+02 3.758277e+00
    endloop
  endfacet
  facet normal -4.887920e-01 -8.289207e-01 -2.719796e-01
    outer loop
      vertex   -1.964734e+02 3.593582e+02 6.239952e+00
      vertex   -1.992571e+02 3.618139e+02 3.758277e+00
      vertex   -1.957113e+02 3.595272e+02 4.355296e+00
    endloop
  endfacet
  facet normal -5.110178e-01 -8.399954e-01 -1.823965e-01
    outer loop
      vertex   -1.957113e+02 3.595272e+02 4.355296e+00
      vertex   -1.992571e+02 3.618139e+02 3.758277e+00
      vertex   -1.988166e+02 3.619116e+02 2.074557e+00
    endloop
  endfacet
  facet normal -5.211757e-01 -8.372170e-01 -1.656612e-01
    outer loop
      vertex   -1.957113e+02 3.595272e+02 4.355296e+00
      vertex   -1.988166e+02 3.619116e+02 2.074557e+00
      vertex   -1.952463e+02 3.596302e+02 2.371723e+00
    endloop
  endfacet
  facet normal -5.337785e-01 -8.433804e-01 -6.156286e-02
    outer loop
      vertex   -1.952463e+02 3.596302e+02 2.371723e+00
      vertex   -1.988166e+02 3.619116e+02 2.074557e+00
      vertex   -1.986683e+02 3.619444e+02 3.380751e-01
    endloop
  endfacet
  facet normal -5.364695e-01 -8.420885e-01 -5.556454e-02
    outer loop
      vertex   -1.952463e+02 3.596302e+02 2.371723e+00
      vertex   -1.986683e+02 3.619444e+02 3.380751e-01
      vertex   -1.950901e+02 3.596649e+02 3.380751e-01
    endloop
  endfacet
  facet normal -5.364695e-01 -8.420885e-01 5.556454e-02
    outer loop
      vertex   -1.950901e+02 3.596649e+02 3.380751e-01
      vertex   -1.986683e+02 3.619444e+02 3.380751e-01
      vertex   -1.952463e+02 3.596302e+02 -1.695573e+00
    endloop
  endfacet
  facet normal -5.337785e-01 -8.433804e-01 6.156286e-02
    outer loop
      vertex   -1.952463e+02 3.596302e+02 -1.695573e+00
      vertex   -1.986683e+02 3.619444e+02 3.380751e-01
      vertex   -1.988166e+02 3.619116e+02 -1.398407e+00
    endloop
  endfacet
  facet normal -5.211757e-01 -8.372170e-01 1.656612e-01
    outer loop
      vertex   -1.952463e+02 3.596302e+02 -1.695573e+00
      vertex   -1.988166e+02 3.619116e+02 -1.398407e+00
      vertex   -1.957113e+02 3.595272e+02 -3.679146e+00
    endloop
  endfacet
  facet normal -5.110178e-01 -8.399954e-01 1.823965e-01
    outer loop
      vertex   -1.957113e+02 3.595272e+02 -3.679146e+00
      vertex   -1.988166e+02 3.619116e+02 -1.398407e+00
      vertex   -1.992571e+02 3.618139e+02 -3.082126e+00
    endloop
  endfacet
  facet normal -4.887920e-01 -8.289207e-01 2.719796e-01
    outer loop
      vertex   -1.957113e+02 3.595272e+02 -3.679146e+00
      vertex   -1.992571e+02 3.618139e+02 -3.082126e+00
      vertex   -1.964734e+02 3.593582e+02 -5.563801e+00
    endloop
  endfacet
  facet normal -4.687224e-01 -8.317985e-01 2.973392e-01
    outer loop
      vertex   -1.964734e+02 3.593582e+02 -5.563801e+00
      vertex   -1.992571e+02 3.618139e+02 -3.082126e+00
      vertex   -1.999763e+02 3.616545e+02 -4.661925e+00
    endloop
  endfacet
  facet normal -4.401200e-01 -8.173826e-01 3.717258e-01
    outer loop
      vertex   -1.964734e+02 3.593582e+02 -5.563801e+00
      vertex   -1.999763e+02 3.616545e+02 -4.661925e+00
      vertex   -1.975140e+02 3.591275e+02 -7.303133e+00
    endloop
  endfacet
  facet normal -4.081505e-01 -8.190752e-01 4.031487e-01
    outer loop
      vertex   -1.975140e+02 3.591275e+02 -7.303133e+00
      vertex   -1.999763e+02 3.616545e+02 -4.661925e+00
      vertex   -2.009524e+02 3.614381e+02 -6.089801e+00
    endloop
  endfacet
  facet normal -3.764038e-01 -8.028823e-01 4.622772e-01
    outer loop
      vertex   -1.975140e+02 3.591275e+02 -7.303133e+00
      vertex   -2.009524e+02 3.614381e+02 -6.089801e+00
      vertex   -1.988074e+02 3.588408e+02 -8.854313e+00
    endloop
  endfacet
  facet normal -3.310546e-01 -8.022181e-01 4.968390e-01
    outer loop
      vertex   -1.988074e+02 3.588408e+02 -8.854313e+00
      vertex   -2.009524e+02 3.614381e+02 -6.089801e+00
      vertex   -2.021557e+02 3.611713e+02 -7.322369e+00
    endloop
  endfacet
  facet normal -2.992961e-01 -7.857879e-01 5.412571e-01
    outer loop
      vertex   -1.988074e+02 3.588408e+02 -8.854313e+00
      vertex   -2.021557e+02 3.611713e+02 -7.322369e+00
      vertex   -2.003219e+02 3.585050e+02 -1.017915e+01
    endloop
  endfacet
  facet normal -2.396347e-01 -7.817162e-01 5.757561e-01
    outer loop
      vertex   -2.003219e+02 3.585050e+02 -1.017915e+01
      vertex   -2.021557e+02 3.611713e+02 -7.322369e+00
      vertex   -2.035498e+02 3.608622e+02 -8.322179e+00
    endloop
  endfacet
  facet normal -2.108119e-01 -7.665462e-01 6.066014e-01
    outer loop
      vertex   -2.003219e+02 3.585050e+02 -1.017915e+01
      vertex   -2.035498e+02 3.608622e+02 -8.322179e+00
      vertex   -2.020200e+02 3.581286e+02 -1.124501e+01
    endloop
  endfacet
  facet normal -1.364823e-01 -7.581426e-01 6.376459e-01
    outer loop
      vertex   -2.020200e+02 3.581286e+02 -1.124501e+01
      vertex   -2.035498e+02 3.608622e+02 -8.322179e+00
      vertex   -2.050921e+02 3.605203e+02 -9.058851e+00
    endloop
  endfacet
  facet normal -1.132721e-01 -7.456699e-01 6.566170e-01
    outer loop
      vertex   -2.020200e+02 3.581286e+02 -1.124501e+01
      vertex   -2.050921e+02 3.605203e+02 -9.058851e+00
      vertex   -2.038599e+02 3.577206e+02 -1.202566e+01
    endloop
  endfacet
  facet normal -2.451344e-02 -7.321400e-01 6.807129e-01
    outer loop
      vertex   -2.038599e+02 3.577206e+02 -1.202566e+01
      vertex   -2.050921e+02 3.605203e+02 -9.058851e+00
      vertex   -2.067359e+02 3.601559e+02 -9.510002e+00
    endloop
  endfacet
  facet normal -9.237851e-03 -7.237231e-01 6.900287e-01
    outer loop
      vertex   -2.038599e+02 3.577206e+02 -1.202566e+01
      vertex   -2.067359e+02 3.601559e+02 -9.510002e+00
      vertex   -2.057965e+02 3.572913e+02 -1.250187e+01
    endloop
  endfacet
  facet normal 9.310497e-02 -7.044037e-01 7.036667e-01
    outer loop
      vertex   -2.057965e+02 3.572913e+02 -1.250187e+01
      vertex   -2.067359e+02 3.601559e+02 -9.510002e+00
      vertex   -2.084313e+02 3.597800e+02 -9.661925e+00
    endloop
  endfacet
  facet normal 9.856204e-02 -7.013054e-01 7.060144e-01
    outer loop
      vertex   -2.057965e+02 3.572913e+02 -1.250187e+01
      vertex   -2.084313e+02 3.597800e+02 -9.661925e+00
      vertex   -2.077819e+02 3.568512e+02 -1.266192e+01
    endloop
  endfacet
  facet normal 1.530459e-01 -6.903455e-01 -7.071068e-01
    outer loop
      vertex   -2.201468e+02 3.571828e+02 1.033808e+01
      vertex   -2.084313e+02 3.597800e+02 1.033808e+01
      vertex   -2.194975e+02 3.542539e+02 1.333808e+01
    endloop
  endfacet
  facet normal 1.530459e-01 -6.903455e-01 -7.071068e-01
    outer loop
      vertex   -2.194975e+02 3.542539e+02 1.333808e+01
      vertex   -2.084313e+02 3.597800e+02 1.033808e+01
      vertex   -2.077819e+02 3.568512e+02 1.333808e+01
    endloop
  endfacet
  facet normal 3.448162e-16 -9.659258e-01 2.588190e-01
    outer loop
      vertex   -2.399997e+02 2.638038e+02 1.322650e+01
      vertex   -2.399997e+02 2.660000e+02 2.142265e+01
      vertex   -2.439997e+02 2.638038e+02 1.322650e+01
    endloop
  endfacet
  facet normal 4.379586e-17 -9.659258e-01 2.588190e-01
    outer loop
      vertex   -2.439997e+02 2.638038e+02 1.322650e+01
      vertex   -2.399997e+02 2.660000e+02 2.142265e+01
      vertex   -2.439997e+02 2.660000e+02 2.142265e+01
    endloop
  endfacet
  facet normal -0.000000e+00 -8.660254e-01 -5.000000e-01
    outer loop
      vertex   -2.399997e+02 2.660000e+02 2.142265e+01
      vertex   -2.399997e+02 2.590000e+02 3.354701e+01
      vertex   -2.439997e+02 2.660000e+02 2.142265e+01
    endloop
  endfacet
  facet normal 0.000000e+00 -8.660254e-01 -5.000000e-01
    outer loop
      vertex   -2.439997e+02 2.660000e+02 2.142265e+01
      vertex   -2.399997e+02 2.590000e+02 3.354701e+01
      vertex   -2.439997e+02 2.590000e+02 3.354701e+01
    endloop
  endfacet
  facet normal 0.000000e+00 5.000000e-01 -8.660254e-01
    outer loop
      vertex   -2.439997e+02 2.490000e+02 2.777350e+01
      vertex   -2.439997e+02 2.590000e+02 3.354701e+01
      vertex   -2.399997e+02 2.490000e+02 2.777350e+01
    endloop
  endfacet
  facet normal 1.446234e-17 5.000000e-01 -8.660254e-01
    outer loop
      vertex   -2.399997e+02 2.490000e+02 2.777350e+01
      vertex   -2.439997e+02 2.590000e+02 3.354701e+01
      vertex   -2.399997e+02 2.590000e+02 3.354701e+01
    endloop
  endfacet
  facet normal -0.000000e+00 1.000000e+00 2.461392e-15
    outer loop
      vertex   -2.439997e+02 2.490000e+02 1.622650e+01
      vertex   -2.439997e+02 2.490000e+02 2.777350e+01
      vertex   -2.399997e+02 2.490000e+02 1.622650e+01
    endloop
  endfacet
  facet normal 0.000000e+00 1.000000e+00 2.461392e-15
    outer loop
      vertex   -2.399997e+02 2.490000e+02 1.622650e+01
      vertex   -2.439997e+02 2.490000e+02 2.777350e+01
      vertex   -2.399997e+02 2.490000e+02 2.777350e+01
    endloop
  endfacet
  facet normal -0.000000e+00 5.000000e-01 8.660254e-01
    outer loop
      vertex   -2.439997e+02 2.590000e+02 1.045299e+01
      vertex   -2.439997e+02 2.490000e+02 1.622650e+01
      vertex   -2.399997e+02 2.590000e+02 1.045299e+01
    endloop
  endfacet
  facet normal 0.000000e+00 5.000000e-01 8.660254e-01
    outer loop
      vertex   -2.399997e+02 2.590000e+02 1.045299e+01
      vertex   -2.439997e+02 2.490000e+02 1.622650e+01
      vertex   -2.399997e+02 2.490000e+02 1.622650e+01
    endloop
  endfacet
  facet normal 1.153778e-15 -5.000000e-01 8.660254e-01
    outer loop
      vertex   -2.439997e+02 2.638038e+02 1.322650e+01
      vertex   -2.439997e+02 2.590000e+02 1.045299e+01
      vertex   -2.399997e+02 2.638038e+02 1.322650e+01
    endloop
  endfacet
  facet normal 8.939275e-18 -5.000000e-01 8.660254e-01
    outer loop
      vertex   -2.399997e+02 2.638038e+02 1.322650e+01
      vertex   -2.439997e+02 2.590000e+02 1.045299e+01
      vertex   -2.399997e+02 2.590000e+02 1.045299e+01
    endloop
  endfacet
  facet normal 0.000000e+00 8.660254e-01 -5.000000e-01
    outer loop
      vertex   -2.439997e+02 2.590000e+02 -3.773503e+00
      vertex   -2.439997e+02 2.690000e+02 1.354701e+01
      vertex   -2.399997e+02 2.590000e+02 -3.773503e+00
    endloop
  endfacet
  facet normal 1.275367e-16 8.660254e-01 -5.000000e-01
    outer loop
      vertex   -2.399997e+02 2.590000e+02 -3.773503e+00
      vertex   -2.439997e+02 2.690000e+02 1.354701e+01
      vertex   -2.399997e+02 2.690000e+02 1.354701e+01
    endloop
  endfacet
  facet normal -0.000000e+00 5.000000e-01 8.660254e-01
    outer loop
      vertex   -2.439997e+02 2.690000e+02 -9.547005e+00
      vertex   -2.439997e+02 2.590000e+02 -3.773503e+00
      vertex   -2.399997e+02 2.690000e+02 -9.547005e+00
    endloop
  endfacet
  facet normal 0.000000e+00 5.000000e-01 8.660254e-01
    outer loop
      vertex   -2.399997e+02 2.690000e+02 -9.547005e+00
      vertex   -2.439997e+02 2.590000e+02 -3.773503e+00
      vertex   -2.399997e+02 2.590000e+02 -3.773503e+00
    endloop
  endfacet
  facet normal 0.000000e+00 -5.000000e-01 8.660254e-01
    outer loop
      vertex   -2.439997e+02 2.790000e+02 -3.773503e+00
      vertex   -2.439997e+02 2.690000e+02 -9.547005e+00
      vertex   -2.399997e+02 2.790000e+02 -3.773503e+00
    endloop
  endfacet
  facet normal 7.691851e-17 -5.000000e-01 8.660254e-01
    outer loop
      vertex   -2.399997e+02 2.790000e+02 -3.773503e+00
      vertex   -2.439997e+02 2.690000e+02 -9.547005e+00
      vertex   -2.399997e+02 2.690000e+02 -9.547005e+00
    endloop
  endfacet
  facet normal 0.000000e+00 -8.660254e-01 -5.000000e-01
    outer loop
      vertex   -2.439997e+02 2.690000e+02 1.354701e+01
      vertex   -2.439997e+02 2.790000e+02 -3.773503e+00
      vertex   -2.399997e+02 2.690000e+02 1.354701e+01
    endloop
  endfacet
  facet normal 1.275367e-16 -8.660254e-01 -5.000000e-01
    outer loop
      vertex   -2.399997e+02 2.690000e+02 1.354701e+01
      vertex   -2.439997e+02 2.790000e+02 -3.773503e+00
      vertex   -2.399997e+02 2.790000e+02 -3.773503e+00
    endloop
  endfacet
  facet normal 0.000000e+00 -5.000000e-01 8.660254e-01
    outer loop
      vertex   -2.439997e+02 3.130000e+02 1.622650e+01
      vertex   -2.439997e+02 3.030000e+02 1.045299e+01
      vertex   -2.399997e+02 3.130000e+02 1.622650e+01
    endloop
  endfacet
  facet normal 0.000000e+00 -5.000000e-01 8.660254e-01
    outer loop
      vertex   -2.399997e+02 3.130000e+02 1.622650e+01
      vertex   -2.439997e+02 3.030000e+02 1.045299e+01
      vertex   -2.399997e+02 3.030000e+02 1.045299e+01
    endloop
  endfacet
  facet normal 0.000000e+00 -1.000000e+00 0.000000e+00
    outer loop
      vertex   -2.439997e+02 3.130000e+02 2.777350e+01
      vertex   -2.439997e+02 3.130000e+02 1.622650e+01
      vertex   -2.399997e+02 3.130000e+02 2.777350e+01
    endloop
  endfacet
  facet normal 0.000000e+00 -1.000000e+00 -0.000000e+00
    outer loop
      vertex   -2.399997e+02 3.130000e+02 2.777350e+01
      vertex   -2.439997e+02 3.130000e+02 1.622650e+01
      vertex   -2.399997e+02 3.130000e+02 1.622650e+01
    endloop
  endfacet
  facet normal 0.000000e+00 -5.000000e-01 -8.660254e-01
    outer loop
      vertex   -2.439997e+02 3.030000e+02 3.354701e+01
      vertex   -2.439997e+02 3.130000e+02 2.777350e+01
      vertex   -2.399997e+02 3.030000e+02 3.354701e+01
    endloop
  endfacet
  facet normal -2.892467e-17 -5.000000e-01 -8.660254e-01
    outer loop
      vertex   -2.399997e+02 3.030000e+02 3.354701e+01
      vertex   -2.439997e+02 3.130000e+02 2.777350e+01
      vertex   -2.399997e+02 3.130000e+02 2.777350e+01
    endloop
  endfacet
  facet normal -8.881784e-16 8.660254e-01 -5.000000e-01
    outer loop
      vertex   -2.439997e+02 2.960000e+02 2.142265e+01
      vertex   -2.439997e+02 3.030000e+02 3.354701e+01
      vertex   -2.399997e+02 2.960000e+02 2.142265e+01
    endloop
  endfacet
  facet normal 6.540516e-19 8.660254e-01 -5.000000e-01
    outer loop
      vertex   -2.399997e+02 2.960000e+02 2.142265e+01
      vertex   -2.439997e+02 3.030000e+02 3.354701e+01
      vertex   -2.399997e+02 3.030000e+02 3.354701e+01
    endloop
  endfacet
  facet normal 4.597550e-16 9.659258e-01 2.588190e-01
    outer loop
      vertex   -2.399997e+02 2.960000e+02 2.142265e+01
      vertex   -2.399997e+02 2.981962e+02 1.322650e+01
      vertex   -2.439997e+02 2.960000e+02 2.142265e+01
    endloop
  endfacet
  facet normal 1.633386e-16 9.659258e-01 2.588190e-01
    outer loop
      vertex   -2.439997e+02 2.960000e+02 2.142265e+01
      vertex   -2.399997e+02 2.981962e+02 1.322650e+01
      vertex   -2.439997e+02 2.981962e+02 1.322650e+01
    endloop
  endfacet
  facet normal 3.845925e-16 5.000000e-01 8.660254e-01
    outer loop
      vertex   -2.399997e+02 2.981962e+02 1.322650e+01
      vertex   -2.399997e+02 3.030000e+02 1.045299e+01
      vertex   -2.439997e+02 2.981962e+02 1.322650e+01
    endloop
  endfacet
  facet normal -8.462744e-18 5.000000e-01 8.660254e-01
    outer loop
      vertex   -2.439997e+02 2.981962e+02 1.322650e+01
      vertex   -2.399997e+02 3.030000e+02 1.045299e+01
      vertex   -2.439997e+02 3.030000e+02 1.045299e+01
    endloop
  endfacet
  facet normal 0.000000e+00 5.000000e-01 -8.660254e-01
    outer loop
      vertex   -2.439997e+02 2.710000e+02 2.777350e+01
      vertex   -2.439997e+02 2.810000e+02 3.354701e+01
      vertex   -2.399997e+02 2.710000e+02 2.777350e+01
    endloop
  endfacet
  facet normal 0.000000e+00 5.000000e-01 -8.660254e-01
    outer loop
      vertex   -2.399997e+02 2.710000e+02 2.777350e+01
      vertex   -2.439997e+02 2.810000e+02 3.354701e+01
      vertex   -2.399997e+02 2.810000e+02 3.354701e+01
    endloop
  endfacet
  facet normal 0.000000e+00 1.000000e+00 0.000000e+00
    outer loop
      vertex   -2.439997e+02 2.710000e+02 1.622650e+01
      vertex   -2.439997e+02 2.710000e+02 2.777350e+01
      vertex   -2.399997e+02 2.710000e+02 1.622650e+01
    endloop
  endfacet
  facet normal 0.000000e+00 1.000000e+00 -0.000000e+00
    outer loop
      vertex   -2.399997e+02 2.710000e+02 1.622650e+01
      vertex   -2.439997e+02 2.710000e+02 2.777350e+01
      vertex   -2.399997e+02 2.710000e+02 2.777350e+01
    endloop
  endfacet
  facet normal -0.000000e+00 5.000000e-01 8.660254e-01
    outer loop
      vertex   -2.439997e+02 2.810000e+02 1.045299e+01
      vertex   -2.439997e+02 2.710000e+02 1.622650e+01
      vertex   -2.399997e+02 2.810000e+02 1.045299e+01
    endloop
  endfacet
  facet normal -7.691851e-17 5.000000e-01 8.660254e-01
    outer loop
      vertex   -2.399997e+02 2.810000e+02 1.045299e+01
      vertex   -2.439997e+02 2.710000e+02 1.622650e+01
      vertex   -2.399997e+02 2.710000e+02 1.622650e+01
    endloop
  endfacet
  facet normal 0.000000e+00 -5.000000e-01 8.660254e-01
    outer loop
      vertex   -2.439997e+02 2.910000e+02 1.622650e+01
      vertex   -2.439997e+02 2.810000e+02 1.045299e+01
      vertex   -2.399997e+02 2.910000e+02 1.622650e+01
    endloop
  endfacet
  facet normal 7.691851e-17 -5.000000e-01 8.660254e-01
    outer loop
      vertex   -2.399997e+02 2.910000e+02 1.622650e+01
      vertex   -2.439997e+02 2.810000e+02 1.045299e+01
      vertex   -2.399997e+02 2.810000e+02 1.045299e+01
    endloop
  endfacet
  facet normal 0.000000e+00 -1.000000e+00 0.000000e+00
    outer loop
      vertex   -2.439997e+02 2.910000e+02 2.777350e+01
      vertex   -2.439997e+02 2.910000e+02 1.622650e+01
      vertex   -2.399997e+02 2.910000e+02 2.777350e+01
    endloop
  endfacet
  facet normal 0.000000e+00 -1.000000e+00 -0.000000e+00
    outer loop
      vertex   -2.399997e+02 2.910000e+02 2.777350e+01
      vertex   -2.439997e+02 2.910000e+02 1.622650e+01
      vertex   -2.399997e+02 2.910000e+02 1.622650e+01
    endloop
  endfacet
  facet normal 0.000000e+00 -5.000000e-01 -8.660254e-01
    outer loop
      vertex   -2.439997e+02 2.810000e+02 3.354701e+01
      vertex   -2.439997e+02 2.910000e+02 2.777350e+01
      vertex   -2.399997e+02 2.810000e+02 3.354701e+01
    endloop
  endfacet
  facet normal 0.000000e+00 -5.000000e-01 -8.660254e-01
    outer loop
      vertex   -2.399997e+02 2.810000e+02 3.354701e+01
      vertex   -2.439997e+02 2.910000e+02 2.777350e+01
      vertex   -2.399997e+02 2.910000e+02 2.777350e+01
    endloop
  endfacet
  facet normal -0.000000e+00 5.000000e-01 8.660254e-01
    outer loop
      vertex   -2.439997e+02 2.915000e+02 -9.547005e+00
      vertex   -2.439997e+02 2.815000e+02 -3.773503e+00
      vertex   -2.399997e+02 2.915000e+02 -9.547005e+00
    endloop
  endfacet
  facet normal 0.000000e+00 5.000000e-01 8.660254e-01
    outer loop
      vertex   -2.399997e+02 2.915000e+02 -9.547005e+00
      vertex   -2.439997e+02 2.815000e+02 -3.773503e+00
      vertex   -2.399997e+02 2.815000e+02 -3.773503e+00
    endloop
  endfacet
  facet normal 0.000000e+00 -5.000000e-01 8.660254e-01
    outer loop
      vertex   -2.439997e+02 3.015000e+02 -3.773503e+00
      vertex   -2.439997e+02 2.915000e+02 -9.547005e+00
      vertex   -2.399997e+02 3.015000e+02 -3.773503e+00
    endloop
  endfacet
  facet normal 0.000000e+00 -5.000000e-01 8.660254e-01
    outer loop
      vertex   -2.399997e+02 3.015000e+02 -3.773503e+00
      vertex   -2.439997e+02 2.915000e+02 -9.547005e+00
      vertex   -2.399997e+02 2.915000e+02 -9.547005e+00
    endloop
  endfacet
  facet normal 0.000000e+00 -8.660254e-01 -5.000000e-01
    outer loop
      vertex   -2.439997e+02 2.915000e+02 1.354701e+01
      vertex   -2.439997e+02 3.015000e+02 -3.773503e+00
      vertex   -2.399997e+02 2.915000e+02 1.354701e+01
    endloop
  endfacet
  facet normal 1.275367e-16 -8.660254e-01 -5.000000e-01
    outer loop
      vertex   -2.399997e+02 2.915000e+02 1.354701e+01
      vertex   -2.439997e+02 3.015000e+02 -3.773503e+00
      vertex   -2.399997e+02 3.015000e+02 -3.773503e+00
    endloop
  endfacet
  facet normal 0.000000e+00 8.660254e-01 -5.000000e-01
    outer loop
      vertex   -2.439997e+02 2.815000e+02 -3.773503e+00
      vertex   -2.439997e+02 2.915000e+02 1.354701e+01
      vertex   -2.399997e+02 2.815000e+02 -3.773503e+00
    endloop
  endfacet
  facet normal 1.275367e-16 8.660254e-01 -5.000000e-01
    outer loop
      vertex   -2.399997e+02 2.815000e+02 -3.773503e+00
      vertex   -2.439997e+02 2.915000e+02 1.354701e+01
      vertex   -2.399997e+02 2.915000e+02 1.354701e+01
    endloop
  endfacet
  facet normal -9.914449e-01 1.305262e-01 0.000000e+00
    outer loop
      vertex   -9.082642e+01 3.864177e+02 -2.000000e+01
      vertex   -9.082642e+01 3.864177e+02 -1.100000e+01
      vertex   -9.074976e+01 3.870000e+02 -2.000000e+01
    endloop
  endfacet
  facet normal -9.914449e-01 1.305262e-01 0.000000e+00
    outer loop
      vertex   -9.074976e+01 3.870000e+02 -2.000000e+01
      vertex   -9.082642e+01 3.864177e+02 -1.100000e+01
      vertex   -9.074976e+01 3.870000e+02 -1.100000e+01
    endloop
  endfacet
  facet normal -9.914449e-01 -1.305262e-01 0.000000e+00
    outer loop
      vertex   -9.074976e+01 3.870000e+02 -2.000000e+01
      vertex   -9.074976e+01 3.870000e+02 -1.100000e+01
      vertex   -9.082642e+01 3.875823e+02 -2.000000e+01
    endloop
  endfacet
  facet normal -9.914449e-01 -1.305262e-01 0.000000e+00
    outer loop
      vertex   -9.082642e+01 3.875823e+02 -2.000000e+01
      vertex   -9.074976e+01 3.870000e+02 -1.100000e+01
      vertex   -9.082642e+01 3.875823e+02 -1.100000e+01
    endloop
  endfacet
  facet normal -9.238795e-01 -3.826834e-01 0.000000e+00
    outer loop
      vertex   -9.082642e+01 3.875823e+02 -2.000000e+01
      vertex   -9.082642e+01 3.875823e+02 -1.100000e+01
      vertex   -9.105120e+01 3.881250e+02 -2.000000e+01
    endloop
  endfacet
  facet normal -9.238795e-01 -3.826834e-01 0.000000e+00
    outer loop
      vertex   -9.105120e+01 3.881250e+02 -2.000000e+01
      vertex   -9.082642e+01 3.875823e+02 -1.100000e+01
      vertex   -9.105120e+01 3.881250e+02 -1.100000e+01
    endloop
  endfacet
  facet normal -7.933533e-01 -6.087614e-01 0.000000e+00
    outer loop
      vertex   -9.105120e+01 3.881250e+02 -2.000000e+01
      vertex   -9.105120e+01 3.881250e+02 -1.100000e+01
      vertex   -9.140877e+01 3.885910e+02 -2.000000e+01
    endloop
  endfacet
  facet normal -7.933533e-01 -6.087614e-01 0.000000e+00
    outer loop
      vertex   -9.140877e+01 3.885910e+02 -2.000000e+01
      vertex   -9.105120e+01 3.881250e+02 -1.100000e+01
      vertex   -9.140877e+01 3.885910e+02 -1.100000e+01
    endloop
  endfacet
  facet normal -6.087614e-01 -7.933533e-01 0.000000e+00
    outer loop
      vertex   -9.140877e+01 3.885910e+02 -2.000000e+01
      vertex   -9.140877e+01 3.885910e+02 -1.100000e+01
      vertex   -9.187476e+01 3.889486e+02 -2.000000e+01
    endloop
  endfacet
  facet normal -6.087614e-01 -7.933533e-01 0.000000e+00
    outer loop
      vertex   -9.187476e+01 3.889486e+02 -2.000000e+01
      vertex   -9.140877e+01 3.885910e+02 -1.100000e+01
      vertex   -9.187476e+01 3.889486e+02 -1.100000e+01
    endloop
  endfacet
  facet normal -3.826834e-01 -9.238795e-01 0.000000e+00
    outer loop
      vertex   -9.187476e+01 3.889486e+02 -2.000000e+01
      vertex   -9.187476e+01 3.889486e+02 -1.100000e+01
      vertex   -9.241741e+01 3.891733e+02 -2.000000e+01
    endloop
  endfacet
  facet normal -3.826834e-01 -9.238795e-01 0.000000e+00
    outer loop
      vertex   -9.241741e+01 3.891733e+02 -2.000000e+01
      vertex   -9.187476e+01 3.889486e+02 -1.100000e+01
      vertex   -9.241741e+01 3.891733e+02 -1.100000e+01
    endloop
  endfacet
  facet normal -1.305262e-01 -9.914449e-01 0.000000e+00
    outer loop
      vertex   -9.241741e+01 3.891733e+02 -2.000000e+01
      vertex   -9.241741e+01 3.891733e+02 -1.100000e+01
      vertex   -9.299976e+01 3.892500e+02 -2.000000e+01
    endloop
  endfacet
  facet normal -1.305262e-01 -9.914449e-01 0.000000e+00
    outer loop
      vertex   -9.299976e+01 3.892500e+02 -2.000000e+01
      vertex   -9.241741e+01 3.891733e+02 -1.100000e+01
      vertex   -9.299976e+01 3.892500e+02 -1.100000e+01
    endloop
  endfacet
  facet normal 1.305262e-01 -9.914449e-01 0.000000e+00
    outer loop
      vertex   -9.299976e+01 3.892500e+02 -2.000000e+01
      vertex   -9.299976e+01 3.892500e+02 -1.100000e+01
      vertex   -9.358210e+01 3.891733e+02 -2.000000e+01
    endloop
  endfacet
  facet normal 1.305262e-01 -9.914449e-01 0.000000e+00
    outer loop
      vertex   -9.358210e+01 3.891733e+02 -2.000000e+01
      vertex   -9.299976e+01 3.892500e+02 -1.100000e+01
      vertex   -9.358210e+01 3.891733e+02 -1.100000e+01
    endloop
  endfacet
  facet normal 3.826834e-01 -9.238795e-01 0.000000e+00
    outer loop
      vertex   -9.358210e+01 3.891733e+02 -2.000000e+01
      vertex   -9.358210e+01 3.891733e+02 -1.100000e+01
      vertex   -9.412476e+01 3.889486e+02 -2.000000e+01
    endloop
  endfacet
  facet normal 3.826834e-01 -9.238795e-01 0.000000e+00
    outer loop
      vertex   -9.412476e+01 3.889486e+02 -2.000000e+01
      vertex   -9.358210e+01 3.891733e+02 -1.100000e+01
      vertex   -9.412476e+01 3.889486e+02 -1.100000e+01
    endloop
  endfacet
  facet normal 6.087614e-01 -7.933533e-01 0.000000e+00
    outer loop
      vertex   -9.412476e+01 3.889486e+02 -2.000000e+01
      vertex   -9.412476e+01 3.889486e+02 -1.100000e+01
      vertex   -9.459075e+01 3.885910e+02 -2.000000e+01
    endloop
  endfacet
  facet normal 6.087614e-01 -7.933533e-01 0.000000e+00
    outer loop
      vertex   -9.459075e+01 3.885910e+02 -2.000000e+01
      vertex   -9.412476e+01 3.889486e+02 -1.100000e+01
      vertex   -9.459075e+01 3.885910e+02 -1.100000e+01
    endloop
  endfacet
  facet normal 7.933533e-01 -6.087614e-01 0.000000e+00
    outer loop
      vertex   -9.459075e+01 3.885910e+02 -2.000000e+01
      vertex   -9.459075e+01 3.885910e+02 -1.100000e+01
      vertex   -9.494831e+01 3.881250e+02 -2.000000e+01
    endloop
  endfacet
  facet normal 7.933533e-01 -6.087614e-01 0.000000e+00
    outer loop
      vertex   -9.494831e+01 3.881250e+02 -2.000000e+01
      vertex   -9.459075e+01 3.885910e+02 -1.100000e+01
      vertex   -9.494831e+01 3.881250e+02 -1.100000e+01
    endloop
  endfacet
  facet normal 9.238795e-01 -3.826834e-01 0.000000e+00
    outer loop
      vertex   -9.494831e+01 3.881250e+02 -2.000000e+01
      vertex   -9.494831e+01 3.881250e+02 -1.100000e+01
      vertex   -9.517309e+01 3.875823e+02 -2.000000e+01
    endloop
  endfacet
  facet normal 9.238795e-01 -3.826834e-01 1.458791e-15
    outer loop
      vertex   -9.517309e+01 3.875823e+02 -2.000000e+01
      vertex   -9.494831e+01 3.881250e+02 -1.100000e+01
      vertex   -9.517309e+01 3.875823e+02 -1.100000e+01
    endloop
  endfacet
  facet normal 9.914449e-01 -1.305262e-01 1.565475e-15
    outer loop
      vertex   -9.517309e+01 3.875823e+02 -2.000000e+01
      vertex   -9.517309e+01 3.875823e+02 -1.100000e+01
      vertex   -9.524976e+01 3.870000e+02 -2.000000e+01
    endloop
  endfacet
  facet normal 9.914449e-01 -1.305262e-01 0.000000e+00
    outer loop
      vertex   -9.524976e+01 3.870000e+02 -2.000000e+01
      vertex   -9.517309e+01 3.875823e+02 -1.100000e+01
      vertex   -9.524976e+01 3.870000e+02 -1.100000e+01
    endloop
  endfacet
  facet normal 9.914449e-01 1.305262e-01 -0.000000e+00
    outer loop
      vertex   -9.524976e+01 3.870000e+02 -2.000000e+01
      vertex   -9.524976e+01 3.870000e+02 -1.100000e+01
      vertex   -9.517309e+01 3.864177e+02 -2.000000e+01
    endloop
  endfacet
  facet normal 9.914449e-01 1.305262e-01 -1.565475e-15
    outer loop
      vertex   -9.517309e+01 3.864177e+02 -2.000000e+01
      vertex   -9.524976e+01 3.870000e+02 -1.100000e+01
      vertex   -9.517309e+01 3.864177e+02 -1.100000e+01
    endloop
  endfacet
  facet normal 9.238795e-01 3.826834e-01 -1.458791e-15
    outer loop
      vertex   -9.517309e+01 3.864177e+02 -2.000000e+01
      vertex   -9.517309e+01 3.864177e+02 -1.100000e+01
      vertex   -9.494831e+01 3.858750e+02 -2.000000e+01
    endloop
  endfacet
  facet normal 9.238795e-01 3.826834e-01 -0.000000e+00
    outer loop
      vertex   -9.494831e+01 3.858750e+02 -2.000000e+01
      vertex   -9.517309e+01 3.864177e+02 -1.100000e+01
      vertex   -9.494831e+01 3.858750e+02 -1.100000e+01
    endloop
  endfacet
  facet normal 7.933533e-01 6.087614e-01 -0.000000e+00
    outer loop
      vertex   -9.494831e+01 3.858750e+02 -2.000000e+01
      vertex   -9.494831e+01 3.858750e+02 -1.100000e+01
      vertex   -9.459075e+01 3.854090e+02 -2.000000e+01
    endloop
  endfacet
  facet normal 7.933533e-01 6.087614e-01 -0.000000e+00
    outer loop
      vertex   -9.459075e+01 3.854090e+02 -2.000000e+01
      vertex   -9.494831e+01 3.858750e+02 -1.100000e+01
      vertex   -9.459075e+01 3.854090e+02 -1.100000e+01
    endloop
  endfacet
  facet normal 6.087614e-01 7.933533e-01 -0.000000e+00
    outer loop
      vertex   -9.459075e+01 3.854090e+02 -2.000000e+01
      vertex   -9.459075e+01 3.854090e+02 -1.100000e+01
      vertex   -9.412476e+01 3.850514e+02 -2.000000e+01
    endloop
  endfacet
  facet normal 6.087614e-01 7.933533e-01 -0.000000e+00
    outer loop
      vertex   -9.412476e+01 3.850514e+02 -2.000000e+01
      vertex   -9.459075e+01 3.854090e+02 -1.100000e+01
      vertex   -9.412476e+01 3.850514e+02 -1.100000e+01
    endloop
  endfacet
  facet normal 3.826834e-01 9.238795e-01 -0.000000e+00
    outer loop
      vertex   -9.412476e+01 3.850514e+02 -2.000000e+01
      vertex   -9.412476e+01 3.850514e+02 -1.100000e+01
      vertex   -9.358210e+01 3.848267e+02 -2.000000e+01
    endloop
  endfacet
  facet normal 3.826834e-01 9.238795e-01 -0.000000e+00
    outer loop
      vertex   -9.358210e+01 3.848267e+02 -2.000000e+01
      vertex   -9.412476e+01 3.850514e+02 -1.100000e+01
      vertex   -9.358210e+01 3.848267e+02 -1.100000e+01
    endloop
  endfacet
  facet normal 1.305262e-01 9.914449e-01 -0.000000e+00
    outer loop
      vertex   -9.358210e+01 3.848267e+02 -2.000000e+01
      vertex   -9.358210e+01 3.848267e+02 -1.100000e+01
      vertex   -9.299976e+01 3.847500e+02 -2.000000e+01
    endloop
  endfacet
  facet normal 1.305262e-01 9.914449e-01 -0.000000e+00
    outer loop
      vertex   -9.299976e+01 3.847500e+02 -2.000000e+01
      vertex   -9.358210e+01 3.848267e+02 -1.100000e+01
      vertex   -9.299976e+01 3.847500e+02 -1.100000e+01
    endloop
  endfacet
  facet normal -1.305262e-01 9.914449e-01 0.000000e+00
    outer loop
      vertex   -9.299976e+01 3.847500e+02 -2.000000e+01
      vertex   -9.299976e+01 3.847500e+02 -1.100000e+01
      vertex   -9.241741e+01 3.848267e+02 -2.000000e+01
    endloop
  endfacet
  facet normal -1.305262e-01 9.914449e-01 0.000000e+00
    outer loop
      vertex   -9.241741e+01 3.848267e+02 -2.000000e+01
      vertex   -9.299976e+01 3.847500e+02 -1.100000e+01
      vertex   -9.241741e+01 3.848267e+02 -1.100000e+01
    endloop
  endfacet
  facet normal -3.826834e-01 9.238795e-01 0.000000e+00
    outer loop
      vertex   -9.241741e+01 3.848267e+02 -2.000000e+01
      vertex   -9.241741e+01 3.848267e+02 -1.100000e+01
      vertex   -9.187476e+01 3.850514e+02 -2.000000e+01
    endloop
  endfacet
  facet normal -3.826834e-01 9.238795e-01 0.000000e+00
    outer loop
      vertex   -9.187476e+01 3.850514e+02 -2.000000e+01
      vertex   -9.241741e+01 3.848267e+02 -1.100000e+01
      vertex   -9.187476e+01 3.850514e+02 -1.100000e+01
    endloop
  endfacet
  facet normal -6.087614e-01 7.933533e-01 0.000000e+00
    outer loop
      vertex   -9.187476e+01 3.850514e+02 -2.000000e+01
      vertex   -9.187476e+01 3.850514e+02 -1.100000e+01
      vertex   -9.140877e+01 3.854090e+02 -2.000000e+01
    endloop
  endfacet
  facet normal -6.087614e-01 7.933533e-01 0.000000e+00
    outer loop
      vertex   -9.140877e+01 3.854090e+02 -2.000000e+01
      vertex   -9.187476e+01 3.850514e+02 -1.100000e+01
      vertex   -9.140877e+01 3.854090e+02 -1.100000e+01
    endloop
  endfacet
  facet normal -7.933533e-01 6.087614e-01 0.000000e+00
    outer loop
      vertex   -9.140877e+01 3.854090e+02 -2.000000e+01
      vertex   -9.140877e+01 3.854090e+02 -1.100000e+01
      vertex   -9.105120e+01 3.858750e+02 -2.000000e+01
    endloop
  endfacet
  facet normal -7.933533e-01 6.087614e-01 0.000000e+00
    outer loop
      vertex   -9.105120e+01 3.858750e+02 -2.000000e+01
      vertex   -9.140877e+01 3.854090e+02 -1.100000e+01
      vertex   -9.105120e+01 3.858750e+02 -1.100000e+01
    endloop
  endfacet
  facet normal -9.238795e-01 3.826834e-01 0.000000e+00
    outer loop
      vertex   -9.105120e+01 3.858750e+02 -2.000000e+01
      vertex   -9.105120e+01 3.858750e+02 -1.100000e+01
      vertex   -9.082642e+01 3.864177e+02 -2.000000e+01
    endloop
  endfacet
  facet normal -9.238795e-01 3.826834e-01 0.000000e+00
    outer loop
      vertex   -9.082642e+01 3.864177e+02 -2.000000e+01
      vertex   -9.105120e+01 3.858750e+02 -1.100000e+01
      vertex   -9.082642e+01 3.864177e+02 -1.100000e+01
    endloop
  endfacet
  facet normal 1.000000e+00 0.000000e+00 0.000000e+00
    outer loop
      vertex   -8.499976e+01 3.928453e+02 -2.000000e+01
      vertex   -8.499976e+01 3.958505e+02 -2.000000e+01
      vertex   -8.499976e+01 3.928453e+02 4.000000e+01
    endloop
  endfacet
  facet normal 1.000000e+00 -0.000000e+00 0.000000e+00
    outer loop
      vertex   -8.499976e+01 3.928453e+02 4.000000e+01
      vertex   -8.499976e+01 3.958505e+02 -2.000000e+01
      vertex   -8.499976e+01 3.958505e+02 4.500000e+01
    endloop
  endfacet
  facet normal 1.000000e+00 0.000000e+00 0.000000e+00
    outer loop
      vertex   -8.499976e+01 3.928453e+02 4.000000e+01
      vertex   -8.499976e+01 3.958505e+02 4.500000e+01
      vertex   -8.499976e+01 3.928453e+02 4.500000e+01
    endloop
  endfacet
  facet normal -9.914449e-01 1.305262e-01 0.000000e+00
    outer loop
      vertex   -2.428264e+02 2.344177e+02 -2.000000e+01
      vertex   -2.428264e+02 2.344177e+02 -1.100000e+01
      vertex   -2.427497e+02 2.350000e+02 -2.000000e+01
    endloop
  endfacet
  facet normal -9.914449e-01 1.305262e-01 0.000000e+00
    outer loop
      vertex   -2.427497e+02 2.350000e+02 -2.000000e+01
      vertex   -2.428264e+02 2.344177e+02 -1.100000e+01
      vertex   -2.427497e+02 2.350000e+02 -1.100000e+01
    endloop
  endfacet
  facet normal -9.914449e-01 -1.305262e-01 0.000000e+00
    outer loop
      vertex   -2.427497e+02 2.350000e+02 -2.000000e+01
      vertex   -2.427497e+02 2.350000e+02 -1.100000e+01
      vertex   -2.428264e+02 2.355823e+02 -2.000000e+01
    endloop
  endfacet
  facet normal -9.914449e-01 -1.305262e-01 0.000000e+00
    outer loop
      vertex   -2.428264e+02 2.355823e+02 -2.000000e+01
      vertex   -2.427497e+02 2.350000e+02 -1.100000e+01
      vertex   -2.428264e+02 2.355823e+02 -1.100000e+01
    endloop
  endfacet
  facet normal -9.238795e-01 -3.826834e-01 0.000000e+00
    outer loop
      vertex   -2.428264e+02 2.355823e+02 -2.000000e+01
      vertex   -2.428264e+02 2.355823e+02 -1.100000e+01
      vertex   -2.430511e+02 2.361250e+02 -2.000000e+01
    endloop
  endfacet
  facet normal -9.238795e-01 -3.826834e-01 0.000000e+00
    outer loop
      vertex   -2.430511e+02 2.361250e+02 -2.000000e+01
      vertex   -2.428264e+02 2.355823e+02 -1.100000e+01
      vertex   -2.430511e+02 2.361250e+02 -1.100000e+01
    endloop
  endfacet
  facet normal -7.933533e-01 -6.087614e-01 0.000000e+00
    outer loop
      vertex   -2.430511e+02 2.361250e+02 -2.000000e+01
      vertex   -2.430511e+02 2.361250e+02 -1.100000e+01
      vertex   -2.434087e+02 2.365910e+02 -2.000000e+01
    endloop
  endfacet
  facet normal -7.933533e-01 -6.087614e-01 0.000000e+00
    outer loop
      vertex   -2.434087e+02 2.365910e+02 -2.000000e+01
      vertex   -2.430511e+02 2.361250e+02 -1.100000e+01
      vertex   -2.434087e+02 2.365910e+02 -1.100000e+01
    endloop
  endfacet
  facet normal -6.087614e-01 -7.933533e-01 0.000000e+00
    outer loop
      vertex   -2.434087e+02 2.365910e+02 -2.000000e+01
      vertex   -2.434087e+02 2.365910e+02 -1.100000e+01
      vertex   -2.438747e+02 2.369486e+02 -2.000000e+01
    endloop
  endfacet
  facet normal -6.087614e-01 -7.933533e-01 0.000000e+00
    outer loop
      vertex   -2.438747e+02 2.369486e+02 -2.000000e+01
      vertex   -2.434087e+02 2.365910e+02 -1.100000e+01
      vertex   -2.438747e+02 2.369486e+02 -1.100000e+01
    endloop
  endfacet
  facet normal -3.826834e-01 -9.238795e-01 0.000000e+00
    outer loop
      vertex   -2.438747e+02 2.369486e+02 -2.000000e+01
      vertex   -2.438747e+02 2.369486e+02 -1.100000e+01
      vertex   -2.444174e+02 2.371733e+02 -2.000000e+01
    endloop
  endfacet
  facet normal -3.826834e-01 -9.238795e-01 0.000000e+00
    outer loop
      vertex   -2.444174e+02 2.371733e+02 -2.000000e+01
      vertex   -2.438747e+02 2.369486e+02 -1.100000e+01
      vertex   -2.444174e+02 2.371733e+02 -1.100000e+01
    endloop
  endfacet
  facet normal -1.305262e-01 -9.914449e-01 0.000000e+00
    outer loop
      vertex   -2.444174e+02 2.371733e+02 -2.000000e+01
      vertex   -2.444174e+02 2.371733e+02 -1.100000e+01
      vertex   -2.449997e+02 2.372500e+02 -2.000000e+01
    endloop
  endfacet
  facet normal -1.305262e-01 -9.914449e-01 0.000000e+00
    outer loop
      vertex   -2.449997e+02 2.372500e+02 -2.000000e+01
      vertex   -2.444174e+02 2.371733e+02 -1.100000e+01
      vertex   -2.449997e+02 2.372500e+02 -1.100000e+01
    endloop
  endfacet
  facet normal 1.305262e-01 -9.914449e-01 0.000000e+00
    outer loop
      vertex   -2.449997e+02 2.372500e+02 -2.000000e+01
      vertex   -2.449997e+02 2.372500e+02 -1.100000e+01
      vertex   -2.455820e+02 2.371733e+02 -2.000000e+01
    endloop
  endfacet
  facet normal 1.305262e-01 -9.914449e-01 0.000000e+00
    outer loop
      vertex   -2.455820e+02 2.371733e+02 -2.000000e+01
      vertex   -2.449997e+02 2.372500e+02 -1.100000e+01
      vertex   -2.455820e+02 2.371733e+02 -1.100000e+01
    endloop
  endfacet
  facet normal 3.826834e-01 -9.238795e-01 0.000000e+00
    outer loop
      vertex   -2.455820e+02 2.371733e+02 -2.000000e+01
      vertex   -2.455820e+02 2.371733e+02 -1.100000e+01
      vertex   -2.461247e+02 2.369486e+02 -2.000000e+01
    endloop
  endfacet
  facet normal 3.826834e-01 -9.238795e-01 0.000000e+00
    outer loop
      vertex   -2.461247e+02 2.369486e+02 -2.000000e+01
      vertex   -2.455820e+02 2.371733e+02 -1.100000e+01
      vertex   -2.461247e+02 2.369486e+02 -1.100000e+01
    endloop
  endfacet
  facet normal 6.087614e-01 -7.933533e-01 0.000000e+00
    outer loop
      vertex   -2.461247e+02 2.369486e+02 -2.000000e+01
      vertex   -2.461247e+02 2.369486e+02 -1.100000e+01
      vertex   -2.465907e+02 2.365910e+02 -2.000000e+01
    endloop
  endfacet
  facet normal 6.087614e-01 -7.933533e-01 0.000000e+00
    outer loop
      vertex   -2.465907e+02 2.365910e+02 -2.000000e+01
      vertex   -2.461247e+02 2.369486e+02 -1.100000e+01
      vertex   -2.465907e+02 2.365910e+02 -1.100000e+01
    endloop
  endfacet
  facet normal 7.933533e-01 -6.087614e-01 0.000000e+00
    outer loop
      vertex   -2.465907e+02 2.365910e+02 -2.000000e+01
      vertex   -2.465907e+02 2.365910e+02 -1.100000e+01
      vertex   -2.469483e+02 2.361250e+02 -2.000000e+01
    endloop
  endfacet
  facet normal 7.933533e-01 -6.087614e-01 0.000000e+00
    outer loop
      vertex   -2.469483e+02 2.361250e+02 -2.000000e+01
      vertex   -2.465907e+02 2.365910e+02 -1.100000e+01
      vertex   -2.469483e+02 2.361250e+02 -1.100000e+01
    endloop
  endfacet
  facet normal 9.238795e-01 -3.826834e-01 0.000000e+00
    outer loop
      vertex   -2.469483e+02 2.361250e+02 -2.000000e+01
      vertex   -2.469483e+02 2.361250e+02 -1.100000e+01
      vertex   -2.471730e+02 2.355823e+02 -2.000000e+01
    endloop
  endfacet
  facet normal 9.238795e-01 -3.826834e-01 0.000000e+00
    outer loop
      vertex   -2.471730e+02 2.355823e+02 -2.000000e+01
      vertex   -2.469483e+02 2.361250e+02 -1.100000e+01
      vertex   -2.471730e+02 2.355823e+02 -1.100000e+01
    endloop
  endfacet
  facet normal 9.914449e-01 -1.305262e-01 0.000000e+00
    outer loop
      vertex   -2.471730e+02 2.355823e+02 -2.000000e+01
      vertex   -2.471730e+02 2.355823e+02 -1.100000e+01
      vertex   -2.472497e+02 2.350000e+02 -2.000000e+01
    endloop
  endfacet
  facet normal 9.914449e-01 -1.305262e-01 0.000000e+00
    outer loop
      vertex   -2.472497e+02 2.350000e+02 -2.000000e+01
      vertex   -2.471730e+02 2.355823e+02 -1.100000e+01
      vertex   -2.472497e+02 2.350000e+02 -1.100000e+01
    endloop
  endfacet
  facet normal 9.914449e-01 1.305262e-01 -0.000000e+00
    outer loop
      vertex   -2.472497e+02 2.350000e+02 -2.000000e+01
      vertex   -2.472497e+02 2.350000e+02 -1.100000e+01
      vertex   -2.471730e+02 2.344177e+02 -2.000000e+01
    endloop
  endfacet
  facet normal 9.914449e-01 1.305262e-01 -0.000000e+00
    outer loop
      vertex   -2.471730e+02 2.344177e+02 -2.000000e+01
      vertex   -2.472497e+02 2.350000e+02 -1.100000e+01
      vertex   -2.471730e+02 2.344177e+02 -1.100000e+01
    endloop
  endfacet
  facet normal 9.238795e-01 3.826834e-01 -0.000000e+00
    outer loop
      vertex   -2.471730e+02 2.344177e+02 -2.000000e+01
      vertex   -2.471730e+02 2.344177e+02 -1.100000e+01
      vertex   -2.469483e+02 2.338750e+02 -2.000000e+01
    endloop
  endfacet
  facet normal 9.238795e-01 3.826834e-01 -0.000000e+00
    outer loop
      vertex   -2.469483e+02 2.338750e+02 -2.000000e+01
      vertex   -2.471730e+02 2.344177e+02 -1.100000e+01
      vertex   -2.469483e+02 2.338750e+02 -1.100000e+01
    endloop
  endfacet
  facet normal 7.933533e-01 6.087614e-01 -0.000000e+00
    outer loop
      vertex   -2.469483e+02 2.338750e+02 -2.000000e+01
      vertex   -2.469483e+02 2.338750e+02 -1.100000e+01
      vertex   -2.465907e+02 2.334090e+02 -2.000000e+01
    endloop
  endfacet
  facet normal 7.933533e-01 6.087614e-01 -0.000000e+00
    outer loop
      vertex   -2.465907e+02 2.334090e+02 -2.000000e+01
      vertex   -2.469483e+02 2.338750e+02 -1.100000e+01
      vertex   -2.465907e+02 2.334090e+02 -1.100000e+01
    endloop
  endfacet
  facet normal 6.087614e-01 7.933533e-01 -0.000000e+00
    outer loop
      vertex   -2.465907e+02 2.334090e+02 -2.000000e+01
      vertex   -2.465907e+02 2.334090e+02 -1.100000e+01
      vertex   -2.461247e+02 2.330514e+02 -2.000000e+01
    endloop
  endfacet
  facet normal 6.087614e-01 7.933533e-01 -0.000000e+00
    outer loop
      vertex   -2.461247e+02 2.330514e+02 -2.000000e+01
      vertex   -2.465907e+02 2.334090e+02 -1.100000e+01
      vertex   -2.461247e+02 2.330514e+02 -1.100000e+01
    endloop
  endfacet
  facet normal 3.826834e-01 9.238795e-01 -0.000000e+00
    outer loop
      vertex   -2.461247e+02 2.330514e+02 -2.000000e+01
      vertex   -2.461247e+02 2.330514e+02 -1.100000e+01
      vertex   -2.455820e+02 2.328267e+02 -2.000000e+01
    endloop
  endfacet
  facet normal 3.826834e-01 9.238795e-01 -0.000000e+00
    outer loop
      vertex   -2.455820e+02 2.328267e+02 -2.000000e+01
      vertex   -2.461247e+02 2.330514e+02 -1.100000e+01
      vertex   -2.455820e+02 2.328267e+02 -1.100000e+01
    endloop
  endfacet
  facet normal 1.305262e-01 9.914449e-01 -0.000000e+00
    outer loop
      vertex   -2.455820e+02 2.328267e+02 -2.000000e+01
      vertex   -2.455820e+02 2.328267e+02 -1.100000e+01
      vertex   -2.449997e+02 2.327500e+02 -2.000000e+01
    endloop
  endfacet
  facet normal 1.305262e-01 9.914449e-01 -0.000000e+00
    outer loop
      vertex   -2.449997e+02 2.327500e+02 -2.000000e+01
      vertex   -2.455820e+02 2.328267e+02 -1.100000e+01
      vertex   -2.449997e+02 2.327500e+02 -1.100000e+01
    endloop
  endfacet
  facet normal -1.305262e-01 9.914449e-01 0.000000e+00
    outer loop
      vertex   -2.449997e+02 2.327500e+02 -2.000000e+01
      vertex   -2.449997e+02 2.327500e+02 -1.100000e+01
      vertex   -2.444174e+02 2.328267e+02 -2.000000e+01
    endloop
  endfacet
  facet normal -1.305262e-01 9.914449e-01 0.000000e+00
    outer loop
      vertex   -2.444174e+02 2.328267e+02 -2.000000e+01
      vertex   -2.449997e+02 2.327500e+02 -1.100000e+01
      vertex   -2.444174e+02 2.328267e+02 -1.100000e+01
    endloop
  endfacet
  facet normal -3.826834e-01 9.238795e-01 0.000000e+00
    outer loop
      vertex   -2.444174e+02 2.328267e+02 -2.000000e+01
      vertex   -2.444174e+02 2.328267e+02 -1.100000e+01
      vertex   -2.438747e+02 2.330514e+02 -2.000000e+01
    endloop
  endfacet
  facet normal -3.826834e-01 9.238795e-01 0.000000e+00
    outer loop
      vertex   -2.438747e+02 2.330514e+02 -2.000000e+01
      vertex   -2.444174e+02 2.328267e+02 -1.100000e+01
      vertex   -2.438747e+02 2.330514e+02 -1.100000e+01
    endloop
  endfacet
  facet normal -6.087614e-01 7.933533e-01 0.000000e+00
    outer loop
      vertex   -2.438747e+02 2.330514e+02 -2.000000e+01
      vertex   -2.438747e+02 2.330514e+02 -1.100000e+01
      vertex   -2.434087e+02 2.334090e+02 -2.000000e+01
    endloop
  endfacet
  facet normal -6.087614e-01 7.933533e-01 0.000000e+00
    outer loop
      vertex   -2.434087e+02 2.334090e+02 -2.000000e+01
      vertex   -2.438747e+02 2.330514e+02 -1.100000e+01
      vertex   -2.434087e+02 2.334090e+02 -1.100000e+01
    endloop
  endfacet
  facet normal -7.933533e-01 6.087614e-01 0.000000e+00
    outer loop
      vertex   -2.434087e+02 2.334090e+02 -2.000000e+01
      vertex   -2.434087e+02 2.334090e+02 -1.100000e+01
      vertex   -2.430511e+02 2.338750e+02 -2.000000e+01
    endloop
  endfacet
  facet normal -7.933533e-01 6.087614e-01 0.000000e+00
    outer loop
      vertex   -2.430511e+02 2.338750e+02 -2.000000e+01
      vertex   -2.434087e+02 2.334090e+02 -1.100000e+01
      vertex   -2.430511e+02 2.338750e+02 -1.100000e+01
    endloop
  endfacet
  facet normal -9.238795e-01 3.826834e-01 0.000000e+00
    outer loop
      vertex   -2.430511e+02 2.338750e+02 -2.000000e+01
      vertex   -2.430511e+02 2.338750e+02 -1.100000e+01
      vertex   -2.428264e+02 2.344177e+02 -2.000000e+01
    endloop
  endfacet
  facet normal -9.238795e-01 3.826834e-01 0.000000e+00
    outer loop
      vertex   -2.428264e+02 2.344177e+02 -2.000000e+01
      vertex   -2.430511e+02 2.338750e+02 -1.100000e+01
      vertex   -2.428264e+02 2.344177e+02 -1.100000e+01
    endloop
  endfacet
  facet normal -9.914449e-01 -1.305262e-01 -0.000000e+00
    outer loop
      vertex   -2.428264e+02 3.175823e+02 -1.500000e+01
      vertex   -2.428264e+02 3.175823e+02 -2.000000e+01
      vertex   -2.427497e+02 3.170000e+02 -1.500000e+01
    endloop
  endfacet
  facet normal -9.914449e-01 -1.305262e-01 -0.000000e+00
    outer loop
      vertex   -2.427497e+02 3.170000e+02 -1.500000e+01
      vertex   -2.428264e+02 3.175823e+02 -2.000000e+01
      vertex   -2.427497e+02 3.170000e+02 -2.000000e+01
    endloop
  endfacet
  facet normal -9.914449e-01 1.305262e-01 0.000000e+00
    outer loop
      vertex   -2.427497e+02 3.170000e+02 -1.500000e+01
      vertex   -2.427497e+02 3.170000e+02 -2.000000e+01
      vertex   -2.428264e+02 3.164177e+02 -1.500000e+01
    endloop
  endfacet
  facet normal -9.914449e-01 1.305262e-01 0.000000e+00
    outer loop
      vertex   -2.428264e+02 3.164177e+02 -1.500000e+01
      vertex   -2.427497e+02 3.170000e+02 -2.000000e+01
      vertex   -2.428264e+02 3.164177e+02 -2.000000e+01
    endloop
  endfacet
  facet normal -9.238795e-01 3.826834e-01 0.000000e+00
    outer loop
      vertex   -2.428264e+02 3.164177e+02 -1.500000e+01
      vertex   -2.428264e+02 3.164177e+02 -2.000000e+01
      vertex   -2.430511e+02 3.158750e+02 -1.500000e+01
    endloop
  endfacet
  facet normal -9.238795e-01 3.826834e-01 0.000000e+00
    outer loop
      vertex   -2.430511e+02 3.158750e+02 -1.500000e+01
      vertex   -2.428264e+02 3.164177e+02 -2.000000e+01
      vertex   -2.430511e+02 3.158750e+02 -2.000000e+01
    endloop
  endfacet
  facet normal -7.933533e-01 6.087614e-01 0.000000e+00
    outer loop
      vertex   -2.430511e+02 3.158750e+02 -1.500000e+01
      vertex   -2.430511e+02 3.158750e+02 -2.000000e+01
      vertex   -2.434087e+02 3.154090e+02 -1.500000e+01
    endloop
  endfacet
  facet normal -7.933533e-01 6.087614e-01 0.000000e+00
    outer loop
      vertex   -2.434087e+02 3.154090e+02 -1.500000e+01
      vertex   -2.430511e+02 3.158750e+02 -2.000000e+01
      vertex   -2.434087e+02 3.154090e+02 -2.000000e+01
    endloop
  endfacet
  facet normal -6.087614e-01 7.933533e-01 0.000000e+00
    outer loop
      vertex   -2.434087e+02 3.154090e+02 -1.500000e+01
      vertex   -2.434087e+02 3.154090e+02 -2.000000e+01
      vertex   -2.438747e+02 3.150514e+02 -1.500000e+01
    endloop
  endfacet
  facet normal -6.087614e-01 7.933533e-01 0.000000e+00
    outer loop
      vertex   -2.438747e+02 3.150514e+02 -1.500000e+01
      vertex   -2.434087e+02 3.154090e+02 -2.000000e+01
      vertex   -2.438747e+02 3.150514e+02 -2.000000e+01
    endloop
  endfacet
  facet normal -3.826834e-01 9.238795e-01 0.000000e+00
    outer loop
      vertex   -2.438747e+02 3.150514e+02 -1.500000e+01
      vertex   -2.438747e+02 3.150514e+02 -2.000000e+01
      vertex   -2.444174e+02 3.148267e+02 -1.500000e+01
    endloop
  endfacet
  facet normal -3.826834e-01 9.238795e-01 0.000000e+00
    outer loop
      vertex   -2.444174e+02 3.148267e+02 -1.500000e+01
      vertex   -2.438747e+02 3.150514e+02 -2.000000e+01
      vertex   -2.444174e+02 3.148267e+02 -2.000000e+01
    endloop
  endfacet
  facet normal -1.305262e-01 9.914449e-01 0.000000e+00
    outer loop
      vertex   -2.444174e+02 3.148267e+02 -1.500000e+01
      vertex   -2.444174e+02 3.148267e+02 -2.000000e+01
      vertex   -2.449997e+02 3.147500e+02 -1.500000e+01
    endloop
  endfacet
  facet normal -1.305262e-01 9.914449e-01 0.000000e+00
    outer loop
      vertex   -2.449997e+02 3.147500e+02 -1.500000e+01
      vertex   -2.444174e+02 3.148267e+02 -2.000000e+01
      vertex   -2.449997e+02 3.147500e+02 -2.000000e+01
    endloop
  endfacet
  facet normal 1.305262e-01 9.914449e-01 0.000000e+00
    outer loop
      vertex   -2.449997e+02 3.147500e+02 -1.500000e+01
      vertex   -2.449997e+02 3.147500e+02 -2.000000e+01
      vertex   -2.455820e+02 3.148267e+02 -1.500000e+01
    endloop
  endfacet
  facet normal 1.305262e-01 9.914449e-01 0.000000e+00
    outer loop
      vertex   -2.455820e+02 3.148267e+02 -1.500000e+01
      vertex   -2.449997e+02 3.147500e+02 -2.000000e+01
      vertex   -2.455820e+02 3.148267e+02 -2.000000e+01
    endloop
  endfacet
  facet normal 3.826834e-01 9.238795e-01 0.000000e+00
    outer loop
      vertex   -2.455820e+02 3.148267e+02 -1.500000e+01
      vertex   -2.455820e+02 3.148267e+02 -2.000000e+01
      vertex   -2.461247e+02 3.150514e+02 -1.500000e+01
    endloop
  endfacet
  facet normal 3.826834e-01 9.238795e-01 0.000000e+00
    outer loop
      vertex   -2.461247e+02 3.150514e+02 -1.500000e+01
      vertex   -2.455820e+02 3.148267e+02 -2.000000e+01
      vertex   -2.461247e+02 3.150514e+02 -2.000000e+01
    endloop
  endfacet
  facet normal 6.087614e-01 7.933533e-01 0.000000e+00
    outer loop
      vertex   -2.461247e+02 3.150514e+02 -1.500000e+01
      vertex   -2.461247e+02 3.150514e+02 -2.000000e+01
      vertex   -2.465907e+02 3.154090e+02 -1.500000e+01
    endloop
  endfacet
  facet normal 6.087614e-01 7.933533e-01 0.000000e+00
    outer loop
      vertex   -2.465907e+02 3.154090e+02 -1.500000e+01
      vertex   -2.461247e+02 3.150514e+02 -2.000000e+01
      vertex   -2.465907e+02 3.154090e+02 -2.000000e+01
    endloop
  endfacet
  facet normal 7.933533e-01 6.087614e-01 0.000000e+00
    outer loop
      vertex   -2.465907e+02 3.154090e+02 -1.500000e+01
      vertex   -2.465907e+02 3.154090e+02 -2.000000e+01
      vertex   -2.469483e+02 3.158750e+02 -1.500000e+01
    endloop
  endfacet
  facet normal 7.933533e-01 6.087614e-01 0.000000e+00
    outer loop
      vertex   -2.469483e+02 3.158750e+02 -1.500000e+01
      vertex   -2.465907e+02 3.154090e+02 -2.000000e+01
      vertex   -2.469483e+02 3.158750e+02 -2.000000e+01
    endloop
  endfacet
  facet normal 9.238795e-01 3.826834e-01 0.000000e+00
    outer loop
      vertex   -2.469483e+02 3.158750e+02 -1.500000e+01
      vertex   -2.469483e+02 3.158750e+02 -2.000000e+01
      vertex   -2.471730e+02 3.164177e+02 -1.500000e+01
    endloop
  endfacet
  facet normal 9.238795e-01 3.826834e-01 0.000000e+00
    outer loop
      vertex   -2.471730e+02 3.164177e+02 -1.500000e+01
      vertex   -2.469483e+02 3.158750e+02 -2.000000e+01
      vertex   -2.471730e+02 3.164177e+02 -2.000000e+01
    endloop
  endfacet
  facet normal 9.914449e-01 1.305262e-01 0.000000e+00
    outer loop
      vertex   -2.471730e+02 3.164177e+02 -1.500000e+01
      vertex   -2.471730e+02 3.164177e+02 -2.000000e+01
      vertex   -2.472497e+02 3.170000e+02 -1.500000e+01
    endloop
  endfacet
  facet normal 9.914449e-01 1.305262e-01 0.000000e+00
    outer loop
      vertex   -2.472497e+02 3.170000e+02 -1.500000e+01
      vertex   -2.471730e+02 3.164177e+02 -2.000000e+01
      vertex   -2.472497e+02 3.170000e+02 -2.000000e+01
    endloop
  endfacet
  facet normal 9.914449e-01 -1.305262e-01 0.000000e+00
    outer loop
      vertex   -2.472497e+02 3.170000e+02 -1.500000e+01
      vertex   -2.472497e+02 3.170000e+02 -2.000000e+01
      vertex   -2.471730e+02 3.175823e+02 -1.500000e+01
    endloop
  endfacet
  facet normal 9.914449e-01 -1.305262e-01 0.000000e+00
    outer loop
      vertex   -2.471730e+02 3.175823e+02 -1.500000e+01
      vertex   -2.472497e+02 3.170000e+02 -2.000000e+01
      vertex   -2.471730e+02 3.175823e+02 -2.000000e+01
    endloop
  endfacet
  facet normal 9.238795e-01 -3.826834e-01 0.000000e+00
    outer loop
      vertex   -2.471730e+02 3.175823e+02 -1.500000e+01
      vertex   -2.471730e+02 3.175823e+02 -2.000000e+01
      vertex   -2.469483e+02 3.181250e+02 -1.500000e+01
    endloop
  endfacet
  facet normal 9.238795e-01 -3.826834e-01 0.000000e+00
    outer loop
      vertex   -2.469483e+02 3.181250e+02 -1.500000e+01
      vertex   -2.471730e+02 3.175823e+02 -2.000000e+01
      vertex   -2.469483e+02 3.181250e+02 -2.000000e+01
    endloop
  endfacet
  facet normal 7.933533e-01 -6.087614e-01 0.000000e+00
    outer loop
      vertex   -2.469483e+02 3.181250e+02 -1.500000e+01
      vertex   -2.469483e+02 3.181250e+02 -2.000000e+01
      vertex   -2.465907e+02 3.185910e+02 -1.500000e+01
    endloop
  endfacet
  facet normal 7.933533e-01 -6.087614e-01 0.000000e+00
    outer loop
      vertex   -2.465907e+02 3.185910e+02 -1.500000e+01
      vertex   -2.469483e+02 3.181250e+02 -2.000000e+01
      vertex   -2.465907e+02 3.185910e+02 -2.000000e+01
    endloop
  endfacet
  facet normal 6.087614e-01 -7.933533e-01 0.000000e+00
    outer loop
      vertex   -2.465907e+02 3.185910e+02 -1.500000e+01
      vertex   -2.465907e+02 3.185910e+02 -2.000000e+01
      vertex   -2.461247e+02 3.189486e+02 -1.500000e+01
    endloop
  endfacet
  facet normal 6.087614e-01 -7.933533e-01 0.000000e+00
    outer loop
      vertex   -2.461247e+02 3.189486e+02 -1.500000e+01
      vertex   -2.465907e+02 3.185910e+02 -2.000000e+01
      vertex   -2.461247e+02 3.189486e+02 -2.000000e+01
    endloop
  endfacet
  facet normal 3.826834e-01 -9.238795e-01 0.000000e+00
    outer loop
      vertex   -2.461247e+02 3.189486e+02 -1.500000e+01
      vertex   -2.461247e+02 3.189486e+02 -2.000000e+01
      vertex   -2.455820e+02 3.191733e+02 -1.500000e+01
    endloop
  endfacet
  facet normal 3.826834e-01 -9.238795e-01 0.000000e+00
    outer loop
      vertex   -2.455820e+02 3.191733e+02 -1.500000e+01
      vertex   -2.461247e+02 3.189486e+02 -2.000000e+01
      vertex   -2.455820e+02 3.191733e+02 -2.000000e+01
    endloop
  endfacet
  facet normal 1.305262e-01 -9.914449e-01 0.000000e+00
    outer loop
      vertex   -2.455820e+02 3.191733e+02 -1.500000e+01
      vertex   -2.455820e+02 3.191733e+02 -2.000000e+01
      vertex   -2.449997e+02 3.192500e+02 -1.500000e+01
    endloop
  endfacet
  facet normal 1.305262e-01 -9.914449e-01 0.000000e+00
    outer loop
      vertex   -2.449997e+02 3.192500e+02 -1.500000e+01
      vertex   -2.455820e+02 3.191733e+02 -2.000000e+01
      vertex   -2.449997e+02 3.192500e+02 -2.000000e+01
    endloop
  endfacet
  facet normal -1.305262e-01 -9.914449e-01 -0.000000e+00
    outer loop
      vertex   -2.449997e+02 3.192500e+02 -1.500000e+01
      vertex   -2.449997e+02 3.192500e+02 -2.000000e+01
      vertex   -2.444174e+02 3.191733e+02 -1.500000e+01
    endloop
  endfacet
  facet normal -1.305262e-01 -9.914449e-01 -0.000000e+00
    outer loop
      vertex   -2.444174e+02 3.191733e+02 -1.500000e+01
      vertex   -2.449997e+02 3.192500e+02 -2.000000e+01
      vertex   -2.444174e+02 3.191733e+02 -2.000000e+01
    endloop
  endfacet
  facet normal -3.826834e-01 -9.238795e-01 -0.000000e+00
    outer loop
      vertex   -2.444174e+02 3.191733e+02 -1.500000e+01
      vertex   -2.444174e+02 3.191733e+02 -2.000000e+01
      vertex   -2.438747e+02 3.189486e+02 -1.500000e+01
    endloop
  endfacet
  facet normal -3.826834e-01 -9.238795e-01 -0.000000e+00
    outer loop
      vertex   -2.438747e+02 3.189486e+02 -1.500000e+01
      vertex   -2.444174e+02 3.191733e+02 -2.000000e+01
      vertex   -2.438747e+02 3.189486e+02 -2.000000e+01
    endloop
  endfacet
  facet normal -6.087614e-01 -7.933533e-01 -0.000000e+00
    outer loop
      vertex   -2.438747e+02 3.189486e+02 -1.500000e+01
      vertex   -2.438747e+02 3.189486e+02 -2.000000e+01
      vertex   -2.434087e+02 3.185910e+02 -1.500000e+01
    endloop
  endfacet
  facet normal -6.087614e-01 -7.933533e-01 -0.000000e+00
    outer loop
      vertex   -2.434087e+02 3.185910e+02 -1.500000e+01
      vertex   -2.438747e+02 3.189486e+02 -2.000000e+01
      vertex   -2.434087e+02 3.185910e+02 -2.000000e+01
    endloop
  endfacet
  facet normal -7.933533e-01 -6.087614e-01 -0.000000e+00
    outer loop
      vertex   -2.434087e+02 3.185910e+02 -1.500000e+01
      vertex   -2.434087e+02 3.185910e+02 -2.000000e+01
      vertex   -2.430511e+02 3.181250e+02 -1.500000e+01
    endloop
  endfacet
  facet normal -7.933533e-01 -6.087614e-01 -0.000000e+00
    outer loop
      vertex   -2.430511e+02 3.181250e+02 -1.500000e+01
      vertex   -2.434087e+02 3.185910e+02 -2.000000e+01
      vertex   -2.430511e+02 3.181250e+02 -2.000000e+01
    endloop
  endfacet
  facet normal -9.238795e-01 -3.826834e-01 -0.000000e+00
    outer loop
      vertex   -2.430511e+02 3.181250e+02 -1.500000e+01
      vertex   -2.430511e+02 3.181250e+02 -2.000000e+01
      vertex   -2.428264e+02 3.175823e+02 -1.500000e+01
    endloop
  endfacet
  facet normal -9.238795e-01 -3.826834e-01 -0.000000e+00
    outer loop
      vertex   -2.428264e+02 3.175823e+02 -1.500000e+01
      vertex   -2.430511e+02 3.181250e+02 -2.000000e+01
      vertex   -2.428264e+02 3.175823e+02 -2.000000e+01
    endloop
  endfacet
  facet normal 2.164396e-01 -9.762960e-01 6.103184e-15
    outer loop
      vertex   -2.084313e+02 3.597800e+02 8.338075e+00
      vertex   -2.201468e+02 3.571828e+02 1.033808e+01
      vertex   -2.201468e+02 3.571828e+02 8.338075e+00
    endloop
  endfacet
  facet normal 2.164396e-01 -9.762960e-01 6.151584e-15
    outer loop
      vertex   -2.201468e+02 3.571828e+02 8.338075e+00
      vertex   -2.201468e+02 3.571828e+02 1.033808e+01
      vertex   -2.218421e+02 3.568069e+02 1.018615e+01
    endloop
  endfacet
  facet normal 2.164396e-01 -9.762960e-01 -8.703048e-15
    outer loop
      vertex   -2.201468e+02 3.571828e+02 8.338075e+00
      vertex   -2.218421e+02 3.568069e+02 1.018615e+01
      vertex   -2.216705e+02 3.568450e+02 8.184357e+00
    endloop
  endfacet
  facet normal 2.164396e-01 -9.762960e-01 -6.078339e-15
    outer loop
      vertex   -2.216705e+02 3.568450e+02 8.184357e+00
      vertex   -2.218421e+02 3.568069e+02 1.018615e+01
      vertex   -2.234859e+02 3.564425e+02 9.735001e+00
    endloop
  endfacet
  facet normal 2.164396e-01 -9.762960e-01 -3.941705e-14
    outer loop
      vertex   -2.216705e+02 3.568450e+02 8.184357e+00
      vertex   -2.234859e+02 3.564425e+02 9.735001e+00
      vertex   -2.231357e+02 3.565201e+02 7.729111e+00
    endloop
  endfacet
  facet normal 2.164396e-01 -9.762960e-01 -3.187627e-14
    outer loop
      vertex   -2.231357e+02 3.565201e+02 7.729111e+00
      vertex   -2.234859e+02 3.564425e+02 9.735001e+00
      vertex   -2.250283e+02 3.561006e+02 8.998329e+00
    endloop
  endfacet
  facet normal 2.164396e-01 -9.762960e-01 -4.739069e-14
    outer loop
      vertex   -2.231357e+02 3.565201e+02 7.729111e+00
      vertex   -2.250283e+02 3.561006e+02 8.998329e+00
      vertex   -2.244860e+02 3.562208e+02 6.989832e+00
    endloop
  endfacet
  facet normal 2.164396e-01 -9.762960e-01 -4.933780e-14
    outer loop
      vertex   -2.244860e+02 3.562208e+02 6.989832e+00
      vertex   -2.250283e+02 3.561006e+02 8.998329e+00
      vertex   -2.264223e+02 3.557915e+02 7.998520e+00
    endloop
  endfacet
  facet normal 2.164396e-01 -9.762960e-01 -2.302037e-14
    outer loop
      vertex   -2.244860e+02 3.562208e+02 6.989832e+00
      vertex   -2.264223e+02 3.557915e+02 7.998520e+00
      vertex   -2.256696e+02 3.559584e+02 5.994929e+00
    endloop
  endfacet
  facet normal 2.164396e-01 -9.762960e-01 -3.608273e-14
    outer loop
      vertex   -2.256696e+02 3.559584e+02 5.994929e+00
      vertex   -2.264223e+02 3.557915e+02 7.998520e+00
      vertex   -2.276257e+02 3.555247e+02 6.765951e+00
    endloop
  endfacet
  facet normal 2.164396e-01 -9.762960e-01 -9.098209e-15
    outer loop
      vertex   -2.256696e+02 3.559584e+02 5.994929e+00
      vertex   -2.276257e+02 3.555247e+02 6.765951e+00
      vertex   -2.286018e+02 3.553083e+02 5.338075e+00
    endloop
  endfacet
  facet normal 2.164396e-01 -9.762960e-01 -8.300765e-14
    outer loop
      vertex   -2.069075e+02 3.601178e+02 8.184357e+00
      vertex   -2.067359e+02 3.601559e+02 1.018615e+01
      vertex   -2.084313e+02 3.597800e+02 8.338075e+00
    endloop
  endfacet
  facet normal 2.164396e-01 -9.762960e-01 -9.293250e-15
    outer loop
      vertex   -2.084313e+02 3.597800e+02 8.338075e+00
      vertex   -2.067359e+02 3.601559e+02 1.018615e+01
      vertex   -2.084313e+02 3.597800e+02 1.033808e+01
    endloop
  endfacet
  facet normal 2.164396e-01 -9.762960e-01 -9.293250e-15
    outer loop
      vertex   -2.084313e+02 3.597800e+02 8.338075e+00
      vertex   -2.084313e+02 3.597800e+02 1.033808e+01
      vertex   -2.201468e+02 3.571828e+02 1.033808e+01
    endloop
  endfacet
  facet normal 2.164396e-01 -9.762960e-01 -7.810720e-14
    outer loop
      vertex   -2.067359e+02 3.601559e+02 1.018615e+01
      vertex   -2.069075e+02 3.601178e+02 8.184357e+00
      vertex   -2.050921e+02 3.605203e+02 9.735001e+00
    endloop
  endfacet
  facet normal 2.164396e-01 -9.762960e-01 -8.155081e-14
    outer loop
      vertex   -2.050921e+02 3.605203e+02 9.735001e+00
      vertex   -2.069075e+02 3.601178e+02 8.184357e+00
      vertex   -2.054424e+02 3.604427e+02 7.729111e+00
    endloop
  endfacet
  facet normal 2.164396e-01 -9.762960e-01 -8.448480e-14
    outer loop
      vertex   -2.050921e+02 3.605203e+02 9.735001e+00
      vertex   -2.054424e+02 3.604427e+02 7.729111e+00
      vertex   -2.035498e+02 3.608622e+02 8.998329e+00
    endloop
  endfacet
  facet normal 2.164396e-01 -9.762960e-01 -5.480429e-14
    outer loop
      vertex   -2.035498e+02 3.608622e+02 8.998329e+00
      vertex   -2.054424e+02 3.604427e+02 7.729111e+00
      vertex   -2.040920e+02 3.607420e+02 6.989832e+00
    endloop
  endfacet
  facet normal 2.164396e-01 -9.762960e-01 -5.100945e-14
    outer loop
      vertex   -2.035498e+02 3.608622e+02 8.998329e+00
      vertex   -2.040920e+02 3.607420e+02 6.989832e+00
      vertex   -2.021557e+02 3.611713e+02 7.998520e+00
    endloop
  endfacet
  facet normal 2.164396e-01 -9.762960e-01 -3.380189e-14
    outer loop
      vertex   -2.021557e+02 3.611713e+02 7.998520e+00
      vertex   -2.040920e+02 3.607420e+02 6.989832e+00
      vertex   -2.029085e+02 3.610044e+02 5.994929e+00
    endloop
  endfacet
  facet normal 2.164396e-01 -9.762960e-01 -4.591179e-14
    outer loop
      vertex   -2.021557e+02 3.611713e+02 7.998520e+00
      vertex   -2.029085e+02 3.610044e+02 5.994929e+00
      vertex   -2.009524e+02 3.614381e+02 6.765951e+00
    endloop
  endfacet
  facet normal 2.164396e-01 -9.762960e-01 -2.319704e-14
    outer loop
      vertex   -2.009524e+02 3.614381e+02 6.765951e+00
      vertex   -2.029085e+02 3.610044e+02 5.994929e+00
      vertex   -1.999763e+02 3.616545e+02 5.338075e+00
    endloop
  endfacet
  facet normal 2.164396e-01 -9.762960e-01 -3.530485e-14
    outer loop
      vertex   -1.999763e+02 3.616545e+02 5.338075e+00
      vertex   -2.029085e+02 3.610044e+02 5.994929e+00
      vertex   -2.019372e+02 3.612197e+02 4.782637e+00
    endloop
  endfacet
  facet normal 2.164396e-01 -9.762960e-01 2.065764e-16
    outer loop
      vertex   -1.999763e+02 3.616545e+02 5.338075e+00
      vertex   -2.019372e+02 3.612197e+02 4.782637e+00
      vertex   -1.992571e+02 3.618139e+02 3.758277e+00
    endloop
  endfacet
  facet normal 2.164396e-01 -9.762960e-01 -4.603169e-14
    outer loop
      vertex   -1.992571e+02 3.618139e+02 3.758277e+00
      vertex   -2.019372e+02 3.612197e+02 4.782637e+00
      vertex   -2.012154e+02 3.613798e+02 3.399543e+00
    endloop
  endfacet
  facet normal 2.164396e-01 -9.762960e-01 -2.285313e-14
    outer loop
      vertex   -1.992571e+02 3.618139e+02 3.758277e+00
      vertex   -2.012154e+02 3.613798e+02 3.399543e+00
      vertex   -1.988166e+02 3.619116e+02 2.074557e+00
    endloop
  endfacet
  facet normal 2.164396e-01 -9.762960e-01 -2.915588e-15
    outer loop
      vertex   -1.988166e+02 3.619116e+02 2.074557e+00
      vertex   -2.012154e+02 3.613798e+02 3.399543e+00
      vertex   -2.007710e+02 3.614783e+02 1.898798e+00
    endloop
  endfacet
  facet normal 2.164396e-01 -9.762960e-01 -4.069789e-14
    outer loop
      vertex   -1.988166e+02 3.619116e+02 2.074557e+00
      vertex   -2.007710e+02 3.614783e+02 1.898798e+00
      vertex   -1.986683e+02 3.619444e+02 3.380751e-01
    endloop
  endfacet
  facet normal 2.164396e-01 -9.762960e-01 -9.105489e-15
    outer loop
      vertex   -1.986683e+02 3.619444e+02 3.380751e-01
      vertex   -2.007710e+02 3.614783e+02 1.898798e+00
      vertex   -2.006209e+02 3.615116e+02 3.380751e-01
    endloop
  endfacet
  facet normal 2.164396e-01 -9.762960e-01 9.105832e-15
    outer loop
      vertex   -1.986683e+02 3.619444e+02 3.380751e-01
      vertex   -2.006209e+02 3.615116e+02 3.380751e-01
      vertex   -2.007710e+02 3.614783e+02 -1.222647e+00
    endloop
  endfacet
  facet normal 2.164396e-01 -9.762960e-01 4.069797e-14
    outer loop
      vertex   -1.986683e+02 3.619444e+02 3.380751e-01
      vertex   -2.007710e+02 3.614783e+02 -1.222647e+00
      vertex   -1.988166e+02 3.619116e+02 -1.398407e+00
    endloop
  endfacet
  facet normal 2.164396e-01 -9.762960e-01 2.891205e-15
    outer loop
      vertex   -1.988166e+02 3.619116e+02 -1.398407e+00
      vertex   -2.007710e+02 3.614783e+02 -1.222647e+00
      vertex   -2.012154e+02 3.613798e+02 -2.723392e+00
    endloop
  endfacet
  facet normal 2.164396e-01 -9.762960e-01 2.712237e-14
    outer loop
      vertex   -1.988166e+02 3.619116e+02 -1.398407e+00
      vertex   -2.012154e+02 3.613798e+02 -2.723392e+00
      vertex   -1.992571e+02 3.618139e+02 -3.082126e+00
    endloop
  endfacet
  facet normal 2.164396e-01 -9.762960e-01 4.752789e-14
    outer loop
      vertex   -1.992571e+02 3.618139e+02 -3.082126e+00
      vertex   -2.012154e+02 3.613798e+02 -2.723392e+00
      vertex   -2.019372e+02 3.612197e+02 -4.106487e+00
    endloop
  endfacet
  facet normal 2.164396e-01 -9.762960e-01 -3.667291e-15
    outer loop
      vertex   -1.992571e+02 3.618139e+02 -3.082126e+00
      vertex   -2.019372e+02 3.612197e+02 -4.106487e+00
      vertex   -1.999763e+02 3.616545e+02 -4.661925e+00
    endloop
  endfacet
  facet normal 2.164396e-01 -9.762960e-01 3.114521e-14
    outer loop
      vertex   -1.999763e+02 3.616545e+02 -4.661925e+00
      vertex   -2.019372e+02 3.612197e+02 -4.106487e+00
      vertex   -2.029085e+02 3.610044e+02 -5.318779e+00
    endloop
  endfacet
  facet normal 2.164396e-01 -9.762960e-01 2.488052e-14
    outer loop
      vertex   -1.999763e+02 3.616545e+02 -4.661925e+00
      vertex   -2.029085e+02 3.610044e+02 -5.318779e+00
      vertex   -2.009524e+02 3.614381e+02 -6.089801e+00
    endloop
  endfacet
  facet normal 2.164396e-01 -9.762960e-01 4.814527e-14
    outer loop
      vertex   -2.009524e+02 3.614381e+02 -6.089801e+00
      vertex   -2.029085e+02 3.610044e+02 -5.318779e+00
      vertex   -2.021557e+02 3.611713e+02 -7.322369e+00
    endloop
  endfacet
  facet normal 2.164396e-01 -9.762960e-01 3.761979e-14
    outer loop
      vertex   -2.021557e+02 3.611713e+02 -7.322369e+00
      vertex   -2.029085e+02 3.610044e+02 -5.318779e+00
      vertex   -2.040920e+02 3.607420e+02 -6.313682e+00
    endloop
  endfacet
  facet normal 2.164396e-01 -9.762960e-01 5.101240e-14
    outer loop
      vertex   -2.021557e+02 3.611713e+02 -7.322369e+00
      vertex   -2.040920e+02 3.607420e+02 -6.313682e+00
      vertex   -2.035498e+02 3.608622e+02 -8.322179e+00
    endloop
  endfacet
  facet normal 2.164396e-01 -9.762960e-01 5.480457e-14
    outer loop
      vertex   -2.035498e+02 3.608622e+02 -8.322179e+00
      vertex   -2.040920e+02 3.607420e+02 -6.313682e+00
      vertex   -2.054424e+02 3.604427e+02 -7.052961e+00
    endloop
  endfacet
  facet normal 2.164396e-01 -9.762960e-01 8.449847e-14
    outer loop
      vertex   -2.035498e+02 3.608622e+02 -8.322179e+00
      vertex   -2.054424e+02 3.604427e+02 -7.052961e+00
      vertex   -2.050921e+02 3.605203e+02 -9.058851e+00
    endloop
  endfacet
  facet normal 2.164396e-01 -9.762960e-01 8.155349e-14
    outer loop
      vertex   -2.050921e+02 3.605203e+02 -9.058851e+00
      vertex   -2.054424e+02 3.604427e+02 -7.052961e+00
      vertex   -2.069075e+02 3.601178e+02 -7.508207e+00
    endloop
  endfacet
  facet normal 2.164396e-01 -9.762960e-01 7.809822e-14
    outer loop
      vertex   -2.050921e+02 3.605203e+02 -9.058851e+00
      vertex   -2.069075e+02 3.601178e+02 -7.508207e+00
      vertex   -2.067359e+02 3.601559e+02 -9.510002e+00
    endloop
  endfacet
  facet normal 2.164396e-01 -9.762960e-01 8.300810e-14
    outer loop
      vertex   -2.067359e+02 3.601559e+02 -9.510002e+00
      vertex   -2.069075e+02 3.601178e+02 -7.508207e+00
      vertex   -2.084313e+02 3.597800e+02 -7.661925e+00
    endloop
  endfacet
  facet normal 2.164396e-01 -9.762960e-01 9.279474e-15
    outer loop
      vertex   -2.067359e+02 3.601559e+02 -9.510002e+00
      vertex   -2.084313e+02 3.597800e+02 -7.661925e+00
      vertex   -2.084313e+02 3.597800e+02 -9.661925e+00
    endloop
  endfacet
  facet normal 2.164396e-01 -9.762960e-01 9.293250e-15
    outer loop
      vertex   -2.084313e+02 3.597800e+02 -9.661925e+00
      vertex   -2.084313e+02 3.597800e+02 -7.661925e+00
      vertex   -2.201468e+02 3.571828e+02 -7.661925e+00
    endloop
  endfacet
  facet normal 2.164396e-01 -9.762960e-01 -6.135094e-15
    outer loop
      vertex   -2.084313e+02 3.597800e+02 -9.661925e+00
      vertex   -2.201468e+02 3.571828e+02 -7.661925e+00
      vertex   -2.201468e+02 3.571828e+02 -9.661925e+00
    endloop
  endfacet
  facet normal 2.164396e-01 -9.762960e-01 -6.151584e-15
    outer loop
      vertex   -2.201468e+02 3.571828e+02 -9.661925e+00
      vertex   -2.201468e+02 3.571828e+02 -7.661925e+00
      vertex   -2.218421e+02 3.568069e+02 -9.510002e+00
    endloop
  endfacet
  facet normal 2.164396e-01 -9.762960e-01 8.704698e-15
    outer loop
      vertex   -2.218421e+02 3.568069e+02 -9.510002e+00
      vertex   -2.201468e+02 3.571828e+02 -7.661925e+00
      vertex   -2.216705e+02 3.568450e+02 -7.508207e+00
    endloop
  endfacet
  facet normal 2.164396e-01 -9.762960e-01 6.391488e-15
    outer loop
      vertex   -2.218421e+02 3.568069e+02 -9.510002e+00
      vertex   -2.216705e+02 3.568450e+02 -7.508207e+00
      vertex   -2.234859e+02 3.564425e+02 -9.058851e+00
    endloop
  endfacet
  facet normal 2.164396e-01 -9.762960e-01 3.650915e-14
    outer loop
      vertex   -2.234859e+02 3.564425e+02 -9.058851e+00
      vertex   -2.216705e+02 3.568450e+02 -7.508207e+00
      vertex   -2.231357e+02 3.565201e+02 -7.052961e+00
    endloop
  endfacet
  facet normal 2.164396e-01 -9.762960e-01 2.904474e-14
    outer loop
      vertex   -2.234859e+02 3.564425e+02 -9.058851e+00
      vertex   -2.231357e+02 3.565201e+02 -7.052961e+00
      vertex   -2.250283e+02 3.561006e+02 -8.322179e+00
    endloop
  endfacet
  facet normal 2.164396e-01 -9.762960e-01 4.473905e-14
    outer loop
      vertex   -2.250283e+02 3.561006e+02 -8.322179e+00
      vertex   -2.231357e+02 3.565201e+02 -7.052961e+00
      vertex   -2.244860e+02 3.562208e+02 -6.313682e+00
    endloop
  endfacet
  facet normal 2.164396e-01 -9.762960e-01 4.677135e-14
    outer loop
      vertex   -2.250283e+02 3.561006e+02 -8.322179e+00
      vertex   -2.244860e+02 3.562208e+02 -6.313682e+00
      vertex   -2.264223e+02 3.557915e+02 -7.322369e+00
    endloop
  endfacet
  facet normal 2.164396e-01 -9.762960e-01 2.066992e-14
    outer loop
      vertex   -2.264223e+02 3.557915e+02 -7.322369e+00
      vertex   -2.244860e+02 3.562208e+02 -6.313682e+00
      vertex   -2.256696e+02 3.559584e+02 -5.318779e+00
    endloop
  endfacet
  facet normal 2.164396e-01 -9.762960e-01 3.108679e-14
    outer loop
      vertex   -2.264223e+02 3.557915e+02 -7.322369e+00
      vertex   -2.256696e+02 3.559584e+02 -5.318779e+00
      vertex   -2.276257e+02 3.555247e+02 -6.089801e+00
    endloop
  endfacet
  facet normal 2.164396e-01 -9.762960e-01 1.418119e-14
    outer loop
      vertex   -2.276257e+02 3.555247e+02 -6.089801e+00
      vertex   -2.256696e+02 3.559584e+02 -5.318779e+00
      vertex   -2.286018e+02 3.553083e+02 -4.661925e+00
    endloop
  endfacet
  facet normal 2.164396e-01 -9.762960e-01 1.613432e-14
    outer loop
      vertex   -2.286018e+02 3.553083e+02 -4.661925e+00
      vertex   -2.256696e+02 3.559584e+02 -5.318779e+00
      vertex   -2.266409e+02 3.557431e+02 -4.106487e+00
    endloop
  endfacet
  facet normal 2.164396e-01 -9.762960e-01 -4.252733e-15
    outer loop
      vertex   -2.286018e+02 3.553083e+02 -4.661925e+00
      vertex   -2.266409e+02 3.557431e+02 -4.106487e+00
      vertex   -2.293210e+02 3.551489e+02 -3.082126e+00
    endloop
  endfacet
  facet normal 2.164396e-01 -9.762960e-01 -6.521451e-15
    outer loop
      vertex   -2.293210e+02 3.551489e+02 -3.082126e+00
      vertex   -2.266409e+02 3.557431e+02 -4.106487e+00
      vertex   -2.273626e+02 3.555831e+02 -2.723392e+00
    endloop
  endfacet
  facet normal 2.164396e-01 -9.762960e-01 -4.710763e-17
    outer loop
      vertex   -2.293210e+02 3.551489e+02 -3.082126e+00
      vertex   -2.273626e+02 3.555831e+02 -2.723392e+00
      vertex   -2.297614e+02 3.550513e+02 -1.398407e+00
    endloop
  endfacet
  facet normal 2.164396e-01 -9.762960e-01 2.347598e-14
    outer loop
      vertex   -2.297614e+02 3.550513e+02 -1.398407e+00
      vertex   -2.273626e+02 3.555831e+02 -2.723392e+00
      vertex   -2.278071e+02 3.554845e+02 -1.222647e+00
    endloop
  endfacet
  facet normal 2.164396e-01 -9.762960e-01 -3.293804e-14
    outer loop
      vertex   -2.297614e+02 3.550513e+02 -1.398407e+00
      vertex   -2.278071e+02 3.554845e+02 -1.222647e+00
      vertex   -2.299098e+02 3.550184e+02 3.380751e-01
    endloop
  endfacet
  facet normal 2.164396e-01 -9.762960e-01 3.947095e-15
    outer loop
      vertex   -2.299098e+02 3.550184e+02 3.380751e-01
      vertex   -2.278071e+02 3.554845e+02 -1.222647e+00
      vertex   -2.279572e+02 3.554512e+02 3.380751e-01
    endloop
  endfacet
  facet normal 2.164396e-01 -9.762960e-01 -3.950513e-15
    outer loop
      vertex   -2.299098e+02 3.550184e+02 3.380751e-01
      vertex   -2.279572e+02 3.554512e+02 3.380751e-01
      vertex   -2.278071e+02 3.554845e+02 1.898798e+00
    endloop
  endfacet
  facet normal 2.164396e-01 -9.762960e-01 3.293811e-14
    outer loop
      vertex   -2.299098e+02 3.550184e+02 3.380751e-01
      vertex   -2.278071e+02 3.554845e+02 1.898798e+00
      vertex   -2.297614e+02 3.550513e+02 2.074557e+00
    endloop
  endfacet
  facet normal 2.164396e-01 -9.762960e-01 -2.347722e-14
    outer loop
      vertex   -2.297614e+02 3.550513e+02 2.074557e+00
      vertex   -2.278071e+02 3.554845e+02 1.898798e+00
      vertex   -2.273626e+02 3.555831e+02 3.399543e+00
    endloop
  endfacet
  facet normal 2.164396e-01 -9.762960e-01 4.316352e-15
    outer loop
      vertex   -2.297614e+02 3.550513e+02 2.074557e+00
      vertex   -2.273626e+02 3.555831e+02 3.399543e+00
      vertex   -2.293210e+02 3.551489e+02 3.758277e+00
    endloop
  endfacet
  facet normal 2.164396e-01 -9.762960e-01 8.058813e-15
    outer loop
      vertex   -2.293210e+02 3.551489e+02 3.758277e+00
      vertex   -2.273626e+02 3.555831e+02 3.399543e+00
      vertex   -2.266409e+02 3.557431e+02 4.782637e+00
    endloop
  endfacet
  facet normal 2.164396e-01 -9.762960e-01 8.148155e-16
    outer loop
      vertex   -2.293210e+02 3.551489e+02 3.758277e+00
      vertex   -2.266409e+02 3.557431e+02 4.782637e+00
      vertex   -2.286018e+02 3.553083e+02 5.338075e+00
    endloop
  endfacet
  facet normal 2.164396e-01 -9.762960e-01 -1.611018e-14
    outer loop
      vertex   -2.286018e+02 3.553083e+02 5.338075e+00
      vertex   -2.266409e+02 3.557431e+02 4.782637e+00
      vertex   -2.256696e+02 3.559584e+02 5.994929e+00
    endloop
  endfacet
  facet normal 0.000000e+00 5.000000e-01 8.660254e-01
    outer loop
      vertex   -2.489997e+02 2.490000e+02 1.622650e+01
      vertex   -2.489997e+02 2.590000e+02 1.045299e+01
      vertex   -2.549997e+02 2.490000e+02 1.622650e+01
    endloop
  endfacet
  facet normal 0.000000e+00 5.000000e-01 8.660254e-01
    outer loop
      vertex   -2.549997e+02 2.490000e+02 1.622650e+01
      vertex   -2.489997e+02 2.590000e+02 1.045299e+01
      vertex   -2.549997e+02 2.590000e+02 1.045299e+01
    endloop
  endfacet
  facet normal 0.000000e+00 1.000000e+00 2.461392e-15
    outer loop
      vertex   -2.489997e+02 2.490000e+02 2.777350e+01
      vertex   -2.489997e+02 2.490000e+02 1.622650e+01
      vertex   -2.549997e+02 2.490000e+02 2.777350e+01
    endloop
  endfacet
  facet normal 0.000000e+00 1.000000e+00 2.461392e-15
    outer loop
      vertex   -2.549997e+02 2.490000e+02 2.777350e+01
      vertex   -2.489997e+02 2.490000e+02 1.622650e+01
      vertex   -2.549997e+02 2.490000e+02 1.622650e+01
    endloop
  endfacet
  facet normal 0.000000e+00 5.000000e-01 -8.660254e-01
    outer loop
      vertex   -2.489997e+02 2.590000e+02 3.354701e+01
      vertex   -2.489997e+02 2.490000e+02 2.777350e+01
      vertex   -2.549997e+02 2.590000e+02 3.354701e+01
    endloop
  endfacet
  facet normal 9.641557e-18 5.000000e-01 -8.660254e-01
    outer loop
      vertex   -2.549997e+02 2.590000e+02 3.354701e+01
      vertex   -2.489997e+02 2.490000e+02 2.777350e+01
      vertex   -2.549997e+02 2.490000e+02 2.777350e+01
    endloop
  endfacet
  facet normal 8.500700e-15 -8.660254e-01 -5.000000e-01
    outer loop
      vertex   -2.489997e+02 2.660000e+02 2.142265e+01
      vertex   -2.489997e+02 2.590000e+02 3.354701e+01
      vertex   -2.549997e+02 2.660000e+02 2.142265e+01
    endloop
  endfacet
  facet normal -4.360344e-19 -8.660254e-01 -5.000000e-01
    outer loop
      vertex   -2.549997e+02 2.660000e+02 2.142265e+01
      vertex   -2.489997e+02 2.590000e+02 3.354701e+01
      vertex   -2.549997e+02 2.590000e+02 3.354701e+01
    endloop
  endfacet
  facet normal 1.532517e-16 -9.659258e-01 2.588190e-01
    outer loop
      vertex   -2.489997e+02 2.638038e+02 1.322650e+01
      vertex   -2.489997e+02 2.660000e+02 2.142265e+01
      vertex   -2.549997e+02 2.638038e+02 1.322650e+01
    endloop
  endfacet
  facet normal 8.989997e-15 -9.659258e-01 2.588190e-01
    outer loop
      vertex   -2.549997e+02 2.638038e+02 1.322650e+01
      vertex   -2.489997e+02 2.660000e+02 2.142265e+01
      vertex   -2.549997e+02 2.660000e+02 2.142265e+01
    endloop
  endfacet
  facet normal 5.127900e-16 -5.000000e-01 8.660254e-01
    outer loop
      vertex   -2.549997e+02 2.638038e+02 1.322650e+01
      vertex   -2.549997e+02 2.590000e+02 1.045299e+01
      vertex   -2.489997e+02 2.638038e+02 1.322650e+01
    endloop
  endfacet
  facet normal -2.544812e-17 -5.000000e-01 8.660254e-01
    outer loop
      vertex   -2.489997e+02 2.638038e+02 1.322650e+01
      vertex   -2.549997e+02 2.590000e+02 1.045299e+01
      vertex   -2.489997e+02 2.590000e+02 1.045299e+01
    endloop
  endfacet
  facet normal 0.000000e+00 -5.000000e-01 8.660254e-01
    outer loop
      vertex   -2.489997e+02 2.690000e+02 -9.547005e+00
      vertex   -2.489997e+02 2.790000e+02 -3.773503e+00
      vertex   -2.549997e+02 2.690000e+02 -9.547005e+00
    endloop
  endfacet
  facet normal 5.127900e-17 -5.000000e-01 8.660254e-01
    outer loop
      vertex   -2.549997e+02 2.690000e+02 -9.547005e+00
      vertex   -2.489997e+02 2.790000e+02 -3.773503e+00
      vertex   -2.549997e+02 2.790000e+02 -3.773503e+00
    endloop
  endfacet
  facet normal 0.000000e+00 5.000000e-01 8.660254e-01
    outer loop
      vertex   -2.489997e+02 2.590000e+02 -3.773503e+00
      vertex   -2.489997e+02 2.690000e+02 -9.547005e+00
      vertex   -2.549997e+02 2.590000e+02 -3.773503e+00
    endloop
  endfacet
  facet normal 0.000000e+00 5.000000e-01 8.660254e-01
    outer loop
      vertex   -2.549997e+02 2.590000e+02 -3.773503e+00
      vertex   -2.489997e+02 2.690000e+02 -9.547005e+00
      vertex   -2.549997e+02 2.690000e+02 -9.547005e+00
    endloop
  endfacet
  facet normal 0.000000e+00 8.660254e-01 -5.000000e-01
    outer loop
      vertex   -2.489997e+02 2.690000e+02 1.354701e+01
      vertex   -2.489997e+02 2.590000e+02 -3.773503e+00
      vertex   -2.549997e+02 2.690000e+02 1.354701e+01
    endloop
  endfacet
  facet normal 8.502446e-17 8.660254e-01 -5.000000e-01
    outer loop
      vertex   -2.549997e+02 2.690000e+02 1.354701e+01
      vertex   -2.489997e+02 2.590000e+02 -3.773503e+00
      vertex   -2.549997e+02 2.590000e+02 -3.773503e+00
    endloop
  endfacet
  facet normal -0.000000e+00 -8.660254e-01 -5.000000e-01
    outer loop
      vertex   -2.489997e+02 2.790000e+02 -3.773503e+00
      vertex   -2.489997e+02 2.690000e+02 1.354701e+01
      vertex   -2.549997e+02 2.790000e+02 -3.773503e+00
    endloop
  endfacet
  facet normal 8.502446e-17 -8.660254e-01 -5.000000e-01
    outer loop
      vertex   -2.549997e+02 2.790000e+02 -3.773503e+00
      vertex   -2.489997e+02 2.690000e+02 1.354701e+01
      vertex   -2.549997e+02 2.690000e+02 1.354701e+01
    endloop
  endfacet
  facet normal -3.065033e-16 9.659258e-01 2.588190e-01
    outer loop
      vertex   -2.489997e+02 2.960000e+02 2.142265e+01
      vertex   -2.489997e+02 2.981962e+02 1.322650e+01
      vertex   -2.549997e+02 2.960000e+02 2.142265e+01
    endloop
  endfacet
  facet normal -3.029550e-16 9.659258e-01 2.588190e-01
    outer loop
      vertex   -2.549997e+02 2.960000e+02 2.142265e+01
      vertex   -2.489997e+02 2.981962e+02 1.322650e+01
      vertex   -2.549997e+02 2.981962e+02 1.322650e+01
    endloop
  endfacet
  facet normal 5.921189e-16 8.660254e-01 -5.000000e-01
    outer loop
      vertex   -2.549997e+02 2.960000e+02 2.142265e+01
      vertex   -2.549997e+02 3.030000e+02 3.354701e+01
      vertex   -2.489997e+02 2.960000e+02 2.142265e+01
    endloop
  endfacet
  facet normal -8.415239e-17 8.660254e-01 -5.000000e-01
    outer loop
      vertex   -2.489997e+02 2.960000e+02 2.142265e+01
      vertex   -2.549997e+02 3.030000e+02 3.354701e+01
      vertex   -2.489997e+02 3.030000e+02 3.354701e+01
    endloop
  endfacet
  facet normal -0.000000e+00 -5.000000e-01 -8.660254e-01
    outer loop
      vertex   -2.489997e+02 3.130000e+02 2.777350e+01
      vertex   -2.489997e+02 3.030000e+02 3.354701e+01
      vertex   -2.549997e+02 3.130000e+02 2.777350e+01
    endloop
  endfacet
  facet normal -1.928311e-17 -5.000000e-01 -8.660254e-01
    outer loop
      vertex   -2.549997e+02 3.130000e+02 2.777350e+01
      vertex   -2.489997e+02 3.030000e+02 3.354701e+01
      vertex   -2.549997e+02 3.030000e+02 3.354701e+01
    endloop
  endfacet
  facet normal 0.000000e+00 -1.000000e+00 0.000000e+00
    outer loop
      vertex   -2.489997e+02 3.130000e+02 1.622650e+01
      vertex   -2.489997e+02 3.130000e+02 2.777350e+01
      vertex   -2.549997e+02 3.130000e+02 1.622650e+01
    endloop
  endfacet
  facet normal 0.000000e+00 -1.000000e+00 0.000000e+00
    outer loop
      vertex   -2.549997e+02 3.130000e+02 1.622650e+01
      vertex   -2.489997e+02 3.130000e+02 2.777350e+01
      vertex   -2.549997e+02 3.130000e+02 2.777350e+01
    endloop
  endfacet
  facet normal 0.000000e+00 -5.000000e-01 8.660254e-01
    outer loop
      vertex   -2.489997e+02 3.030000e+02 1.045299e+01
      vertex   -2.489997e+02 3.130000e+02 1.622650e+01
      vertex   -2.549997e+02 3.030000e+02 1.045299e+01
    endloop
  endfacet
  facet normal 0.000000e+00 -5.000000e-01 8.660254e-01
    outer loop
      vertex   -2.549997e+02 3.030000e+02 1.045299e+01
      vertex   -2.489997e+02 3.130000e+02 1.622650e+01
      vertex   -2.549997e+02 3.130000e+02 1.622650e+01
    endloop
  endfacet
  facet normal -1.025580e-15 5.000000e-01 8.660254e-01
    outer loop
      vertex   -2.489997e+02 2.981962e+02 1.322650e+01
      vertex   -2.489997e+02 3.030000e+02 1.045299e+01
      vertex   -2.549997e+02 2.981962e+02 1.322650e+01
    endloop
  endfacet
  facet normal 1.632338e-17 5.000000e-01 8.660254e-01
    outer loop
      vertex   -2.549997e+02 2.981962e+02 1.322650e+01
      vertex   -2.489997e+02 3.030000e+02 1.045299e+01
      vertex   -2.549997e+02 3.030000e+02 1.045299e+01
    endloop
  endfacet
  facet normal 0.000000e+00 -1.000000e+00 0.000000e+00
    outer loop
      vertex   -2.489997e+02 2.910000e+02 1.622650e+01
      vertex   -2.489997e+02 2.910000e+02 2.777350e+01
      vertex   -2.549997e+02 2.910000e+02 1.622650e+01
    endloop
  endfacet
  facet normal 0.000000e+00 -1.000000e+00 0.000000e+00
    outer loop
      vertex   -2.549997e+02 2.910000e+02 1.622650e+01
      vertex   -2.489997e+02 2.910000e+02 2.777350e+01
      vertex   -2.549997e+02 2.910000e+02 2.777350e+01
    endloop
  endfacet
  facet normal 0.000000e+00 -5.000000e-01 8.660254e-01
    outer loop
      vertex   -2.489997e+02 2.810000e+02 1.045299e+01
      vertex   -2.489997e+02 2.910000e+02 1.622650e+01
      vertex   -2.549997e+02 2.810000e+02 1.045299e+01
    endloop
  endfacet
  facet normal 5.127900e-17 -5.000000e-01 8.660254e-01
    outer loop
      vertex   -2.549997e+02 2.810000e+02 1.045299e+01
      vertex   -2.489997e+02 2.910000e+02 1.622650e+01
      vertex   -2.549997e+02 2.910000e+02 1.622650e+01
    endloop
  endfacet
  facet normal 0.000000e+00 5.000000e-01 8.660254e-01
    outer loop
      vertex   -2.489997e+02 2.710000e+02 1.622650e+01
      vertex   -2.489997e+02 2.810000e+02 1.045299e+01
      vertex   -2.549997e+02 2.710000e+02 1.622650e+01
    endloop
  endfacet
  facet normal -5.127900e-17 5.000000e-01 8.660254e-01
    outer loop
      vertex   -2.549997e+02 2.710000e+02 1.622650e+01
      vertex   -2.489997e+02 2.810000e+02 1.045299e+01
      vertex   -2.549997e+02 2.810000e+02 1.045299e+01
    endloop
  endfacet
  facet normal 0.000000e+00 1.000000e+00 0.000000e+00
    outer loop
      vertex   -2.489997e+02 2.710000e+02 2.777350e+01
      vertex   -2.489997e+02 2.710000e+02 1.622650e+01
      vertex   -2.549997e+02 2.710000e+02 2.777350e+01
    endloop
  endfacet
  facet normal 0.000000e+00 1.000000e+00 0.000000e+00
    outer loop
      vertex   -2.549997e+02 2.710000e+02 2.777350e+01
      vertex   -2.489997e+02 2.710000e+02 1.622650e+01
      vertex   -2.549997e+02 2.710000e+02 1.622650e+01
    endloop
  endfacet
  facet normal 0.000000e+00 5.000000e-01 -8.660254e-01
    outer loop
      vertex   -2.489997e+02 2.810000e+02 3.354701e+01
      vertex   -2.489997e+02 2.710000e+02 2.777350e+01
      vertex   -2.549997e+02 2.810000e+02 3.354701e+01
    endloop
  endfacet
  facet normal 0.000000e+00 5.000000e-01 -8.660254e-01
    outer loop
      vertex   -2.549997e+02 2.810000e+02 3.354701e+01
      vertex   -2.489997e+02 2.710000e+02 2.777350e+01
      vertex   -2.549997e+02 2.710000e+02 2.777350e+01
    endloop
  endfacet
  facet normal -0.000000e+00 -5.000000e-01 -8.660254e-01
    outer loop
      vertex   -2.489997e+02 2.910000e+02 2.777350e+01
      vertex   -2.489997e+02 2.810000e+02 3.354701e+01
      vertex   -2.549997e+02 2.910000e+02 2.777350e+01
    endloop
  endfacet
  facet normal 0.000000e+00 -5.000000e-01 -8.660254e-01
    outer loop
      vertex   -2.549997e+02 2.910000e+02 2.777350e+01
      vertex   -2.489997e+02 2.810000e+02 3.354701e+01
      vertex   -2.549997e+02 2.810000e+02 3.354701e+01
    endloop
  endfacet
  facet normal -0.000000e+00 -8.660254e-01 -5.000000e-01
    outer loop
      vertex   -2.489997e+02 3.015000e+02 -3.773503e+00
      vertex   -2.489997e+02 2.915000e+02 1.354701e+01
      vertex   -2.549997e+02 3.015000e+02 -3.773503e+00
    endloop
  endfacet
  facet normal 8.502446e-17 -8.660254e-01 -5.000000e-01
    outer loop
      vertex   -2.549997e+02 3.015000e+02 -3.773503e+00
      vertex   -2.489997e+02 2.915000e+02 1.354701e+01
      vertex   -2.549997e+02 2.915000e+02 1.354701e+01
    endloop
  endfacet
  facet normal 0.000000e+00 -5.000000e-01 8.660254e-01
    outer loop
      vertex   -2.489997e+02 2.915000e+02 -9.547005e+00
      vertex   -2.489997e+02 3.015000e+02 -3.773503e+00
      vertex   -2.549997e+02 2.915000e+02 -9.547005e+00
    endloop
  endfacet
  facet normal 0.000000e+00 -5.000000e-01 8.660254e-01
    outer loop
      vertex   -2.549997e+02 2.915000e+02 -9.547005e+00
      vertex   -2.489997e+02 3.015000e+02 -3.773503e+00
      vertex   -2.549997e+02 3.015000e+02 -3.773503e+00
    endloop
  endfacet
  facet normal 0.000000e+00 5.000000e-01 8.660254e-01
    outer loop
      vertex   -2.489997e+02 2.815000e+02 -3.773503e+00
      vertex   -2.489997e+02 2.915000e+02 -9.547005e+00
      vertex   -2.549997e+02 2.815000e+02 -3.773503e+00
    endloop
  endfacet
  facet normal 0.000000e+00 5.000000e-01 8.660254e-01
    outer loop
      vertex   -2.549997e+02 2.815000e+02 -3.773503e+00
      vertex   -2.489997e+02 2.915000e+02 -9.547005e+00
      vertex   -2.549997e+02 2.915000e+02 -9.547005e+00
    endloop
  endfacet
  facet normal 0.000000e+00 8.660254e-01 -5.000000e-01
    outer loop
      vertex   -2.489997e+02 2.915000e+02 1.354701e+01
      vertex   -2.489997e+02 2.815000e+02 -3.773503e+00
      vertex   -2.549997e+02 2.915000e+02 1.354701e+01
    endloop
  endfacet
  facet normal 8.502446e-17 8.660254e-01 -5.000000e-01
    outer loop
      vertex   -2.549997e+02 2.915000e+02 1.354701e+01
      vertex   -2.489997e+02 2.815000e+02 -3.773503e+00
      vertex   -2.549997e+02 2.815000e+02 -3.773503e+00
    endloop
  endfacet
  facet normal 9.914449e-01 1.305262e-01 0.000000e+00
    outer loop
      vertex   -2.488634e+02 2.339647e+02 4.000000e+01
      vertex   -2.488634e+02 2.339647e+02 2.300000e+01
      vertex   -2.489997e+02 2.350000e+02 4.000000e+01
    endloop
  endfacet
  facet normal 9.914449e-01 1.305262e-01 0.000000e+00
    outer loop
      vertex   -2.489997e+02 2.350000e+02 4.000000e+01
      vertex   -2.488634e+02 2.339647e+02 2.300000e+01
      vertex   -2.489997e+02 2.350000e+02 2.300000e+01
    endloop
  endfacet
  facet normal 9.914449e-01 -1.305262e-01 0.000000e+00
    outer loop
      vertex   -2.489997e+02 2.350000e+02 4.000000e+01
      vertex   -2.489997e+02 2.350000e+02 2.300000e+01
      vertex   -2.488634e+02 2.360353e+02 4.000000e+01
    endloop
  endfacet
  facet normal 9.914449e-01 -1.305262e-01 0.000000e+00
    outer loop
      vertex   -2.488634e+02 2.360353e+02 4.000000e+01
      vertex   -2.489997e+02 2.350000e+02 2.300000e+01
      vertex   -2.488634e+02 2.360353e+02 2.300000e+01
    endloop
  endfacet
  facet normal 9.238795e-01 -3.826834e-01 0.000000e+00
    outer loop
      vertex   -2.488634e+02 2.360353e+02 4.000000e+01
      vertex   -2.488634e+02 2.360353e+02 2.300000e+01
      vertex   -2.484638e+02 2.370000e+02 4.000000e+01
    endloop
  endfacet
  facet normal 9.238795e-01 -3.826834e-01 0.000000e+00
    outer loop
      vertex   -2.484638e+02 2.370000e+02 4.000000e+01
      vertex   -2.488634e+02 2.360353e+02 2.300000e+01
      vertex   -2.484638e+02 2.370000e+02 2.300000e+01
    endloop
  endfacet
  facet normal 7.933533e-01 -6.087614e-01 0.000000e+00
    outer loop
      vertex   -2.484638e+02 2.370000e+02 4.000000e+01
      vertex   -2.484638e+02 2.370000e+02 2.300000e+01
      vertex   -2.478281e+02 2.378284e+02 4.000000e+01
    endloop
  endfacet
  facet normal 7.933533e-01 -6.087614e-01 0.000000e+00
    outer loop
      vertex   -2.478281e+02 2.378284e+02 4.000000e+01
      vertex   -2.484638e+02 2.370000e+02 2.300000e+01
      vertex   -2.478281e+02 2.378284e+02 2.300000e+01
    endloop
  endfacet
  facet normal 6.087614e-01 -7.933533e-01 0.000000e+00
    outer loop
      vertex   -2.478281e+02 2.378284e+02 4.000000e+01
      vertex   -2.478281e+02 2.378284e+02 2.300000e+01
      vertex   -2.469997e+02 2.384641e+02 4.000000e+01
    endloop
  endfacet
  facet normal 6.087614e-01 -7.933533e-01 0.000000e+00
    outer loop
      vertex   -2.469997e+02 2.384641e+02 4.000000e+01
      vertex   -2.478281e+02 2.378284e+02 2.300000e+01
      vertex   -2.469997e+02 2.384641e+02 2.300000e+01
    endloop
  endfacet
  facet normal 3.826834e-01 -9.238795e-01 0.000000e+00
    outer loop
      vertex   -2.469997e+02 2.384641e+02 4.000000e+01
      vertex   -2.469997e+02 2.384641e+02 2.300000e+01
      vertex   -2.460350e+02 2.388637e+02 4.000000e+01
    endloop
  endfacet
  facet normal 3.826834e-01 -9.238795e-01 0.000000e+00
    outer loop
      vertex   -2.460350e+02 2.388637e+02 4.000000e+01
      vertex   -2.469997e+02 2.384641e+02 2.300000e+01
      vertex   -2.460350e+02 2.388637e+02 2.300000e+01
    endloop
  endfacet
  facet normal 1.305262e-01 -9.914449e-01 0.000000e+00
    outer loop
      vertex   -2.460350e+02 2.388637e+02 4.000000e+01
      vertex   -2.460350e+02 2.388637e+02 2.300000e+01
      vertex   -2.449997e+02 2.390000e+02 4.000000e+01
    endloop
  endfacet
  facet normal 1.305262e-01 -9.914449e-01 0.000000e+00
    outer loop
      vertex   -2.449997e+02 2.390000e+02 4.000000e+01
      vertex   -2.460350e+02 2.388637e+02 2.300000e+01
      vertex   -2.449997e+02 2.390000e+02 2.300000e+01
    endloop
  endfacet
  facet normal -1.305262e-01 -9.914449e-01 -0.000000e+00
    outer loop
      vertex   -2.449997e+02 2.390000e+02 4.000000e+01
      vertex   -2.449997e+02 2.390000e+02 2.300000e+01
      vertex   -2.439644e+02 2.388637e+02 4.000000e+01
    endloop
  endfacet
  facet normal -1.305262e-01 -9.914449e-01 -0.000000e+00
    outer loop
      vertex   -2.439644e+02 2.388637e+02 4.000000e+01
      vertex   -2.449997e+02 2.390000e+02 2.300000e+01
      vertex   -2.439644e+02 2.388637e+02 2.300000e+01
    endloop
  endfacet
  facet normal -3.826834e-01 -9.238795e-01 -0.000000e+00
    outer loop
      vertex   -2.439644e+02 2.388637e+02 4.000000e+01
      vertex   -2.439644e+02 2.388637e+02 2.300000e+01
      vertex   -2.429997e+02 2.384641e+02 4.000000e+01
    endloop
  endfacet
  facet normal -3.826834e-01 -9.238795e-01 -0.000000e+00
    outer loop
      vertex   -2.429997e+02 2.384641e+02 4.000000e+01
      vertex   -2.439644e+02 2.388637e+02 2.300000e+01
      vertex   -2.429997e+02 2.384641e+02 2.300000e+01
    endloop
  endfacet
  facet normal -6.087614e-01 -7.933533e-01 -0.000000e+00
    outer loop
      vertex   -2.429997e+02 2.384641e+02 4.000000e+01
      vertex   -2.429997e+02 2.384641e+02 2.300000e+01
      vertex   -2.421713e+02 2.378284e+02 4.000000e+01
    endloop
  endfacet
  facet normal -6.087614e-01 -7.933533e-01 -0.000000e+00
    outer loop
      vertex   -2.421713e+02 2.378284e+02 4.000000e+01
      vertex   -2.429997e+02 2.384641e+02 2.300000e+01
      vertex   -2.421713e+02 2.378284e+02 2.300000e+01
    endloop
  endfacet
  facet normal -7.933533e-01 -6.087614e-01 -0.000000e+00
    outer loop
      vertex   -2.421713e+02 2.378284e+02 4.000000e+01
      vertex   -2.421713e+02 2.378284e+02 2.300000e+01
      vertex   -2.415356e+02 2.370000e+02 4.000000e+01
    endloop
  endfacet
  facet normal -7.933533e-01 -6.087614e-01 -0.000000e+00
    outer loop
      vertex   -2.415356e+02 2.370000e+02 4.000000e+01
      vertex   -2.421713e+02 2.378284e+02 2.300000e+01
      vertex   -2.415356e+02 2.370000e+02 2.300000e+01
    endloop
  endfacet
  facet normal -9.238795e-01 -3.826834e-01 -0.000000e+00
    outer loop
      vertex   -2.415356e+02 2.370000e+02 4.000000e+01
      vertex   -2.415356e+02 2.370000e+02 2.300000e+01
      vertex   -2.411360e+02 2.360353e+02 4.000000e+01
    endloop
  endfacet
  facet normal -9.238795e-01 -3.826834e-01 -0.000000e+00
    outer loop
      vertex   -2.411360e+02 2.360353e+02 4.000000e+01
      vertex   -2.415356e+02 2.370000e+02 2.300000e+01
      vertex   -2.411360e+02 2.360353e+02 2.300000e+01
    endloop
  endfacet
  facet normal -9.914449e-01 -1.305262e-01 -0.000000e+00
    outer loop
      vertex   -2.411360e+02 2.360353e+02 4.000000e+01
      vertex   -2.411360e+02 2.360353e+02 2.300000e+01
      vertex   -2.409997e+02 2.350000e+02 4.000000e+01
    endloop
  endfacet
  facet normal -9.914449e-01 -1.305262e-01 -0.000000e+00
    outer loop
      vertex   -2.409997e+02 2.350000e+02 4.000000e+01
      vertex   -2.411360e+02 2.360353e+02 2.300000e+01
      vertex   -2.409997e+02 2.350000e+02 2.300000e+01
    endloop
  endfacet
  facet normal -9.914449e-01 1.305262e-01 0.000000e+00
    outer loop
      vertex   -2.409997e+02 2.350000e+02 4.000000e+01
      vertex   -2.409997e+02 2.350000e+02 2.300000e+01
      vertex   -2.411360e+02 2.339647e+02 4.000000e+01
    endloop
  endfacet
  facet normal -9.914449e-01 1.305262e-01 0.000000e+00
    outer loop
      vertex   -2.411360e+02 2.339647e+02 4.000000e+01
      vertex   -2.409997e+02 2.350000e+02 2.300000e+01
      vertex   -2.411360e+02 2.339647e+02 2.300000e+01
    endloop
  endfacet
  facet normal -9.238795e-01 3.826834e-01 0.000000e+00
    outer loop
      vertex   -2.411360e+02 2.339647e+02 4.000000e+01
      vertex   -2.411360e+02 2.339647e+02 2.300000e+01
      vertex   -2.415356e+02 2.330000e+02 4.000000e+01
    endloop
  endfacet
  facet normal -9.238795e-01 3.826834e-01 0.000000e+00
    outer loop
      vertex   -2.415356e+02 2.330000e+02 4.000000e+01
      vertex   -2.411360e+02 2.339647e+02 2.300000e+01
      vertex   -2.415356e+02 2.330000e+02 2.300000e+01
    endloop
  endfacet
  facet normal -7.933533e-01 6.087614e-01 0.000000e+00
    outer loop
      vertex   -2.415356e+02 2.330000e+02 4.000000e+01
      vertex   -2.415356e+02 2.330000e+02 2.300000e+01
      vertex   -2.421713e+02 2.321716e+02 4.000000e+01
    endloop
  endfacet
  facet normal -7.933533e-01 6.087614e-01 0.000000e+00
    outer loop
      vertex   -2.421713e+02 2.321716e+02 4.000000e+01
      vertex   -2.415356e+02 2.330000e+02 2.300000e+01
      vertex   -2.421713e+02 2.321716e+02 2.300000e+01
    endloop
  endfacet
  facet normal -6.087614e-01 7.933533e-01 0.000000e+00
    outer loop
      vertex   -2.421713e+02 2.321716e+02 4.000000e+01
      vertex   -2.421713e+02 2.321716e+02 2.300000e+01
      vertex   -2.429997e+02 2.315359e+02 4.000000e+01
    endloop
  endfacet
  facet normal -6.087614e-01 7.933533e-01 0.000000e+00
    outer loop
      vertex   -2.429997e+02 2.315359e+02 4.000000e+01
      vertex   -2.421713e+02 2.321716e+02 2.300000e+01
      vertex   -2.429997e+02 2.315359e+02 2.300000e+01
    endloop
  endfacet
  facet normal -3.826834e-01 9.238795e-01 0.000000e+00
    outer loop
      vertex   -2.429997e+02 2.315359e+02 4.000000e+01
      vertex   -2.429997e+02 2.315359e+02 2.300000e+01
      vertex   -2.439644e+02 2.311363e+02 4.000000e+01
    endloop
  endfacet
  facet normal -3.826834e-01 9.238795e-01 0.000000e+00
    outer loop
      vertex   -2.439644e+02 2.311363e+02 4.000000e+01
      vertex   -2.429997e+02 2.315359e+02 2.300000e+01
      vertex   -2.439644e+02 2.311363e+02 2.300000e+01
    endloop
  endfacet
  facet normal -1.305262e-01 9.914449e-01 0.000000e+00
    outer loop
      vertex   -2.439644e+02 2.311363e+02 4.000000e+01
      vertex   -2.439644e+02 2.311363e+02 2.300000e+01
      vertex   -2.449997e+02 2.310000e+02 4.000000e+01
    endloop
  endfacet
  facet normal -1.305262e-01 9.914449e-01 0.000000e+00
    outer loop
      vertex   -2.449997e+02 2.310000e+02 4.000000e+01
      vertex   -2.439644e+02 2.311363e+02 2.300000e+01
      vertex   -2.449997e+02 2.310000e+02 2.300000e+01
    endloop
  endfacet
  facet normal 1.305262e-01 9.914449e-01 0.000000e+00
    outer loop
      vertex   -2.449997e+02 2.310000e+02 4.000000e+01
      vertex   -2.449997e+02 2.310000e+02 2.300000e+01
      vertex   -2.460350e+02 2.311363e+02 4.000000e+01
    endloop
  endfacet
  facet normal 1.305262e-01 9.914449e-01 0.000000e+00
    outer loop
      vertex   -2.460350e+02 2.311363e+02 4.000000e+01
      vertex   -2.449997e+02 2.310000e+02 2.300000e+01
      vertex   -2.460350e+02 2.311363e+02 2.300000e+01
    endloop
  endfacet
  facet normal 3.826834e-01 9.238795e-01 0.000000e+00
    outer loop
      vertex   -2.460350e+02 2.311363e+02 4.000000e+01
      vertex   -2.460350e+02 2.311363e+02 2.300000e+01
      vertex   -2.469997e+02 2.315359e+02 4.000000e+01
    endloop
  endfacet
  facet normal 3.826834e-01 9.238795e-01 0.000000e+00
    outer loop
      vertex   -2.469997e+02 2.315359e+02 4.000000e+01
      vertex   -2.460350e+02 2.311363e+02 2.300000e+01
      vertex   -2.469997e+02 2.315359e+02 2.300000e+01
    endloop
  endfacet
  facet normal 6.087614e-01 7.933533e-01 0.000000e+00
    outer loop
      vertex   -2.469997e+02 2.315359e+02 4.000000e+01
      vertex   -2.469997e+02 2.315359e+02 2.300000e+01
      vertex   -2.478281e+02 2.321716e+02 4.000000e+01
    endloop
  endfacet
  facet normal 6.087614e-01 7.933533e-01 0.000000e+00
    outer loop
      vertex   -2.478281e+02 2.321716e+02 4.000000e+01
      vertex   -2.469997e+02 2.315359e+02 2.300000e+01
      vertex   -2.478281e+02 2.321716e+02 2.300000e+01
    endloop
  endfacet
  facet normal 7.933533e-01 6.087614e-01 0.000000e+00
    outer loop
      vertex   -2.478281e+02 2.321716e+02 4.000000e+01
      vertex   -2.478281e+02 2.321716e+02 2.300000e+01
      vertex   -2.484638e+02 2.330000e+02 4.000000e+01
    endloop
  endfacet
  facet normal 7.933533e-01 6.087614e-01 0.000000e+00
    outer loop
      vertex   -2.484638e+02 2.330000e+02 4.000000e+01
      vertex   -2.478281e+02 2.321716e+02 2.300000e+01
      vertex   -2.484638e+02 2.330000e+02 2.300000e+01
    endloop
  endfacet
  facet normal 9.238795e-01 3.826834e-01 0.000000e+00
    outer loop
      vertex   -2.484638e+02 2.330000e+02 4.000000e+01
      vertex   -2.484638e+02 2.330000e+02 2.300000e+01
      vertex   -2.488634e+02 2.339647e+02 4.000000e+01
    endloop
  endfacet
  facet normal 9.238795e-01 3.826834e-01 0.000000e+00
    outer loop
      vertex   -2.488634e+02 2.339647e+02 4.000000e+01
      vertex   -2.484638e+02 2.330000e+02 2.300000e+01
      vertex   -2.488634e+02 2.339647e+02 2.300000e+01
    endloop
  endfacet
  facet normal 9.914449e-01 -1.305262e-01 0.000000e+00
    outer loop
      vertex   -2.488634e+02 2.360353e+02 -1.100000e+01
      vertex   -2.488634e+02 2.360353e+02 6.000000e+00
      vertex   -2.489997e+02 2.350000e+02 -1.100000e+01
    endloop
  endfacet
  facet normal 9.914449e-01 -1.305262e-01 0.000000e+00
    outer loop
      vertex   -2.489997e+02 2.350000e+02 -1.100000e+01
      vertex   -2.488634e+02 2.360353e+02 6.000000e+00
      vertex   -2.489997e+02 2.350000e+02 6.000000e+00
    endloop
  endfacet
  facet normal 9.914449e-01 1.305262e-01 -0.000000e+00
    outer loop
      vertex   -2.489997e+02 2.350000e+02 -1.100000e+01
      vertex   -2.489997e+02 2.350000e+02 6.000000e+00
      vertex   -2.488634e+02 2.339647e+02 -1.100000e+01
    endloop
  endfacet
  facet normal 9.914449e-01 1.305262e-01 -0.000000e+00
    outer loop
      vertex   -2.488634e+02 2.339647e+02 -1.100000e+01
      vertex   -2.489997e+02 2.350000e+02 6.000000e+00
      vertex   -2.488634e+02 2.339647e+02 6.000000e+00
    endloop
  endfacet
  facet normal 9.238795e-01 3.826834e-01 -0.000000e+00
    outer loop
      vertex   -2.488634e+02 2.339647e+02 -1.100000e+01
      vertex   -2.488634e+02 2.339647e+02 6.000000e+00
      vertex   -2.484638e+02 2.330000e+02 -1.100000e+01
    endloop
  endfacet
  facet normal 9.238795e-01 3.826834e-01 -0.000000e+00
    outer loop
      vertex   -2.484638e+02 2.330000e+02 -1.100000e+01
      vertex   -2.488634e+02 2.339647e+02 6.000000e+00
      vertex   -2.484638e+02 2.330000e+02 6.000000e+00
    endloop
  endfacet
  facet normal 7.933533e-01 6.087614e-01 -0.000000e+00
    outer loop
      vertex   -2.484638e+02 2.330000e+02 -1.100000e+01
      vertex   -2.484638e+02 2.330000e+02 6.000000e+00
      vertex   -2.478281e+02 2.321716e+02 -1.100000e+01
    endloop
  endfacet
  facet normal 7.933533e-01 6.087614e-01 -0.000000e+00
    outer loop
      vertex   -2.478281e+02 2.321716e+02 -1.100000e+01
      vertex   -2.484638e+02 2.330000e+02 6.000000e+00
      vertex   -2.478281e+02 2.321716e+02 6.000000e+00
    endloop
  endfacet
  facet normal 6.087614e-01 7.933533e-01 -0.000000e+00
    outer loop
      vertex   -2.478281e+02 2.321716e+02 -1.100000e+01
      vertex   -2.478281e+02 2.321716e+02 6.000000e+00
      vertex   -2.469997e+02 2.315359e+02 -1.100000e+01
    endloop
  endfacet
  facet normal 6.087614e-01 7.933533e-01 -0.000000e+00
    outer loop
      vertex   -2.469997e+02 2.315359e+02 -1.100000e+01
      vertex   -2.478281e+02 2.321716e+02 6.000000e+00
      vertex   -2.469997e+02 2.315359e+02 6.000000e+00
    endloop
  endfacet
  facet normal 3.826834e-01 9.238795e-01 -0.000000e+00
    outer loop
      vertex   -2.469997e+02 2.315359e+02 -1.100000e+01
      vertex   -2.469997e+02 2.315359e+02 6.000000e+00
      vertex   -2.460350e+02 2.311363e+02 -1.100000e+01
    endloop
  endfacet
  facet normal 3.826834e-01 9.238795e-01 -0.000000e+00
    outer loop
      vertex   -2.460350e+02 2.311363e+02 -1.100000e+01
      vertex   -2.469997e+02 2.315359e+02 6.000000e+00
      vertex   -2.460350e+02 2.311363e+02 6.000000e+00
    endloop
  endfacet
  facet normal 1.305262e-01 9.914449e-01 -0.000000e+00
    outer loop
      vertex   -2.460350e+02 2.311363e+02 -1.100000e+01
      vertex   -2.460350e+02 2.311363e+02 6.000000e+00
      vertex   -2.449997e+02 2.310000e+02 -1.100000e+01
    endloop
  endfacet
  facet normal 1.305262e-01 9.914449e-01 -0.000000e+00
    outer loop
      vertex   -2.449997e+02 2.310000e+02 -1.100000e+01
      vertex   -2.460350e+02 2.311363e+02 6.000000e+00
      vertex   -2.449997e+02 2.310000e+02 6.000000e+00
    endloop
  endfacet
  facet normal -1.305262e-01 9.914449e-01 0.000000e+00
    outer loop
      vertex   -2.449997e+02 2.310000e+02 -1.100000e+01
      vertex   -2.449997e+02 2.310000e+02 6.000000e+00
      vertex   -2.439644e+02 2.311363e+02 -1.100000e+01
    endloop
  endfacet
  facet normal -1.305262e-01 9.914449e-01 0.000000e+00
    outer loop
      vertex   -2.439644e+02 2.311363e+02 -1.100000e+01
      vertex   -2.449997e+02 2.310000e+02 6.000000e+00
      vertex   -2.439644e+02 2.311363e+02 6.000000e+00
    endloop
  endfacet
  facet normal -3.826834e-01 9.238795e-01 0.000000e+00
    outer loop
      vertex   -2.439644e+02 2.311363e+02 -1.100000e+01
      vertex   -2.439644e+02 2.311363e+02 6.000000e+00
      vertex   -2.429997e+02 2.315359e+02 -1.100000e+01
    endloop
  endfacet
  facet normal -3.826834e-01 9.238795e-01 0.000000e+00
    outer loop
      vertex   -2.429997e+02 2.315359e+02 -1.100000e+01
      vertex   -2.439644e+02 2.311363e+02 6.000000e+00
      vertex   -2.429997e+02 2.315359e+02 6.000000e+00
    endloop
  endfacet
  facet normal -6.087614e-01 7.933533e-01 0.000000e+00
    outer loop
      vertex   -2.429997e+02 2.315359e+02 -1.100000e+01
      vertex   -2.429997e+02 2.315359e+02 6.000000e+00
      vertex   -2.421713e+02 2.321716e+02 -1.100000e+01
    endloop
  endfacet
  facet normal -6.087614e-01 7.933533e-01 0.000000e+00
    outer loop
      vertex   -2.421713e+02 2.321716e+02 -1.100000e+01
      vertex   -2.429997e+02 2.315359e+02 6.000000e+00
      vertex   -2.421713e+02 2.321716e+02 6.000000e+00
    endloop
  endfacet
  facet normal -7.933533e-01 6.087614e-01 0.000000e+00
    outer loop
      vertex   -2.421713e+02 2.321716e+02 -1.100000e+01
      vertex   -2.421713e+02 2.321716e+02 6.000000e+00
      vertex   -2.415356e+02 2.330000e+02 -1.100000e+01
    endloop
  endfacet
  facet normal -7.933533e-01 6.087614e-01 0.000000e+00
    outer loop
      vertex   -2.415356e+02 2.330000e+02 -1.100000e+01
      vertex   -2.421713e+02 2.321716e+02 6.000000e+00
      vertex   -2.415356e+02 2.330000e+02 6.000000e+00
    endloop
  endfacet
  facet normal -9.238795e-01 3.826834e-01 0.000000e+00
    outer loop
      vertex   -2.415356e+02 2.330000e+02 -1.100000e+01
      vertex   -2.415356e+02 2.330000e+02 6.000000e+00
      vertex   -2.411360e+02 2.339647e+02 -1.100000e+01
    endloop
  endfacet
  facet normal -9.238795e-01 3.826834e-01 0.000000e+00
    outer loop
      vertex   -2.411360e+02 2.339647e+02 -1.100000e+01
      vertex   -2.415356e+02 2.330000e+02 6.000000e+00
      vertex   -2.411360e+02 2.339647e+02 6.000000e+00
    endloop
  endfacet
  facet normal -9.914449e-01 1.305262e-01 0.000000e+00
    outer loop
      vertex   -2.411360e+02 2.339647e+02 -1.100000e+01
      vertex   -2.411360e+02 2.339647e+02 6.000000e+00
      vertex   -2.409997e+02 2.350000e+02 -1.100000e+01
    endloop
  endfacet
  facet normal -9.914449e-01 1.305262e-01 0.000000e+00
    outer loop
      vertex   -2.409997e+02 2.350000e+02 -1.100000e+01
      vertex   -2.411360e+02 2.339647e+02 6.000000e+00
      vertex   -2.409997e+02 2.350000e+02 6.000000e+00
    endloop
  endfacet
  facet normal -9.914449e-01 -1.305262e-01 0.000000e+00
    outer loop
      vertex   -2.409997e+02 2.350000e+02 -1.100000e+01
      vertex   -2.409997e+02 2.350000e+02 6.000000e+00
      vertex   -2.411360e+02 2.360353e+02 -1.100000e+01
    endloop
  endfacet
  facet normal -9.914449e-01 -1.305262e-01 0.000000e+00
    outer loop
      vertex   -2.411360e+02 2.360353e+02 -1.100000e+01
      vertex   -2.409997e+02 2.350000e+02 6.000000e+00
      vertex   -2.411360e+02 2.360353e+02 6.000000e+00
    endloop
  endfacet
  facet normal -9.238795e-01 -3.826834e-01 0.000000e+00
    outer loop
      vertex   -2.411360e+02 2.360353e+02 -1.100000e+01
      vertex   -2.411360e+02 2.360353e+02 6.000000e+00
      vertex   -2.415356e+02 2.370000e+02 -1.100000e+01
    endloop
  endfacet
  facet normal -9.238795e-01 -3.826834e-01 0.000000e+00
    outer loop
      vertex   -2.415356e+02 2.370000e+02 -1.100000e+01
      vertex   -2.411360e+02 2.360353e+02 6.000000e+00
      vertex   -2.415356e+02 2.370000e+02 6.000000e+00
    endloop
  endfacet
  facet normal -7.933533e-01 -6.087614e-01 0.000000e+00
    outer loop
      vertex   -2.415356e+02 2.370000e+02 -1.100000e+01
      vertex   -2.415356e+02 2.370000e+02 6.000000e+00
      vertex   -2.421713e+02 2.378284e+02 -1.100000e+01
    endloop
  endfacet
  facet normal -7.933533e-01 -6.087614e-01 0.000000e+00
    outer loop
      vertex   -2.421713e+02 2.378284e+02 -1.100000e+01
      vertex   -2.415356e+02 2.370000e+02 6.000000e+00
      vertex   -2.421713e+02 2.378284e+02 6.000000e+00
    endloop
  endfacet
  facet normal -6.087614e-01 -7.933533e-01 0.000000e+00
    outer loop
      vertex   -2.421713e+02 2.378284e+02 -1.100000e+01
      vertex   -2.421713e+02 2.378284e+02 6.000000e+00
      vertex   -2.429997e+02 2.384641e+02 -1.100000e+01
    endloop
  endfacet
  facet normal -6.087614e-01 -7.933533e-01 0.000000e+00
    outer loop
      vertex   -2.429997e+02 2.384641e+02 -1.100000e+01
      vertex   -2.421713e+02 2.378284e+02 6.000000e+00
      vertex   -2.429997e+02 2.384641e+02 6.000000e+00
    endloop
  endfacet
  facet normal -3.826834e-01 -9.238795e-01 0.000000e+00
    outer loop
      vertex   -2.429997e+02 2.384641e+02 -1.100000e+01
      vertex   -2.429997e+02 2.384641e+02 6.000000e+00
      vertex   -2.439644e+02 2.388637e+02 -1.100000e+01
    endloop
  endfacet
  facet normal -3.826834e-01 -9.238795e-01 0.000000e+00
    outer loop
      vertex   -2.439644e+02 2.388637e+02 -1.100000e+01
      vertex   -2.429997e+02 2.384641e+02 6.000000e+00
      vertex   -2.439644e+02 2.388637e+02 6.000000e+00
    endloop
  endfacet
  facet normal -1.305262e-01 -9.914449e-01 0.000000e+00
    outer loop
      vertex   -2.439644e+02 2.388637e+02 -1.100000e+01
      vertex   -2.439644e+02 2.388637e+02 6.000000e+00
      vertex   -2.449997e+02 2.390000e+02 -1.100000e+01
    endloop
  endfacet
  facet normal -1.305262e-01 -9.914449e-01 0.000000e+00
    outer loop
      vertex   -2.449997e+02 2.390000e+02 -1.100000e+01
      vertex   -2.439644e+02 2.388637e+02 6.000000e+00
      vertex   -2.449997e+02 2.390000e+02 6.000000e+00
    endloop
  endfacet
  facet normal 1.305262e-01 -9.914449e-01 0.000000e+00
    outer loop
      vertex   -2.449997e+02 2.390000e+02 -1.100000e+01
      vertex   -2.449997e+02 2.390000e+02 6.000000e+00
      vertex   -2.460350e+02 2.388637e+02 -1.100000e+01
    endloop
  endfacet
  facet normal 1.305262e-01 -9.914449e-01 0.000000e+00
    outer loop
      vertex   -2.460350e+02 2.388637e+02 -1.100000e+01
      vertex   -2.449997e+02 2.390000e+02 6.000000e+00
      vertex   -2.460350e+02 2.388637e+02 6.000000e+00
    endloop
  endfacet
  facet normal 3.826834e-01 -9.238795e-01 0.000000e+00
    outer loop
      vertex   -2.460350e+02 2.388637e+02 -1.100000e+01
      vertex   -2.460350e+02 2.388637e+02 6.000000e+00
      vertex   -2.469997e+02 2.384641e+02 -1.100000e+01
    endloop
  endfacet
  facet normal 3.826834e-01 -9.238795e-01 0.000000e+00
    outer loop
      vertex   -2.469997e+02 2.384641e+02 -1.100000e+01
      vertex   -2.460350e+02 2.388637e+02 6.000000e+00
      vertex   -2.469997e+02 2.384641e+02 6.000000e+00
    endloop
  endfacet
  facet normal 6.087614e-01 -7.933533e-01 0.000000e+00
    outer loop
      vertex   -2.469997e+02 2.384641e+02 -1.100000e+01
      vertex   -2.469997e+02 2.384641e+02 6.000000e+00
      vertex   -2.478281e+02 2.378284e+02 -1.100000e+01
    endloop
  endfacet
  facet normal 6.087614e-01 -7.933533e-01 0.000000e+00
    outer loop
      vertex   -2.478281e+02 2.378284e+02 -1.100000e+01
      vertex   -2.469997e+02 2.384641e+02 6.000000e+00
      vertex   -2.478281e+02 2.378284e+02 6.000000e+00
    endloop
  endfacet
  facet normal 7.933533e-01 -6.087614e-01 0.000000e+00
    outer loop
      vertex   -2.478281e+02 2.378284e+02 -1.100000e+01
      vertex   -2.478281e+02 2.378284e+02 6.000000e+00
      vertex   -2.484638e+02 2.370000e+02 -1.100000e+01
    endloop
  endfacet
  facet normal 7.933533e-01 -6.087614e-01 0.000000e+00
    outer loop
      vertex   -2.484638e+02 2.370000e+02 -1.100000e+01
      vertex   -2.478281e+02 2.378284e+02 6.000000e+00
      vertex   -2.484638e+02 2.370000e+02 6.000000e+00
    endloop
  endfacet
  facet normal 9.238795e-01 -3.826834e-01 0.000000e+00
    outer loop
      vertex   -2.484638e+02 2.370000e+02 -1.100000e+01
      vertex   -2.484638e+02 2.370000e+02 6.000000e+00
      vertex   -2.488634e+02 2.360353e+02 -1.100000e+01
    endloop
  endfacet
  facet normal 9.238795e-01 -3.826834e-01 0.000000e+00
    outer loop
      vertex   -2.488634e+02 2.360353e+02 -1.100000e+01
      vertex   -2.484638e+02 2.370000e+02 6.000000e+00
      vertex   -2.488634e+02 2.360353e+02 6.000000e+00
    endloop
  endfacet
  facet normal -9.914449e-01 1.305262e-01 0.000000e+00
    outer loop
      vertex   -2.409997e+02 2.350000e+02 2.300000e+01
      vertex   -2.409997e+02 2.350000e+02 6.000000e+00
      vertex   -2.411360e+02 2.339647e+02 2.300000e+01
    endloop
  endfacet
  facet normal -9.914449e-01 1.305262e-01 0.000000e+00
    outer loop
      vertex   -2.411360e+02 2.339647e+02 2.300000e+01
      vertex   -2.409997e+02 2.350000e+02 6.000000e+00
      vertex   -2.411360e+02 2.339647e+02 6.000000e+00
    endloop
  endfacet
  facet normal -9.238795e-01 3.826834e-01 0.000000e+00
    outer loop
      vertex   -2.411360e+02 2.339647e+02 2.300000e+01
      vertex   -2.411360e+02 2.339647e+02 6.000000e+00
      vertex   -2.415356e+02 2.330000e+02 2.300000e+01
    endloop
  endfacet
  facet normal -9.238795e-01 3.826834e-01 0.000000e+00
    outer loop
      vertex   -2.415356e+02 2.330000e+02 2.300000e+01
      vertex   -2.411360e+02 2.339647e+02 6.000000e+00
      vertex   -2.415356e+02 2.330000e+02 6.000000e+00
    endloop
  endfacet
  facet normal -7.933533e-01 6.087614e-01 0.000000e+00
    outer loop
      vertex   -2.415356e+02 2.330000e+02 2.300000e+01
      vertex   -2.415356e+02 2.330000e+02 6.000000e+00
      vertex   -2.421713e+02 2.321716e+02 2.300000e+01
    endloop
  endfacet
  facet normal -7.933533e-01 6.087614e-01 0.000000e+00
    outer loop
      vertex   -2.421713e+02 2.321716e+02 2.300000e+01
      vertex   -2.415356e+02 2.330000e+02 6.000000e+00
      vertex   -2.421713e+02 2.321716e+02 6.000000e+00
    endloop
  endfacet
  facet normal -6.087614e-01 7.933533e-01 0.000000e+00
    outer loop
      vertex   -2.421713e+02 2.321716e+02 2.300000e+01
      vertex   -2.421713e+02 2.321716e+02 6.000000e+00
      vertex   -2.429997e+02 2.315359e+02 2.300000e+01
    endloop
  endfacet
  facet normal -6.087614e-01 7.933533e-01 0.000000e+00
    outer loop
      vertex   -2.429997e+02 2.315359e+02 2.300000e+01
      vertex   -2.421713e+02 2.321716e+02 6.000000e+00
      vertex   -2.429997e+02 2.315359e+02 6.000000e+00
    endloop
  endfacet
  facet normal -3.826834e-01 9.238795e-01 0.000000e+00
    outer loop
      vertex   -2.429997e+02 2.315359e+02 2.300000e+01
      vertex   -2.429997e+02 2.315359e+02 6.000000e+00
      vertex   -2.439644e+02 2.311363e+02 2.300000e+01
    endloop
  endfacet
  facet normal -3.826834e-01 9.238795e-01 0.000000e+00
    outer loop
      vertex   -2.439644e+02 2.311363e+02 2.300000e+01
      vertex   -2.429997e+02 2.315359e+02 6.000000e+00
      vertex   -2.439644e+02 2.311363e+02 6.000000e+00
    endloop
  endfacet
  facet normal -1.305262e-01 9.914449e-01 0.000000e+00
    outer loop
      vertex   -2.439644e+02 2.311363e+02 2.300000e+01
      vertex   -2.439644e+02 2.311363e+02 6.000000e+00
      vertex   -2.449997e+02 2.310000e+02 2.300000e+01
    endloop
  endfacet
  facet normal -1.305262e-01 9.914449e-01 0.000000e+00
    outer loop
      vertex   -2.449997e+02 2.310000e+02 2.300000e+01
      vertex   -2.439644e+02 2.311363e+02 6.000000e+00
      vertex   -2.449997e+02 2.310000e+02 6.000000e+00
    endloop
  endfacet
  facet normal 1.305262e-01 9.914449e-01 0.000000e+00
    outer loop
      vertex   -2.449997e+02 2.310000e+02 2.300000e+01
      vertex   -2.449997e+02 2.310000e+02 6.000000e+00
      vertex   -2.460350e+02 2.311363e+02 2.300000e+01
    endloop
  endfacet
  facet normal 1.305262e-01 9.914449e-01 0.000000e+00
    outer loop
      vertex   -2.460350e+02 2.311363e+02 2.300000e+01
      vertex   -2.449997e+02 2.310000e+02 6.000000e+00
      vertex   -2.460350e+02 2.311363e+02 6.000000e+00
    endloop
  endfacet
  facet normal 3.826834e-01 9.238795e-01 0.000000e+00
    outer loop
      vertex   -2.460350e+02 2.311363e+02 2.300000e+01
      vertex   -2.460350e+02 2.311363e+02 6.000000e+00
      vertex   -2.469997e+02 2.315359e+02 2.300000e+01
    endloop
  endfacet
  facet normal 3.826834e-01 9.238795e-01 0.000000e+00
    outer loop
      vertex   -2.469997e+02 2.315359e+02 2.300000e+01
      vertex   -2.460350e+02 2.311363e+02 6.000000e+00
      vertex   -2.469997e+02 2.315359e+02 6.000000e+00
    endloop
  endfacet
  facet normal 6.087614e-01 7.933533e-01 0.000000e+00
    outer loop
      vertex   -2.469997e+02 2.315359e+02 2.300000e+01
      vertex   -2.469997e+02 2.315359e+02 6.000000e+00
      vertex   -2.478281e+02 2.321716e+02 2.300000e+01
    endloop
  endfacet
  facet normal 6.087614e-01 7.933533e-01 0.000000e+00
    outer loop
      vertex   -2.478281e+02 2.321716e+02 2.300000e+01
      vertex   -2.469997e+02 2.315359e+02 6.000000e+00
      vertex   -2.478281e+02 2.321716e+02 6.000000e+00
    endloop
  endfacet
  facet normal 7.933533e-01 6.087614e-01 0.000000e+00
    outer loop
      vertex   -2.478281e+02 2.321716e+02 2.300000e+01
      vertex   -2.478281e+02 2.321716e+02 6.000000e+00
      vertex   -2.484638e+02 2.330000e+02 2.300000e+01
    endloop
  endfacet
  facet normal 7.933533e-01 6.087614e-01 0.000000e+00
    outer loop
      vertex   -2.484638e+02 2.330000e+02 2.300000e+01
      vertex   -2.478281e+02 2.321716e+02 6.000000e+00
      vertex   -2.484638e+02 2.330000e+02 6.000000e+00
    endloop
  endfacet
  facet normal 9.238795e-01 3.826834e-01 0.000000e+00
    outer loop
      vertex   -2.484638e+02 2.330000e+02 2.300000e+01
      vertex   -2.484638e+02 2.330000e+02 6.000000e+00
      vertex   -2.488634e+02 2.339647e+02 2.300000e+01
    endloop
  endfacet
  facet normal 9.238795e-01 3.826834e-01 0.000000e+00
    outer loop
      vertex   -2.488634e+02 2.339647e+02 2.300000e+01
      vertex   -2.484638e+02 2.330000e+02 6.000000e+00
      vertex   -2.488634e+02 2.339647e+02 6.000000e+00
    endloop
  endfacet
  facet normal 9.914449e-01 1.305262e-01 0.000000e+00
    outer loop
      vertex   -2.488634e+02 2.339647e+02 2.300000e+01
      vertex   -2.488634e+02 2.339647e+02 6.000000e+00
      vertex   -2.489997e+02 2.350000e+02 2.300000e+01
    endloop
  endfacet
  facet normal 9.914449e-01 1.305262e-01 0.000000e+00
    outer loop
      vertex   -2.489997e+02 2.350000e+02 2.300000e+01
      vertex   -2.488634e+02 2.339647e+02 6.000000e+00
      vertex   -2.489997e+02 2.350000e+02 6.000000e+00
    endloop
  endfacet
  facet normal 9.914449e-01 -1.305262e-01 0.000000e+00
    outer loop
      vertex   -2.489997e+02 2.350000e+02 2.300000e+01
      vertex   -2.489997e+02 2.350000e+02 6.000000e+00
      vertex   -2.488634e+02 2.360353e+02 2.300000e+01
    endloop
  endfacet
  facet normal 9.914449e-01 -1.305262e-01 0.000000e+00
    outer loop
      vertex   -2.488634e+02 2.360353e+02 2.300000e+01
      vertex   -2.489997e+02 2.350000e+02 6.000000e+00
      vertex   -2.488634e+02 2.360353e+02 6.000000e+00
    endloop
  endfacet
  facet normal 9.238795e-01 -3.826834e-01 0.000000e+00
    outer loop
      vertex   -2.488634e+02 2.360353e+02 2.300000e+01
      vertex   -2.488634e+02 2.360353e+02 6.000000e+00
      vertex   -2.484638e+02 2.370000e+02 2.300000e+01
    endloop
  endfacet
  facet normal 9.238795e-01 -3.826834e-01 0.000000e+00
    outer loop
      vertex   -2.484638e+02 2.370000e+02 2.300000e+01
      vertex   -2.488634e+02 2.360353e+02 6.000000e+00
      vertex   -2.484638e+02 2.370000e+02 6.000000e+00
    endloop
  endfacet
  facet normal 7.933533e-01 -6.087614e-01 0.000000e+00
    outer loop
      vertex   -2.484638e+02 2.370000e+02 2.300000e+01
      vertex   -2.484638e+02 2.370000e+02 6.000000e+00
      vertex   -2.478281e+02 2.378284e+02 2.300000e+01
    endloop
  endfacet
  facet normal 7.933533e-01 -6.087614e-01 0.000000e+00
    outer loop
      vertex   -2.478281e+02 2.378284e+02 2.300000e+01
      vertex   -2.484638e+02 2.370000e+02 6.000000e+00
      vertex   -2.478281e+02 2.378284e+02 6.000000e+00
    endloop
  endfacet
  facet normal 6.087614e-01 -7.933533e-01 0.000000e+00
    outer loop
      vertex   -2.478281e+02 2.378284e+02 2.300000e+01
      vertex   -2.478281e+02 2.378284e+02 6.000000e+00
      vertex   -2.469997e+02 2.384641e+02 2.300000e+01
    endloop
  endfacet
  facet normal 6.087614e-01 -7.933533e-01 0.000000e+00
    outer loop
      vertex   -2.469997e+02 2.384641e+02 2.300000e+01
      vertex   -2.478281e+02 2.378284e+02 6.000000e+00
      vertex   -2.469997e+02 2.384641e+02 6.000000e+00
    endloop
  endfacet
  facet normal 3.826834e-01 -9.238795e-01 0.000000e+00
    outer loop
      vertex   -2.469997e+02 2.384641e+02 2.300000e+01
      vertex   -2.469997e+02 2.384641e+02 6.000000e+00
      vertex   -2.460350e+02 2.388637e+02 2.300000e+01
    endloop
  endfacet
  facet normal 3.826834e-01 -9.238795e-01 0.000000e+00
    outer loop
      vertex   -2.460350e+02 2.388637e+02 2.300000e+01
      vertex   -2.469997e+02 2.384641e+02 6.000000e+00
      vertex   -2.460350e+02 2.388637e+02 6.000000e+00
    endloop
  endfacet
  facet normal 1.305262e-01 -9.914449e-01 0.000000e+00
    outer loop
      vertex   -2.460350e+02 2.388637e+02 2.300000e+01
      vertex   -2.460350e+02 2.388637e+02 6.000000e+00
      vertex   -2.449997e+02 2.390000e+02 2.300000e+01
    endloop
  endfacet
  facet normal 1.305262e-01 -9.914449e-01 0.000000e+00
    outer loop
      vertex   -2.449997e+02 2.390000e+02 2.300000e+01
      vertex   -2.460350e+02 2.388637e+02 6.000000e+00
      vertex   -2.449997e+02 2.390000e+02 6.000000e+00
    endloop
  endfacet
  facet normal -1.305262e-01 -9.914449e-01 -0.000000e+00
    outer loop
      vertex   -2.449997e+02 2.390000e+02 2.300000e+01
      vertex   -2.449997e+02 2.390000e+02 6.000000e+00
      vertex   -2.439644e+02 2.388637e+02 2.300000e+01
    endloop
  endfacet
  facet normal -1.305262e-01 -9.914449e-01 -0.000000e+00
    outer loop
      vertex   -2.439644e+02 2.388637e+02 2.300000e+01
      vertex   -2.449997e+02 2.390000e+02 6.000000e+00
      vertex   -2.439644e+02 2.388637e+02 6.000000e+00
    endloop
  endfacet
  facet normal -3.826834e-01 -9.238795e-01 -0.000000e+00
    outer loop
      vertex   -2.439644e+02 2.388637e+02 2.300000e+01
      vertex   -2.439644e+02 2.388637e+02 6.000000e+00
      vertex   -2.429997e+02 2.384641e+02 2.300000e+01
    endloop
  endfacet
  facet normal -3.826834e-01 -9.238795e-01 -0.000000e+00
    outer loop
      vertex   -2.429997e+02 2.384641e+02 2.300000e+01
      vertex   -2.439644e+02 2.388637e+02 6.000000e+00
      vertex   -2.429997e+02 2.384641e+02 6.000000e+00
    endloop
  endfacet
  facet normal -6.087614e-01 -7.933533e-01 -0.000000e+00
    outer loop
      vertex   -2.429997e+02 2.384641e+02 2.300000e+01
      vertex   -2.429997e+02 2.384641e+02 6.000000e+00
      vertex   -2.421713e+02 2.378284e+02 2.300000e+01
    endloop
  endfacet
  facet normal -6.087614e-01 -7.933533e-01 -0.000000e+00
    outer loop
      vertex   -2.421713e+02 2.378284e+02 2.300000e+01
      vertex   -2.429997e+02 2.384641e+02 6.000000e+00
      vertex   -2.421713e+02 2.378284e+02 6.000000e+00
    endloop
  endfacet
  facet normal -7.933533e-01 -6.087614e-01 -0.000000e+00
    outer loop
      vertex   -2.421713e+02 2.378284e+02 2.300000e+01
      vertex   -2.421713e+02 2.378284e+02 6.000000e+00
      vertex   -2.415356e+02 2.370000e+02 2.300000e+01
    endloop
  endfacet
  facet normal -7.933533e-01 -6.087614e-01 -0.000000e+00
    outer loop
      vertex   -2.415356e+02 2.370000e+02 2.300000e+01
      vertex   -2.421713e+02 2.378284e+02 6.000000e+00
      vertex   -2.415356e+02 2.370000e+02 6.000000e+00
    endloop
  endfacet
  facet normal -9.238795e-01 -3.826834e-01 -0.000000e+00
    outer loop
      vertex   -2.415356e+02 2.370000e+02 2.300000e+01
      vertex   -2.415356e+02 2.370000e+02 6.000000e+00
      vertex   -2.411360e+02 2.360353e+02 2.300000e+01
    endloop
  endfacet
  facet normal -9.238795e-01 -3.826834e-01 -0.000000e+00
    outer loop
      vertex   -2.411360e+02 2.360353e+02 2.300000e+01
      vertex   -2.415356e+02 2.370000e+02 6.000000e+00
      vertex   -2.411360e+02 2.360353e+02 6.000000e+00
    endloop
  endfacet
  facet normal -9.914449e-01 -1.305262e-01 -0.000000e+00
    outer loop
      vertex   -2.411360e+02 2.360353e+02 2.300000e+01
      vertex   -2.411360e+02 2.360353e+02 6.000000e+00
      vertex   -2.409997e+02 2.350000e+02 2.300000e+01
    endloop
  endfacet
  facet normal -9.914449e-01 -1.305262e-01 -0.000000e+00
    outer loop
      vertex   -2.409997e+02 2.350000e+02 2.300000e+01
      vertex   -2.411360e+02 2.360353e+02 6.000000e+00
      vertex   -2.409997e+02 2.350000e+02 6.000000e+00
    endloop
  endfacet
  facet normal 9.914449e-01 1.305262e-01 -8.287811e-16
    outer loop
      vertex   -9.686346e+01 3.859647e+02 4.000000e+01
      vertex   -9.686346e+01 3.859647e+02 2.300000e+01
      vertex   -9.699976e+01 3.870000e+02 4.000000e+01
    endloop
  endfacet
  facet normal 9.914449e-01 1.305262e-01 0.000000e+00
    outer loop
      vertex   -9.699976e+01 3.870000e+02 4.000000e+01
      vertex   -9.686346e+01 3.859647e+02 2.300000e+01
      vertex   -9.699976e+01 3.870000e+02 2.300000e+01
    endloop
  endfacet
  facet normal 9.914449e-01 -1.305262e-01 0.000000e+00
    outer loop
      vertex   -9.699976e+01 3.870000e+02 4.000000e+01
      vertex   -9.699976e+01 3.870000e+02 2.300000e+01
      vertex   -9.686346e+01 3.880353e+02 4.000000e+01
    endloop
  endfacet
  facet normal 9.914449e-01 -1.305262e-01 -8.287811e-16
    outer loop
      vertex   -9.686346e+01 3.880353e+02 4.000000e+01
      vertex   -9.699976e+01 3.870000e+02 2.300000e+01
      vertex   -9.686346e+01 3.880353e+02 2.300000e+01
    endloop
  endfacet
  facet normal 9.238795e-01 -3.826834e-01 -7.723010e-16
    outer loop
      vertex   -9.686346e+01 3.880353e+02 4.000000e+01
      vertex   -9.686346e+01 3.880353e+02 2.300000e+01
      vertex   -9.646386e+01 3.890000e+02 4.000000e+01
    endloop
  endfacet
  facet normal 9.238795e-01 -3.826834e-01 7.723010e-16
    outer loop
      vertex   -9.646386e+01 3.890000e+02 4.000000e+01
      vertex   -9.686346e+01 3.880353e+02 2.300000e+01
      vertex   -9.646386e+01 3.890000e+02 2.300000e+01
    endloop
  endfacet
  facet normal 7.933533e-01 -6.087614e-01 6.631899e-16
    outer loop
      vertex   -9.646386e+01 3.890000e+02 4.000000e+01
      vertex   -9.646386e+01 3.890000e+02 2.300000e+01
      vertex   -9.582818e+01 3.898284e+02 4.000000e+01
    endloop
  endfacet
  facet normal 7.933533e-01 -6.087614e-01 0.000000e+00
    outer loop
      vertex   -9.582818e+01 3.898284e+02 4.000000e+01
      vertex   -9.646386e+01 3.890000e+02 2.300000e+01
      vertex   -9.582818e+01 3.898284e+02 2.300000e+01
    endloop
  endfacet
  facet normal 6.087614e-01 -7.933533e-01 0.000000e+00
    outer loop
      vertex   -9.582818e+01 3.898284e+02 4.000000e+01
      vertex   -9.582818e+01 3.898284e+02 2.300000e+01
      vertex   -9.499976e+01 3.904641e+02 4.000000e+01
    endloop
  endfacet
  facet normal 6.087614e-01 -7.933533e-01 -5.088835e-16
    outer loop
      vertex   -9.499976e+01 3.904641e+02 4.000000e+01
      vertex   -9.582818e+01 3.898284e+02 2.300000e+01
      vertex   -9.499976e+01 3.904641e+02 2.300000e+01
    endloop
  endfacet
  facet normal 3.826834e-01 -9.238795e-01 -3.198976e-16
    outer loop
      vertex   -9.499976e+01 3.904641e+02 4.000000e+01
      vertex   -9.499976e+01 3.904641e+02 2.300000e+01
      vertex   -9.403503e+01 3.908637e+02 4.000000e+01
    endloop
  endfacet
  facet normal 3.826834e-01 -9.238795e-01 0.000000e+00
    outer loop
      vertex   -9.403503e+01 3.908637e+02 4.000000e+01
      vertex   -9.499976e+01 3.904641e+02 2.300000e+01
      vertex   -9.403503e+01 3.908637e+02 2.300000e+01
    endloop
  endfacet
  facet normal 1.305262e-01 -9.914449e-01 0.000000e+00
    outer loop
      vertex   -9.403503e+01 3.908637e+02 4.000000e+01
      vertex   -9.403503e+01 3.908637e+02 2.300000e+01
      vertex   -9.299976e+01 3.910000e+02 4.000000e+01
    endloop
  endfacet
  facet normal 1.305262e-01 -9.914449e-01 0.000000e+00
    outer loop
      vertex   -9.299976e+01 3.910000e+02 4.000000e+01
      vertex   -9.403503e+01 3.908637e+02 2.300000e+01
      vertex   -9.299976e+01 3.910000e+02 2.300000e+01
    endloop
  endfacet
  facet normal -1.305262e-01 -9.914449e-01 -0.000000e+00
    outer loop
      vertex   -9.299976e+01 3.910000e+02 4.000000e+01
      vertex   -9.299976e+01 3.910000e+02 2.300000e+01
      vertex   -9.196448e+01 3.908637e+02 4.000000e+01
    endloop
  endfacet
  facet normal -1.305262e-01 -9.914449e-01 -0.000000e+00
    outer loop
      vertex   -9.196448e+01 3.908637e+02 4.000000e+01
      vertex   -9.299976e+01 3.910000e+02 2.300000e+01
      vertex   -9.196448e+01 3.908637e+02 2.300000e+01
    endloop
  endfacet
  facet normal -3.826834e-01 -9.238795e-01 -0.000000e+00
    outer loop
      vertex   -9.196448e+01 3.908637e+02 4.000000e+01
      vertex   -9.196448e+01 3.908637e+02 2.300000e+01
      vertex   -9.099976e+01 3.904641e+02 4.000000e+01
    endloop
  endfacet
  facet normal -3.826834e-01 -9.238795e-01 -3.198976e-16
    outer loop
      vertex   -9.099976e+01 3.904641e+02 4.000000e+01
      vertex   -9.196448e+01 3.908637e+02 2.300000e+01
      vertex   -9.099976e+01 3.904641e+02 2.300000e+01
    endloop
  endfacet
  facet normal -6.087614e-01 -7.933533e-01 -5.088835e-16
    outer loop
      vertex   -9.099976e+01 3.904641e+02 4.000000e+01
      vertex   -9.099976e+01 3.904641e+02 2.300000e+01
      vertex   -9.017133e+01 3.898284e+02 4.000000e+01
    endloop
  endfacet
  facet normal -6.087614e-01 -7.933533e-01 -0.000000e+00
    outer loop
      vertex   -9.017133e+01 3.898284e+02 4.000000e+01
      vertex   -9.099976e+01 3.904641e+02 2.300000e+01
      vertex   -9.017133e+01 3.898284e+02 2.300000e+01
    endloop
  endfacet
  facet normal -7.933533e-01 -6.087614e-01 -0.000000e+00
    outer loop
      vertex   -9.017133e+01 3.898284e+02 4.000000e+01
      vertex   -9.017133e+01 3.898284e+02 2.300000e+01
      vertex   -8.953566e+01 3.890000e+02 4.000000e+01
    endloop
  endfacet
  facet normal -7.933533e-01 -6.087614e-01 1.326380e-15
    outer loop
      vertex   -8.953566e+01 3.890000e+02 4.000000e+01
      vertex   -9.017133e+01 3.898284e+02 2.300000e+01
      vertex   -8.953566e+01 3.890000e+02 2.300000e+01
    endloop
  endfacet
  facet normal -9.238795e-01 -3.826834e-01 1.544602e-15
    outer loop
      vertex   -8.953566e+01 3.890000e+02 4.000000e+01
      vertex   -8.953566e+01 3.890000e+02 2.300000e+01
      vertex   -8.913605e+01 3.880353e+02 4.000000e+01
    endloop
  endfacet
  facet normal -9.238795e-01 -3.826834e-01 -7.723010e-16
    outer loop
      vertex   -8.913605e+01 3.880353e+02 4.000000e+01
      vertex   -8.953566e+01 3.890000e+02 2.300000e+01
      vertex   -8.913605e+01 3.880353e+02 2.300000e+01
    endloop
  endfacet
  facet normal -9.914449e-01 -1.305262e-01 -8.287811e-16
    outer loop
      vertex   -8.913605e+01 3.880353e+02 4.000000e+01
      vertex   -8.913605e+01 3.880353e+02 2.300000e+01
      vertex   -8.899976e+01 3.870000e+02 4.000000e+01
    endloop
  endfacet
  facet normal -9.914449e-01 -1.305262e-01 -0.000000e+00
    outer loop
      vertex   -8.899976e+01 3.870000e+02 4.000000e+01
      vertex   -8.913605e+01 3.880353e+02 2.300000e+01
      vertex   -8.899976e+01 3.870000e+02 2.300000e+01
    endloop
  endfacet
  facet normal -9.914449e-01 1.305262e-01 0.000000e+00
    outer loop
      vertex   -8.899976e+01 3.870000e+02 4.000000e+01
      vertex   -8.899976e+01 3.870000e+02 2.300000e+01
      vertex   -8.913605e+01 3.859647e+02 4.000000e+01
    endloop
  endfacet
  facet normal -9.914449e-01 1.305262e-01 -8.287811e-16
    outer loop
      vertex   -8.913605e+01 3.859647e+02 4.000000e+01
      vertex   -8.899976e+01 3.870000e+02 2.300000e+01
      vertex   -8.913605e+01 3.859647e+02 2.300000e+01
    endloop
  endfacet
  facet normal -9.238795e-01 3.826834e-01 -7.723010e-16
    outer loop
      vertex   -8.913605e+01 3.859647e+02 4.000000e+01
      vertex   -8.913605e+01 3.859647e+02 2.300000e+01
      vertex   -8.953566e+01 3.850000e+02 4.000000e+01
    endloop
  endfacet
  facet normal -9.238795e-01 3.826834e-01 1.544602e-15
    outer loop
      vertex   -8.953566e+01 3.850000e+02 4.000000e+01
      vertex   -8.913605e+01 3.859647e+02 2.300000e+01
      vertex   -8.953566e+01 3.850000e+02 2.300000e+01
    endloop
  endfacet
  facet normal -7.933533e-01 6.087614e-01 1.326380e-15
    outer loop
      vertex   -8.953566e+01 3.850000e+02 4.000000e+01
      vertex   -8.953566e+01 3.850000e+02 2.300000e+01
      vertex   -9.017133e+01 3.841716e+02 4.000000e+01
    endloop
  endfacet
  facet normal -7.933533e-01 6.087614e-01 0.000000e+00
    outer loop
      vertex   -9.017133e+01 3.841716e+02 4.000000e+01
      vertex   -8.953566e+01 3.850000e+02 2.300000e+01
      vertex   -9.017133e+01 3.841716e+02 2.300000e+01
    endloop
  endfacet
  facet normal -6.087614e-01 7.933533e-01 0.000000e+00
    outer loop
      vertex   -9.017133e+01 3.841716e+02 4.000000e+01
      vertex   -9.017133e+01 3.841716e+02 2.300000e+01
      vertex   -9.099976e+01 3.835359e+02 4.000000e+01
    endloop
  endfacet
  facet normal -6.087614e-01 7.933533e-01 -5.088835e-16
    outer loop
      vertex   -9.099976e+01 3.835359e+02 4.000000e+01
      vertex   -9.017133e+01 3.841716e+02 2.300000e+01
      vertex   -9.099976e+01 3.835359e+02 2.300000e+01
    endloop
  endfacet
  facet normal -3.826834e-01 9.238795e-01 -3.198976e-16
    outer loop
      vertex   -9.099976e+01 3.835359e+02 4.000000e+01
      vertex   -9.099976e+01 3.835359e+02 2.300000e+01
      vertex   -9.196448e+01 3.831363e+02 4.000000e+01
    endloop
  endfacet
  facet normal -3.826834e-01 9.238795e-01 0.000000e+00
    outer loop
      vertex   -9.196448e+01 3.831363e+02 4.000000e+01
      vertex   -9.099976e+01 3.835359e+02 2.300000e+01
      vertex   -9.196448e+01 3.831363e+02 2.300000e+01
    endloop
  endfacet
  facet normal -1.305262e-01 9.914449e-01 0.000000e+00
    outer loop
      vertex   -9.196448e+01 3.831363e+02 4.000000e+01
      vertex   -9.196448e+01 3.831363e+02 2.300000e+01
      vertex   -9.299976e+01 3.830000e+02 4.000000e+01
    endloop
  endfacet
  facet normal -1.305262e-01 9.914449e-01 0.000000e+00
    outer loop
      vertex   -9.299976e+01 3.830000e+02 4.000000e+01
      vertex   -9.196448e+01 3.831363e+02 2.300000e+01
      vertex   -9.299976e+01 3.830000e+02 2.300000e+01
    endloop
  endfacet
  facet normal 1.305262e-01 9.914449e-01 0.000000e+00
    outer loop
      vertex   -9.299976e+01 3.830000e+02 4.000000e+01
      vertex   -9.299976e+01 3.830000e+02 2.300000e+01
      vertex   -9.403503e+01 3.831363e+02 4.000000e+01
    endloop
  endfacet
  facet normal 1.305262e-01 9.914449e-01 0.000000e+00
    outer loop
      vertex   -9.403503e+01 3.831363e+02 4.000000e+01
      vertex   -9.299976e+01 3.830000e+02 2.300000e+01
      vertex   -9.403503e+01 3.831363e+02 2.300000e+01
    endloop
  endfacet
  facet normal 3.826834e-01 9.238795e-01 0.000000e+00
    outer loop
      vertex   -9.403503e+01 3.831363e+02 4.000000e+01
      vertex   -9.403503e+01 3.831363e+02 2.300000e+01
      vertex   -9.499976e+01 3.835359e+02 4.000000e+01
    endloop
  endfacet
  facet normal 3.826834e-01 9.238795e-01 -3.198976e-16
    outer loop
      vertex   -9.499976e+01 3.835359e+02 4.000000e+01
      vertex   -9.403503e+01 3.831363e+02 2.300000e+01
      vertex   -9.499976e+01 3.835359e+02 2.300000e+01
    endloop
  endfacet
  facet normal 6.087614e-01 7.933533e-01 -5.088835e-16
    outer loop
      vertex   -9.499976e+01 3.835359e+02 4.000000e+01
      vertex   -9.499976e+01 3.835359e+02 2.300000e+01
      vertex   -9.582818e+01 3.841716e+02 4.000000e+01
    endloop
  endfacet
  facet normal 6.087614e-01 7.933533e-01 0.000000e+00
    outer loop
      vertex   -9.582818e+01 3.841716e+02 4.000000e+01
      vertex   -9.499976e+01 3.835359e+02 2.300000e+01
      vertex   -9.582818e+01 3.841716e+02 2.300000e+01
    endloop
  endfacet
  facet normal 7.933533e-01 6.087614e-01 0.000000e+00
    outer loop
      vertex   -9.582818e+01 3.841716e+02 4.000000e+01
      vertex   -9.582818e+01 3.841716e+02 2.300000e+01
      vertex   -9.646386e+01 3.850000e+02 4.000000e+01
    endloop
  endfacet
  facet normal 7.933533e-01 6.087614e-01 6.631899e-16
    outer loop
      vertex   -9.646386e+01 3.850000e+02 4.000000e+01
      vertex   -9.582818e+01 3.841716e+02 2.300000e+01
      vertex   -9.646386e+01 3.850000e+02 2.300000e+01
    endloop
  endfacet
  facet normal 9.238795e-01 3.826834e-01 7.723010e-16
    outer loop
      vertex   -9.646386e+01 3.850000e+02 4.000000e+01
      vertex   -9.646386e+01 3.850000e+02 2.300000e+01
      vertex   -9.686346e+01 3.859647e+02 4.000000e+01
    endloop
  endfacet
  facet normal 9.238795e-01 3.826834e-01 -7.723010e-16
    outer loop
      vertex   -9.686346e+01 3.859647e+02 4.000000e+01
      vertex   -9.646386e+01 3.850000e+02 2.300000e+01
      vertex   -9.686346e+01 3.859647e+02 2.300000e+01
    endloop
  endfacet
  facet normal 9.914449e-01 -1.305262e-01 8.287811e-16
    outer loop
      vertex   -9.686346e+01 3.880353e+02 -1.100000e+01
      vertex   -9.686346e+01 3.880353e+02 6.000000e+00
      vertex   -9.699976e+01 3.870000e+02 -1.100000e+01
    endloop
  endfacet
  facet normal 9.914449e-01 -1.305262e-01 0.000000e+00
    outer loop
      vertex   -9.699976e+01 3.870000e+02 -1.100000e+01
      vertex   -9.686346e+01 3.880353e+02 6.000000e+00
      vertex   -9.699976e+01 3.870000e+02 6.000000e+00
    endloop
  endfacet
  facet normal 9.914449e-01 1.305262e-01 -0.000000e+00
    outer loop
      vertex   -9.699976e+01 3.870000e+02 -1.100000e+01
      vertex   -9.699976e+01 3.870000e+02 6.000000e+00
      vertex   -9.686346e+01 3.859647e+02 -1.100000e+01
    endloop
  endfacet
  facet normal 9.914449e-01 1.305262e-01 8.287811e-16
    outer loop
      vertex   -9.686346e+01 3.859647e+02 -1.100000e+01
      vertex   -9.699976e+01 3.870000e+02 6.000000e+00
      vertex   -9.686346e+01 3.859647e+02 6.000000e+00
    endloop
  endfacet
  facet normal 9.238795e-01 3.826834e-01 7.723010e-16
    outer loop
      vertex   -9.686346e+01 3.859647e+02 -1.100000e+01
      vertex   -9.686346e+01 3.859647e+02 6.000000e+00
      vertex   -9.646386e+01 3.850000e+02 -1.100000e+01
    endloop
  endfacet
  facet normal 9.238795e-01 3.826834e-01 -7.723010e-16
    outer loop
      vertex   -9.646386e+01 3.850000e+02 -1.100000e+01
      vertex   -9.686346e+01 3.859647e+02 6.000000e+00
      vertex   -9.646386e+01 3.850000e+02 6.000000e+00
    endloop
  endfacet
  facet normal 7.933533e-01 6.087614e-01 -6.631899e-16
    outer loop
      vertex   -9.646386e+01 3.850000e+02 -1.100000e+01
      vertex   -9.646386e+01 3.850000e+02 6.000000e+00
      vertex   -9.582818e+01 3.841716e+02 -1.100000e+01
    endloop
  endfacet
  facet normal 7.933533e-01 6.087614e-01 -0.000000e+00
    outer loop
      vertex   -9.582818e+01 3.841716e+02 -1.100000e+01
      vertex   -9.646386e+01 3.850000e+02 6.000000e+00
      vertex   -9.582818e+01 3.841716e+02 6.000000e+00
    endloop
  endfacet
  facet normal 6.087614e-01 7.933533e-01 -0.000000e+00
    outer loop
      vertex   -9.582818e+01 3.841716e+02 -1.100000e+01
      vertex   -9.582818e+01 3.841716e+02 6.000000e+00
      vertex   -9.499976e+01 3.835359e+02 -1.100000e+01
    endloop
  endfacet
  facet normal 6.087614e-01 7.933533e-01 5.088835e-16
    outer loop
      vertex   -9.499976e+01 3.835359e+02 -1.100000e+01
      vertex   -9.582818e+01 3.841716e+02 6.000000e+00
      vertex   -9.499976e+01 3.835359e+02 6.000000e+00
    endloop
  endfacet
  facet normal 3.826834e-01 9.238795e-01 3.198976e-16
    outer loop
      vertex   -9.499976e+01 3.835359e+02 -1.100000e+01
      vertex   -9.499976e+01 3.835359e+02 6.000000e+00
      vertex   -9.403503e+01 3.831363e+02 -1.100000e+01
    endloop
  endfacet
  facet normal 3.826834e-01 9.238795e-01 -0.000000e+00
    outer loop
      vertex   -9.403503e+01 3.831363e+02 -1.100000e+01
      vertex   -9.499976e+01 3.835359e+02 6.000000e+00
      vertex   -9.403503e+01 3.831363e+02 6.000000e+00
    endloop
  endfacet
  facet normal 1.305262e-01 9.914449e-01 -0.000000e+00
    outer loop
      vertex   -9.403503e+01 3.831363e+02 -1.100000e+01
      vertex   -9.403503e+01 3.831363e+02 6.000000e+00
      vertex   -9.299976e+01 3.830000e+02 -1.100000e+01
    endloop
  endfacet
  facet normal 1.305262e-01 9.914449e-01 -0.000000e+00
    outer loop
      vertex   -9.299976e+01 3.830000e+02 -1.100000e+01
      vertex   -9.403503e+01 3.831363e+02 6.000000e+00
      vertex   -9.299976e+01 3.830000e+02 6.000000e+00
    endloop
  endfacet
  facet normal -1.305262e-01 9.914449e-01 0.000000e+00
    outer loop
      vertex   -9.299976e+01 3.830000e+02 -1.100000e+01
      vertex   -9.299976e+01 3.830000e+02 6.000000e+00
      vertex   -9.196448e+01 3.831363e+02 -1.100000e+01
    endloop
  endfacet
  facet normal -1.305262e-01 9.914449e-01 0.000000e+00
    outer loop
      vertex   -9.196448e+01 3.831363e+02 -1.100000e+01
      vertex   -9.299976e+01 3.830000e+02 6.000000e+00
      vertex   -9.196448e+01 3.831363e+02 6.000000e+00
    endloop
  endfacet
  facet normal -3.826834e-01 9.238795e-01 0.000000e+00
    outer loop
      vertex   -9.196448e+01 3.831363e+02 -1.100000e+01
      vertex   -9.196448e+01 3.831363e+02 6.000000e+00
      vertex   -9.099976e+01 3.835359e+02 -1.100000e+01
    endloop
  endfacet
  facet normal -3.826834e-01 9.238795e-01 3.198976e-16
    outer loop
      vertex   -9.099976e+01 3.835359e+02 -1.100000e+01
      vertex   -9.196448e+01 3.831363e+02 6.000000e+00
      vertex   -9.099976e+01 3.835359e+02 6.000000e+00
    endloop
  endfacet
  facet normal -6.087614e-01 7.933533e-01 5.088835e-16
    outer loop
      vertex   -9.099976e+01 3.835359e+02 -1.100000e+01
      vertex   -9.099976e+01 3.835359e+02 6.000000e+00
      vertex   -9.017133e+01 3.841716e+02 -1.100000e+01
    endloop
  endfacet
  facet normal -6.087614e-01 7.933533e-01 0.000000e+00
    outer loop
      vertex   -9.017133e+01 3.841716e+02 -1.100000e+01
      vertex   -9.099976e+01 3.835359e+02 6.000000e+00
      vertex   -9.017133e+01 3.841716e+02 6.000000e+00
    endloop
  endfacet
  facet normal -7.933533e-01 6.087614e-01 0.000000e+00
    outer loop
      vertex   -9.017133e+01 3.841716e+02 -1.100000e+01
      vertex   -9.017133e+01 3.841716e+02 6.000000e+00
      vertex   -8.953566e+01 3.850000e+02 -1.100000e+01
    endloop
  endfacet
  facet normal -7.933533e-01 6.087614e-01 -1.326380e-15
    outer loop
      vertex   -8.953566e+01 3.850000e+02 -1.100000e+01
      vertex   -9.017133e+01 3.841716e+02 6.000000e+00
      vertex   -8.953566e+01 3.850000e+02 6.000000e+00
    endloop
  endfacet
  facet normal -9.238795e-01 3.826834e-01 -1.544602e-15
    outer loop
      vertex   -8.953566e+01 3.850000e+02 -1.100000e+01
      vertex   -8.953566e+01 3.850000e+02 6.000000e+00
      vertex   -8.913605e+01 3.859647e+02 -1.100000e+01
    endloop
  endfacet
  facet normal -9.238795e-01 3.826834e-01 7.723010e-16
    outer loop
      vertex   -8.913605e+01 3.859647e+02 -1.100000e+01
      vertex   -8.953566e+01 3.850000e+02 6.000000e+00
      vertex   -8.913605e+01 3.859647e+02 6.000000e+00
    endloop
  endfacet
  facet normal -9.914449e-01 1.305262e-01 8.287811e-16
    outer loop
      vertex   -8.913605e+01 3.859647e+02 -1.100000e+01
      vertex   -8.913605e+01 3.859647e+02 6.000000e+00
      vertex   -8.899976e+01 3.870000e+02 -1.100000e+01
    endloop
  endfacet
  facet normal -9.914449e-01 1.305262e-01 0.000000e+00
    outer loop
      vertex   -8.899976e+01 3.870000e+02 -1.100000e+01
      vertex   -8.913605e+01 3.859647e+02 6.000000e+00
      vertex   -8.899976e+01 3.870000e+02 6.000000e+00
    endloop
  endfacet
  facet normal -9.914449e-01 -1.305262e-01 0.000000e+00
    outer loop
      vertex   -8.899976e+01 3.870000e+02 -1.100000e+01
      vertex   -8.899976e+01 3.870000e+02 6.000000e+00
      vertex   -8.913605e+01 3.880353e+02 -1.100000e+01
    endloop
  endfacet
  facet normal -9.914449e-01 -1.305262e-01 8.287811e-16
    outer loop
      vertex   -8.913605e+01 3.880353e+02 -1.100000e+01
      vertex   -8.899976e+01 3.870000e+02 6.000000e+00
      vertex   -8.913605e+01 3.880353e+02 6.000000e+00
    endloop
  endfacet
  facet normal -9.238795e-01 -3.826834e-01 7.723010e-16
    outer loop
      vertex   -8.913605e+01 3.880353e+02 -1.100000e+01
      vertex   -8.913605e+01 3.880353e+02 6.000000e+00
      vertex   -8.953566e+01 3.890000e+02 -1.100000e+01
    endloop
  endfacet
  facet normal -9.238795e-01 -3.826834e-01 -1.544602e-15
    outer loop
      vertex   -8.953566e+01 3.890000e+02 -1.100000e+01
      vertex   -8.913605e+01 3.880353e+02 6.000000e+00
      vertex   -8.953566e+01 3.890000e+02 6.000000e+00
    endloop
  endfacet
  facet normal -7.933533e-01 -6.087614e-01 -1.326380e-15
    outer loop
      vertex   -8.953566e+01 3.890000e+02 -1.100000e+01
      vertex   -8.953566e+01 3.890000e+02 6.000000e+00
      vertex   -9.017133e+01 3.898284e+02 -1.100000e+01
    endloop
  endfacet
  facet normal -7.933533e-01 -6.087614e-01 0.000000e+00
    outer loop
      vertex   -9.017133e+01 3.898284e+02 -1.100000e+01
      vertex   -8.953566e+01 3.890000e+02 6.000000e+00
      vertex   -9.017133e+01 3.898284e+02 6.000000e+00
    endloop
  endfacet
  facet normal -6.087614e-01 -7.933533e-01 0.000000e+00
    outer loop
      vertex   -9.017133e+01 3.898284e+02 -1.100000e+01
      vertex   -9.017133e+01 3.898284e+02 6.000000e+00
      vertex   -9.099976e+01 3.904641e+02 -1.100000e+01
    endloop
  endfacet
  facet normal -6.087614e-01 -7.933533e-01 5.088835e-16
    outer loop
      vertex   -9.099976e+01 3.904641e+02 -1.100000e+01
      vertex   -9.017133e+01 3.898284e+02 6.000000e+00
      vertex   -9.099976e+01 3.904641e+02 6.000000e+00
    endloop
  endfacet
  facet normal -3.826834e-01 -9.238795e-01 3.198976e-16
    outer loop
      vertex   -9.099976e+01 3.904641e+02 -1.100000e+01
      vertex   -9.099976e+01 3.904641e+02 6.000000e+00
      vertex   -9.196448e+01 3.908637e+02 -1.100000e+01
    endloop
  endfacet
  facet normal -3.826834e-01 -9.238795e-01 0.000000e+00
    outer loop
      vertex   -9.196448e+01 3.908637e+02 -1.100000e+01
      vertex   -9.099976e+01 3.904641e+02 6.000000e+00
      vertex   -9.196448e+01 3.908637e+02 6.000000e+00
    endloop
  endfacet
  facet normal -1.305262e-01 -9.914449e-01 0.000000e+00
    outer loop
      vertex   -9.196448e+01 3.908637e+02 -1.100000e+01
      vertex   -9.196448e+01 3.908637e+02 6.000000e+00
      vertex   -9.299976e+01 3.910000e+02 -1.100000e+01
    endloop
  endfacet
  facet normal -1.305262e-01 -9.914449e-01 0.000000e+00
    outer loop
      vertex   -9.299976e+01 3.910000e+02 -1.100000e+01
      vertex   -9.196448e+01 3.908637e+02 6.000000e+00
      vertex   -9.299976e+01 3.910000e+02 6.000000e+00
    endloop
  endfacet
  facet normal 1.305262e-01 -9.914449e-01 0.000000e+00
    outer loop
      vertex   -9.299976e+01 3.910000e+02 -1.100000e+01
      vertex   -9.299976e+01 3.910000e+02 6.000000e+00
      vertex   -9.403503e+01 3.908637e+02 -1.100000e+01
    endloop
  endfacet
  facet normal 1.305262e-01 -9.914449e-01 0.000000e+00
    outer loop
      vertex   -9.403503e+01 3.908637e+02 -1.100000e+01
      vertex   -9.299976e+01 3.910000e+02 6.000000e+00
      vertex   -9.403503e+01 3.908637e+02 6.000000e+00
    endloop
  endfacet
  facet normal 3.826834e-01 -9.238795e-01 0.000000e+00
    outer loop
      vertex   -9.403503e+01 3.908637e+02 -1.100000e+01
      vertex   -9.403503e+01 3.908637e+02 6.000000e+00
      vertex   -9.499976e+01 3.904641e+02 -1.100000e+01
    endloop
  endfacet
  facet normal 3.826834e-01 -9.238795e-01 3.198976e-16
    outer loop
      vertex   -9.499976e+01 3.904641e+02 -1.100000e+01
      vertex   -9.403503e+01 3.908637e+02 6.000000e+00
      vertex   -9.499976e+01 3.904641e+02 6.000000e+00
    endloop
  endfacet
  facet normal 6.087614e-01 -7.933533e-01 5.088835e-16
    outer loop
      vertex   -9.499976e+01 3.904641e+02 -1.100000e+01
      vertex   -9.499976e+01 3.904641e+02 6.000000e+00
      vertex   -9.582818e+01 3.898284e+02 -1.100000e+01
    endloop
  endfacet
  facet normal 6.087614e-01 -7.933533e-01 0.000000e+00
    outer loop
      vertex   -9.582818e+01 3.898284e+02 -1.100000e+01
      vertex   -9.499976e+01 3.904641e+02 6.000000e+00
      vertex   -9.582818e+01 3.898284e+02 6.000000e+00
    endloop
  endfacet
  facet normal 7.933533e-01 -6.087614e-01 0.000000e+00
    outer loop
      vertex   -9.582818e+01 3.898284e+02 -1.100000e+01
      vertex   -9.582818e+01 3.898284e+02 6.000000e+00
      vertex   -9.646386e+01 3.890000e+02 -1.100000e+01
    endloop
  endfacet
  facet normal 7.933533e-01 -6.087614e-01 -6.631899e-16
    outer loop
      vertex   -9.646386e+01 3.890000e+02 -1.100000e+01
      vertex   -9.582818e+01 3.898284e+02 6.000000e+00
      vertex   -9.646386e+01 3.890000e+02 6.000000e+00
    endloop
  endfacet
  facet normal 9.238795e-01 -3.826834e-01 -7.723010e-16
    outer loop
      vertex   -9.646386e+01 3.890000e+02 -1.100000e+01
      vertex   -9.646386e+01 3.890000e+02 6.000000e+00
      vertex   -9.686346e+01 3.880353e+02 -1.100000e+01
    endloop
  endfacet
  facet normal 9.238795e-01 -3.826834e-01 7.723010e-16
    outer loop
      vertex   -9.686346e+01 3.880353e+02 -1.100000e+01
      vertex   -9.646386e+01 3.890000e+02 6.000000e+00
      vertex   -9.686346e+01 3.880353e+02 6.000000e+00
    endloop
  endfacet
  facet normal -9.914449e-01 1.305262e-01 0.000000e+00
    outer loop
      vertex   -8.899976e+01 3.870000e+02 2.300000e+01
      vertex   -8.899976e+01 3.870000e+02 6.000000e+00
      vertex   -8.913605e+01 3.859647e+02 2.300000e+01
    endloop
  endfacet
  facet normal -9.914449e-01 1.305262e-01 0.000000e+00
    outer loop
      vertex   -8.913605e+01 3.859647e+02 2.300000e+01
      vertex   -8.899976e+01 3.870000e+02 6.000000e+00
      vertex   -8.913605e+01 3.859647e+02 6.000000e+00
    endloop
  endfacet
  facet normal -9.238795e-01 3.826834e-01 0.000000e+00
    outer loop
      vertex   -8.913605e+01 3.859647e+02 2.300000e+01
      vertex   -8.913605e+01 3.859647e+02 6.000000e+00
      vertex   -8.953566e+01 3.850000e+02 2.300000e+01
    endloop
  endfacet
  facet normal -9.238795e-01 3.826834e-01 0.000000e+00
    outer loop
      vertex   -8.953566e+01 3.850000e+02 2.300000e+01
      vertex   -8.913605e+01 3.859647e+02 6.000000e+00
      vertex   -8.953566e+01 3.850000e+02 6.000000e+00
    endloop
  endfacet
  facet normal -7.933533e-01 6.087614e-01 0.000000e+00
    outer loop
      vertex   -8.953566e+01 3.850000e+02 2.300000e+01
      vertex   -8.953566e+01 3.850000e+02 6.000000e+00
      vertex   -9.017133e+01 3.841716e+02 2.300000e+01
    endloop
  endfacet
  facet normal -7.933533e-01 6.087614e-01 0.000000e+00
    outer loop
      vertex   -9.017133e+01 3.841716e+02 2.300000e+01
      vertex   -8.953566e+01 3.850000e+02 6.000000e+00
      vertex   -9.017133e+01 3.841716e+02 6.000000e+00
    endloop
  endfacet
  facet normal -6.087614e-01 7.933533e-01 0.000000e+00
    outer loop
      vertex   -9.017133e+01 3.841716e+02 2.300000e+01
      vertex   -9.017133e+01 3.841716e+02 6.000000e+00
      vertex   -9.099976e+01 3.835359e+02 2.300000e+01
    endloop
  endfacet
  facet normal -6.087614e-01 7.933533e-01 0.000000e+00
    outer loop
      vertex   -9.099976e+01 3.835359e+02 2.300000e+01
      vertex   -9.017133e+01 3.841716e+02 6.000000e+00
      vertex   -9.099976e+01 3.835359e+02 6.000000e+00
    endloop
  endfacet
  facet normal -3.826834e-01 9.238795e-01 0.000000e+00
    outer loop
      vertex   -9.099976e+01 3.835359e+02 2.300000e+01
      vertex   -9.099976e+01 3.835359e+02 6.000000e+00
      vertex   -9.196448e+01 3.831363e+02 2.300000e+01
    endloop
  endfacet
  facet normal -3.826834e-01 9.238795e-01 0.000000e+00
    outer loop
      vertex   -9.196448e+01 3.831363e+02 2.300000e+01
      vertex   -9.099976e+01 3.835359e+02 6.000000e+00
      vertex   -9.196448e+01 3.831363e+02 6.000000e+00
    endloop
  endfacet
  facet normal -1.305262e-01 9.914449e-01 0.000000e+00
    outer loop
      vertex   -9.196448e+01 3.831363e+02 2.300000e+01
      vertex   -9.196448e+01 3.831363e+02 6.000000e+00
      vertex   -9.299976e+01 3.830000e+02 2.300000e+01
    endloop
  endfacet
  facet normal -1.305262e-01 9.914449e-01 0.000000e+00
    outer loop
      vertex   -9.299976e+01 3.830000e+02 2.300000e+01
      vertex   -9.196448e+01 3.831363e+02 6.000000e+00
      vertex   -9.299976e+01 3.830000e+02 6.000000e+00
    endloop
  endfacet
  facet normal 1.305262e-01 9.914449e-01 0.000000e+00
    outer loop
      vertex   -9.299976e+01 3.830000e+02 2.300000e+01
      vertex   -9.299976e+01 3.830000e+02 6.000000e+00
      vertex   -9.403503e+01 3.831363e+02 2.300000e+01
    endloop
  endfacet
  facet normal 1.305262e-01 9.914449e-01 0.000000e+00
    outer loop
      vertex   -9.403503e+01 3.831363e+02 2.300000e+01
      vertex   -9.299976e+01 3.830000e+02 6.000000e+00
      vertex   -9.403503e+01 3.831363e+02 6.000000e+00
    endloop
  endfacet
  facet normal 3.826834e-01 9.238795e-01 0.000000e+00
    outer loop
      vertex   -9.403503e+01 3.831363e+02 2.300000e+01
      vertex   -9.403503e+01 3.831363e+02 6.000000e+00
      vertex   -9.499976e+01 3.835359e+02 2.300000e+01
    endloop
  endfacet
  facet normal 3.826834e-01 9.238795e-01 0.000000e+00
    outer loop
      vertex   -9.499976e+01 3.835359e+02 2.300000e+01
      vertex   -9.403503e+01 3.831363e+02 6.000000e+00
      vertex   -9.499976e+01 3.835359e+02 6.000000e+00
    endloop
  endfacet
  facet normal 6.087614e-01 7.933533e-01 0.000000e+00
    outer loop
      vertex   -9.499976e+01 3.835359e+02 2.300000e+01
      vertex   -9.499976e+01 3.835359e+02 6.000000e+00
      vertex   -9.582818e+01 3.841716e+02 2.300000e+01
    endloop
  endfacet
  facet normal 6.087614e-01 7.933533e-01 0.000000e+00
    outer loop
      vertex   -9.582818e+01 3.841716e+02 2.300000e+01
      vertex   -9.499976e+01 3.835359e+02 6.000000e+00
      vertex   -9.582818e+01 3.841716e+02 6.000000e+00
    endloop
  endfacet
  facet normal 7.933533e-01 6.087614e-01 0.000000e+00
    outer loop
      vertex   -9.582818e+01 3.841716e+02 2.300000e+01
      vertex   -9.582818e+01 3.841716e+02 6.000000e+00
      vertex   -9.646386e+01 3.850000e+02 2.300000e+01
    endloop
  endfacet
  facet normal 7.933533e-01 6.087614e-01 0.000000e+00
    outer loop
      vertex   -9.646386e+01 3.850000e+02 2.300000e+01
      vertex   -9.582818e+01 3.841716e+02 6.000000e+00
      vertex   -9.646386e+01 3.850000e+02 6.000000e+00
    endloop
  endfacet
  facet normal 9.238795e-01 3.826834e-01 0.000000e+00
    outer loop
      vertex   -9.646386e+01 3.850000e+02 2.300000e+01
      vertex   -9.646386e+01 3.850000e+02 6.000000e+00
      vertex   -9.686346e+01 3.859647e+02 2.300000e+01
    endloop
  endfacet
  facet normal 9.238795e-01 3.826834e-01 0.000000e+00
    outer loop
      vertex   -9.686346e+01 3.859647e+02 2.300000e+01
      vertex   -9.646386e+01 3.850000e+02 6.000000e+00
      vertex   -9.686346e+01 3.859647e+02 6.000000e+00
    endloop
  endfacet
  facet normal 9.914449e-01 1.305262e-01 0.000000e+00
    outer loop
      vertex   -9.686346e+01 3.859647e+02 2.300000e+01
      vertex   -9.686346e+01 3.859647e+02 6.000000e+00
      vertex   -9.699976e+01 3.870000e+02 2.300000e+01
    endloop
  endfacet
  facet normal 9.914449e-01 1.305262e-01 0.000000e+00
    outer loop
      vertex   -9.699976e+01 3.870000e+02 2.300000e+01
      vertex   -9.686346e+01 3.859647e+02 6.000000e+00
      vertex   -9.699976e+01 3.870000e+02 6.000000e+00
    endloop
  endfacet
  facet normal 9.914449e-01 -1.305262e-01 0.000000e+00
    outer loop
      vertex   -9.699976e+01 3.870000e+02 2.300000e+01
      vertex   -9.699976e+01 3.870000e+02 6.000000e+00
      vertex   -9.686346e+01 3.880353e+02 2.300000e+01
    endloop
  endfacet
  facet normal 9.914449e-01 -1.305262e-01 0.000000e+00
    outer loop
      vertex   -9.686346e+01 3.880353e+02 2.300000e+01
      vertex   -9.699976e+01 3.870000e+02 6.000000e+00
      vertex   -9.686346e+01 3.880353e+02 6.000000e+00
    endloop
  endfacet
  facet normal 9.238795e-01 -3.826834e-01 0.000000e+00
    outer loop
      vertex   -9.686346e+01 3.880353e+02 2.300000e+01
      vertex   -9.686346e+01 3.880353e+02 6.000000e+00
      vertex   -9.646386e+01 3.890000e+02 2.300000e+01
    endloop
  endfacet
  facet normal 9.238795e-01 -3.826834e-01 0.000000e+00
    outer loop
      vertex   -9.646386e+01 3.890000e+02 2.300000e+01
      vertex   -9.686346e+01 3.880353e+02 6.000000e+00
      vertex   -9.646386e+01 3.890000e+02 6.000000e+00
    endloop
  endfacet
  facet normal 7.933533e-01 -6.087614e-01 0.000000e+00
    outer loop
      vertex   -9.646386e+01 3.890000e+02 2.300000e+01
      vertex   -9.646386e+01 3.890000e+02 6.000000e+00
      vertex   -9.582818e+01 3.898284e+02 2.300000e+01
    endloop
  endfacet
  facet normal 7.933533e-01 -6.087614e-01 0.000000e+00
    outer loop
      vertex   -9.582818e+01 3.898284e+02 2.300000e+01
      vertex   -9.646386e+01 3.890000e+02 6.000000e+00
      vertex   -9.582818e+01 3.898284e+02 6.000000e+00
    endloop
  endfacet
  facet normal 6.087614e-01 -7.933533e-01 0.000000e+00
    outer loop
      vertex   -9.582818e+01 3.898284e+02 2.300000e+01
      vertex   -9.582818e+01 3.898284e+02 6.000000e+00
      vertex   -9.499976e+01 3.904641e+02 2.300000e+01
    endloop
  endfacet
  facet normal 6.087614e-01 -7.933533e-01 0.000000e+00
    outer loop
      vertex   -9.499976e+01 3.904641e+02 2.300000e+01
      vertex   -9.582818e+01 3.898284e+02 6.000000e+00
      vertex   -9.499976e+01 3.904641e+02 6.000000e+00
    endloop
  endfacet
  facet normal 3.826834e-01 -9.238795e-01 0.000000e+00
    outer loop
      vertex   -9.499976e+01 3.904641e+02 2.300000e+01
      vertex   -9.499976e+01 3.904641e+02 6.000000e+00
      vertex   -9.403503e+01 3.908637e+02 2.300000e+01
    endloop
  endfacet
  facet normal 3.826834e-01 -9.238795e-01 0.000000e+00
    outer loop
      vertex   -9.403503e+01 3.908637e+02 2.300000e+01
      vertex   -9.499976e+01 3.904641e+02 6.000000e+00
      vertex   -9.403503e+01 3.908637e+02 6.000000e+00
    endloop
  endfacet
  facet normal 1.305262e-01 -9.914449e-01 0.000000e+00
    outer loop
      vertex   -9.403503e+01 3.908637e+02 2.300000e+01
      vertex   -9.403503e+01 3.908637e+02 6.000000e+00
      vertex   -9.299976e+01 3.910000e+02 2.300000e+01
    endloop
  endfacet
  facet normal 1.305262e-01 -9.914449e-01 0.000000e+00
    outer loop
      vertex   -9.299976e+01 3.910000e+02 2.300000e+01
      vertex   -9.403503e+01 3.908637e+02 6.000000e+00
      vertex   -9.299976e+01 3.910000e+02 6.000000e+00
    endloop
  endfacet
  facet normal -1.305262e-01 -9.914449e-01 -0.000000e+00
    outer loop
      vertex   -9.299976e+01 3.910000e+02 2.300000e+01
      vertex   -9.299976e+01 3.910000e+02 6.000000e+00
      vertex   -9.196448e+01 3.908637e+02 2.300000e+01
    endloop
  endfacet
  facet normal -1.305262e-01 -9.914449e-01 -0.000000e+00
    outer loop
      vertex   -9.196448e+01 3.908637e+02 2.300000e+01
      vertex   -9.299976e+01 3.910000e+02 6.000000e+00
      vertex   -9.196448e+01 3.908637e+02 6.000000e+00
    endloop
  endfacet
  facet normal -3.826834e-01 -9.238795e-01 -0.000000e+00
    outer loop
      vertex   -9.196448e+01 3.908637e+02 2.300000e+01
      vertex   -9.196448e+01 3.908637e+02 6.000000e+00
      vertex   -9.099976e+01 3.904641e+02 2.300000e+01
    endloop
  endfacet
  facet normal -3.826834e-01 -9.238795e-01 -0.000000e+00
    outer loop
      vertex   -9.099976e+01 3.904641e+02 2.300000e+01
      vertex   -9.196448e+01 3.908637e+02 6.000000e+00
      vertex   -9.099976e+01 3.904641e+02 6.000000e+00
    endloop
  endfacet
  facet normal -6.087614e-01 -7.933533e-01 -0.000000e+00
    outer loop
      vertex   -9.099976e+01 3.904641e+02 2.300000e+01
      vertex   -9.099976e+01 3.904641e+02 6.000000e+00
      vertex   -9.017133e+01 3.898284e+02 2.300000e+01
    endloop
  endfacet
  facet normal -6.087614e-01 -7.933533e-01 -0.000000e+00
    outer loop
      vertex   -9.017133e+01 3.898284e+02 2.300000e+01
      vertex   -9.099976e+01 3.904641e+02 6.000000e+00
      vertex   -9.017133e+01 3.898284e+02 6.000000e+00
    endloop
  endfacet
  facet normal -7.933533e-01 -6.087614e-01 -0.000000e+00
    outer loop
      vertex   -9.017133e+01 3.898284e+02 2.300000e+01
      vertex   -9.017133e+01 3.898284e+02 6.000000e+00
      vertex   -8.953566e+01 3.890000e+02 2.300000e+01
    endloop
  endfacet
  facet normal -7.933533e-01 -6.087614e-01 -0.000000e+00
    outer loop
      vertex   -8.953566e+01 3.890000e+02 2.300000e+01
      vertex   -9.017133e+01 3.898284e+02 6.000000e+00
      vertex   -8.953566e+01 3.890000e+02 6.000000e+00
    endloop
  endfacet
  facet normal -9.238795e-01 -3.826834e-01 -0.000000e+00
    outer loop
      vertex   -8.953566e+01 3.890000e+02 2.300000e+01
      vertex   -8.953566e+01 3.890000e+02 6.000000e+00
      vertex   -8.913605e+01 3.880353e+02 2.300000e+01
    endloop
  endfacet
  facet normal -9.238795e-01 -3.826834e-01 -0.000000e+00
    outer loop
      vertex   -8.913605e+01 3.880353e+02 2.300000e+01
      vertex   -8.953566e+01 3.890000e+02 6.000000e+00
      vertex   -8.913605e+01 3.880353e+02 6.000000e+00
    endloop
  endfacet
  facet normal -9.914449e-01 -1.305262e-01 -0.000000e+00
    outer loop
      vertex   -8.913605e+01 3.880353e+02 2.300000e+01
      vertex   -8.913605e+01 3.880353e+02 6.000000e+00
      vertex   -8.899976e+01 3.870000e+02 2.300000e+01
    endloop
  endfacet
  facet normal -9.914449e-01 -1.305262e-01 -0.000000e+00
    outer loop
      vertex   -8.899976e+01 3.870000e+02 2.300000e+01
      vertex   -8.913605e+01 3.880353e+02 6.000000e+00
      vertex   -8.899976e+01 3.870000e+02 6.000000e+00
    endloop
  endfacet
  facet normal 1.000000e+00 8.312735e-16 0.000000e+00
    outer loop
      vertex   -2.489997e+02 3.471906e+02 4.000000e+01
      vertex   -2.489997e+02 3.130000e+02 1.622650e+01
      vertex   -2.489997e+02 3.471906e+02 -1.100000e+01
    endloop
  endfacet
  facet normal 1.000000e+00 -1.298227e-15 -2.674190e-15
    outer loop
      vertex   -2.489997e+02 3.471906e+02 -1.100000e+01
      vertex   -2.489997e+02 3.130000e+02 1.622650e+01
      vertex   -2.489997e+02 3.030000e+02 1.045299e+01
    endloop
  endfacet
  facet normal 1.000000e+00 9.414104e-16 1.939191e-15
    outer loop
      vertex   -2.489997e+02 3.471906e+02 -1.100000e+01
      vertex   -2.489997e+02 3.030000e+02 1.045299e+01
      vertex   -2.489997e+02 3.170000e+02 -1.100000e+01
    endloop
  endfacet
  facet normal 1.000000e+00 -1.747744e-15 1.842770e-16
    outer loop
      vertex   -2.489997e+02 3.170000e+02 -1.100000e+01
      vertex   -2.489997e+02 3.030000e+02 1.045299e+01
      vertex   -2.489997e+02 3.015000e+02 -3.773503e+00
    endloop
  endfacet
  facet normal 1.000000e+00 -1.014457e-15 1.757092e-15
    outer loop
      vertex   -2.489997e+02 3.170000e+02 -1.100000e+01
      vertex   -2.489997e+02 3.015000e+02 -3.773503e+00
      vertex   -2.489997e+02 2.915000e+02 -9.547005e+00
    endloop
  endfacet
  facet normal 1.000000e+00 -0.000000e+00 0.000000e+00
    outer loop
      vertex   -2.489997e+02 2.470000e+02 4.000000e+01
      vertex   -2.489997e+02 3.030000e+02 3.354701e+01
      vertex   -2.489997e+02 3.471906e+02 4.000000e+01
    endloop
  endfacet
  facet normal 1.000000e+00 -5.737430e-16 3.929032e-15
    outer loop
      vertex   -2.489997e+02 3.471906e+02 4.000000e+01
      vertex   -2.489997e+02 3.030000e+02 3.354701e+01
      vertex   -2.489997e+02 3.130000e+02 2.777350e+01
    endloop
  endfacet
  facet normal 1.000000e+00 8.312735e-16 0.000000e+00
    outer loop
      vertex   -2.489997e+02 3.471906e+02 4.000000e+01
      vertex   -2.489997e+02 3.130000e+02 2.777350e+01
      vertex   -2.489997e+02 3.130000e+02 1.622650e+01
    endloop
  endfacet
  facet normal 1.000000e+00 0.000000e+00 0.000000e+00
    outer loop
      vertex   -2.489997e+02 2.470000e+02 -1.100000e+01
      vertex   -2.489997e+02 2.490000e+02 1.622650e+01
      vertex   -2.489997e+02 2.470000e+02 4.000000e+01
    endloop
  endfacet
  facet normal 1.000000e+00 0.000000e+00 0.000000e+00
    outer loop
      vertex   -2.489997e+02 2.470000e+02 4.000000e+01
      vertex   -2.489997e+02 2.490000e+02 1.622650e+01
      vertex   -2.489997e+02 2.490000e+02 2.777350e+01
    endloop
  endfacet
  facet normal 1.000000e+00 0.000000e+00 0.000000e+00
    outer loop
      vertex   -2.489997e+02 2.470000e+02 4.000000e+01
      vertex   -2.489997e+02 2.490000e+02 2.777350e+01
      vertex   -2.489997e+02 2.590000e+02 3.354701e+01
    endloop
  endfacet
  facet normal 1.000000e+00 -4.060244e-16 1.243507e-14
    outer loop
      vertex   -2.489997e+02 3.170000e+02 -1.100000e+01
      vertex   -2.489997e+02 2.915000e+02 -9.547005e+00
      vertex   -2.489997e+02 2.470000e+02 -1.100000e+01
    endloop
  endfacet
  facet normal 1.000000e+00 0.000000e+00 0.000000e+00
    outer loop
      vertex   -2.489997e+02 2.470000e+02 -1.100000e+01
      vertex   -2.489997e+02 2.915000e+02 -9.547005e+00
      vertex   -2.489997e+02 2.690000e+02 -9.547005e+00
    endloop
  endfacet
  facet normal 1.000000e+00 0.000000e+00 0.000000e+00
    outer loop
      vertex   -2.489997e+02 2.470000e+02 -1.100000e+01
      vertex   -2.489997e+02 2.690000e+02 -9.547005e+00
      vertex   -2.489997e+02 2.590000e+02 -3.773503e+00
    endloop
  endfacet
  facet normal 1.000000e+00 6.831724e-15 -2.208048e-14
    outer loop
      vertex   -2.489997e+02 2.590000e+02 1.045299e+01
      vertex   -2.489997e+02 2.690000e+02 1.354701e+01
      vertex   -2.489997e+02 2.638038e+02 1.322650e+01
    endloop
  endfacet
  facet normal 1.000000e+00 5.733742e-15 -4.279723e-15
    outer loop
      vertex   -2.489997e+02 2.638038e+02 1.322650e+01
      vertex   -2.489997e+02 2.690000e+02 1.354701e+01
      vertex   -2.489997e+02 2.710000e+02 1.622650e+01
    endloop
  endfacet
  facet normal 1.000000e+00 4.446238e-15 -1.191366e-15
    outer loop
      vertex   -2.489997e+02 2.638038e+02 1.322650e+01
      vertex   -2.489997e+02 2.710000e+02 1.622650e+01
      vertex   -2.489997e+02 2.660000e+02 2.142265e+01
    endloop
  endfacet
  facet normal 1.000000e+00 5.684342e-15 0.000000e+00
    outer loop
      vertex   -2.489997e+02 2.660000e+02 2.142265e+01
      vertex   -2.489997e+02 2.710000e+02 1.622650e+01
      vertex   -2.489997e+02 2.710000e+02 2.777350e+01
    endloop
  endfacet
  facet normal 1.000000e+00 1.561632e-15 3.245792e-15
    outer loop
      vertex   -2.489997e+02 2.660000e+02 2.142265e+01
      vertex   -2.489997e+02 2.710000e+02 2.777350e+01
      vertex   -2.489997e+02 2.590000e+02 3.354701e+01
    endloop
  endfacet
  facet normal 1.000000e+00 -0.000000e+00 0.000000e+00
    outer loop
      vertex   -2.489997e+02 2.590000e+02 3.354701e+01
      vertex   -2.489997e+02 2.710000e+02 2.777350e+01
      vertex   -2.489997e+02 2.810000e+02 3.354701e+01
    endloop
  endfacet
  facet normal 1.000000e+00 0.000000e+00 -0.000000e+00
    outer loop
      vertex   -2.489997e+02 2.590000e+02 3.354701e+01
      vertex   -2.489997e+02 2.810000e+02 3.354701e+01
      vertex   -2.489997e+02 2.470000e+02 4.000000e+01
    endloop
  endfacet
  facet normal 1.000000e+00 0.000000e+00 0.000000e+00
    outer loop
      vertex   -2.489997e+02 2.470000e+02 4.000000e+01
      vertex   -2.489997e+02 2.810000e+02 3.354701e+01
      vertex   -2.489997e+02 3.030000e+02 3.354701e+01
    endloop
  endfacet
  facet normal 1.000000e+00 0.000000e+00 0.000000e+00
    outer loop
      vertex   -2.489997e+02 2.490000e+02 1.622650e+01
      vertex   -2.489997e+02 2.470000e+02 -1.100000e+01
      vertex   -2.489997e+02 2.590000e+02 1.045299e+01
    endloop
  endfacet
  facet normal 1.000000e+00 0.000000e+00 0.000000e+00
    outer loop
      vertex   -2.489997e+02 2.590000e+02 1.045299e+01
      vertex   -2.489997e+02 2.470000e+02 -1.100000e+01
      vertex   -2.489997e+02 2.590000e+02 -3.773503e+00
    endloop
  endfacet
  facet normal 1.000000e+00 -0.000000e+00 0.000000e+00
    outer loop
      vertex   -2.489997e+02 2.590000e+02 1.045299e+01
      vertex   -2.489997e+02 2.590000e+02 -3.773503e+00
      vertex   -2.489997e+02 2.690000e+02 1.354701e+01
    endloop
  endfacet
  facet normal 1.000000e+00 0.000000e+00 0.000000e+00
    outer loop
      vertex   -2.489997e+02 2.710000e+02 1.622650e+01
      vertex   -2.489997e+02 2.690000e+02 1.354701e+01
      vertex   -2.489997e+02 2.810000e+02 1.045299e+01
    endloop
  endfacet
  facet normal 1.000000e+00 0.000000e+00 0.000000e+00
    outer loop
      vertex   -2.489997e+02 2.810000e+02 1.045299e+01
      vertex   -2.489997e+02 2.690000e+02 1.354701e+01
      vertex   -2.489997e+02 2.790000e+02 -3.773503e+00
    endloop
  endfacet
  facet normal 1.000000e+00 0.000000e+00 0.000000e+00
    outer loop
      vertex   -2.489997e+02 2.810000e+02 1.045299e+01
      vertex   -2.489997e+02 2.790000e+02 -3.773503e+00
      vertex   -2.489997e+02 2.815000e+02 -3.773503e+00
    endloop
  endfacet
  facet normal 1.000000e+00 0.000000e+00 0.000000e+00
    outer loop
      vertex   -2.489997e+02 2.815000e+02 -3.773503e+00
      vertex   -2.489997e+02 2.790000e+02 -3.773503e+00
      vertex   -2.489997e+02 2.915000e+02 -9.547005e+00
    endloop
  endfacet
  facet normal 1.000000e+00 0.000000e+00 0.000000e+00
    outer loop
      vertex   -2.489997e+02 2.915000e+02 -9.547005e+00
      vertex   -2.489997e+02 2.790000e+02 -3.773503e+00
      vertex   -2.489997e+02 2.690000e+02 -9.547005e+00
    endloop
  endfacet
  facet normal 1.000000e+00 -4.446238e-15 -1.191366e-15
    outer loop
      vertex   -2.489997e+02 2.960000e+02 2.142265e+01
      vertex   -2.489997e+02 2.910000e+02 1.622650e+01
      vertex   -2.489997e+02 2.981962e+02 1.322650e+01
    endloop
  endfacet
  facet normal 1.000000e+00 -4.282735e-15 -7.991693e-16
    outer loop
      vertex   -2.489997e+02 2.981962e+02 1.322650e+01
      vertex   -2.489997e+02 2.910000e+02 1.622650e+01
      vertex   -2.489997e+02 2.915000e+02 1.354701e+01
    endloop
  endfacet
  facet normal 1.000000e+00 -5.163013e-15 -1.919019e-14
    outer loop
      vertex   -2.489997e+02 2.981962e+02 1.322650e+01
      vertex   -2.489997e+02 2.915000e+02 1.354701e+01
      vertex   -2.489997e+02 3.030000e+02 1.045299e+01
    endloop
  endfacet
  facet normal 1.000000e+00 0.000000e+00 0.000000e+00
    outer loop
      vertex   -2.489997e+02 3.030000e+02 1.045299e+01
      vertex   -2.489997e+02 2.915000e+02 1.354701e+01
      vertex   -2.489997e+02 3.015000e+02 -3.773503e+00
    endloop
  endfacet
  facet normal 1.000000e+00 -5.684342e-15 0.000000e+00
    outer loop
      vertex   -2.489997e+02 2.910000e+02 1.622650e+01
      vertex   -2.489997e+02 2.960000e+02 2.142265e+01
      vertex   -2.489997e+02 2.910000e+02 2.777350e+01
    endloop
  endfacet
  facet normal 1.000000e+00 -1.561632e-15 3.245792e-15
    outer loop
      vertex   -2.489997e+02 2.910000e+02 2.777350e+01
      vertex   -2.489997e+02 2.960000e+02 2.142265e+01
      vertex   -2.489997e+02 3.030000e+02 3.354701e+01
    endloop
  endfacet
  facet normal 1.000000e+00 0.000000e+00 -0.000000e+00
    outer loop
      vertex   -2.489997e+02 2.910000e+02 2.777350e+01
      vertex   -2.489997e+02 3.030000e+02 3.354701e+01
      vertex   -2.489997e+02 2.810000e+02 3.354701e+01
    endloop
  endfacet
  facet normal 1.000000e+00 0.000000e+00 0.000000e+00
    outer loop
      vertex   -2.489997e+02 2.910000e+02 1.622650e+01
      vertex   -2.489997e+02 2.810000e+02 1.045299e+01
      vertex   -2.489997e+02 2.915000e+02 1.354701e+01
    endloop
  endfacet
  facet normal 1.000000e+00 0.000000e+00 0.000000e+00
    outer loop
      vertex   -2.489997e+02 2.915000e+02 1.354701e+01
      vertex   -2.489997e+02 2.810000e+02 1.045299e+01
      vertex   -2.489997e+02 2.815000e+02 -3.773503e+00
    endloop
  endfacet
  facet normal 0.000000e+00 1.000000e+00 -0.000000e+00
    outer loop
      vertex   -2.439997e+02 2.470000e+02 -1.100000e+01
      vertex   -2.489997e+02 2.470000e+02 -1.100000e+01
      vertex   -2.439997e+02 2.470000e+02 4.000000e+01
    endloop
  endfacet
  facet normal 0.000000e+00 1.000000e+00 0.000000e+00
    outer loop
      vertex   -2.439997e+02 2.470000e+02 4.000000e+01
      vertex   -2.489997e+02 2.470000e+02 -1.100000e+01
      vertex   -2.489997e+02 2.470000e+02 4.000000e+01
    endloop
  endfacet
  facet normal -1.000000e+00 0.000000e+00 0.000000e+00
    outer loop
      vertex   -2.439997e+02 3.131270e+02 -1.100000e+01
      vertex   -2.439997e+02 3.130000e+02 1.622650e+01
      vertex   -2.439997e+02 3.131270e+02 4.000000e+01
    endloop
  endfacet
  facet normal -1.000000e+00 0.000000e+00 0.000000e+00
    outer loop
      vertex   -2.439997e+02 3.131270e+02 4.000000e+01
      vertex   -2.439997e+02 3.130000e+02 1.622650e+01
      vertex   -2.439997e+02 3.130000e+02 2.777350e+01
    endloop
  endfacet
  facet normal -1.000000e+00 2.825226e-15 -2.935025e-17
    outer loop
      vertex   -2.439997e+02 3.131270e+02 4.000000e+01
      vertex   -2.439997e+02 3.130000e+02 2.777350e+01
      vertex   -2.439997e+02 3.030000e+02 3.354701e+01
    endloop
  endfacet
  facet normal -1.000000e+00 4.298048e-16 -6.507736e-15
    outer loop
      vertex   -2.439997e+02 2.470000e+02 -1.100000e+01
      vertex   -2.439997e+02 2.690000e+02 -9.547005e+00
      vertex   -2.439997e+02 3.131270e+02 -1.100000e+01
    endloop
  endfacet
  facet normal -1.000000e+00 3.088616e-30 -1.956078e-14
    outer loop
      vertex   -2.439997e+02 3.131270e+02 -1.100000e+01
      vertex   -2.439997e+02 2.690000e+02 -9.547005e+00
      vertex   -2.439997e+02 2.915000e+02 -9.547005e+00
    endloop
  endfacet
  facet normal -1.000000e+00 1.177191e-15 -2.038954e-15
    outer loop
      vertex   -2.439997e+02 3.131270e+02 -1.100000e+01
      vertex   -2.439997e+02 2.915000e+02 -9.547005e+00
      vertex   -2.439997e+02 3.015000e+02 -3.773503e+00
    endloop
  endfacet
  facet normal -1.000000e+00 0.000000e+00 0.000000e+00
    outer loop
      vertex   -2.439997e+02 2.470000e+02 4.000000e+01
      vertex   -2.439997e+02 2.490000e+02 1.622650e+01
      vertex   -2.439997e+02 2.470000e+02 -1.100000e+01
    endloop
  endfacet
  facet normal -1.000000e+00 0.000000e+00 0.000000e+00
    outer loop
      vertex   -2.439997e+02 2.470000e+02 -1.100000e+01
      vertex   -2.439997e+02 2.490000e+02 1.622650e+01
      vertex   -2.439997e+02 2.590000e+02 1.045299e+01
    endloop
  endfacet
  facet normal -1.000000e+00 0.000000e+00 0.000000e+00
    outer loop
      vertex   -2.439997e+02 2.470000e+02 -1.100000e+01
      vertex   -2.439997e+02 2.590000e+02 1.045299e+01
      vertex   -2.439997e+02 2.590000e+02 -3.773503e+00
    endloop
  endfacet
  facet normal -1.000000e+00 5.916447e-15 2.363977e-29
    outer loop
      vertex   -2.439997e+02 2.590000e+02 -3.773503e+00
      vertex   -2.439997e+02 2.590000e+02 1.045299e+01
      vertex   -2.439997e+02 2.638038e+02 1.322650e+01
    endloop
  endfacet
  facet normal -1.000000e+00 -5.671743e-15 3.274582e-15
    outer loop
      vertex   -2.439997e+02 2.590000e+02 -3.773503e+00
      vertex   -2.439997e+02 2.638038e+02 1.322650e+01
      vertex   -2.439997e+02 2.690000e+02 1.354701e+01
    endloop
  endfacet
  facet normal -1.000000e+00 -5.733742e-15 4.279723e-15
    outer loop
      vertex   -2.439997e+02 2.690000e+02 1.354701e+01
      vertex   -2.439997e+02 2.638038e+02 1.322650e+01
      vertex   -2.439997e+02 2.710000e+02 1.622650e+01
    endloop
  endfacet
  facet normal -1.000000e+00 0.000000e+00 0.000000e+00
    outer loop
      vertex   -2.439997e+02 2.690000e+02 1.354701e+01
      vertex   -2.439997e+02 2.710000e+02 1.622650e+01
      vertex   -2.439997e+02 2.810000e+02 1.045299e+01
    endloop
  endfacet
  facet normal -1.000000e+00 4.298048e-16 2.264586e-15
    outer loop
      vertex   -2.439997e+02 3.131270e+02 4.000000e+01
      vertex   -2.439997e+02 2.810000e+02 3.354701e+01
      vertex   -2.439997e+02 2.470000e+02 4.000000e+01
    endloop
  endfacet
  facet normal -1.000000e+00 0.000000e+00 0.000000e+00
    outer loop
      vertex   -2.439997e+02 2.470000e+02 4.000000e+01
      vertex   -2.439997e+02 2.810000e+02 3.354701e+01
      vertex   -2.439997e+02 2.590000e+02 3.354701e+01
    endloop
  endfacet
  facet normal -1.000000e+00 0.000000e+00 0.000000e+00
    outer loop
      vertex   -2.439997e+02 2.470000e+02 4.000000e+01
      vertex   -2.439997e+02 2.590000e+02 3.354701e+01
      vertex   -2.439997e+02 2.490000e+02 2.777350e+01
    endloop
  endfacet
  facet normal -1.000000e+00 0.000000e+00 0.000000e+00
    outer loop
      vertex   -2.439997e+02 2.815000e+02 -3.773503e+00
      vertex   -2.439997e+02 2.810000e+02 1.045299e+01
      vertex   -2.439997e+02 2.915000e+02 1.354701e+01
    endloop
  endfacet
  facet normal -1.000000e+00 -0.000000e+00 0.000000e+00
    outer loop
      vertex   -2.439997e+02 2.915000e+02 1.354701e+01
      vertex   -2.439997e+02 2.810000e+02 1.045299e+01
      vertex   -2.439997e+02 2.910000e+02 1.622650e+01
    endloop
  endfacet
  facet normal -1.000000e+00 4.282735e-15 7.991693e-16
    outer loop
      vertex   -2.439997e+02 2.915000e+02 1.354701e+01
      vertex   -2.439997e+02 2.910000e+02 1.622650e+01
      vertex   -2.439997e+02 2.981962e+02 1.322650e+01
    endloop
  endfacet
  facet normal -1.000000e+00 4.446238e-15 1.191366e-15
    outer loop
      vertex   -2.439997e+02 2.981962e+02 1.322650e+01
      vertex   -2.439997e+02 2.910000e+02 1.622650e+01
      vertex   -2.439997e+02 2.960000e+02 2.142265e+01
    endloop
  endfacet
  facet normal -1.000000e+00 5.684342e-15 0.000000e+00
    outer loop
      vertex   -2.439997e+02 2.960000e+02 2.142265e+01
      vertex   -2.439997e+02 2.910000e+02 1.622650e+01
      vertex   -2.439997e+02 2.910000e+02 2.777350e+01
    endloop
  endfacet
  facet normal -1.000000e+00 1.561632e-15 -3.245792e-15
    outer loop
      vertex   -2.439997e+02 2.960000e+02 2.142265e+01
      vertex   -2.439997e+02 2.910000e+02 2.777350e+01
      vertex   -2.439997e+02 3.030000e+02 3.354701e+01
    endloop
  endfacet
  facet normal -1.000000e+00 0.000000e+00 0.000000e+00
    outer loop
      vertex   -2.439997e+02 3.030000e+02 3.354701e+01
      vertex   -2.439997e+02 2.910000e+02 2.777350e+01
      vertex   -2.439997e+02 2.810000e+02 3.354701e+01
    endloop
  endfacet
  facet normal -1.000000e+00 -1.422514e-30 4.404422e-15
    outer loop
      vertex   -2.439997e+02 3.030000e+02 3.354701e+01
      vertex   -2.439997e+02 2.810000e+02 3.354701e+01
      vertex   -2.439997e+02 3.131270e+02 4.000000e+01
    endloop
  endfacet
  facet normal -1.000000e+00 -0.000000e+00 0.000000e+00
    outer loop
      vertex   -2.439997e+02 2.915000e+02 -9.547005e+00
      vertex   -2.439997e+02 2.690000e+02 -9.547005e+00
      vertex   -2.439997e+02 2.815000e+02 -3.773503e+00
    endloop
  endfacet
  facet normal -1.000000e+00 -0.000000e+00 0.000000e+00
    outer loop
      vertex   -2.439997e+02 2.815000e+02 -3.773503e+00
      vertex   -2.439997e+02 2.690000e+02 -9.547005e+00
      vertex   -2.439997e+02 2.790000e+02 -3.773503e+00
    endloop
  endfacet
  facet normal -1.000000e+00 0.000000e+00 0.000000e+00
    outer loop
      vertex   -2.439997e+02 2.815000e+02 -3.773503e+00
      vertex   -2.439997e+02 2.790000e+02 -3.773503e+00
      vertex   -2.439997e+02 2.810000e+02 1.045299e+01
    endloop
  endfacet
  facet normal -1.000000e+00 -0.000000e+00 0.000000e+00
    outer loop
      vertex   -2.439997e+02 2.810000e+02 1.045299e+01
      vertex   -2.439997e+02 2.790000e+02 -3.773503e+00
      vertex   -2.439997e+02 2.690000e+02 1.354701e+01
    endloop
  endfacet
  facet normal -1.000000e+00 4.365112e-15 2.520198e-15
    outer loop
      vertex   -2.439997e+02 2.915000e+02 1.354701e+01
      vertex   -2.439997e+02 2.981962e+02 1.322650e+01
      vertex   -2.439997e+02 3.015000e+02 -3.773503e+00
    endloop
  endfacet
  facet normal -1.000000e+00 -5.576955e-15 5.880177e-16
    outer loop
      vertex   -2.439997e+02 3.015000e+02 -3.773503e+00
      vertex   -2.439997e+02 2.981962e+02 1.322650e+01
      vertex   -2.439997e+02 3.030000e+02 1.045299e+01
    endloop
  endfacet
  facet normal -1.000000e+00 2.294116e-15 -2.418849e-16
    outer loop
      vertex   -2.439997e+02 3.015000e+02 -3.773503e+00
      vertex   -2.439997e+02 3.030000e+02 1.045299e+01
      vertex   -2.439997e+02 3.131270e+02 -1.100000e+01
    endloop
  endfacet
  facet normal -1.000000e+00 2.834536e-15 1.322364e-17
    outer loop
      vertex   -2.439997e+02 3.131270e+02 -1.100000e+01
      vertex   -2.439997e+02 3.030000e+02 1.045299e+01
      vertex   -2.439997e+02 3.130000e+02 1.622650e+01
    endloop
  endfacet
  facet normal -1.000000e+00 -0.000000e+00 0.000000e+00
    outer loop
      vertex   -2.439997e+02 2.810000e+02 3.354701e+01
      vertex   -2.439997e+02 2.710000e+02 2.777350e+01
      vertex   -2.439997e+02 2.590000e+02 3.354701e+01
    endloop
  endfacet
  facet normal -1.000000e+00 -1.561632e-15 -3.245792e-15
    outer loop
      vertex   -2.439997e+02 2.590000e+02 3.354701e+01
      vertex   -2.439997e+02 2.710000e+02 2.777350e+01
      vertex   -2.439997e+02 2.660000e+02 2.142265e+01
    endloop
  endfacet
  facet normal -1.000000e+00 -5.684342e-15 0.000000e+00
    outer loop
      vertex   -2.439997e+02 2.660000e+02 2.142265e+01
      vertex   -2.439997e+02 2.710000e+02 2.777350e+01
      vertex   -2.439997e+02 2.710000e+02 1.622650e+01
    endloop
  endfacet
  facet normal -1.000000e+00 -4.446238e-15 1.191366e-15
    outer loop
      vertex   -2.439997e+02 2.660000e+02 2.142265e+01
      vertex   -2.439997e+02 2.710000e+02 1.622650e+01
      vertex   -2.439997e+02 2.638038e+02 1.322650e+01
    endloop
  endfacet
  facet normal -1.000000e+00 0.000000e+00 -0.000000e+00
    outer loop
      vertex   -2.439997e+02 2.590000e+02 -3.773503e+00
      vertex   -2.439997e+02 2.690000e+02 -9.547005e+00
      vertex   -2.439997e+02 2.470000e+02 -1.100000e+01
    endloop
  endfacet
  facet normal -1.000000e+00 -0.000000e+00 -0.000000e+00
    outer loop
      vertex   -2.439997e+02 2.490000e+02 2.777350e+01
      vertex   -2.439997e+02 2.490000e+02 1.622650e+01
      vertex   -2.439997e+02 2.470000e+02 4.000000e+01
    endloop
  endfacet
  facet normal -3.639535e-01 -9.314171e-01 -2.288345e-04
    outer loop
      vertex   -2.431090e+02 3.205249e+02 4.000000e+01
      vertex   -2.439997e+02 3.208730e+02 4.000000e+01
      vertex   -2.439644e+02 3.208637e+02 2.166667e+01
    endloop
  endfacet
  facet normal -2.544122e-01 -9.670959e-01 3.630243e-21
    outer loop
      vertex   -2.439644e+02 3.208637e+02 2.166667e+01
      vertex   -2.439997e+02 3.208730e+02 4.000000e+01
      vertex   -2.439997e+02 3.208730e+02 -1.100000e+01
    endloop
  endfacet
  facet normal -2.544122e-01 -9.670959e-01 -0.000000e+00
    outer loop
      vertex   -2.439644e+02 3.208637e+02 2.166667e+01
      vertex   -2.439997e+02 3.208730e+02 -1.100000e+01
      vertex   -2.439644e+02 3.208637e+02 3.333333e+00
    endloop
  endfacet
  facet normal -2.544122e-01 -9.670959e-01 -2.748647e-14
    outer loop
      vertex   -2.439644e+02 3.208637e+02 3.333333e+00
      vertex   -2.439997e+02 3.208730e+02 -1.100000e+01
      vertex   -2.439997e+02 3.208730e+02 -1.500000e+01
    endloop
  endfacet
  facet normal -3.742426e-01 -9.273308e-01 2.507009e-04
    outer loop
      vertex   -2.439644e+02 3.208637e+02 3.333333e+00
      vertex   -2.439997e+02 3.208730e+02 -1.500000e+01
      vertex   -2.430314e+02 3.204822e+02 -1.500000e+01
    endloop
  endfacet
  facet normal -1.221263e-01 -9.925146e-01 -2.820896e-14
    outer loop
      vertex   -2.439997e+02 3.208730e+02 -1.100000e+01
      vertex   -2.450310e+02 3.209999e+02 -1.100000e+01
      vertex   -2.439997e+02 3.208730e+02 -1.500000e+01
    endloop
  endfacet
  facet normal -1.214798e-01 -9.925939e-01 1.691995e-04
    outer loop
      vertex   -2.439997e+02 3.208730e+02 -1.500000e+01
      vertex   -2.450310e+02 3.209999e+02 -1.100000e+01
      vertex   -2.450362e+02 3.209998e+02 -1.500000e+01
    endloop
  endfacet
  facet normal 1.376265e-01 -9.904842e-01 -1.683581e-04
    outer loop
      vertex   -2.450362e+02 3.209998e+02 -1.500000e+01
      vertex   -2.450310e+02 3.209999e+02 -1.100000e+01
      vertex   -2.460601e+02 3.208569e+02 -1.100000e+01
    endloop
  endfacet
  facet normal 1.395617e-01 -9.902133e-01 3.367160e-04
    outer loop
      vertex   -2.450362e+02 3.209998e+02 -1.500000e+01
      vertex   -2.460601e+02 3.208569e+02 -1.100000e+01
      vertex   -2.460702e+02 3.208541e+02 -1.500000e+01
    endloop
  endfacet
  facet normal 3.880929e-01 -9.216202e-01 -3.350331e-04
    outer loop
      vertex   -2.460702e+02 3.208541e+02 -1.500000e+01
      vertex   -2.460601e+02 3.208569e+02 -1.100000e+01
      vertex   -2.470177e+02 3.204536e+02 -1.100000e+01
    endloop
  endfacet
  facet normal 3.910923e-01 -9.203513e-01 5.025494e-04
    outer loop
      vertex   -2.460702e+02 3.208541e+02 -1.500000e+01
      vertex   -2.470177e+02 3.204536e+02 -1.100000e+01
      vertex   -2.470312e+02 3.204457e+02 -1.500000e+01
    endloop
  endfacet
  facet normal 6.123724e-01 -7.905693e-01 -5.000248e-04
    outer loop
      vertex   -2.470312e+02 3.204457e+02 -1.500000e+01
      vertex   -2.470177e+02 3.204536e+02 -1.100000e+01
      vertex   -2.478392e+02 3.198174e+02 -1.100000e+01
    endloop
  endfacet
  facet normal 6.159706e-01 -7.877689e-01 6.666993e-04
    outer loop
      vertex   -2.470312e+02 3.204457e+02 -1.500000e+01
      vertex   -2.478392e+02 3.198174e+02 -1.100000e+01
      vertex   -2.478538e+02 3.198025e+02 -1.500000e+01
    endloop
  endfacet
  facet normal 7.953316e-01 -6.061743e-01 -6.633328e-04
    outer loop
      vertex   -2.478538e+02 3.198025e+02 -1.500000e+01
      vertex   -2.478392e+02 3.198174e+02 -1.100000e+01
      vertex   -2.484690e+02 3.189910e+02 -1.100000e+01
    endloop
  endfacet
  facet normal 7.988714e-01 -6.015013e-01 8.291654e-04
    outer loop
      vertex   -2.478538e+02 3.198025e+02 -1.500000e+01
      vertex   -2.484690e+02 3.189910e+02 -1.100000e+01
      vertex   -2.484819e+02 3.189683e+02 -1.500000e+01
    endloop
  endfacet
  facet normal 9.246253e-01 -3.808772e-01 -8.249570e-04
    outer loop
      vertex   -2.484819e+02 3.189683e+02 -1.500000e+01
      vertex   -2.484690e+02 3.189910e+02 -1.100000e+01
      vertex   -2.488647e+02 3.180302e+02 -1.100000e+01
    endloop
  endfacet
  facet normal 9.273304e-01 -3.742425e-01 9.899474e-04
    outer loop
      vertex   -2.484819e+02 3.189683e+02 -1.500000e+01
      vertex   -2.488647e+02 3.180302e+02 -1.100000e+01
      vertex   -2.488727e+02 3.180000e+02 -1.500000e+01
    endloop
  endfacet
  facet normal 9.915292e-01 -1.298803e-01 -9.848969e-04
    outer loop
      vertex   -2.488727e+02 3.180000e+02 -1.500000e+01
      vertex   -2.488647e+02 3.180302e+02 -1.100000e+01
      vertex   -2.489997e+02 3.170000e+02 -1.100000e+01
    endloop
  endfacet
  facet normal 9.925933e-01 -1.214797e-01 1.149045e-03
    outer loop
      vertex   -2.488727e+02 3.180000e+02 -1.500000e+01
      vertex   -2.489997e+02 3.170000e+02 -1.100000e+01
      vertex   -2.489995e+02 3.169635e+02 -1.500000e+01
    endloop
  endfacet
  facet normal 9.915290e-01 1.298803e-01 -1.143152e-03
    outer loop
      vertex   -2.489995e+02 3.169635e+02 -1.500000e+01
      vertex   -2.489997e+02 3.170000e+02 -1.100000e+01
      vertex   -2.488647e+02 3.159698e+02 -1.100000e+01
    endloop
  endfacet
  facet normal 9.902125e-01 1.395616e-01 1.306458e-03
    outer loop
      vertex   -2.489995e+02 3.169635e+02 -1.500000e+01
      vertex   -2.488647e+02 3.159698e+02 -1.100000e+01
      vertex   -2.488538e+02 3.159295e+02 -1.500000e+01
    endloop
  endfacet
  facet normal 9.246248e-01 3.808770e-01 -1.299723e-03
    outer loop
      vertex   -2.488538e+02 3.159295e+02 -1.500000e+01
      vertex   -2.488647e+02 3.159698e+02 -1.100000e+01
      vertex   -2.484690e+02 3.150090e+02 -1.100000e+01
    endloop
  endfacet
  facet normal 9.203504e-01 3.910920e-01 1.462186e-03
    outer loop
      vertex   -2.488538e+02 3.159295e+02 -1.500000e+01
      vertex   -2.484690e+02 3.150090e+02 -1.100000e+01
      vertex   -2.484454e+02 3.149685e+02 -1.500000e+01
    endloop
  endfacet
  facet normal 7.953309e-01 6.061737e-01 -1.454609e-03
    outer loop
      vertex   -2.484454e+02 3.149685e+02 -1.500000e+01
      vertex   -2.484690e+02 3.150090e+02 -1.100000e+01
      vertex   -2.478392e+02 3.141826e+02 -1.100000e+01
    endloop
  endfacet
  facet normal 7.877680e-01 6.159699e-01 1.616229e-03
    outer loop
      vertex   -2.484454e+02 3.149685e+02 -1.500000e+01
      vertex   -2.478392e+02 3.141826e+02 -1.100000e+01
      vertex   -2.478022e+02 3.141459e+02 -1.500000e+01
    endloop
  endfacet
  facet normal 6.123716e-01 7.905684e-01 -1.607809e-03
    outer loop
      vertex   -2.478022e+02 3.141459e+02 -1.500000e+01
      vertex   -2.478392e+02 3.141826e+02 -1.100000e+01
      vertex   -2.470177e+02 3.135464e+02 -1.100000e+01
    endloop
  endfacet
  facet normal 6.015006e-01 7.988704e-01 1.768587e-03
    outer loop
      vertex   -2.478022e+02 3.141459e+02 -1.500000e+01
      vertex   -2.470177e+02 3.135464e+02 -1.100000e+01
      vertex   -2.469680e+02 3.135178e+02 -1.500000e+01
    endloop
  endfacet
  facet normal 3.880923e-01 9.216188e-01 -1.759324e-03
    outer loop
      vertex   -2.469680e+02 3.135178e+02 -1.500000e+01
      vertex   -2.470177e+02 3.135464e+02 -1.100000e+01
      vertex   -2.460601e+02 3.131431e+02 -1.100000e+01
    endloop
  endfacet
  facet normal 3.742420e-01 9.273291e-01 1.919259e-03
    outer loop
      vertex   -2.469680e+02 3.135178e+02 -1.500000e+01
      vertex   -2.460601e+02 3.131431e+02 -1.100000e+01
      vertex   -2.459997e+02 3.131270e+02 -1.500000e+01
    endloop
  endfacet
  facet normal 1.376263e-01 9.904824e-01 -1.909153e-03
    outer loop
      vertex   -2.459997e+02 3.131270e+02 -1.500000e+01
      vertex   -2.460601e+02 3.131431e+02 -1.100000e+01
      vertex   -2.450310e+02 3.130001e+02 -1.100000e+01
    endloop
  endfacet
  facet normal 1.214795e-01 9.925918e-01 2.068245e-03
    outer loop
      vertex   -2.459997e+02 3.131270e+02 -1.500000e+01
      vertex   -2.450310e+02 3.130001e+02 -1.100000e+01
      vertex   -2.449632e+02 3.130002e+02 -1.500000e+01
    endloop
  endfacet
  facet normal -1.221260e-01 9.925125e-01 -2.057296e-03
    outer loop
      vertex   -2.449632e+02 3.130002e+02 -1.500000e+01
      vertex   -2.450310e+02 3.130001e+02 -1.100000e+01
      vertex   -2.439997e+02 3.131270e+02 -1.100000e+01
    endloop
  endfacet
  facet normal -1.395614e-01 9.902109e-01 2.215544e-03
    outer loop
      vertex   -2.449632e+02 3.130002e+02 -1.500000e+01
      vertex   -2.439997e+02 3.131270e+02 -1.100000e+01
      vertex   -2.439292e+02 3.131459e+02 -1.500000e+01
    endloop
  endfacet
  facet normal -2.582797e-01 9.660702e-01 1.018261e-05
    outer loop
      vertex   -2.439292e+02 3.131459e+02 -1.500000e+01
      vertex   -2.439997e+02 3.131270e+02 -1.100000e+01
      vertex   -2.439644e+02 3.131363e+02 3.333333e+00
    endloop
  endfacet
  facet normal -3.826834e-01 9.238795e-01 -2.507009e-04
    outer loop
      vertex   -2.439292e+02 3.131459e+02 -1.500000e+01
      vertex   -2.439644e+02 3.131363e+02 3.333333e+00
      vertex   -2.429997e+02 3.135359e+02 3.333333e+00
    endloop
  endfacet
  facet normal -3.826834e-01 9.238795e-01 1.164960e-18
    outer loop
      vertex   -2.429997e+02 3.135359e+02 3.333333e+00
      vertex   -2.439644e+02 3.131363e+02 3.333333e+00
      vertex   -2.439644e+02 3.131363e+02 2.166667e+01
    endloop
  endfacet
  facet normal -3.826834e-01 9.238795e-01 0.000000e+00
    outer loop
      vertex   -2.429997e+02 3.135359e+02 3.333333e+00
      vertex   -2.439644e+02 3.131363e+02 2.166667e+01
      vertex   -2.429997e+02 3.135359e+02 2.166667e+01
    endloop
  endfacet
  facet normal -3.826833e-01 9.238792e-01 7.844320e-04
    outer loop
      vertex   -2.429997e+02 3.135359e+02 2.166667e+01
      vertex   -2.439644e+02 3.131363e+02 2.166667e+01
      vertex   -2.431090e+02 3.134751e+02 4.000000e+01
    endloop
  endfacet
  facet normal -5.746417e-01 8.184048e-01 -7.093792e-04
    outer loop
      vertex   -2.429997e+02 3.135359e+02 2.166667e+01
      vertex   -2.431090e+02 3.134751e+02 4.000000e+01
      vertex   -2.423263e+02 3.140246e+02 4.000000e+01
    endloop
  endfacet
  facet normal -2.544122e-01 9.670959e-01 0.000000e+00
    outer loop
      vertex   -2.439644e+02 3.131363e+02 3.333333e+00
      vertex   -2.439997e+02 3.131270e+02 -1.100000e+01
      vertex   -2.439644e+02 3.131363e+02 2.166667e+01
    endloop
  endfacet
  facet normal -2.544122e-01 9.670959e-01 1.077899e-15
    outer loop
      vertex   -2.439644e+02 3.131363e+02 2.166667e+01
      vertex   -2.439997e+02 3.131270e+02 -1.100000e+01
      vertex   -2.439997e+02 3.131270e+02 4.000000e+01
    endloop
  endfacet
  facet normal -3.639535e-01 9.314171e-01 -2.288345e-04
    outer loop
      vertex   -2.439644e+02 3.131363e+02 2.166667e+01
      vertex   -2.439997e+02 3.131270e+02 4.000000e+01
      vertex   -2.431090e+02 3.134751e+02 4.000000e+01
    endloop
  endfacet
  facet normal -6.087610e-01 7.933528e-01 1.211731e-03
    outer loop
      vertex   -2.429997e+02 3.135359e+02 2.166667e+01
      vertex   -2.423263e+02 3.140246e+02 4.000000e+01
      vertex   -2.421713e+02 3.141716e+02 2.166667e+01
    endloop
  endfacet
  facet normal -7.524825e-01 6.586114e-01 -1.083380e-03
    outer loop
      vertex   -2.421713e+02 3.141716e+02 2.166667e+01
      vertex   -2.423263e+02 3.140246e+02 4.000000e+01
      vertex   -2.416964e+02 3.147443e+02 4.000000e+01
    endloop
  endfacet
  facet normal -7.933524e-01 6.087607e-01 1.532388e-03
    outer loop
      vertex   -2.421713e+02 3.141716e+02 2.166667e+01
      vertex   -2.416964e+02 3.147443e+02 4.000000e+01
      vertex   -2.415356e+02 3.150000e+02 2.166667e+01
    endloop
  endfacet
  facet normal -8.873103e-01 4.611710e-01 -1.350655e-03
    outer loop
      vertex   -2.415356e+02 3.150000e+02 2.166667e+01
      vertex   -2.416964e+02 3.147443e+02 4.000000e+01
      vertex   -2.412554e+02 3.155928e+02 4.000000e+01
    endloop
  endfacet
  facet normal -9.238781e-01 3.826828e-01 1.746246e-03
    outer loop
      vertex   -2.415356e+02 3.150000e+02 2.166667e+01
      vertex   -2.412554e+02 3.155928e+02 4.000000e+01
      vertex   -2.411360e+02 3.159647e+02 2.166667e+01
    endloop
  endfacet
  facet normal -9.714182e-01 2.373696e-01 -1.511072e-03
    outer loop
      vertex   -2.411360e+02 3.159647e+02 2.166667e+01
      vertex   -2.412554e+02 3.155928e+02 4.000000e+01
      vertex   -2.410284e+02 3.165218e+02 4.000000e+01
    endloop
  endfacet
  facet normal -9.914432e-01 1.305260e-01 1.853202e-03
    outer loop
      vertex   -2.411360e+02 3.159647e+02 2.166667e+01
      vertex   -2.410284e+02 3.165218e+02 4.000000e+01
      vertex   -2.409997e+02 3.170000e+02 2.166667e+01
    endloop
  endfacet
  facet normal -9.999988e-01 2.457448e-18 -1.564553e-03
    outer loop
      vertex   -2.409997e+02 3.170000e+02 2.166667e+01
      vertex   -2.410284e+02 3.165218e+02 4.000000e+01
      vertex   -2.410284e+02 3.174782e+02 4.000000e+01
    endloop
  endfacet
  facet normal -9.914432e-01 -1.305260e-01 1.853202e-03
    outer loop
      vertex   -2.409997e+02 3.170000e+02 2.166667e+01
      vertex   -2.410284e+02 3.174782e+02 4.000000e+01
      vertex   -2.411360e+02 3.180353e+02 2.166667e+01
    endloop
  endfacet
  facet normal -9.714182e-01 -2.373696e-01 -1.511072e-03
    outer loop
      vertex   -2.411360e+02 3.180353e+02 2.166667e+01
      vertex   -2.410284e+02 3.174782e+02 4.000000e+01
      vertex   -2.412554e+02 3.184072e+02 4.000000e+01
    endloop
  endfacet
  facet normal -9.238781e-01 -3.826828e-01 1.746246e-03
    outer loop
      vertex   -2.411360e+02 3.180353e+02 2.166667e+01
      vertex   -2.412554e+02 3.184072e+02 4.000000e+01
      vertex   -2.415356e+02 3.190000e+02 2.166667e+01
    endloop
  endfacet
  facet normal -8.873103e-01 -4.611710e-01 -1.350655e-03
    outer loop
      vertex   -2.415356e+02 3.190000e+02 2.166667e+01
      vertex   -2.412554e+02 3.184072e+02 4.000000e+01
      vertex   -2.416964e+02 3.192557e+02 4.000000e+01
    endloop
  endfacet
  facet normal -7.933524e-01 -6.087607e-01 1.532388e-03
    outer loop
      vertex   -2.415356e+02 3.190000e+02 2.166667e+01
      vertex   -2.416964e+02 3.192557e+02 4.000000e+01
      vertex   -2.421713e+02 3.198284e+02 2.166667e+01
    endloop
  endfacet
  facet normal -7.524825e-01 -6.586114e-01 -1.083380e-03
    outer loop
      vertex   -2.421713e+02 3.198284e+02 2.166667e+01
      vertex   -2.416964e+02 3.192557e+02 4.000000e+01
      vertex   -2.423263e+02 3.199754e+02 4.000000e+01
    endloop
  endfacet
  facet normal -6.087610e-01 -7.933528e-01 1.211731e-03
    outer loop
      vertex   -2.421713e+02 3.198284e+02 2.166667e+01
      vertex   -2.423263e+02 3.199754e+02 4.000000e+01
      vertex   -2.429997e+02 3.204641e+02 2.166667e+01
    endloop
  endfacet
  facet normal -5.746417e-01 -8.184048e-01 -7.093792e-04
    outer loop
      vertex   -2.429997e+02 3.204641e+02 2.166667e+01
      vertex   -2.423263e+02 3.199754e+02 4.000000e+01
      vertex   -2.431090e+02 3.205249e+02 4.000000e+01
    endloop
  endfacet
  facet normal -3.826833e-01 -9.238792e-01 7.844320e-04
    outer loop
      vertex   -2.429997e+02 3.204641e+02 2.166667e+01
      vertex   -2.431090e+02 3.205249e+02 4.000000e+01
      vertex   -2.439644e+02 3.208637e+02 2.166667e+01
    endloop
  endfacet
  facet normal -3.826834e-01 -9.238795e-01 -2.507009e-04
    outer loop
      vertex   -2.439644e+02 3.208637e+02 3.333333e+00
      vertex   -2.430314e+02 3.204822e+02 -1.500000e+01
      vertex   -2.429997e+02 3.204641e+02 3.333333e+00
    endloop
  endfacet
  facet normal -6.015015e-01 -7.988716e-01 2.507009e-04
    outer loop
      vertex   -2.429997e+02 3.204641e+02 3.333333e+00
      vertex   -2.430314e+02 3.204822e+02 -1.500000e+01
      vertex   -2.421972e+02 3.198541e+02 -1.500000e+01
    endloop
  endfacet
  facet normal -6.087614e-01 -7.933533e-01 -2.507009e-04
    outer loop
      vertex   -2.429997e+02 3.204641e+02 3.333333e+00
      vertex   -2.421972e+02 3.198541e+02 -1.500000e+01
      vertex   -2.421713e+02 3.198284e+02 3.333333e+00
    endloop
  endfacet
  facet normal -7.877690e-01 -6.159707e-01 2.507009e-04
    outer loop
      vertex   -2.421713e+02 3.198284e+02 3.333333e+00
      vertex   -2.421972e+02 3.198541e+02 -1.500000e+01
      vertex   -2.415540e+02 3.190315e+02 -1.500000e+01
    endloop
  endfacet
  facet normal -7.933533e-01 -6.087614e-01 -2.507009e-04
    outer loop
      vertex   -2.421713e+02 3.198284e+02 3.333333e+00
      vertex   -2.415540e+02 3.190315e+02 -1.500000e+01
      vertex   -2.415356e+02 3.190000e+02 3.333333e+00
    endloop
  endfacet
  facet normal -9.203514e-01 -3.910924e-01 2.507009e-04
    outer loop
      vertex   -2.415356e+02 3.190000e+02 3.333333e+00
      vertex   -2.415540e+02 3.190315e+02 -1.500000e+01
      vertex   -2.411456e+02 3.180705e+02 -1.500000e+01
    endloop
  endfacet
  facet normal -9.238795e-01 -3.826834e-01 -2.507009e-04
    outer loop
      vertex   -2.415356e+02 3.190000e+02 3.333333e+00
      vertex   -2.411456e+02 3.180705e+02 -1.500000e+01
      vertex   -2.411360e+02 3.180353e+02 3.333333e+00
    endloop
  endfacet
  facet normal -9.902133e-01 -1.395618e-01 2.507009e-04
    outer loop
      vertex   -2.411360e+02 3.180353e+02 3.333333e+00
      vertex   -2.411456e+02 3.180705e+02 -1.500000e+01
      vertex   -2.409999e+02 3.170365e+02 -1.500000e+01
    endloop
  endfacet
  facet normal -9.914448e-01 -1.305262e-01 -2.507009e-04
    outer loop
      vertex   -2.411360e+02 3.180353e+02 3.333333e+00
      vertex   -2.409999e+02 3.170365e+02 -1.500000e+01
      vertex   -2.409997e+02 3.170000e+02 3.333333e+00
    endloop
  endfacet
  facet normal -9.925939e-01 1.214798e-01 2.507009e-04
    outer loop
      vertex   -2.409997e+02 3.170000e+02 3.333333e+00
      vertex   -2.409999e+02 3.170365e+02 -1.500000e+01
      vertex   -2.411267e+02 3.160000e+02 -1.500000e+01
    endloop
  endfacet
  facet normal -9.914448e-01 1.305262e-01 -2.507009e-04
    outer loop
      vertex   -2.409997e+02 3.170000e+02 3.333333e+00
      vertex   -2.411267e+02 3.160000e+02 -1.500000e+01
      vertex   -2.411360e+02 3.159647e+02 3.333333e+00
    endloop
  endfacet
  facet normal -9.273308e-01 3.742426e-01 2.507009e-04
    outer loop
      vertex   -2.411360e+02 3.159647e+02 3.333333e+00
      vertex   -2.411267e+02 3.160000e+02 -1.500000e+01
      vertex   -2.415175e+02 3.150317e+02 -1.500000e+01
    endloop
  endfacet
  facet normal -9.238795e-01 3.826834e-01 -2.507009e-04
    outer loop
      vertex   -2.411360e+02 3.159647e+02 3.333333e+00
      vertex   -2.415175e+02 3.150317e+02 -1.500000e+01
      vertex   -2.415356e+02 3.150000e+02 3.333333e+00
    endloop
  endfacet
  facet normal -7.988716e-01 6.015015e-01 2.507009e-04
    outer loop
      vertex   -2.415356e+02 3.150000e+02 3.333333e+00
      vertex   -2.415175e+02 3.150317e+02 -1.500000e+01
      vertex   -2.421456e+02 3.141975e+02 -1.500000e+01
    endloop
  endfacet
  facet normal -7.933533e-01 6.087614e-01 -2.507009e-04
    outer loop
      vertex   -2.415356e+02 3.150000e+02 3.333333e+00
      vertex   -2.421456e+02 3.141975e+02 -1.500000e+01
      vertex   -2.421713e+02 3.141716e+02 3.333333e+00
    endloop
  endfacet
  facet normal -6.159707e-01 7.877690e-01 2.507009e-04
    outer loop
      vertex   -2.421713e+02 3.141716e+02 3.333333e+00
      vertex   -2.421456e+02 3.141975e+02 -1.500000e+01
      vertex   -2.429682e+02 3.135543e+02 -1.500000e+01
    endloop
  endfacet
  facet normal -6.087614e-01 7.933533e-01 -2.507009e-04
    outer loop
      vertex   -2.421713e+02 3.141716e+02 3.333333e+00
      vertex   -2.429682e+02 3.135543e+02 -1.500000e+01
      vertex   -2.429997e+02 3.135359e+02 3.333333e+00
    endloop
  endfacet
  facet normal -3.910924e-01 9.203514e-01 2.507009e-04
    outer loop
      vertex   -2.429997e+02 3.135359e+02 3.333333e+00
      vertex   -2.429682e+02 3.135543e+02 -1.500000e+01
      vertex   -2.439292e+02 3.131459e+02 -1.500000e+01
    endloop
  endfacet
  facet normal -9.914449e-01 1.305262e-01 0.000000e+00
    outer loop
      vertex   -2.409997e+02 3.170000e+02 2.166667e+01
      vertex   -2.409997e+02 3.170000e+02 3.333333e+00
      vertex   -2.411360e+02 3.159647e+02 2.166667e+01
    endloop
  endfacet
  facet normal -9.914449e-01 1.305262e-01 0.000000e+00
    outer loop
      vertex   -2.411360e+02 3.159647e+02 2.166667e+01
      vertex   -2.409997e+02 3.170000e+02 3.333333e+00
      vertex   -2.411360e+02 3.159647e+02 3.333333e+00
    endloop
  endfacet
  facet normal -9.238795e-01 3.826834e-01 0.000000e+00
    outer loop
      vertex   -2.411360e+02 3.159647e+02 2.166667e+01
      vertex   -2.411360e+02 3.159647e+02 3.333333e+00
      vertex   -2.415356e+02 3.150000e+02 2.166667e+01
    endloop
  endfacet
  facet normal -9.238795e-01 3.826834e-01 0.000000e+00
    outer loop
      vertex   -2.415356e+02 3.150000e+02 2.166667e+01
      vertex   -2.411360e+02 3.159647e+02 3.333333e+00
      vertex   -2.415356e+02 3.150000e+02 3.333333e+00
    endloop
  endfacet
  facet normal -7.933533e-01 6.087614e-01 0.000000e+00
    outer loop
      vertex   -2.415356e+02 3.150000e+02 2.166667e+01
      vertex   -2.415356e+02 3.150000e+02 3.333333e+00
      vertex   -2.421713e+02 3.141716e+02 2.166667e+01
    endloop
  endfacet
  facet normal -7.933533e-01 6.087614e-01 0.000000e+00
    outer loop
      vertex   -2.421713e+02 3.141716e+02 2.166667e+01
      vertex   -2.415356e+02 3.150000e+02 3.333333e+00
      vertex   -2.421713e+02 3.141716e+02 3.333333e+00
    endloop
  endfacet
  facet normal -6.087614e-01 7.933533e-01 0.000000e+00
    outer loop
      vertex   -2.421713e+02 3.141716e+02 2.166667e+01
      vertex   -2.421713e+02 3.141716e+02 3.333333e+00
      vertex   -2.429997e+02 3.135359e+02 2.166667e+01
    endloop
  endfacet
  facet normal -6.087614e-01 7.933533e-01 0.000000e+00
    outer loop
      vertex   -2.429997e+02 3.135359e+02 2.166667e+01
      vertex   -2.421713e+02 3.141716e+02 3.333333e+00
      vertex   -2.429997e+02 3.135359e+02 3.333333e+00
    endloop
  endfacet
  facet normal -9.914449e-01 -1.305262e-01 0.000000e+00
    outer loop
      vertex   -2.409997e+02 3.170000e+02 3.333333e+00
      vertex   -2.409997e+02 3.170000e+02 2.166667e+01
      vertex   -2.411360e+02 3.180353e+02 3.333333e+00
    endloop
  endfacet
  facet normal -9.914449e-01 -1.305262e-01 0.000000e+00
    outer loop
      vertex   -2.411360e+02 3.180353e+02 3.333333e+00
      vertex   -2.409997e+02 3.170000e+02 2.166667e+01
      vertex   -2.411360e+02 3.180353e+02 2.166667e+01
    endloop
  endfacet
  facet normal -9.238795e-01 -3.826834e-01 0.000000e+00
    outer loop
      vertex   -2.411360e+02 3.180353e+02 3.333333e+00
      vertex   -2.411360e+02 3.180353e+02 2.166667e+01
      vertex   -2.415356e+02 3.190000e+02 3.333333e+00
    endloop
  endfacet
  facet normal -9.238795e-01 -3.826834e-01 0.000000e+00
    outer loop
      vertex   -2.415356e+02 3.190000e+02 3.333333e+00
      vertex   -2.411360e+02 3.180353e+02 2.166667e+01
      vertex   -2.415356e+02 3.190000e+02 2.166667e+01
    endloop
  endfacet
  facet normal -7.933533e-01 -6.087614e-01 0.000000e+00
    outer loop
      vertex   -2.415356e+02 3.190000e+02 3.333333e+00
      vertex   -2.415356e+02 3.190000e+02 2.166667e+01
      vertex   -2.421713e+02 3.198284e+02 3.333333e+00
    endloop
  endfacet
  facet normal -7.933533e-01 -6.087614e-01 0.000000e+00
    outer loop
      vertex   -2.421713e+02 3.198284e+02 3.333333e+00
      vertex   -2.415356e+02 3.190000e+02 2.166667e+01
      vertex   -2.421713e+02 3.198284e+02 2.166667e+01
    endloop
  endfacet
  facet normal -6.087614e-01 -7.933533e-01 0.000000e+00
    outer loop
      vertex   -2.421713e+02 3.198284e+02 3.333333e+00
      vertex   -2.421713e+02 3.198284e+02 2.166667e+01
      vertex   -2.429997e+02 3.204641e+02 3.333333e+00
    endloop
  endfacet
  facet normal -6.087614e-01 -7.933533e-01 0.000000e+00
    outer loop
      vertex   -2.429997e+02 3.204641e+02 3.333333e+00
      vertex   -2.421713e+02 3.198284e+02 2.166667e+01
      vertex   -2.429997e+02 3.204641e+02 2.166667e+01
    endloop
  endfacet
  facet normal -3.826834e-01 -9.238795e-01 0.000000e+00
    outer loop
      vertex   -2.429997e+02 3.204641e+02 3.333333e+00
      vertex   -2.429997e+02 3.204641e+02 2.166667e+01
      vertex   -2.439644e+02 3.208637e+02 3.333333e+00
    endloop
  endfacet
  facet normal -3.826834e-01 -9.238795e-01 0.000000e+00
    outer loop
      vertex   -2.439644e+02 3.208637e+02 3.333333e+00
      vertex   -2.429997e+02 3.204641e+02 2.166667e+01
      vertex   -2.439644e+02 3.208637e+02 2.166667e+01
    endloop
  endfacet
  facet normal -1.000000e+00 -1.079951e-15 0.000000e+00
    outer loop
      vertex   -2.439997e+02 3.471906e+02 -1.100000e+01
      vertex   -2.439997e+02 3.208730e+02 -1.100000e+01
      vertex   -2.439997e+02 3.471906e+02 4.000000e+01
    endloop
  endfacet
  facet normal -1.000000e+00 -1.079951e-15 0.000000e+00
    outer loop
      vertex   -2.439997e+02 3.471906e+02 4.000000e+01
      vertex   -2.439997e+02 3.208730e+02 -1.100000e+01
      vertex   -2.439997e+02 3.208730e+02 4.000000e+01
    endloop
  endfacet
  facet normal 0.000000e+00 -1.000000e+00 0.000000e+00
    outer loop
      vertex   -2.489997e+02 3.471906e+02 -1.100000e+01
      vertex   -2.439997e+02 3.471906e+02 -1.100000e+01
      vertex   -2.489997e+02 3.471906e+02 4.000000e+01
    endloop
  endfacet
  facet normal 0.000000e+00 -1.000000e+00 0.000000e+00
    outer loop
      vertex   -2.489997e+02 3.471906e+02 4.000000e+01
      vertex   -2.439997e+02 3.471906e+02 -1.100000e+01
      vertex   -2.439997e+02 3.471906e+02 4.000000e+01
    endloop
  endfacet
  facet normal -9.940563e-01 -1.088669e-01 -0.000000e+00
    outer loop
      vertex   -9.074506e+01 3.945768e+02 4.500000e+01
      vertex   -9.074506e+01 3.945768e+02 4.000000e+01
      vertex   -9.055543e+01 3.928453e+02 4.500000e+01
    endloop
  endfacet
  facet normal -9.940563e-01 -1.088669e-01 -6.888229e-15
    outer loop
      vertex   -9.055543e+01 3.928453e+02 4.500000e+01
      vertex   -9.074506e+01 3.945768e+02 4.000000e+01
      vertex   -9.055543e+01 3.928453e+02 4.000000e+01
    endloop
  endfacet
  facet normal -1.023160e-14 -1.000000e+00 -1.136868e-14
    outer loop
      vertex   -9.055543e+01 3.928453e+02 4.000000e+01
      vertex   -8.499976e+01 3.928453e+02 4.000000e+01
      vertex   -9.055543e+01 3.928453e+02 4.500000e+01
    endloop
  endfacet
  facet normal 0.000000e+00 -1.000000e+00 0.000000e+00
    outer loop
      vertex   -9.055543e+01 3.928453e+02 4.500000e+01
      vertex   -8.499976e+01 3.928453e+02 4.000000e+01
      vertex   -8.499976e+01 3.928453e+02 4.500000e+01
    endloop
  endfacet
  facet normal -3.826834e-01 9.238795e-01 0.000000e+00
    outer loop
      vertex   -8.374094e+01 3.918794e+02 -2.000000e+01
      vertex   -8.374094e+01 3.918794e+02 -1.454545e+01
      vertex   -8.349976e+01 3.919793e+02 -2.000000e+01
    endloop
  endfacet
  facet normal -3.826834e-01 9.238795e-01 2.939143e-19
    outer loop
      vertex   -8.349976e+01 3.919793e+02 -2.000000e+01
      vertex   -8.374094e+01 3.918794e+02 -1.454545e+01
      vertex   -8.374094e+01 3.918794e+02 -9.090909e+00
    endloop
  endfacet
  facet normal -3.826834e-01 9.238795e-01 2.939143e-19
    outer loop
      vertex   -8.349976e+01 3.919793e+02 -2.000000e+01
      vertex   -8.374094e+01 3.918794e+02 -9.090909e+00
      vertex   -8.374094e+01 3.918794e+02 -3.636364e+00
    endloop
  endfacet
  facet normal -1.305262e-01 9.914449e-01 0.000000e+00
    outer loop
      vertex   -8.374094e+01 3.918794e+02 -3.636364e+00
      vertex   -8.374094e+01 3.918794e+02 -9.090909e+00
      vertex   -8.399976e+01 3.918453e+02 -3.636364e+00
    endloop
  endfacet
  facet normal -1.305262e-01 9.914449e-01 3.251127e-19
    outer loop
      vertex   -8.374094e+01 3.918794e+02 -3.636364e+00
      vertex   -8.399976e+01 3.918453e+02 -3.636364e+00
      vertex   -8.399976e+01 3.918453e+02 1.818182e+00
    endloop
  endfacet
  facet normal 1.305262e-01 9.914449e-01 0.000000e+00
    outer loop
      vertex   -8.399976e+01 3.918453e+02 1.818182e+00
      vertex   -8.399976e+01 3.918453e+02 -3.636364e+00
      vertex   -8.425858e+01 3.918794e+02 1.818182e+00
    endloop
  endfacet
  facet normal 1.305262e-01 9.914449e-01 5.626879e-19
    outer loop
      vertex   -8.399976e+01 3.918453e+02 1.818182e+00
      vertex   -8.425858e+01 3.918794e+02 1.818182e+00
      vertex   -8.425858e+01 3.918794e+02 7.272727e+00
    endloop
  endfacet
  facet normal 3.826834e-01 9.238795e-01 0.000000e+00
    outer loop
      vertex   -8.425858e+01 3.918794e+02 7.272727e+00
      vertex   -8.425858e+01 3.918794e+02 1.818182e+00
      vertex   -8.449976e+01 3.919793e+02 7.272727e+00
    endloop
  endfacet
  facet normal 3.826834e-01 9.238795e-01 1.742200e-19
    outer loop
      vertex   -8.425858e+01 3.918794e+02 7.272727e+00
      vertex   -8.449976e+01 3.919793e+02 7.272727e+00
      vertex   -8.449976e+01 3.919793e+02 1.272727e+01
    endloop
  endfacet
  facet normal 6.087614e-01 7.933533e-01 0.000000e+00
    outer loop
      vertex   -8.449976e+01 3.919793e+02 1.272727e+01
      vertex   -8.449976e+01 3.919793e+02 7.272727e+00
      vertex   -8.470686e+01 3.921382e+02 1.272727e+01
    endloop
  endfacet
  facet normal 6.087614e-01 7.933533e-01 -1.528034e-18
    outer loop
      vertex   -8.449976e+01 3.919793e+02 1.272727e+01
      vertex   -8.470686e+01 3.921382e+02 1.272727e+01
      vertex   -8.470686e+01 3.921382e+02 1.818182e+01
    endloop
  endfacet
  facet normal 7.933533e-01 6.087614e-01 0.000000e+00
    outer loop
      vertex   -8.470686e+01 3.921382e+02 1.818182e+01
      vertex   -8.470686e+01 3.921382e+02 1.272727e+01
      vertex   -8.486578e+01 3.923453e+02 1.818182e+01
    endloop
  endfacet
  facet normal 7.933533e-01 6.087614e-01 -1.872061e-18
    outer loop
      vertex   -8.470686e+01 3.921382e+02 1.818182e+01
      vertex   -8.486578e+01 3.923453e+02 1.818182e+01
      vertex   -8.486578e+01 3.923453e+02 2.363636e+01
    endloop
  endfacet
  facet normal 9.238795e-01 3.826834e-01 0.000000e+00
    outer loop
      vertex   -8.486578e+01 3.923453e+02 2.363636e+01
      vertex   -8.486578e+01 3.923453e+02 1.818182e+01
      vertex   -8.496568e+01 3.925865e+02 2.363636e+01
    endloop
  endfacet
  facet normal 9.238795e-01 3.826834e-01 6.423544e-19
    outer loop
      vertex   -8.486578e+01 3.923453e+02 2.363636e+01
      vertex   -8.496568e+01 3.925865e+02 2.363636e+01
      vertex   -8.496568e+01 3.925865e+02 2.909091e+01
    endloop
  endfacet
  facet normal 9.914449e-01 1.305262e-01 0.000000e+00
    outer loop
      vertex   -8.496568e+01 3.925865e+02 2.909091e+01
      vertex   -8.496568e+01 3.925865e+02 2.363636e+01
      vertex   -8.499976e+01 3.928453e+02 4.000000e+01
    endloop
  endfacet
  facet normal 9.914449e-01 1.305262e-01 -0.000000e+00
    outer loop
      vertex   -8.496568e+01 3.925865e+02 2.909091e+01
      vertex   -8.499976e+01 3.928453e+02 4.000000e+01
      vertex   -8.496568e+01 3.925865e+02 3.454545e+01
    endloop
  endfacet
  facet normal 9.914449e-01 1.305262e-01 -0.000000e+00
    outer loop
      vertex   -8.496568e+01 3.925865e+02 3.454545e+01
      vertex   -8.499976e+01 3.928453e+02 4.000000e+01
      vertex   -8.496568e+01 3.925865e+02 4.000000e+01
    endloop
  endfacet
  facet normal 9.238795e-01 3.826834e-01 -0.000000e+00
    outer loop
      vertex   -8.496568e+01 3.925865e+02 3.454545e+01
      vertex   -8.496568e+01 3.925865e+02 4.000000e+01
      vertex   -8.486578e+01 3.923453e+02 3.454545e+01
    endloop
  endfacet
  facet normal 9.238795e-01 3.826834e-01 -0.000000e+00
    outer loop
      vertex   -8.486578e+01 3.923453e+02 3.454545e+01
      vertex   -8.496568e+01 3.925865e+02 4.000000e+01
      vertex   -8.486578e+01 3.923453e+02 4.000000e+01
    endloop
  endfacet
  facet normal 7.933533e-01 6.087614e-01 -0.000000e+00
    outer loop
      vertex   -8.486578e+01 3.923453e+02 3.454545e+01
      vertex   -8.486578e+01 3.923453e+02 4.000000e+01
      vertex   -8.470686e+01 3.921382e+02 3.454545e+01
    endloop
  endfacet
  facet normal 7.933533e-01 6.087614e-01 -2.066942e-15
    outer loop
      vertex   -8.470686e+01 3.921382e+02 3.454545e+01
      vertex   -8.486578e+01 3.923453e+02 4.000000e+01
      vertex   -8.470686e+01 3.921382e+02 4.000000e+01
    endloop
  endfacet
  facet normal 6.087614e-01 7.933533e-01 -1.586020e-15
    outer loop
      vertex   -8.470686e+01 3.921382e+02 3.454545e+01
      vertex   -8.470686e+01 3.921382e+02 4.000000e+01
      vertex   -8.449976e+01 3.919793e+02 3.454545e+01
    endloop
  endfacet
  facet normal 6.087614e-01 7.933533e-01 -0.000000e+00
    outer loop
      vertex   -8.449976e+01 3.919793e+02 3.454545e+01
      vertex   -8.470686e+01 3.921382e+02 4.000000e+01
      vertex   -8.449976e+01 3.919793e+02 4.000000e+01
    endloop
  endfacet
  facet normal 3.826834e-01 9.238795e-01 -0.000000e+00
    outer loop
      vertex   -8.449976e+01 3.919793e+02 3.454545e+01
      vertex   -8.449976e+01 3.919793e+02 4.000000e+01
      vertex   -8.425858e+01 3.918794e+02 3.454545e+01
    endloop
  endfacet
  facet normal 3.826834e-01 9.238795e-01 -0.000000e+00
    outer loop
      vertex   -8.425858e+01 3.918794e+02 3.454545e+01
      vertex   -8.449976e+01 3.919793e+02 4.000000e+01
      vertex   -8.425858e+01 3.918794e+02 4.000000e+01
    endloop
  endfacet
  facet normal 1.305262e-01 9.914449e-01 -0.000000e+00
    outer loop
      vertex   -8.425858e+01 3.918794e+02 3.454545e+01
      vertex   -8.425858e+01 3.918794e+02 4.000000e+01
      vertex   -8.399976e+01 3.918453e+02 3.454545e+01
    endloop
  endfacet
  facet normal 1.305262e-01 9.914449e-01 -0.000000e+00
    outer loop
      vertex   -8.399976e+01 3.918453e+02 3.454545e+01
      vertex   -8.425858e+01 3.918794e+02 4.000000e+01
      vertex   -8.399976e+01 3.918453e+02 4.000000e+01
    endloop
  endfacet
  facet normal -1.305262e-01 9.914449e-01 0.000000e+00
    outer loop
      vertex   -8.399976e+01 3.918453e+02 3.454545e+01
      vertex   -8.399976e+01 3.918453e+02 4.000000e+01
      vertex   -8.374094e+01 3.918794e+02 3.454545e+01
    endloop
  endfacet
  facet normal -1.305262e-01 9.914449e-01 0.000000e+00
    outer loop
      vertex   -8.374094e+01 3.918794e+02 3.454545e+01
      vertex   -8.399976e+01 3.918453e+02 4.000000e+01
      vertex   -8.374094e+01 3.918794e+02 4.000000e+01
    endloop
  endfacet
  facet normal -3.826834e-01 9.238795e-01 0.000000e+00
    outer loop
      vertex   -8.374094e+01 3.918794e+02 3.454545e+01
      vertex   -8.374094e+01 3.918794e+02 4.000000e+01
      vertex   -8.349976e+01 3.919793e+02 4.000000e+01
    endloop
  endfacet
  facet normal -1.305262e-01 9.914449e-01 0.000000e+00
    outer loop
      vertex   -8.374094e+01 3.918794e+02 -1.454545e+01
      vertex   -8.374094e+01 3.918794e+02 -2.000000e+01
      vertex   -8.399976e+01 3.918453e+02 -1.454545e+01
    endloop
  endfacet
  facet normal -1.305262e-01 9.914449e-01 0.000000e+00
    outer loop
      vertex   -8.399976e+01 3.918453e+02 -1.454545e+01
      vertex   -8.374094e+01 3.918794e+02 -2.000000e+01
      vertex   -8.399976e+01 3.918453e+02 -2.000000e+01
    endloop
  endfacet
  facet normal 1.305262e-01 9.914449e-01 0.000000e+00
    outer loop
      vertex   -8.399976e+01 3.918453e+02 -1.454545e+01
      vertex   -8.399976e+01 3.918453e+02 -2.000000e+01
      vertex   -8.425858e+01 3.918794e+02 -1.454545e+01
    endloop
  endfacet
  facet normal 1.305262e-01 9.914449e-01 0.000000e+00
    outer loop
      vertex   -8.425858e+01 3.918794e+02 -1.454545e+01
      vertex   -8.399976e+01 3.918453e+02 -2.000000e+01
      vertex   -8.425858e+01 3.918794e+02 -2.000000e+01
    endloop
  endfacet
  facet normal 3.826834e-01 9.238795e-01 0.000000e+00
    outer loop
      vertex   -8.425858e+01 3.918794e+02 -1.454545e+01
      vertex   -8.425858e+01 3.918794e+02 -2.000000e+01
      vertex   -8.449976e+01 3.919793e+02 -1.454545e+01
    endloop
  endfacet
  facet normal 3.826834e-01 9.238795e-01 0.000000e+00
    outer loop
      vertex   -8.449976e+01 3.919793e+02 -1.454545e+01
      vertex   -8.425858e+01 3.918794e+02 -2.000000e+01
      vertex   -8.449976e+01 3.919793e+02 -2.000000e+01
    endloop
  endfacet
  facet normal 6.087614e-01 7.933533e-01 0.000000e+00
    outer loop
      vertex   -8.449976e+01 3.919793e+02 -1.454545e+01
      vertex   -8.449976e+01 3.919793e+02 -2.000000e+01
      vertex   -8.470686e+01 3.921382e+02 -1.454545e+01
    endloop
  endfacet
  facet normal 6.087614e-01 7.933533e-01 1.586020e-15
    outer loop
      vertex   -8.470686e+01 3.921382e+02 -1.454545e+01
      vertex   -8.449976e+01 3.919793e+02 -2.000000e+01
      vertex   -8.470686e+01 3.921382e+02 -2.000000e+01
    endloop
  endfacet
  facet normal 7.933533e-01 6.087614e-01 2.066942e-15
    outer loop
      vertex   -8.470686e+01 3.921382e+02 -1.454545e+01
      vertex   -8.470686e+01 3.921382e+02 -2.000000e+01
      vertex   -8.486578e+01 3.923453e+02 -1.454545e+01
    endloop
  endfacet
  facet normal 7.933533e-01 6.087614e-01 0.000000e+00
    outer loop
      vertex   -8.486578e+01 3.923453e+02 -1.454545e+01
      vertex   -8.470686e+01 3.921382e+02 -2.000000e+01
      vertex   -8.486578e+01 3.923453e+02 -2.000000e+01
    endloop
  endfacet
  facet normal 9.238795e-01 3.826834e-01 0.000000e+00
    outer loop
      vertex   -8.486578e+01 3.923453e+02 -1.454545e+01
      vertex   -8.486578e+01 3.923453e+02 -2.000000e+01
      vertex   -8.496568e+01 3.925865e+02 -1.454545e+01
    endloop
  endfacet
  facet normal 9.238795e-01 3.826834e-01 0.000000e+00
    outer loop
      vertex   -8.496568e+01 3.925865e+02 -1.454545e+01
      vertex   -8.486578e+01 3.923453e+02 -2.000000e+01
      vertex   -8.496568e+01 3.925865e+02 -2.000000e+01
    endloop
  endfacet
  facet normal 9.914449e-01 1.305262e-01 0.000000e+00
    outer loop
      vertex   -8.496568e+01 3.925865e+02 -1.454545e+01
      vertex   -8.496568e+01 3.925865e+02 -2.000000e+01
      vertex   -8.499976e+01 3.928453e+02 -2.000000e+01
    endloop
  endfacet
  facet normal 9.914449e-01 1.305262e-01 0.000000e+00
    outer loop
      vertex   -8.499976e+01 3.928453e+02 4.000000e+01
      vertex   -8.496568e+01 3.925865e+02 7.272727e+00
      vertex   -8.499976e+01 3.928453e+02 -2.000000e+01
    endloop
  endfacet
  facet normal 9.914449e-01 1.305262e-01 2.421027e-19
    outer loop
      vertex   -8.499976e+01 3.928453e+02 -2.000000e+01
      vertex   -8.496568e+01 3.925865e+02 7.272727e+00
      vertex   -8.496568e+01 3.925865e+02 1.818182e+00
    endloop
  endfacet
  facet normal 9.914449e-01 1.305262e-01 2.421027e-19
    outer loop
      vertex   -8.499976e+01 3.928453e+02 -2.000000e+01
      vertex   -8.496568e+01 3.925865e+02 1.818182e+00
      vertex   -8.496568e+01 3.925865e+02 -3.636364e+00
    endloop
  endfacet
  facet normal 9.238795e-01 3.826834e-01 -0.000000e+00
    outer loop
      vertex   -8.496568e+01 3.925865e+02 -3.636364e+00
      vertex   -8.496568e+01 3.925865e+02 1.818182e+00
      vertex   -8.486578e+01 3.923453e+02 -3.636364e+00
    endloop
  endfacet
  facet normal 9.238795e-01 3.826834e-01 6.423544e-19
    outer loop
      vertex   -8.496568e+01 3.925865e+02 -3.636364e+00
      vertex   -8.486578e+01 3.923453e+02 -3.636364e+00
      vertex   -8.486578e+01 3.923453e+02 -9.090909e+00
    endloop
  endfacet
  facet normal 7.933533e-01 6.087614e-01 -0.000000e+00
    outer loop
      vertex   -8.486578e+01 3.923453e+02 -9.090909e+00
      vertex   -8.486578e+01 3.923453e+02 -3.636364e+00
      vertex   -8.470686e+01 3.921382e+02 -9.090909e+00
    endloop
  endfacet
  facet normal 7.933533e-01 6.087614e-01 -1.872061e-18
    outer loop
      vertex   -8.486578e+01 3.923453e+02 -9.090909e+00
      vertex   -8.470686e+01 3.921382e+02 -9.090909e+00
      vertex   -8.470686e+01 3.921382e+02 -1.454545e+01
    endloop
  endfacet
  facet normal 6.087614e-01 7.933533e-01 -0.000000e+00
    outer loop
      vertex   -8.470686e+01 3.921382e+02 -1.454545e+01
      vertex   -8.470686e+01 3.921382e+02 -9.090909e+00
      vertex   -8.449976e+01 3.919793e+02 -1.454545e+01
    endloop
  endfacet
  facet normal -3.826834e-01 9.238795e-01 0.000000e+00
    outer loop
      vertex   -8.349976e+01 3.919793e+02 -2.000000e+01
      vertex   -8.374094e+01 3.918794e+02 1.272727e+01
      vertex   -8.349976e+01 3.919793e+02 4.000000e+01
    endloop
  endfacet
  facet normal -3.826834e-01 9.238795e-01 2.939143e-19
    outer loop
      vertex   -8.349976e+01 3.919793e+02 4.000000e+01
      vertex   -8.374094e+01 3.918794e+02 1.272727e+01
      vertex   -8.374094e+01 3.918794e+02 1.818182e+01
    endloop
  endfacet
  facet normal -3.826834e-01 9.238795e-01 2.939143e-19
    outer loop
      vertex   -8.349976e+01 3.919793e+02 4.000000e+01
      vertex   -8.374094e+01 3.918794e+02 1.818182e+01
      vertex   -8.374094e+01 3.918794e+02 2.363636e+01
    endloop
  endfacet
  facet normal -1.305262e-01 9.914449e-01 0.000000e+00
    outer loop
      vertex   -8.374094e+01 3.918794e+02 2.363636e+01
      vertex   -8.374094e+01 3.918794e+02 1.818182e+01
      vertex   -8.399976e+01 3.918453e+02 2.363636e+01
    endloop
  endfacet
  facet normal -1.305262e-01 9.914449e-01 3.251127e-19
    outer loop
      vertex   -8.374094e+01 3.918794e+02 2.363636e+01
      vertex   -8.399976e+01 3.918453e+02 2.363636e+01
      vertex   -8.399976e+01 3.918453e+02 2.909091e+01
    endloop
  endfacet
  facet normal 1.305262e-01 9.914449e-01 0.000000e+00
    outer loop
      vertex   -8.399976e+01 3.918453e+02 2.909091e+01
      vertex   -8.399976e+01 3.918453e+02 2.363636e+01
      vertex   -8.425858e+01 3.918794e+02 2.909091e+01
    endloop
  endfacet
  facet normal 1.305262e-01 9.914449e-01 5.626879e-19
    outer loop
      vertex   -8.399976e+01 3.918453e+02 2.909091e+01
      vertex   -8.425858e+01 3.918794e+02 2.909091e+01
      vertex   -8.425858e+01 3.918794e+02 3.454545e+01
    endloop
  endfacet
  facet normal 3.826834e-01 9.238795e-01 0.000000e+00
    outer loop
      vertex   -8.425858e+01 3.918794e+02 3.454545e+01
      vertex   -8.425858e+01 3.918794e+02 2.909091e+01
      vertex   -8.449976e+01 3.919793e+02 3.454545e+01
    endloop
  endfacet
  facet normal -1.305262e-01 9.914449e-01 0.000000e+00
    outer loop
      vertex   -8.374094e+01 3.918794e+02 -9.090909e+00
      vertex   -8.374094e+01 3.918794e+02 -1.454545e+01
      vertex   -8.399976e+01 3.918453e+02 -9.090909e+00
    endloop
  endfacet
  facet normal -1.305262e-01 9.914449e-01 0.000000e+00
    outer loop
      vertex   -8.399976e+01 3.918453e+02 -9.090909e+00
      vertex   -8.374094e+01 3.918794e+02 -1.454545e+01
      vertex   -8.399976e+01 3.918453e+02 -1.454545e+01
    endloop
  endfacet
  facet normal 1.305262e-01 9.914449e-01 0.000000e+00
    outer loop
      vertex   -8.399976e+01 3.918453e+02 -9.090909e+00
      vertex   -8.399976e+01 3.918453e+02 -1.454545e+01
      vertex   -8.425858e+01 3.918794e+02 -9.090909e+00
    endloop
  endfacet
  facet normal 1.305262e-01 9.914449e-01 0.000000e+00
    outer loop
      vertex   -8.425858e+01 3.918794e+02 -9.090909e+00
      vertex   -8.399976e+01 3.918453e+02 -1.454545e+01
      vertex   -8.425858e+01 3.918794e+02 -1.454545e+01
    endloop
  endfacet
  facet normal 3.826834e-01 9.238795e-01 0.000000e+00
    outer loop
      vertex   -8.425858e+01 3.918794e+02 -9.090909e+00
      vertex   -8.425858e+01 3.918794e+02 -1.454545e+01
      vertex   -8.449976e+01 3.919793e+02 -9.090909e+00
    endloop
  endfacet
  facet normal 3.826834e-01 9.238795e-01 0.000000e+00
    outer loop
      vertex   -8.449976e+01 3.919793e+02 -9.090909e+00
      vertex   -8.425858e+01 3.918794e+02 -1.454545e+01
      vertex   -8.449976e+01 3.919793e+02 -1.454545e+01
    endloop
  endfacet
  facet normal 6.087614e-01 7.933533e-01 0.000000e+00
    outer loop
      vertex   -8.449976e+01 3.919793e+02 -9.090909e+00
      vertex   -8.449976e+01 3.919793e+02 -1.454545e+01
      vertex   -8.470686e+01 3.921382e+02 -9.090909e+00
    endloop
  endfacet
  facet normal -3.826834e-01 9.238795e-01 0.000000e+00
    outer loop
      vertex   -8.374094e+01 3.918794e+02 -3.636364e+00
      vertex   -8.374094e+01 3.918794e+02 1.818182e+00
      vertex   -8.349976e+01 3.919793e+02 -2.000000e+01
    endloop
  endfacet
  facet normal -3.826834e-01 9.238795e-01 2.939143e-19
    outer loop
      vertex   -8.349976e+01 3.919793e+02 -2.000000e+01
      vertex   -8.374094e+01 3.918794e+02 1.818182e+00
      vertex   -8.374094e+01 3.918794e+02 7.272727e+00
    endloop
  endfacet
  facet normal -3.826834e-01 9.238795e-01 2.939143e-19
    outer loop
      vertex   -8.349976e+01 3.919793e+02 -2.000000e+01
      vertex   -8.374094e+01 3.918794e+02 7.272727e+00
      vertex   -8.374094e+01 3.918794e+02 1.272727e+01
    endloop
  endfacet
  facet normal -1.305262e-01 9.914449e-01 0.000000e+00
    outer loop
      vertex   -8.374094e+01 3.918794e+02 1.272727e+01
      vertex   -8.374094e+01 3.918794e+02 7.272727e+00
      vertex   -8.399976e+01 3.918453e+02 1.272727e+01
    endloop
  endfacet
  facet normal -1.305262e-01 9.914449e-01 3.251127e-19
    outer loop
      vertex   -8.374094e+01 3.918794e+02 1.272727e+01
      vertex   -8.399976e+01 3.918453e+02 1.272727e+01
      vertex   -8.399976e+01 3.918453e+02 1.818182e+01
    endloop
  endfacet
  facet normal 1.305262e-01 9.914449e-01 0.000000e+00
    outer loop
      vertex   -8.399976e+01 3.918453e+02 1.818182e+01
      vertex   -8.399976e+01 3.918453e+02 1.272727e+01
      vertex   -8.425858e+01 3.918794e+02 1.818182e+01
    endloop
  endfacet
  facet normal 1.305262e-01 9.914449e-01 5.626879e-19
    outer loop
      vertex   -8.399976e+01 3.918453e+02 1.818182e+01
      vertex   -8.425858e+01 3.918794e+02 1.818182e+01
      vertex   -8.425858e+01 3.918794e+02 2.363636e+01
    endloop
  endfacet
  facet normal 3.826834e-01 9.238795e-01 0.000000e+00
    outer loop
      vertex   -8.425858e+01 3.918794e+02 2.363636e+01
      vertex   -8.425858e+01 3.918794e+02 1.818182e+01
      vertex   -8.449976e+01 3.919793e+02 2.363636e+01
    endloop
  endfacet
  facet normal 3.826834e-01 9.238795e-01 1.742200e-19
    outer loop
      vertex   -8.425858e+01 3.918794e+02 2.363636e+01
      vertex   -8.449976e+01 3.919793e+02 2.363636e+01
      vertex   -8.449976e+01 3.919793e+02 2.909091e+01
    endloop
  endfacet
  facet normal 6.087614e-01 7.933533e-01 0.000000e+00
    outer loop
      vertex   -8.449976e+01 3.919793e+02 2.909091e+01
      vertex   -8.449976e+01 3.919793e+02 2.363636e+01
      vertex   -8.470686e+01 3.921382e+02 2.909091e+01
    endloop
  endfacet
  facet normal 6.087614e-01 7.933533e-01 -1.528034e-18
    outer loop
      vertex   -8.449976e+01 3.919793e+02 2.909091e+01
      vertex   -8.470686e+01 3.921382e+02 2.909091e+01
      vertex   -8.470686e+01 3.921382e+02 3.454545e+01
    endloop
  endfacet
  facet normal 7.933533e-01 6.087614e-01 0.000000e+00
    outer loop
      vertex   -8.470686e+01 3.921382e+02 3.454545e+01
      vertex   -8.470686e+01 3.921382e+02 2.909091e+01
      vertex   -8.486578e+01 3.923453e+02 3.454545e+01
    endloop
  endfacet
  facet normal -1.305262e-01 9.914449e-01 0.000000e+00
    outer loop
      vertex   -8.374094e+01 3.918794e+02 -3.636364e+00
      vertex   -8.399976e+01 3.918453e+02 1.818182e+00
      vertex   -8.374094e+01 3.918794e+02 1.818182e+00
    endloop
  endfacet
  facet normal -1.305262e-01 9.914449e-01 3.251127e-19
    outer loop
      vertex   -8.374094e+01 3.918794e+02 1.818182e+00
      vertex   -8.399976e+01 3.918453e+02 1.818182e+00
      vertex   -8.399976e+01 3.918453e+02 7.272727e+00
    endloop
  endfacet
  facet normal -1.305262e-01 9.914449e-01 0.000000e+00
    outer loop
      vertex   -8.374094e+01 3.918794e+02 1.818182e+00
      vertex   -8.399976e+01 3.918453e+02 7.272727e+00
      vertex   -8.374094e+01 3.918794e+02 7.272727e+00
    endloop
  endfacet
  facet normal -1.305262e-01 9.914449e-01 3.251127e-19
    outer loop
      vertex   -8.374094e+01 3.918794e+02 7.272727e+00
      vertex   -8.399976e+01 3.918453e+02 7.272727e+00
      vertex   -8.399976e+01 3.918453e+02 1.272727e+01
    endloop
  endfacet
  facet normal -1.305262e-01 9.914449e-01 0.000000e+00
    outer loop
      vertex   -8.399976e+01 3.918453e+02 2.363636e+01
      vertex   -8.374094e+01 3.918794e+02 1.818182e+01
      vertex   -8.399976e+01 3.918453e+02 1.818182e+01
    endloop
  endfacet
  facet normal -1.305262e-01 9.914449e-01 3.251127e-19
    outer loop
      vertex   -8.399976e+01 3.918453e+02 1.818182e+01
      vertex   -8.374094e+01 3.918794e+02 1.818182e+01
      vertex   -8.374094e+01 3.918794e+02 1.272727e+01
    endloop
  endfacet
  facet normal -3.826834e-01 9.238795e-01 0.000000e+00
    outer loop
      vertex   -8.374094e+01 3.918794e+02 3.454545e+01
      vertex   -8.349976e+01 3.919793e+02 4.000000e+01
      vertex   -8.374094e+01 3.918794e+02 2.909091e+01
    endloop
  endfacet
  facet normal -3.826834e-01 9.238795e-01 0.000000e+00
    outer loop
      vertex   -8.374094e+01 3.918794e+02 2.909091e+01
      vertex   -8.349976e+01 3.919793e+02 4.000000e+01
      vertex   -8.374094e+01 3.918794e+02 2.363636e+01
    endloop
  endfacet
  facet normal -1.305262e-01 9.914449e-01 0.000000e+00
    outer loop
      vertex   -8.374094e+01 3.918794e+02 2.909091e+01
      vertex   -8.374094e+01 3.918794e+02 2.363636e+01
      vertex   -8.399976e+01 3.918453e+02 2.909091e+01
    endloop
  endfacet
  facet normal -1.305262e-01 9.914449e-01 3.251127e-19
    outer loop
      vertex   -8.399976e+01 3.918453e+02 3.454545e+01
      vertex   -8.374094e+01 3.918794e+02 3.454545e+01
      vertex   -8.374094e+01 3.918794e+02 2.909091e+01
    endloop
  endfacet
  facet normal -1.305262e-01 9.914449e-01 0.000000e+00
    outer loop
      vertex   -8.399976e+01 3.918453e+02 3.454545e+01
      vertex   -8.374094e+01 3.918794e+02 2.909091e+01
      vertex   -8.399976e+01 3.918453e+02 2.909091e+01
    endloop
  endfacet
  facet normal -1.305262e-01 9.914449e-01 3.251127e-19
    outer loop
      vertex   -8.374094e+01 3.918794e+02 -9.090909e+00
      vertex   -8.399976e+01 3.918453e+02 -9.090909e+00
      vertex   -8.399976e+01 3.918453e+02 -3.636364e+00
    endloop
  endfacet
  facet normal 1.305262e-01 9.914449e-01 0.000000e+00
    outer loop
      vertex   -8.399976e+01 3.918453e+02 -3.636364e+00
      vertex   -8.399976e+01 3.918453e+02 -9.090909e+00
      vertex   -8.425858e+01 3.918794e+02 -3.636364e+00
    endloop
  endfacet
  facet normal 1.305262e-01 9.914449e-01 5.626879e-19
    outer loop
      vertex   -8.399976e+01 3.918453e+02 -3.636364e+00
      vertex   -8.425858e+01 3.918794e+02 -3.636364e+00
      vertex   -8.425858e+01 3.918794e+02 1.818182e+00
    endloop
  endfacet
  facet normal 3.826834e-01 9.238795e-01 0.000000e+00
    outer loop
      vertex   -8.425858e+01 3.918794e+02 1.818182e+00
      vertex   -8.425858e+01 3.918794e+02 -3.636364e+00
      vertex   -8.449976e+01 3.919793e+02 1.818182e+00
    endloop
  endfacet
  facet normal 3.826834e-01 9.238795e-01 1.742200e-19
    outer loop
      vertex   -8.425858e+01 3.918794e+02 1.818182e+00
      vertex   -8.449976e+01 3.919793e+02 1.818182e+00
      vertex   -8.449976e+01 3.919793e+02 7.272727e+00
    endloop
  endfacet
  facet normal 6.087614e-01 7.933533e-01 0.000000e+00
    outer loop
      vertex   -8.449976e+01 3.919793e+02 7.272727e+00
      vertex   -8.449976e+01 3.919793e+02 1.818182e+00
      vertex   -8.470686e+01 3.921382e+02 7.272727e+00
    endloop
  endfacet
  facet normal 6.087614e-01 7.933533e-01 -1.528034e-18
    outer loop
      vertex   -8.449976e+01 3.919793e+02 7.272727e+00
      vertex   -8.470686e+01 3.921382e+02 7.272727e+00
      vertex   -8.470686e+01 3.921382e+02 1.272727e+01
    endloop
  endfacet
  facet normal 7.933533e-01 6.087614e-01 0.000000e+00
    outer loop
      vertex   -8.470686e+01 3.921382e+02 1.272727e+01
      vertex   -8.470686e+01 3.921382e+02 7.272727e+00
      vertex   -8.486578e+01 3.923453e+02 1.272727e+01
    endloop
  endfacet
  facet normal 7.933533e-01 6.087614e-01 -1.872061e-18
    outer loop
      vertex   -8.470686e+01 3.921382e+02 1.272727e+01
      vertex   -8.486578e+01 3.923453e+02 1.272727e+01
      vertex   -8.486578e+01 3.923453e+02 1.818182e+01
    endloop
  endfacet
  facet normal 9.238795e-01 3.826834e-01 0.000000e+00
    outer loop
      vertex   -8.486578e+01 3.923453e+02 1.818182e+01
      vertex   -8.486578e+01 3.923453e+02 1.272727e+01
      vertex   -8.496568e+01 3.925865e+02 1.818182e+01
    endloop
  endfacet
  facet normal 9.238795e-01 3.826834e-01 6.423544e-19
    outer loop
      vertex   -8.486578e+01 3.923453e+02 1.818182e+01
      vertex   -8.496568e+01 3.925865e+02 1.818182e+01
      vertex   -8.496568e+01 3.925865e+02 2.363636e+01
    endloop
  endfacet
  facet normal 9.914449e-01 1.305262e-01 0.000000e+00
    outer loop
      vertex   -8.496568e+01 3.925865e+02 2.363636e+01
      vertex   -8.496568e+01 3.925865e+02 1.818182e+01
      vertex   -8.499976e+01 3.928453e+02 4.000000e+01
    endloop
  endfacet
  facet normal 1.305262e-01 9.914449e-01 0.000000e+00
    outer loop
      vertex   -8.425858e+01 3.918794e+02 -3.636364e+00
      vertex   -8.399976e+01 3.918453e+02 -9.090909e+00
      vertex   -8.425858e+01 3.918794e+02 -9.090909e+00
    endloop
  endfacet
  facet normal 1.305262e-01 9.914449e-01 -0.000000e+00
    outer loop
      vertex   -8.399976e+01 3.918453e+02 1.818182e+00
      vertex   -8.425858e+01 3.918794e+02 7.272727e+00
      vertex   -8.399976e+01 3.918453e+02 7.272727e+00
    endloop
  endfacet
  facet normal 1.305262e-01 9.914449e-01 5.626879e-19
    outer loop
      vertex   -8.399976e+01 3.918453e+02 7.272727e+00
      vertex   -8.425858e+01 3.918794e+02 7.272727e+00
      vertex   -8.425858e+01 3.918794e+02 1.272727e+01
    endloop
  endfacet
  facet normal 1.305262e-01 9.914449e-01 -0.000000e+00
    outer loop
      vertex   -8.399976e+01 3.918453e+02 7.272727e+00
      vertex   -8.425858e+01 3.918794e+02 1.272727e+01
      vertex   -8.399976e+01 3.918453e+02 1.272727e+01
    endloop
  endfacet
  facet normal 1.305262e-01 9.914449e-01 5.626879e-19
    outer loop
      vertex   -8.399976e+01 3.918453e+02 1.272727e+01
      vertex   -8.425858e+01 3.918794e+02 1.272727e+01
      vertex   -8.425858e+01 3.918794e+02 1.818182e+01
    endloop
  endfacet
  facet normal 1.305262e-01 9.914449e-01 0.000000e+00
    outer loop
      vertex   -8.425858e+01 3.918794e+02 2.909091e+01
      vertex   -8.399976e+01 3.918453e+02 2.363636e+01
      vertex   -8.425858e+01 3.918794e+02 2.363636e+01
    endloop
  endfacet
  facet normal 1.305262e-01 9.914449e-01 5.626879e-19
    outer loop
      vertex   -8.425858e+01 3.918794e+02 2.363636e+01
      vertex   -8.399976e+01 3.918453e+02 2.363636e+01
      vertex   -8.399976e+01 3.918453e+02 1.818182e+01
    endloop
  endfacet
  facet normal 1.305262e-01 9.914449e-01 5.626879e-19
    outer loop
      vertex   -8.425858e+01 3.918794e+02 3.454545e+01
      vertex   -8.399976e+01 3.918453e+02 3.454545e+01
      vertex   -8.399976e+01 3.918453e+02 2.909091e+01
    endloop
  endfacet
  facet normal 3.826834e-01 9.238795e-01 0.000000e+00
    outer loop
      vertex   -8.425858e+01 3.918794e+02 -3.636364e+00
      vertex   -8.425858e+01 3.918794e+02 -9.090909e+00
      vertex   -8.449976e+01 3.919793e+02 -3.636364e+00
    endloop
  endfacet
  facet normal 3.826834e-01 9.238795e-01 0.000000e+00
    outer loop
      vertex   -8.449976e+01 3.919793e+02 -3.636364e+00
      vertex   -8.425858e+01 3.918794e+02 -9.090909e+00
      vertex   -8.449976e+01 3.919793e+02 -9.090909e+00
    endloop
  endfacet
  facet normal 6.087614e-01 7.933533e-01 0.000000e+00
    outer loop
      vertex   -8.449976e+01 3.919793e+02 -3.636364e+00
      vertex   -8.449976e+01 3.919793e+02 -9.090909e+00
      vertex   -8.470686e+01 3.921382e+02 -3.636364e+00
    endloop
  endfacet
  facet normal 6.087614e-01 7.933533e-01 0.000000e+00
    outer loop
      vertex   -8.470686e+01 3.921382e+02 -3.636364e+00
      vertex   -8.449976e+01 3.919793e+02 -9.090909e+00
      vertex   -8.470686e+01 3.921382e+02 -9.090909e+00
    endloop
  endfacet
  facet normal 7.933533e-01 6.087614e-01 0.000000e+00
    outer loop
      vertex   -8.470686e+01 3.921382e+02 -3.636364e+00
      vertex   -8.470686e+01 3.921382e+02 -9.090909e+00
      vertex   -8.486578e+01 3.923453e+02 -3.636364e+00
    endloop
  endfacet
  facet normal 3.826834e-01 9.238795e-01 -0.000000e+00
    outer loop
      vertex   -8.425858e+01 3.918794e+02 7.272727e+00
      vertex   -8.449976e+01 3.919793e+02 1.272727e+01
      vertex   -8.425858e+01 3.918794e+02 1.272727e+01
    endloop
  endfacet
  facet normal 3.826834e-01 9.238795e-01 1.742200e-19
    outer loop
      vertex   -8.425858e+01 3.918794e+02 1.272727e+01
      vertex   -8.449976e+01 3.919793e+02 1.272727e+01
      vertex   -8.449976e+01 3.919793e+02 1.818182e+01
    endloop
  endfacet
  facet normal 3.826834e-01 9.238795e-01 -0.000000e+00
    outer loop
      vertex   -8.425858e+01 3.918794e+02 1.272727e+01
      vertex   -8.449976e+01 3.919793e+02 1.818182e+01
      vertex   -8.425858e+01 3.918794e+02 1.818182e+01
    endloop
  endfacet
  facet normal 3.826834e-01 9.238795e-01 1.742200e-19
    outer loop
      vertex   -8.425858e+01 3.918794e+02 1.818182e+01
      vertex   -8.449976e+01 3.919793e+02 1.818182e+01
      vertex   -8.449976e+01 3.919793e+02 2.363636e+01
    endloop
  endfacet
  facet normal 3.826834e-01 9.238795e-01 0.000000e+00
    outer loop
      vertex   -8.449976e+01 3.919793e+02 3.454545e+01
      vertex   -8.425858e+01 3.918794e+02 2.909091e+01
      vertex   -8.449976e+01 3.919793e+02 2.909091e+01
    endloop
  endfacet
  facet normal 3.826834e-01 9.238795e-01 1.742200e-19
    outer loop
      vertex   -8.449976e+01 3.919793e+02 2.909091e+01
      vertex   -8.425858e+01 3.918794e+02 2.909091e+01
      vertex   -8.425858e+01 3.918794e+02 2.363636e+01
    endloop
  endfacet
  facet normal 3.826834e-01 9.238795e-01 1.742200e-19
    outer loop
      vertex   -8.425858e+01 3.918794e+02 -3.636364e+00
      vertex   -8.449976e+01 3.919793e+02 -3.636364e+00
      vertex   -8.449976e+01 3.919793e+02 1.818182e+00
    endloop
  endfacet
  facet normal 6.087614e-01 7.933533e-01 0.000000e+00
    outer loop
      vertex   -8.449976e+01 3.919793e+02 1.818182e+00
      vertex   -8.449976e+01 3.919793e+02 -3.636364e+00
      vertex   -8.470686e+01 3.921382e+02 1.818182e+00
    endloop
  endfacet
  facet normal 6.087614e-01 7.933533e-01 -1.528034e-18
    outer loop
      vertex   -8.449976e+01 3.919793e+02 1.818182e+00
      vertex   -8.470686e+01 3.921382e+02 1.818182e+00
      vertex   -8.470686e+01 3.921382e+02 7.272727e+00
    endloop
  endfacet
  facet normal 7.933533e-01 6.087614e-01 0.000000e+00
    outer loop
      vertex   -8.470686e+01 3.921382e+02 7.272727e+00
      vertex   -8.470686e+01 3.921382e+02 1.818182e+00
      vertex   -8.486578e+01 3.923453e+02 7.272727e+00
    endloop
  endfacet
  facet normal 7.933533e-01 6.087614e-01 -1.872061e-18
    outer loop
      vertex   -8.470686e+01 3.921382e+02 7.272727e+00
      vertex   -8.486578e+01 3.923453e+02 7.272727e+00
      vertex   -8.486578e+01 3.923453e+02 1.272727e+01
    endloop
  endfacet
  facet normal 9.238795e-01 3.826834e-01 0.000000e+00
    outer loop
      vertex   -8.486578e+01 3.923453e+02 1.272727e+01
      vertex   -8.486578e+01 3.923453e+02 7.272727e+00
      vertex   -8.496568e+01 3.925865e+02 1.272727e+01
    endloop
  endfacet
  facet normal 9.238795e-01 3.826834e-01 6.423544e-19
    outer loop
      vertex   -8.486578e+01 3.923453e+02 1.272727e+01
      vertex   -8.496568e+01 3.925865e+02 1.272727e+01
      vertex   -8.496568e+01 3.925865e+02 1.818182e+01
    endloop
  endfacet
  facet normal 9.914449e-01 1.305262e-01 0.000000e+00
    outer loop
      vertex   -8.496568e+01 3.925865e+02 1.818182e+01
      vertex   -8.496568e+01 3.925865e+02 1.272727e+01
      vertex   -8.499976e+01 3.928453e+02 4.000000e+01
    endloop
  endfacet
  facet normal 6.087614e-01 7.933533e-01 0.000000e+00
    outer loop
      vertex   -8.470686e+01 3.921382e+02 1.818182e+00
      vertex   -8.449976e+01 3.919793e+02 -3.636364e+00
      vertex   -8.470686e+01 3.921382e+02 -3.636364e+00
    endloop
  endfacet
  facet normal 6.087614e-01 7.933533e-01 -0.000000e+00
    outer loop
      vertex   -8.449976e+01 3.919793e+02 1.272727e+01
      vertex   -8.470686e+01 3.921382e+02 1.818182e+01
      vertex   -8.449976e+01 3.919793e+02 1.818182e+01
    endloop
  endfacet
  facet normal 6.087614e-01 7.933533e-01 -1.528034e-18
    outer loop
      vertex   -8.449976e+01 3.919793e+02 1.818182e+01
      vertex   -8.470686e+01 3.921382e+02 1.818182e+01
      vertex   -8.470686e+01 3.921382e+02 2.363636e+01
    endloop
  endfacet
  facet normal 6.087614e-01 7.933533e-01 -0.000000e+00
    outer loop
      vertex   -8.449976e+01 3.919793e+02 1.818182e+01
      vertex   -8.470686e+01 3.921382e+02 2.363636e+01
      vertex   -8.449976e+01 3.919793e+02 2.363636e+01
    endloop
  endfacet
  facet normal 6.087614e-01 7.933533e-01 -1.528034e-18
    outer loop
      vertex   -8.449976e+01 3.919793e+02 2.363636e+01
      vertex   -8.470686e+01 3.921382e+02 2.363636e+01
      vertex   -8.470686e+01 3.921382e+02 2.909091e+01
    endloop
  endfacet
  facet normal 6.087614e-01 7.933533e-01 -1.528034e-18
    outer loop
      vertex   -8.470686e+01 3.921382e+02 3.454545e+01
      vertex   -8.449976e+01 3.919793e+02 3.454545e+01
      vertex   -8.449976e+01 3.919793e+02 2.909091e+01
    endloop
  endfacet
  facet normal 7.933533e-01 6.087614e-01 0.000000e+00
    outer loop
      vertex   -8.486578e+01 3.923453e+02 -9.090909e+00
      vertex   -8.470686e+01 3.921382e+02 -1.454545e+01
      vertex   -8.486578e+01 3.923453e+02 -1.454545e+01
    endloop
  endfacet
  facet normal 7.933533e-01 6.087614e-01 0.000000e+00
    outer loop
      vertex   -8.470686e+01 3.921382e+02 1.818182e+00
      vertex   -8.470686e+01 3.921382e+02 -3.636364e+00
      vertex   -8.486578e+01 3.923453e+02 1.818182e+00
    endloop
  endfacet
  facet normal 7.933533e-01 6.087614e-01 0.000000e+00
    outer loop
      vertex   -8.486578e+01 3.923453e+02 1.818182e+00
      vertex   -8.470686e+01 3.921382e+02 -3.636364e+00
      vertex   -8.486578e+01 3.923453e+02 -3.636364e+00
    endloop
  endfacet
  facet normal 9.238795e-01 3.826834e-01 0.000000e+00
    outer loop
      vertex   -8.486578e+01 3.923453e+02 1.818182e+00
      vertex   -8.486578e+01 3.923453e+02 -3.636364e+00
      vertex   -8.496568e+01 3.925865e+02 1.818182e+00
    endloop
  endfacet
  facet normal 7.933533e-01 6.087614e-01 -0.000000e+00
    outer loop
      vertex   -8.470686e+01 3.921382e+02 1.818182e+01
      vertex   -8.486578e+01 3.923453e+02 2.363636e+01
      vertex   -8.470686e+01 3.921382e+02 2.363636e+01
    endloop
  endfacet
  facet normal 7.933533e-01 6.087614e-01 -1.872061e-18
    outer loop
      vertex   -8.470686e+01 3.921382e+02 2.363636e+01
      vertex   -8.486578e+01 3.923453e+02 2.363636e+01
      vertex   -8.486578e+01 3.923453e+02 2.909091e+01
    endloop
  endfacet
  facet normal 7.933533e-01 6.087614e-01 -0.000000e+00
    outer loop
      vertex   -8.470686e+01 3.921382e+02 2.363636e+01
      vertex   -8.486578e+01 3.923453e+02 2.909091e+01
      vertex   -8.470686e+01 3.921382e+02 2.909091e+01
    endloop
  endfacet
  facet normal 7.933533e-01 6.087614e-01 -1.872061e-18
    outer loop
      vertex   -8.470686e+01 3.921382e+02 2.909091e+01
      vertex   -8.486578e+01 3.923453e+02 2.909091e+01
      vertex   -8.486578e+01 3.923453e+02 3.454545e+01
    endloop
  endfacet
  facet normal 9.238795e-01 3.826834e-01 0.000000e+00
    outer loop
      vertex   -8.486578e+01 3.923453e+02 -9.090909e+00
      vertex   -8.486578e+01 3.923453e+02 -1.454545e+01
      vertex   -8.496568e+01 3.925865e+02 -9.090909e+00
    endloop
  endfacet
  facet normal 9.238795e-01 3.826834e-01 0.000000e+00
    outer loop
      vertex   -8.496568e+01 3.925865e+02 -9.090909e+00
      vertex   -8.486578e+01 3.923453e+02 -1.454545e+01
      vertex   -8.496568e+01 3.925865e+02 -1.454545e+01
    endloop
  endfacet
  facet normal 9.914449e-01 1.305262e-01 0.000000e+00
    outer loop
      vertex   -8.496568e+01 3.925865e+02 -9.090909e+00
      vertex   -8.496568e+01 3.925865e+02 -1.454545e+01
      vertex   -8.499976e+01 3.928453e+02 -2.000000e+01
    endloop
  endfacet
  facet normal 7.933533e-01 6.087614e-01 -1.872061e-18
    outer loop
      vertex   -8.470686e+01 3.921382e+02 1.818182e+00
      vertex   -8.486578e+01 3.923453e+02 1.818182e+00
      vertex   -8.486578e+01 3.923453e+02 7.272727e+00
    endloop
  endfacet
  facet normal 9.238795e-01 3.826834e-01 0.000000e+00
    outer loop
      vertex   -8.486578e+01 3.923453e+02 7.272727e+00
      vertex   -8.486578e+01 3.923453e+02 1.818182e+00
      vertex   -8.496568e+01 3.925865e+02 7.272727e+00
    endloop
  endfacet
  facet normal 9.238795e-01 3.826834e-01 6.423544e-19
    outer loop
      vertex   -8.486578e+01 3.923453e+02 7.272727e+00
      vertex   -8.496568e+01 3.925865e+02 7.272727e+00
      vertex   -8.496568e+01 3.925865e+02 1.272727e+01
    endloop
  endfacet
  facet normal 9.914449e-01 1.305262e-01 0.000000e+00
    outer loop
      vertex   -8.496568e+01 3.925865e+02 1.272727e+01
      vertex   -8.496568e+01 3.925865e+02 7.272727e+00
      vertex   -8.499976e+01 3.928453e+02 4.000000e+01
    endloop
  endfacet
  facet normal 9.238795e-01 3.826834e-01 0.000000e+00
    outer loop
      vertex   -8.496568e+01 3.925865e+02 7.272727e+00
      vertex   -8.486578e+01 3.923453e+02 1.818182e+00
      vertex   -8.496568e+01 3.925865e+02 1.818182e+00
    endloop
  endfacet
  facet normal 9.238795e-01 3.826834e-01 6.423544e-19
    outer loop
      vertex   -8.496568e+01 3.925865e+02 3.454545e+01
      vertex   -8.486578e+01 3.923453e+02 3.454545e+01
      vertex   -8.486578e+01 3.923453e+02 2.909091e+01
    endloop
  endfacet
  facet normal 9.238795e-01 3.826834e-01 0.000000e+00
    outer loop
      vertex   -8.496568e+01 3.925865e+02 3.454545e+01
      vertex   -8.486578e+01 3.923453e+02 2.909091e+01
      vertex   -8.496568e+01 3.925865e+02 2.909091e+01
    endloop
  endfacet
  facet normal 9.238795e-01 3.826834e-01 6.423544e-19
    outer loop
      vertex   -8.496568e+01 3.925865e+02 2.909091e+01
      vertex   -8.486578e+01 3.923453e+02 2.909091e+01
      vertex   -8.486578e+01 3.923453e+02 2.363636e+01
    endloop
  endfacet
  facet normal 9.914449e-01 1.305262e-01 2.421027e-19
    outer loop
      vertex   -8.499976e+01 3.928453e+02 -2.000000e+01
      vertex   -8.496568e+01 3.925865e+02 -3.636364e+00
      vertex   -8.496568e+01 3.925865e+02 -9.090909e+00
    endloop
  endfacet
  facet normal 9.238795e-01 3.826834e-01 -0.000000e+00
    outer loop
      vertex   -8.496568e+01 3.925865e+02 -9.090909e+00
      vertex   -8.496568e+01 3.925865e+02 -3.636364e+00
      vertex   -8.486578e+01 3.923453e+02 -9.090909e+00
    endloop
  endfacet
  facet normal -5.000000e-01 8.660254e-01 0.000000e+00
    outer loop
      vertex   -8.349976e+01 3.919793e+02 4.000000e+01
      vertex   -8.149976e+01 3.931340e+02 4.000000e+01
      vertex   -8.349976e+01 3.919793e+02 -2.000000e+01
    endloop
  endfacet
  facet normal -5.000000e-01 8.660254e-01 -1.589097e-19
    outer loop
      vertex   -8.349976e+01 3.919793e+02 -2.000000e+01
      vertex   -8.149976e+01 3.931340e+02 4.000000e+01
      vertex   -8.149976e+01 3.931340e+02 -2.000000e+01
    endloop
  endfacet
  facet normal -3.826834e-01 9.238795e-01 2.025305e-14
    outer loop
      vertex   -8.125858e+01 3.932339e+02 4.000000e+01
      vertex   -8.125858e+01 3.932339e+02 3.454545e+01
      vertex   -8.149976e+01 3.931340e+02 4.000000e+01
    endloop
  endfacet
  facet normal -3.826834e-01 9.238795e-01 1.065408e-18
    outer loop
      vertex   -8.149976e+01 3.931340e+02 4.000000e+01
      vertex   -8.125858e+01 3.932339e+02 3.454545e+01
      vertex   -8.125858e+01 3.932339e+02 2.909091e+01
    endloop
  endfacet
  facet normal -3.826834e-01 9.238795e-01 1.065408e-18
    outer loop
      vertex   -8.149976e+01 3.931340e+02 4.000000e+01
      vertex   -8.125858e+01 3.932339e+02 2.909091e+01
      vertex   -8.125858e+01 3.932339e+02 2.363636e+01
    endloop
  endfacet
  facet normal -1.305262e-01 9.914449e-01 0.000000e+00
    outer loop
      vertex   -8.125858e+01 3.932339e+02 2.363636e+01
      vertex   -8.125858e+01 3.932339e+02 2.909091e+01
      vertex   -8.099976e+01 3.932679e+02 2.363636e+01
    endloop
  endfacet
  facet normal -1.305262e-01 9.914449e-01 3.464691e-19
    outer loop
      vertex   -8.125858e+01 3.932339e+02 2.363636e+01
      vertex   -8.099976e+01 3.932679e+02 2.363636e+01
      vertex   -8.099976e+01 3.932679e+02 1.818182e+01
    endloop
  endfacet
  facet normal 1.305262e-01 9.914449e-01 -0.000000e+00
    outer loop
      vertex   -8.099976e+01 3.932679e+02 1.818182e+01
      vertex   -8.099976e+01 3.932679e+02 2.363636e+01
      vertex   -8.074094e+01 3.932339e+02 1.818182e+01
    endloop
  endfacet
  facet normal 1.305262e-01 9.914449e-01 3.760961e-19
    outer loop
      vertex   -8.099976e+01 3.932679e+02 1.818182e+01
      vertex   -8.074094e+01 3.932339e+02 1.818182e+01
      vertex   -8.074094e+01 3.932339e+02 1.272727e+01
    endloop
  endfacet
  facet normal 3.826834e-01 9.238795e-01 -0.000000e+00
    outer loop
      vertex   -8.074094e+01 3.932339e+02 1.272727e+01
      vertex   -8.074094e+01 3.932339e+02 1.818182e+01
      vertex   -8.049976e+01 3.931340e+02 1.272727e+01
    endloop
  endfacet
  facet normal 3.826834e-01 9.238795e-01 -5.972734e-19
    outer loop
      vertex   -8.074094e+01 3.932339e+02 1.272727e+01
      vertex   -8.049976e+01 3.931340e+02 1.272727e+01
      vertex   -8.049976e+01 3.931340e+02 7.272727e+00
    endloop
  endfacet
  facet normal 6.087614e-01 7.933533e-01 -0.000000e+00
    outer loop
      vertex   -8.049976e+01 3.931340e+02 7.272727e+00
      vertex   -8.049976e+01 3.931340e+02 1.272727e+01
      vertex   -8.029265e+01 3.929751e+02 7.272727e+00
    endloop
  endfacet
  facet normal 6.087614e-01 7.933533e-01 -1.528034e-18
    outer loop
      vertex   -8.049976e+01 3.931340e+02 7.272727e+00
      vertex   -8.029265e+01 3.929751e+02 7.272727e+00
      vertex   -8.029265e+01 3.929751e+02 1.818182e+00
    endloop
  endfacet
  facet normal 7.933533e-01 6.087614e-01 -0.000000e+00
    outer loop
      vertex   -8.029265e+01 3.929751e+02 1.818182e+00
      vertex   -8.029265e+01 3.929751e+02 7.272727e+00
      vertex   -8.013373e+01 3.927679e+02 1.818182e+00
    endloop
  endfacet
  facet normal 7.933533e-01 6.087614e-01 -1.715691e-18
    outer loop
      vertex   -8.029265e+01 3.929751e+02 1.818182e+00
      vertex   -8.013373e+01 3.927679e+02 1.818182e+00
      vertex   -8.013373e+01 3.927679e+02 -3.636364e+00
    endloop
  endfacet
  facet normal 9.238795e-01 3.826834e-01 -0.000000e+00
    outer loop
      vertex   -8.013373e+01 3.927679e+02 -3.636364e+00
      vertex   -8.013373e+01 3.927679e+02 1.818182e+00
      vertex   -8.003383e+01 3.925268e+02 -3.636364e+00
    endloop
  endfacet
  facet normal 9.238795e-01 3.826834e-01 5.307371e-19
    outer loop
      vertex   -8.013373e+01 3.927679e+02 -3.636364e+00
      vertex   -8.003383e+01 3.925268e+02 -3.636364e+00
      vertex   -8.003383e+01 3.925268e+02 -9.090909e+00
    endloop
  endfacet
  facet normal 9.914449e-01 1.305262e-01 -0.000000e+00
    outer loop
      vertex   -8.003383e+01 3.925268e+02 -9.090909e+00
      vertex   -8.003383e+01 3.925268e+02 -3.636364e+00
      vertex   -7.999976e+01 3.922679e+02 -2.000000e+01
    endloop
  endfacet
  facet normal 9.914449e-01 1.305262e-01 0.000000e+00
    outer loop
      vertex   -8.003383e+01 3.925268e+02 -9.090909e+00
      vertex   -7.999976e+01 3.922679e+02 -2.000000e+01
      vertex   -8.003383e+01 3.925268e+02 -1.454545e+01
    endloop
  endfacet
  facet normal 9.914449e-01 1.305262e-01 0.000000e+00
    outer loop
      vertex   -8.003383e+01 3.925268e+02 -1.454545e+01
      vertex   -7.999976e+01 3.922679e+02 -2.000000e+01
      vertex   -8.003383e+01 3.925268e+02 -2.000000e+01
    endloop
  endfacet
  facet normal 9.238795e-01 3.826834e-01 0.000000e+00
    outer loop
      vertex   -8.003383e+01 3.925268e+02 -1.454545e+01
      vertex   -8.003383e+01 3.925268e+02 -2.000000e+01
      vertex   -8.013373e+01 3.927679e+02 -1.454545e+01
    endloop
  endfacet
  facet normal 9.238795e-01 3.826834e-01 4.814010e-15
    outer loop
      vertex   -8.013373e+01 3.927679e+02 -1.454545e+01
      vertex   -8.003383e+01 3.925268e+02 -2.000000e+01
      vertex   -8.013373e+01 3.927679e+02 -2.000000e+01
    endloop
  endfacet
  facet normal 7.933533e-01 6.087614e-01 4.133884e-15
    outer loop
      vertex   -8.013373e+01 3.927679e+02 -1.454545e+01
      vertex   -8.013373e+01 3.927679e+02 -2.000000e+01
      vertex   -8.029265e+01 3.929751e+02 -1.454545e+01
    endloop
  endfacet
  facet normal 7.933533e-01 6.087614e-01 -2.066942e-15
    outer loop
      vertex   -8.029265e+01 3.929751e+02 -1.454545e+01
      vertex   -8.013373e+01 3.927679e+02 -2.000000e+01
      vertex   -8.029265e+01 3.929751e+02 -2.000000e+01
    endloop
  endfacet
  facet normal 6.087614e-01 7.933533e-01 -1.586020e-15
    outer loop
      vertex   -8.029265e+01 3.929751e+02 -1.454545e+01
      vertex   -8.029265e+01 3.929751e+02 -2.000000e+01
      vertex   -8.049976e+01 3.931340e+02 -1.454545e+01
    endloop
  endfacet
  facet normal 6.087614e-01 7.933533e-01 0.000000e+00
    outer loop
      vertex   -8.049976e+01 3.931340e+02 -1.454545e+01
      vertex   -8.029265e+01 3.929751e+02 -2.000000e+01
      vertex   -8.049976e+01 3.931340e+02 -2.000000e+01
    endloop
  endfacet
  facet normal 3.826834e-01 9.238795e-01 0.000000e+00
    outer loop
      vertex   -8.049976e+01 3.931340e+02 -1.454545e+01
      vertex   -8.049976e+01 3.931340e+02 -2.000000e+01
      vertex   -8.074094e+01 3.932339e+02 -1.454545e+01
    endloop
  endfacet
  facet normal 3.826834e-01 9.238795e-01 -2.025305e-14
    outer loop
      vertex   -8.074094e+01 3.932339e+02 -1.454545e+01
      vertex   -8.049976e+01 3.931340e+02 -2.000000e+01
      vertex   -8.074094e+01 3.932339e+02 -2.000000e+01
    endloop
  endfacet
  facet normal 1.305262e-01 9.914449e-01 -2.100434e-14
    outer loop
      vertex   -8.074094e+01 3.932339e+02 -1.454545e+01
      vertex   -8.074094e+01 3.932339e+02 -2.000000e+01
      vertex   -8.099976e+01 3.932679e+02 -1.454545e+01
    endloop
  endfacet
  facet normal 1.305262e-01 9.914449e-01 0.000000e+00
    outer loop
      vertex   -8.099976e+01 3.932679e+02 -1.454545e+01
      vertex   -8.074094e+01 3.932339e+02 -2.000000e+01
      vertex   -8.099976e+01 3.932679e+02 -2.000000e+01
    endloop
  endfacet
  facet normal -1.305262e-01 9.914449e-01 0.000000e+00
    outer loop
      vertex   -8.099976e+01 3.932679e+02 -1.454545e+01
      vertex   -8.099976e+01 3.932679e+02 -2.000000e+01
      vertex   -8.125858e+01 3.932339e+02 -1.454545e+01
    endloop
  endfacet
  facet normal -1.305262e-01 9.914449e-01 -2.100434e-14
    outer loop
      vertex   -8.125858e+01 3.932339e+02 -1.454545e+01
      vertex   -8.099976e+01 3.932679e+02 -2.000000e+01
      vertex   -8.125858e+01 3.932339e+02 -2.000000e+01
    endloop
  endfacet
  facet normal -3.826834e-01 9.238795e-01 -2.025305e-14
    outer loop
      vertex   -8.125858e+01 3.932339e+02 -1.454545e+01
      vertex   -8.125858e+01 3.932339e+02 -2.000000e+01
      vertex   -8.149976e+01 3.931340e+02 -2.000000e+01
    endloop
  endfacet
  facet normal -1.305262e-01 9.914449e-01 2.100434e-14
    outer loop
      vertex   -8.125858e+01 3.932339e+02 3.454545e+01
      vertex   -8.125858e+01 3.932339e+02 4.000000e+01
      vertex   -8.099976e+01 3.932679e+02 3.454545e+01
    endloop
  endfacet
  facet normal -1.305262e-01 9.914449e-01 0.000000e+00
    outer loop
      vertex   -8.099976e+01 3.932679e+02 3.454545e+01
      vertex   -8.125858e+01 3.932339e+02 4.000000e+01
      vertex   -8.099976e+01 3.932679e+02 4.000000e+01
    endloop
  endfacet
  facet normal 1.305262e-01 9.914449e-01 -0.000000e+00
    outer loop
      vertex   -8.099976e+01 3.932679e+02 3.454545e+01
      vertex   -8.099976e+01 3.932679e+02 4.000000e+01
      vertex   -8.074094e+01 3.932339e+02 3.454545e+01
    endloop
  endfacet
  facet normal 1.305262e-01 9.914449e-01 2.100434e-14
    outer loop
      vertex   -8.074094e+01 3.932339e+02 3.454545e+01
      vertex   -8.099976e+01 3.932679e+02 4.000000e+01
      vertex   -8.074094e+01 3.932339e+02 4.000000e+01
    endloop
  endfacet
  facet normal 3.826834e-01 9.238795e-01 2.025305e-14
    outer loop
      vertex   -8.074094e+01 3.932339e+02 3.454545e+01
      vertex   -8.074094e+01 3.932339e+02 4.000000e+01
      vertex   -8.049976e+01 3.931340e+02 3.454545e+01
    endloop
  endfacet
  facet normal 3.826834e-01 9.238795e-01 -0.000000e+00
    outer loop
      vertex   -8.049976e+01 3.931340e+02 3.454545e+01
      vertex   -8.074094e+01 3.932339e+02 4.000000e+01
      vertex   -8.049976e+01 3.931340e+02 4.000000e+01
    endloop
  endfacet
  facet normal 6.087614e-01 7.933533e-01 -0.000000e+00
    outer loop
      vertex   -8.049976e+01 3.931340e+02 3.454545e+01
      vertex   -8.049976e+01 3.931340e+02 4.000000e+01
      vertex   -8.029265e+01 3.929751e+02 3.454545e+01
    endloop
  endfacet
  facet normal 6.087614e-01 7.933533e-01 1.586020e-15
    outer loop
      vertex   -8.029265e+01 3.929751e+02 3.454545e+01
      vertex   -8.049976e+01 3.931340e+02 4.000000e+01
      vertex   -8.029265e+01 3.929751e+02 4.000000e+01
    endloop
  endfacet
  facet normal 7.933533e-01 6.087614e-01 2.066942e-15
    outer loop
      vertex   -8.029265e+01 3.929751e+02 3.454545e+01
      vertex   -8.029265e+01 3.929751e+02 4.000000e+01
      vertex   -8.013373e+01 3.927679e+02 3.454545e+01
    endloop
  endfacet
  facet normal 7.933533e-01 6.087614e-01 -4.133884e-15
    outer loop
      vertex   -8.013373e+01 3.927679e+02 3.454545e+01
      vertex   -8.029265e+01 3.929751e+02 4.000000e+01
      vertex   -8.013373e+01 3.927679e+02 4.000000e+01
    endloop
  endfacet
  facet normal 9.238795e-01 3.826834e-01 -4.814010e-15
    outer loop
      vertex   -8.013373e+01 3.927679e+02 3.454545e+01
      vertex   -8.013373e+01 3.927679e+02 4.000000e+01
      vertex   -8.003383e+01 3.925268e+02 3.454545e+01
    endloop
  endfacet
  facet normal 9.238795e-01 3.826834e-01 -0.000000e+00
    outer loop
      vertex   -8.003383e+01 3.925268e+02 3.454545e+01
      vertex   -8.013373e+01 3.927679e+02 4.000000e+01
      vertex   -8.003383e+01 3.925268e+02 4.000000e+01
    endloop
  endfacet
  facet normal 9.914449e-01 1.305262e-01 -0.000000e+00
    outer loop
      vertex   -8.003383e+01 3.925268e+02 3.454545e+01
      vertex   -8.003383e+01 3.925268e+02 4.000000e+01
      vertex   -7.999976e+01 3.922679e+02 4.000000e+01
    endloop
  endfacet
  facet normal 9.914449e-01 1.305262e-01 -0.000000e+00
    outer loop
      vertex   -7.999976e+01 3.922679e+02 -2.000000e+01
      vertex   -8.003383e+01 3.925268e+02 1.272727e+01
      vertex   -7.999976e+01 3.922679e+02 4.000000e+01
    endloop
  endfacet
  facet normal 9.914449e-01 1.305262e-01 2.832305e-19
    outer loop
      vertex   -7.999976e+01 3.922679e+02 4.000000e+01
      vertex   -8.003383e+01 3.925268e+02 1.272727e+01
      vertex   -8.003383e+01 3.925268e+02 1.818182e+01
    endloop
  endfacet
  facet normal 9.914449e-01 1.305262e-01 2.832305e-19
    outer loop
      vertex   -7.999976e+01 3.922679e+02 4.000000e+01
      vertex   -8.003383e+01 3.925268e+02 1.818182e+01
      vertex   -8.003383e+01 3.925268e+02 2.363636e+01
    endloop
  endfacet
  facet normal 9.238795e-01 3.826834e-01 0.000000e+00
    outer loop
      vertex   -8.003383e+01 3.925268e+02 2.363636e+01
      vertex   -8.003383e+01 3.925268e+02 1.818182e+01
      vertex   -8.013373e+01 3.927679e+02 2.363636e+01
    endloop
  endfacet
  facet normal 9.238795e-01 3.826834e-01 5.307371e-19
    outer loop
      vertex   -8.003383e+01 3.925268e+02 2.363636e+01
      vertex   -8.013373e+01 3.927679e+02 2.363636e+01
      vertex   -8.013373e+01 3.927679e+02 2.909091e+01
    endloop
  endfacet
  facet normal 7.933533e-01 6.087614e-01 0.000000e+00
    outer loop
      vertex   -8.013373e+01 3.927679e+02 2.909091e+01
      vertex   -8.013373e+01 3.927679e+02 2.363636e+01
      vertex   -8.029265e+01 3.929751e+02 2.909091e+01
    endloop
  endfacet
  facet normal 7.933533e-01 6.087614e-01 -1.715691e-18
    outer loop
      vertex   -8.013373e+01 3.927679e+02 2.909091e+01
      vertex   -8.029265e+01 3.929751e+02 2.909091e+01
      vertex   -8.029265e+01 3.929751e+02 3.454545e+01
    endloop
  endfacet
  facet normal 6.087614e-01 7.933533e-01 0.000000e+00
    outer loop
      vertex   -8.029265e+01 3.929751e+02 3.454545e+01
      vertex   -8.029265e+01 3.929751e+02 2.909091e+01
      vertex   -8.049976e+01 3.931340e+02 3.454545e+01
    endloop
  endfacet
  facet normal -3.826834e-01 9.238795e-01 0.000000e+00
    outer loop
      vertex   -8.149976e+01 3.931340e+02 4.000000e+01
      vertex   -8.125858e+01 3.932339e+02 7.272727e+00
      vertex   -8.149976e+01 3.931340e+02 -2.000000e+01
    endloop
  endfacet
  facet normal -3.826834e-01 9.238795e-01 1.065408e-18
    outer loop
      vertex   -8.149976e+01 3.931340e+02 -2.000000e+01
      vertex   -8.125858e+01 3.932339e+02 7.272727e+00
      vertex   -8.125858e+01 3.932339e+02 1.818182e+00
    endloop
  endfacet
  facet normal -3.826834e-01 9.238795e-01 1.065408e-18
    outer loop
      vertex   -8.149976e+01 3.931340e+02 -2.000000e+01
      vertex   -8.125858e+01 3.932339e+02 1.818182e+00
      vertex   -8.125858e+01 3.932339e+02 -3.636364e+00
    endloop
  endfacet
  facet normal -1.305262e-01 9.914449e-01 0.000000e+00
    outer loop
      vertex   -8.125858e+01 3.932339e+02 -3.636364e+00
      vertex   -8.125858e+01 3.932339e+02 1.818182e+00
      vertex   -8.099976e+01 3.932679e+02 -3.636364e+00
    endloop
  endfacet
  facet normal -1.305262e-01 9.914449e-01 3.464691e-19
    outer loop
      vertex   -8.125858e+01 3.932339e+02 -3.636364e+00
      vertex   -8.099976e+01 3.932679e+02 -3.636364e+00
      vertex   -8.099976e+01 3.932679e+02 -9.090909e+00
    endloop
  endfacet
  facet normal 1.305262e-01 9.914449e-01 -0.000000e+00
    outer loop
      vertex   -8.099976e+01 3.932679e+02 -9.090909e+00
      vertex   -8.099976e+01 3.932679e+02 -3.636364e+00
      vertex   -8.074094e+01 3.932339e+02 -9.090909e+00
    endloop
  endfacet
  facet normal 1.305262e-01 9.914449e-01 3.760961e-19
    outer loop
      vertex   -8.099976e+01 3.932679e+02 -9.090909e+00
      vertex   -8.074094e+01 3.932339e+02 -9.090909e+00
      vertex   -8.074094e+01 3.932339e+02 -1.454545e+01
    endloop
  endfacet
  facet normal 3.826834e-01 9.238795e-01 -0.000000e+00
    outer loop
      vertex   -8.074094e+01 3.932339e+02 -1.454545e+01
      vertex   -8.074094e+01 3.932339e+02 -9.090909e+00
      vertex   -8.049976e+01 3.931340e+02 -1.454545e+01
    endloop
  endfacet
  facet normal -1.305262e-01 9.914449e-01 0.000000e+00
    outer loop
      vertex   -8.125858e+01 3.932339e+02 2.909091e+01
      vertex   -8.125858e+01 3.932339e+02 3.454545e+01
      vertex   -8.099976e+01 3.932679e+02 2.909091e+01
    endloop
  endfacet
  facet normal -1.305262e-01 9.914449e-01 0.000000e+00
    outer loop
      vertex   -8.099976e+01 3.932679e+02 2.909091e+01
      vertex   -8.125858e+01 3.932339e+02 3.454545e+01
      vertex   -8.099976e+01 3.932679e+02 3.454545e+01
    endloop
  endfacet
  facet normal 1.305262e-01 9.914449e-01 -0.000000e+00
    outer loop
      vertex   -8.099976e+01 3.932679e+02 2.909091e+01
      vertex   -8.099976e+01 3.932679e+02 3.454545e+01
      vertex   -8.074094e+01 3.932339e+02 2.909091e+01
    endloop
  endfacet
  facet normal 1.305262e-01 9.914449e-01 -0.000000e+00
    outer loop
      vertex   -8.074094e+01 3.932339e+02 2.909091e+01
      vertex   -8.099976e+01 3.932679e+02 3.454545e+01
      vertex   -8.074094e+01 3.932339e+02 3.454545e+01
    endloop
  endfacet
  facet normal 3.826834e-01 9.238795e-01 -0.000000e+00
    outer loop
      vertex   -8.074094e+01 3.932339e+02 2.909091e+01
      vertex   -8.074094e+01 3.932339e+02 3.454545e+01
      vertex   -8.049976e+01 3.931340e+02 2.909091e+01
    endloop
  endfacet
  facet normal 3.826834e-01 9.238795e-01 -0.000000e+00
    outer loop
      vertex   -8.049976e+01 3.931340e+02 2.909091e+01
      vertex   -8.074094e+01 3.932339e+02 3.454545e+01
      vertex   -8.049976e+01 3.931340e+02 3.454545e+01
    endloop
  endfacet
  facet normal 6.087614e-01 7.933533e-01 -0.000000e+00
    outer loop
      vertex   -8.049976e+01 3.931340e+02 2.909091e+01
      vertex   -8.049976e+01 3.931340e+02 3.454545e+01
      vertex   -8.029265e+01 3.929751e+02 2.909091e+01
    endloop
  endfacet
  facet normal -3.826834e-01 9.238795e-01 0.000000e+00
    outer loop
      vertex   -8.125858e+01 3.932339e+02 2.363636e+01
      vertex   -8.125858e+01 3.932339e+02 1.818182e+01
      vertex   -8.149976e+01 3.931340e+02 4.000000e+01
    endloop
  endfacet
  facet normal -3.826834e-01 9.238795e-01 1.065408e-18
    outer loop
      vertex   -8.149976e+01 3.931340e+02 4.000000e+01
      vertex   -8.125858e+01 3.932339e+02 1.818182e+01
      vertex   -8.125858e+01 3.932339e+02 1.272727e+01
    endloop
  endfacet
  facet normal -3.826834e-01 9.238795e-01 1.065408e-18
    outer loop
      vertex   -8.149976e+01 3.931340e+02 4.000000e+01
      vertex   -8.125858e+01 3.932339e+02 1.272727e+01
      vertex   -8.125858e+01 3.932339e+02 7.272727e+00
    endloop
  endfacet
  facet normal -1.305262e-01 9.914449e-01 0.000000e+00
    outer loop
      vertex   -8.125858e+01 3.932339e+02 7.272727e+00
      vertex   -8.125858e+01 3.932339e+02 1.272727e+01
      vertex   -8.099976e+01 3.932679e+02 7.272727e+00
    endloop
  endfacet
  facet normal -1.305262e-01 9.914449e-01 3.464691e-19
    outer loop
      vertex   -8.125858e+01 3.932339e+02 7.272727e+00
      vertex   -8.099976e+01 3.932679e+02 7.272727e+00
      vertex   -8.099976e+01 3.932679e+02 1.818182e+00
    endloop
  endfacet
  facet normal 1.305262e-01 9.914449e-01 -0.000000e+00
    outer loop
      vertex   -8.099976e+01 3.932679e+02 1.818182e+00
      vertex   -8.099976e+01 3.932679e+02 7.272727e+00
      vertex   -8.074094e+01 3.932339e+02 1.818182e+00
    endloop
  endfacet
  facet normal 1.305262e-01 9.914449e-01 3.760961e-19
    outer loop
      vertex   -8.099976e+01 3.932679e+02 1.818182e+00
      vertex   -8.074094e+01 3.932339e+02 1.818182e+00
      vertex   -8.074094e+01 3.932339e+02 -3.636364e+00
    endloop
  endfacet
  facet normal 3.826834e-01 9.238795e-01 -0.000000e+00
    outer loop
      vertex   -8.074094e+01 3.932339e+02 -3.636364e+00
      vertex   -8.074094e+01 3.932339e+02 1.818182e+00
      vertex   -8.049976e+01 3.931340e+02 -3.636364e+00
    endloop
  endfacet
  facet normal 3.826834e-01 9.238795e-01 -5.972734e-19
    outer loop
      vertex   -8.074094e+01 3.932339e+02 -3.636364e+00
      vertex   -8.049976e+01 3.931340e+02 -3.636364e+00
      vertex   -8.049976e+01 3.931340e+02 -9.090909e+00
    endloop
  endfacet
  facet normal 6.087614e-01 7.933533e-01 -0.000000e+00
    outer loop
      vertex   -8.049976e+01 3.931340e+02 -9.090909e+00
      vertex   -8.049976e+01 3.931340e+02 -3.636364e+00
      vertex   -8.029265e+01 3.929751e+02 -9.090909e+00
    endloop
  endfacet
  facet normal 6.087614e-01 7.933533e-01 -1.528034e-18
    outer loop
      vertex   -8.049976e+01 3.931340e+02 -9.090909e+00
      vertex   -8.029265e+01 3.929751e+02 -9.090909e+00
      vertex   -8.029265e+01 3.929751e+02 -1.454545e+01
    endloop
  endfacet
  facet normal 7.933533e-01 6.087614e-01 -0.000000e+00
    outer loop
      vertex   -8.029265e+01 3.929751e+02 -1.454545e+01
      vertex   -8.029265e+01 3.929751e+02 -9.090909e+00
      vertex   -8.013373e+01 3.927679e+02 -1.454545e+01
    endloop
  endfacet
  facet normal -1.305262e-01 9.914449e-01 0.000000e+00
    outer loop
      vertex   -8.125858e+01 3.932339e+02 2.363636e+01
      vertex   -8.099976e+01 3.932679e+02 1.818182e+01
      vertex   -8.125858e+01 3.932339e+02 1.818182e+01
    endloop
  endfacet
  facet normal -1.305262e-01 9.914449e-01 3.464691e-19
    outer loop
      vertex   -8.125858e+01 3.932339e+02 1.818182e+01
      vertex   -8.099976e+01 3.932679e+02 1.818182e+01
      vertex   -8.099976e+01 3.932679e+02 1.272727e+01
    endloop
  endfacet
  facet normal -1.305262e-01 9.914449e-01 0.000000e+00
    outer loop
      vertex   -8.125858e+01 3.932339e+02 1.818182e+01
      vertex   -8.099976e+01 3.932679e+02 1.272727e+01
      vertex   -8.125858e+01 3.932339e+02 1.272727e+01
    endloop
  endfacet
  facet normal -1.305262e-01 9.914449e-01 3.464691e-19
    outer loop
      vertex   -8.125858e+01 3.932339e+02 1.272727e+01
      vertex   -8.099976e+01 3.932679e+02 1.272727e+01
      vertex   -8.099976e+01 3.932679e+02 7.272727e+00
    endloop
  endfacet
  facet normal -1.305262e-01 9.914449e-01 0.000000e+00
    outer loop
      vertex   -8.099976e+01 3.932679e+02 -3.636364e+00
      vertex   -8.125858e+01 3.932339e+02 1.818182e+00
      vertex   -8.099976e+01 3.932679e+02 1.818182e+00
    endloop
  endfacet
  facet normal -1.305262e-01 9.914449e-01 3.464691e-19
    outer loop
      vertex   -8.099976e+01 3.932679e+02 1.818182e+00
      vertex   -8.125858e+01 3.932339e+02 1.818182e+00
      vertex   -8.125858e+01 3.932339e+02 7.272727e+00
    endloop
  endfacet
  facet normal -3.826834e-01 9.238795e-01 0.000000e+00
    outer loop
      vertex   -8.125858e+01 3.932339e+02 -1.454545e+01
      vertex   -8.149976e+01 3.931340e+02 -2.000000e+01
      vertex   -8.125858e+01 3.932339e+02 -9.090909e+00
    endloop
  endfacet
  facet normal -3.826834e-01 9.238795e-01 0.000000e+00
    outer loop
      vertex   -8.125858e+01 3.932339e+02 -9.090909e+00
      vertex   -8.149976e+01 3.931340e+02 -2.000000e+01
      vertex   -8.125858e+01 3.932339e+02 -3.636364e+00
    endloop
  endfacet
  facet normal -1.305262e-01 9.914449e-01 0.000000e+00
    outer loop
      vertex   -8.125858e+01 3.932339e+02 -9.090909e+00
      vertex   -8.125858e+01 3.932339e+02 -3.636364e+00
      vertex   -8.099976e+01 3.932679e+02 -9.090909e+00
    endloop
  endfacet
  facet normal -1.305262e-01 9.914449e-01 3.464691e-19
    outer loop
      vertex   -8.099976e+01 3.932679e+02 -1.454545e+01
      vertex   -8.125858e+01 3.932339e+02 -1.454545e+01
      vertex   -8.125858e+01 3.932339e+02 -9.090909e+00
    endloop
  endfacet
  facet normal -1.305262e-01 9.914449e-01 0.000000e+00
    outer loop
      vertex   -8.099976e+01 3.932679e+02 -1.454545e+01
      vertex   -8.125858e+01 3.932339e+02 -9.090909e+00
      vertex   -8.099976e+01 3.932679e+02 -9.090909e+00
    endloop
  endfacet
  facet normal -1.305262e-01 9.914449e-01 3.464691e-19
    outer loop
      vertex   -8.125858e+01 3.932339e+02 2.909091e+01
      vertex   -8.099976e+01 3.932679e+02 2.909091e+01
      vertex   -8.099976e+01 3.932679e+02 2.363636e+01
    endloop
  endfacet
  facet normal 1.305262e-01 9.914449e-01 -0.000000e+00
    outer loop
      vertex   -8.099976e+01 3.932679e+02 2.363636e+01
      vertex   -8.099976e+01 3.932679e+02 2.909091e+01
      vertex   -8.074094e+01 3.932339e+02 2.363636e+01
    endloop
  endfacet
  facet normal 1.305262e-01 9.914449e-01 3.760961e-19
    outer loop
      vertex   -8.099976e+01 3.932679e+02 2.363636e+01
      vertex   -8.074094e+01 3.932339e+02 2.363636e+01
      vertex   -8.074094e+01 3.932339e+02 1.818182e+01
    endloop
  endfacet
  facet normal 3.826834e-01 9.238795e-01 -0.000000e+00
    outer loop
      vertex   -8.074094e+01 3.932339e+02 1.818182e+01
      vertex   -8.074094e+01 3.932339e+02 2.363636e+01
      vertex   -8.049976e+01 3.931340e+02 1.818182e+01
    endloop
  endfacet
  facet normal 3.826834e-01 9.238795e-01 -5.972734e-19
    outer loop
      vertex   -8.074094e+01 3.932339e+02 1.818182e+01
      vertex   -8.049976e+01 3.931340e+02 1.818182e+01
      vertex   -8.049976e+01 3.931340e+02 1.272727e+01
    endloop
  endfacet
  facet normal 6.087614e-01 7.933533e-01 -0.000000e+00
    outer loop
      vertex   -8.049976e+01 3.931340e+02 1.272727e+01
      vertex   -8.049976e+01 3.931340e+02 1.818182e+01
      vertex   -8.029265e+01 3.929751e+02 1.272727e+01
    endloop
  endfacet
  facet normal 6.087614e-01 7.933533e-01 -1.528034e-18
    outer loop
      vertex   -8.049976e+01 3.931340e+02 1.272727e+01
      vertex   -8.029265e+01 3.929751e+02 1.272727e+01
      vertex   -8.029265e+01 3.929751e+02 7.272727e+00
    endloop
  endfacet
  facet normal 7.933533e-01 6.087614e-01 -0.000000e+00
    outer loop
      vertex   -8.029265e+01 3.929751e+02 7.272727e+00
      vertex   -8.029265e+01 3.929751e+02 1.272727e+01
      vertex   -8.013373e+01 3.927679e+02 7.272727e+00
    endloop
  endfacet
  facet normal 7.933533e-01 6.087614e-01 -1.715691e-18
    outer loop
      vertex   -8.029265e+01 3.929751e+02 7.272727e+00
      vertex   -8.013373e+01 3.927679e+02 7.272727e+00
      vertex   -8.013373e+01 3.927679e+02 1.818182e+00
    endloop
  endfacet
  facet normal 9.238795e-01 3.826834e-01 -0.000000e+00
    outer loop
      vertex   -8.013373e+01 3.927679e+02 1.818182e+00
      vertex   -8.013373e+01 3.927679e+02 7.272727e+00
      vertex   -8.003383e+01 3.925268e+02 1.818182e+00
    endloop
  endfacet
  facet normal 9.238795e-01 3.826834e-01 5.307371e-19
    outer loop
      vertex   -8.013373e+01 3.927679e+02 1.818182e+00
      vertex   -8.003383e+01 3.925268e+02 1.818182e+00
      vertex   -8.003383e+01 3.925268e+02 -3.636364e+00
    endloop
  endfacet
  facet normal 9.914449e-01 1.305262e-01 -0.000000e+00
    outer loop
      vertex   -8.003383e+01 3.925268e+02 -3.636364e+00
      vertex   -8.003383e+01 3.925268e+02 1.818182e+00
      vertex   -7.999976e+01 3.922679e+02 -2.000000e+01
    endloop
  endfacet
  facet normal 1.305262e-01 9.914449e-01 -0.000000e+00
    outer loop
      vertex   -8.074094e+01 3.932339e+02 2.363636e+01
      vertex   -8.099976e+01 3.932679e+02 2.909091e+01
      vertex   -8.074094e+01 3.932339e+02 2.909091e+01
    endloop
  endfacet
  facet normal 1.305262e-01 9.914449e-01 0.000000e+00
    outer loop
      vertex   -8.099976e+01 3.932679e+02 1.818182e+01
      vertex   -8.074094e+01 3.932339e+02 1.272727e+01
      vertex   -8.099976e+01 3.932679e+02 1.272727e+01
    endloop
  endfacet
  facet normal 1.305262e-01 9.914449e-01 3.760961e-19
    outer loop
      vertex   -8.099976e+01 3.932679e+02 1.272727e+01
      vertex   -8.074094e+01 3.932339e+02 1.272727e+01
      vertex   -8.074094e+01 3.932339e+02 7.272727e+00
    endloop
  endfacet
  facet normal 1.305262e-01 9.914449e-01 0.000000e+00
    outer loop
      vertex   -8.099976e+01 3.932679e+02 1.272727e+01
      vertex   -8.074094e+01 3.932339e+02 7.272727e+00
      vertex   -8.099976e+01 3.932679e+02 7.272727e+00
    endloop
  endfacet
  facet normal 1.305262e-01 9.914449e-01 3.760961e-19
    outer loop
      vertex   -8.099976e+01 3.932679e+02 7.272727e+00
      vertex   -8.074094e+01 3.932339e+02 7.272727e+00
      vertex   -8.074094e+01 3.932339e+02 1.818182e+00
    endloop
  endfacet
  facet normal 1.305262e-01 9.914449e-01 -0.000000e+00
    outer loop
      vertex   -8.074094e+01 3.932339e+02 -9.090909e+00
      vertex   -8.099976e+01 3.932679e+02 -3.636364e+00
      vertex   -8.074094e+01 3.932339e+02 -3.636364e+00
    endloop
  endfacet
  facet normal 1.305262e-01 9.914449e-01 3.760961e-19
    outer loop
      vertex   -8.074094e+01 3.932339e+02 -3.636364e+00
      vertex   -8.099976e+01 3.932679e+02 -3.636364e+00
      vertex   -8.099976e+01 3.932679e+02 1.818182e+00
    endloop
  endfacet
  facet normal 1.305262e-01 9.914449e-01 3.760961e-19
    outer loop
      vertex   -8.074094e+01 3.932339e+02 -1.454545e+01
      vertex   -8.099976e+01 3.932679e+02 -1.454545e+01
      vertex   -8.099976e+01 3.932679e+02 -9.090909e+00
    endloop
  endfacet
  facet normal 3.826834e-01 9.238795e-01 -0.000000e+00
    outer loop
      vertex   -8.074094e+01 3.932339e+02 2.363636e+01
      vertex   -8.074094e+01 3.932339e+02 2.909091e+01
      vertex   -8.049976e+01 3.931340e+02 2.363636e+01
    endloop
  endfacet
  facet normal 3.826834e-01 9.238795e-01 -0.000000e+00
    outer loop
      vertex   -8.049976e+01 3.931340e+02 2.363636e+01
      vertex   -8.074094e+01 3.932339e+02 2.909091e+01
      vertex   -8.049976e+01 3.931340e+02 2.909091e+01
    endloop
  endfacet
  facet normal 6.087614e-01 7.933533e-01 -0.000000e+00
    outer loop
      vertex   -8.049976e+01 3.931340e+02 2.363636e+01
      vertex   -8.049976e+01 3.931340e+02 2.909091e+01
      vertex   -8.029265e+01 3.929751e+02 2.363636e+01
    endloop
  endfacet
  facet normal 6.087614e-01 7.933533e-01 -0.000000e+00
    outer loop
      vertex   -8.029265e+01 3.929751e+02 2.363636e+01
      vertex   -8.049976e+01 3.931340e+02 2.909091e+01
      vertex   -8.029265e+01 3.929751e+02 2.909091e+01
    endloop
  endfacet
  facet normal 7.933533e-01 6.087614e-01 -0.000000e+00
    outer loop
      vertex   -8.029265e+01 3.929751e+02 2.363636e+01
      vertex   -8.029265e+01 3.929751e+02 2.909091e+01
      vertex   -8.013373e+01 3.927679e+02 2.363636e+01
    endloop
  endfacet
  facet normal 3.826834e-01 9.238795e-01 0.000000e+00
    outer loop
      vertex   -8.074094e+01 3.932339e+02 1.272727e+01
      vertex   -8.049976e+01 3.931340e+02 7.272727e+00
      vertex   -8.074094e+01 3.932339e+02 7.272727e+00
    endloop
  endfacet
  facet normal 3.826834e-01 9.238795e-01 -5.972734e-19
    outer loop
      vertex   -8.074094e+01 3.932339e+02 7.272727e+00
      vertex   -8.049976e+01 3.931340e+02 7.272727e+00
      vertex   -8.049976e+01 3.931340e+02 1.818182e+00
    endloop
  endfacet
  facet normal 3.826834e-01 9.238795e-01 0.000000e+00
    outer loop
      vertex   -8.074094e+01 3.932339e+02 7.272727e+00
      vertex   -8.049976e+01 3.931340e+02 1.818182e+00
      vertex   -8.074094e+01 3.932339e+02 1.818182e+00
    endloop
  endfacet
  facet normal 3.826834e-01 9.238795e-01 -5.972734e-19
    outer loop
      vertex   -8.074094e+01 3.932339e+02 1.818182e+00
      vertex   -8.049976e+01 3.931340e+02 1.818182e+00
      vertex   -8.049976e+01 3.931340e+02 -3.636364e+00
    endloop
  endfacet
  facet normal 3.826834e-01 9.238795e-01 -0.000000e+00
    outer loop
      vertex   -8.049976e+01 3.931340e+02 -1.454545e+01
      vertex   -8.074094e+01 3.932339e+02 -9.090909e+00
      vertex   -8.049976e+01 3.931340e+02 -9.090909e+00
    endloop
  endfacet
  facet normal 3.826834e-01 9.238795e-01 -5.972734e-19
    outer loop
      vertex   -8.049976e+01 3.931340e+02 -9.090909e+00
      vertex   -8.074094e+01 3.932339e+02 -9.090909e+00
      vertex   -8.074094e+01 3.932339e+02 -3.636364e+00
    endloop
  endfacet
  facet normal 3.826834e-01 9.238795e-01 -5.972734e-19
    outer loop
      vertex   -8.074094e+01 3.932339e+02 2.363636e+01
      vertex   -8.049976e+01 3.931340e+02 2.363636e+01
      vertex   -8.049976e+01 3.931340e+02 1.818182e+01
    endloop
  endfacet
  facet normal 6.087614e-01 7.933533e-01 -0.000000e+00
    outer loop
      vertex   -8.049976e+01 3.931340e+02 1.818182e+01
      vertex   -8.049976e+01 3.931340e+02 2.363636e+01
      vertex   -8.029265e+01 3.929751e+02 1.818182e+01
    endloop
  endfacet
  facet normal 6.087614e-01 7.933533e-01 -1.528034e-18
    outer loop
      vertex   -8.049976e+01 3.931340e+02 1.818182e+01
      vertex   -8.029265e+01 3.929751e+02 1.818182e+01
      vertex   -8.029265e+01 3.929751e+02 1.272727e+01
    endloop
  endfacet
  facet normal 7.933533e-01 6.087614e-01 -0.000000e+00
    outer loop
      vertex   -8.029265e+01 3.929751e+02 1.272727e+01
      vertex   -8.029265e+01 3.929751e+02 1.818182e+01
      vertex   -8.013373e+01 3.927679e+02 1.272727e+01
    endloop
  endfacet
  facet normal 7.933533e-01 6.087614e-01 -1.715691e-18
    outer loop
      vertex   -8.029265e+01 3.929751e+02 1.272727e+01
      vertex   -8.013373e+01 3.927679e+02 1.272727e+01
      vertex   -8.013373e+01 3.927679e+02 7.272727e+00
    endloop
  endfacet
  facet normal 9.238795e-01 3.826834e-01 -0.000000e+00
    outer loop
      vertex   -8.013373e+01 3.927679e+02 7.272727e+00
      vertex   -8.013373e+01 3.927679e+02 1.272727e+01
      vertex   -8.003383e+01 3.925268e+02 7.272727e+00
    endloop
  endfacet
  facet normal 9.238795e-01 3.826834e-01 5.307371e-19
    outer loop
      vertex   -8.013373e+01 3.927679e+02 7.272727e+00
      vertex   -8.003383e+01 3.925268e+02 7.272727e+00
      vertex   -8.003383e+01 3.925268e+02 1.818182e+00
    endloop
  endfacet
  facet normal 9.914449e-01 1.305262e-01 -0.000000e+00
    outer loop
      vertex   -8.003383e+01 3.925268e+02 1.818182e+00
      vertex   -8.003383e+01 3.925268e+02 7.272727e+00
      vertex   -7.999976e+01 3.922679e+02 -2.000000e+01
    endloop
  endfacet
  facet normal 6.087614e-01 7.933533e-01 -0.000000e+00
    outer loop
      vertex   -8.029265e+01 3.929751e+02 1.818182e+01
      vertex   -8.049976e+01 3.931340e+02 2.363636e+01
      vertex   -8.029265e+01 3.929751e+02 2.363636e+01
    endloop
  endfacet
  facet normal 6.087614e-01 7.933533e-01 0.000000e+00
    outer loop
      vertex   -8.049976e+01 3.931340e+02 7.272727e+00
      vertex   -8.029265e+01 3.929751e+02 1.818182e+00
      vertex   -8.049976e+01 3.931340e+02 1.818182e+00
    endloop
  endfacet
  facet normal 6.087614e-01 7.933533e-01 -1.528034e-18
    outer loop
      vertex   -8.049976e+01 3.931340e+02 1.818182e+00
      vertex   -8.029265e+01 3.929751e+02 1.818182e+00
      vertex   -8.029265e+01 3.929751e+02 -3.636364e+00
    endloop
  endfacet
  facet normal 6.087614e-01 7.933533e-01 0.000000e+00
    outer loop
      vertex   -8.049976e+01 3.931340e+02 1.818182e+00
      vertex   -8.029265e+01 3.929751e+02 -3.636364e+00
      vertex   -8.049976e+01 3.931340e+02 -3.636364e+00
    endloop
  endfacet
  facet normal 6.087614e-01 7.933533e-01 -1.528034e-18
    outer loop
      vertex   -8.049976e+01 3.931340e+02 -3.636364e+00
      vertex   -8.029265e+01 3.929751e+02 -3.636364e+00
      vertex   -8.029265e+01 3.929751e+02 -9.090909e+00
    endloop
  endfacet
  facet normal 6.087614e-01 7.933533e-01 -1.528034e-18
    outer loop
      vertex   -8.029265e+01 3.929751e+02 -1.454545e+01
      vertex   -8.049976e+01 3.931340e+02 -1.454545e+01
      vertex   -8.049976e+01 3.931340e+02 -9.090909e+00
    endloop
  endfacet
  facet normal 7.933533e-01 6.087614e-01 -0.000000e+00
    outer loop
      vertex   -8.013373e+01 3.927679e+02 2.909091e+01
      vertex   -8.029265e+01 3.929751e+02 3.454545e+01
      vertex   -8.013373e+01 3.927679e+02 3.454545e+01
    endloop
  endfacet
  facet normal 7.933533e-01 6.087614e-01 -0.000000e+00
    outer loop
      vertex   -8.029265e+01 3.929751e+02 1.818182e+01
      vertex   -8.029265e+01 3.929751e+02 2.363636e+01
      vertex   -8.013373e+01 3.927679e+02 1.818182e+01
    endloop
  endfacet
  facet normal 7.933533e-01 6.087614e-01 -0.000000e+00
    outer loop
      vertex   -8.013373e+01 3.927679e+02 1.818182e+01
      vertex   -8.029265e+01 3.929751e+02 2.363636e+01
      vertex   -8.013373e+01 3.927679e+02 2.363636e+01
    endloop
  endfacet
  facet normal 9.238795e-01 3.826834e-01 -0.000000e+00
    outer loop
      vertex   -8.013373e+01 3.927679e+02 1.818182e+01
      vertex   -8.013373e+01 3.927679e+02 2.363636e+01
      vertex   -8.003383e+01 3.925268e+02 1.818182e+01
    endloop
  endfacet
  facet normal 7.933533e-01 6.087614e-01 0.000000e+00
    outer loop
      vertex   -8.029265e+01 3.929751e+02 1.818182e+00
      vertex   -8.013373e+01 3.927679e+02 -3.636364e+00
      vertex   -8.029265e+01 3.929751e+02 -3.636364e+00
    endloop
  endfacet
  facet normal 7.933533e-01 6.087614e-01 -1.715691e-18
    outer loop
      vertex   -8.029265e+01 3.929751e+02 -3.636364e+00
      vertex   -8.013373e+01 3.927679e+02 -3.636364e+00
      vertex   -8.013373e+01 3.927679e+02 -9.090909e+00
    endloop
  endfacet
  facet normal 7.933533e-01 6.087614e-01 0.000000e+00
    outer loop
      vertex   -8.029265e+01 3.929751e+02 -3.636364e+00
      vertex   -8.013373e+01 3.927679e+02 -9.090909e+00
      vertex   -8.029265e+01 3.929751e+02 -9.090909e+00
    endloop
  endfacet
  facet normal 7.933533e-01 6.087614e-01 -1.715691e-18
    outer loop
      vertex   -8.029265e+01 3.929751e+02 -9.090909e+00
      vertex   -8.013373e+01 3.927679e+02 -9.090909e+00
      vertex   -8.013373e+01 3.927679e+02 -1.454545e+01
    endloop
  endfacet
  facet normal 9.238795e-01 3.826834e-01 -0.000000e+00
    outer loop
      vertex   -8.013373e+01 3.927679e+02 2.909091e+01
      vertex   -8.013373e+01 3.927679e+02 3.454545e+01
      vertex   -8.003383e+01 3.925268e+02 2.909091e+01
    endloop
  endfacet
  facet normal 9.238795e-01 3.826834e-01 -0.000000e+00
    outer loop
      vertex   -8.003383e+01 3.925268e+02 2.909091e+01
      vertex   -8.013373e+01 3.927679e+02 3.454545e+01
      vertex   -8.003383e+01 3.925268e+02 3.454545e+01
    endloop
  endfacet
  facet normal 9.914449e-01 1.305262e-01 -0.000000e+00
    outer loop
      vertex   -8.003383e+01 3.925268e+02 2.909091e+01
      vertex   -8.003383e+01 3.925268e+02 3.454545e+01
      vertex   -7.999976e+01 3.922679e+02 4.000000e+01
    endloop
  endfacet
  facet normal 7.933533e-01 6.087614e-01 -1.715691e-18
    outer loop
      vertex   -8.029265e+01 3.929751e+02 1.818182e+01
      vertex   -8.013373e+01 3.927679e+02 1.818182e+01
      vertex   -8.013373e+01 3.927679e+02 1.272727e+01
    endloop
  endfacet
  facet normal 9.238795e-01 3.826834e-01 -0.000000e+00
    outer loop
      vertex   -8.013373e+01 3.927679e+02 1.272727e+01
      vertex   -8.013373e+01 3.927679e+02 1.818182e+01
      vertex   -8.003383e+01 3.925268e+02 1.272727e+01
    endloop
  endfacet
  facet normal 9.238795e-01 3.826834e-01 5.307371e-19
    outer loop
      vertex   -8.013373e+01 3.927679e+02 1.272727e+01
      vertex   -8.003383e+01 3.925268e+02 1.272727e+01
      vertex   -8.003383e+01 3.925268e+02 7.272727e+00
    endloop
  endfacet
  facet normal 9.914449e-01 1.305262e-01 -0.000000e+00
    outer loop
      vertex   -8.003383e+01 3.925268e+02 7.272727e+00
      vertex   -8.003383e+01 3.925268e+02 1.272727e+01
      vertex   -7.999976e+01 3.922679e+02 -2.000000e+01
    endloop
  endfacet
  facet normal 9.238795e-01 3.826834e-01 -0.000000e+00
    outer loop
      vertex   -8.003383e+01 3.925268e+02 1.272727e+01
      vertex   -8.013373e+01 3.927679e+02 1.818182e+01
      vertex   -8.003383e+01 3.925268e+02 1.818182e+01
    endloop
  endfacet
  facet normal 9.238795e-01 3.826834e-01 5.307371e-19
    outer loop
      vertex   -8.003383e+01 3.925268e+02 -1.454545e+01
      vertex   -8.013373e+01 3.927679e+02 -1.454545e+01
      vertex   -8.013373e+01 3.927679e+02 -9.090909e+00
    endloop
  endfacet
  facet normal 9.238795e-01 3.826834e-01 -0.000000e+00
    outer loop
      vertex   -8.003383e+01 3.925268e+02 -1.454545e+01
      vertex   -8.013373e+01 3.927679e+02 -9.090909e+00
      vertex   -8.003383e+01 3.925268e+02 -9.090909e+00
    endloop
  endfacet
  facet normal 9.238795e-01 3.826834e-01 5.307371e-19
    outer loop
      vertex   -8.003383e+01 3.925268e+02 -9.090909e+00
      vertex   -8.013373e+01 3.927679e+02 -9.090909e+00
      vertex   -8.013373e+01 3.927679e+02 -3.636364e+00
    endloop
  endfacet
  facet normal 9.914449e-01 1.305262e-01 2.832305e-19
    outer loop
      vertex   -7.999976e+01 3.922679e+02 4.000000e+01
      vertex   -8.003383e+01 3.925268e+02 2.363636e+01
      vertex   -8.003383e+01 3.925268e+02 2.909091e+01
    endloop
  endfacet
  facet normal 9.238795e-01 3.826834e-01 0.000000e+00
    outer loop
      vertex   -8.003383e+01 3.925268e+02 2.909091e+01
      vertex   -8.003383e+01 3.925268e+02 2.363636e+01
      vertex   -8.013373e+01 3.927679e+02 2.909091e+01
    endloop
  endfacet
  facet normal 1.000000e+00 0.000000e+00 0.000000e+00
    outer loop
      vertex   -7.999976e+01 3.922679e+02 4.000000e+01
      vertex   -7.999976e+01 3.817321e+02 4.000000e+01
      vertex   -7.999976e+01 3.922679e+02 -2.000000e+01
    endloop
  endfacet
  facet normal 1.000000e+00 0.000000e+00 0.000000e+00
    outer loop
      vertex   -7.999976e+01 3.922679e+02 -2.000000e+01
      vertex   -7.999976e+01 3.817321e+02 4.000000e+01
      vertex   -7.999976e+01 3.817321e+02 -2.000000e+01
    endloop
  endfacet
  facet normal 9.914449e-01 -1.305262e-01 2.583034e-15
    outer loop
      vertex   -8.003383e+01 3.814732e+02 4.000000e+01
      vertex   -8.003383e+01 3.814732e+02 3.454545e+01
      vertex   -7.999976e+01 3.817321e+02 4.000000e+01
    endloop
  endfacet
  facet normal 9.914449e-01 -1.305262e-01 3.152270e-19
    outer loop
      vertex   -7.999976e+01 3.817321e+02 4.000000e+01
      vertex   -8.003383e+01 3.814732e+02 3.454545e+01
      vertex   -8.003383e+01 3.814732e+02 2.909091e+01
    endloop
  endfacet
  facet normal 9.914449e-01 -1.305262e-01 3.152270e-19
    outer loop
      vertex   -7.999976e+01 3.817321e+02 4.000000e+01
      vertex   -8.003383e+01 3.814732e+02 2.909091e+01
      vertex   -8.003383e+01 3.814732e+02 2.363636e+01
    endloop
  endfacet
  facet normal 9.238795e-01 -3.826834e-01 0.000000e+00
    outer loop
      vertex   -8.003383e+01 3.814732e+02 2.363636e+01
      vertex   -8.003383e+01 3.814732e+02 2.909091e+01
      vertex   -8.013373e+01 3.812321e+02 2.363636e+01
    endloop
  endfacet
  facet normal 9.238795e-01 -3.826834e-01 -2.315084e-19
    outer loop
      vertex   -8.003383e+01 3.814732e+02 2.363636e+01
      vertex   -8.013373e+01 3.812321e+02 2.363636e+01
      vertex   -8.013373e+01 3.812321e+02 1.818182e+01
    endloop
  endfacet
  facet normal 7.933533e-01 -6.087614e-01 0.000000e+00
    outer loop
      vertex   -8.013373e+01 3.812321e+02 1.818182e+01
      vertex   -8.013373e+01 3.812321e+02 2.363636e+01
      vertex   -8.029265e+01 3.810249e+02 1.818182e+01
    endloop
  endfacet
  facet normal 7.933533e-01 -6.087614e-01 1.715691e-18
    outer loop
      vertex   -8.013373e+01 3.812321e+02 1.818182e+01
      vertex   -8.029265e+01 3.810249e+02 1.818182e+01
      vertex   -8.029265e+01 3.810249e+02 1.272727e+01
    endloop
  endfacet
  facet normal 6.087614e-01 -7.933533e-01 0.000000e+00
    outer loop
      vertex   -8.029265e+01 3.810249e+02 1.272727e+01
      vertex   -8.029265e+01 3.810249e+02 1.818182e+01
      vertex   -8.049976e+01 3.808660e+02 1.272727e+01
    endloop
  endfacet
  facet normal 6.087614e-01 -7.933533e-01 -7.396029e-19
    outer loop
      vertex   -8.029265e+01 3.810249e+02 1.272727e+01
      vertex   -8.049976e+01 3.808660e+02 1.272727e+01
      vertex   -8.049976e+01 3.808660e+02 7.272727e+00
    endloop
  endfacet
  facet normal 3.826834e-01 -9.238795e-01 0.000000e+00
    outer loop
      vertex   -8.049976e+01 3.808660e+02 7.272727e+00
      vertex   -8.049976e+01 3.808660e+02 1.272727e+01
      vertex   -8.074094e+01 3.807661e+02 7.272727e+00
    endloop
  endfacet
  facet normal 3.826834e-01 -9.238795e-01 2.939143e-19
    outer loop
      vertex   -8.049976e+01 3.808660e+02 7.272727e+00
      vertex   -8.074094e+01 3.807661e+02 7.272727e+00
      vertex   -8.074094e+01 3.807661e+02 1.818182e+00
    endloop
  endfacet
  facet normal 1.305262e-01 -9.914449e-01 0.000000e+00
    outer loop
      vertex   -8.074094e+01 3.807661e+02 1.818182e+00
      vertex   -8.074094e+01 3.807661e+02 7.272727e+00
      vertex   -8.099976e+01 3.807321e+02 1.818182e+00
    endloop
  endfacet
  facet normal 1.305262e-01 -9.914449e-01 4.903481e-19
    outer loop
      vertex   -8.074094e+01 3.807661e+02 1.818182e+00
      vertex   -8.099976e+01 3.807321e+02 1.818182e+00
      vertex   -8.099976e+01 3.807321e+02 -3.636364e+00
    endloop
  endfacet
  facet normal -1.305262e-01 -9.914449e-01 0.000000e+00
    outer loop
      vertex   -8.099976e+01 3.807321e+02 -3.636364e+00
      vertex   -8.099976e+01 3.807321e+02 1.818182e+00
      vertex   -8.125858e+01 3.807661e+02 -3.636364e+00
    endloop
  endfacet
  facet normal -1.305262e-01 -9.914449e-01 -3.251127e-19
    outer loop
      vertex   -8.099976e+01 3.807321e+02 -3.636364e+00
      vertex   -8.125858e+01 3.807661e+02 -3.636364e+00
      vertex   -8.125858e+01 3.807661e+02 -9.090909e+00
    endloop
  endfacet
  facet normal -3.826834e-01 -9.238795e-01 0.000000e+00
    outer loop
      vertex   -8.125858e+01 3.807661e+02 -9.090909e+00
      vertex   -8.125858e+01 3.807661e+02 -3.636364e+00
      vertex   -8.149976e+01 3.808660e+02 -2.000000e+01
    endloop
  endfacet
  facet normal -3.826834e-01 -9.238795e-01 -0.000000e+00
    outer loop
      vertex   -8.125858e+01 3.807661e+02 -9.090909e+00
      vertex   -8.149976e+01 3.808660e+02 -2.000000e+01
      vertex   -8.125858e+01 3.807661e+02 -1.454545e+01
    endloop
  endfacet
  facet normal -3.826834e-01 -9.238795e-01 -0.000000e+00
    outer loop
      vertex   -8.125858e+01 3.807661e+02 -1.454545e+01
      vertex   -8.149976e+01 3.808660e+02 -2.000000e+01
      vertex   -8.125858e+01 3.807661e+02 -2.000000e+01
    endloop
  endfacet
  facet normal -1.305262e-01 -9.914449e-01 -0.000000e+00
    outer loop
      vertex   -8.125858e+01 3.807661e+02 -1.454545e+01
      vertex   -8.125858e+01 3.807661e+02 -2.000000e+01
      vertex   -8.099976e+01 3.807321e+02 -1.454545e+01
    endloop
  endfacet
  facet normal -1.305262e-01 -9.914449e-01 -0.000000e+00
    outer loop
      vertex   -8.099976e+01 3.807321e+02 -1.454545e+01
      vertex   -8.125858e+01 3.807661e+02 -2.000000e+01
      vertex   -8.099976e+01 3.807321e+02 -2.000000e+01
    endloop
  endfacet
  facet normal 1.305262e-01 -9.914449e-01 0.000000e+00
    outer loop
      vertex   -8.099976e+01 3.807321e+02 -1.454545e+01
      vertex   -8.099976e+01 3.807321e+02 -2.000000e+01
      vertex   -8.074094e+01 3.807661e+02 -1.454545e+01
    endloop
  endfacet
  facet normal 1.305262e-01 -9.914449e-01 0.000000e+00
    outer loop
      vertex   -8.074094e+01 3.807661e+02 -1.454545e+01
      vertex   -8.099976e+01 3.807321e+02 -2.000000e+01
      vertex   -8.074094e+01 3.807661e+02 -2.000000e+01
    endloop
  endfacet
  facet normal 3.826834e-01 -9.238795e-01 0.000000e+00
    outer loop
      vertex   -8.074094e+01 3.807661e+02 -1.454545e+01
      vertex   -8.074094e+01 3.807661e+02 -2.000000e+01
      vertex   -8.049976e+01 3.808660e+02 -1.454545e+01
    endloop
  endfacet
  facet normal 3.826834e-01 -9.238795e-01 0.000000e+00
    outer loop
      vertex   -8.049976e+01 3.808660e+02 -1.454545e+01
      vertex   -8.074094e+01 3.807661e+02 -2.000000e+01
      vertex   -8.049976e+01 3.808660e+02 -2.000000e+01
    endloop
  endfacet
  facet normal 6.087614e-01 -7.933533e-01 0.000000e+00
    outer loop
      vertex   -8.049976e+01 3.808660e+02 -1.454545e+01
      vertex   -8.049976e+01 3.808660e+02 -2.000000e+01
      vertex   -8.029265e+01 3.810249e+02 -1.454545e+01
    endloop
  endfacet
  facet normal 6.087614e-01 -7.933533e-01 -1.586020e-15
    outer loop
      vertex   -8.029265e+01 3.810249e+02 -1.454545e+01
      vertex   -8.049976e+01 3.808660e+02 -2.000000e+01
      vertex   -8.029265e+01 3.810249e+02 -2.000000e+01
    endloop
  endfacet
  facet normal 7.933533e-01 -6.087614e-01 -2.066942e-15
    outer loop
      vertex   -8.029265e+01 3.810249e+02 -1.454545e+01
      vertex   -8.029265e+01 3.810249e+02 -2.000000e+01
      vertex   -8.013373e+01 3.812321e+02 -1.454545e+01
    endloop
  endfacet
  facet normal 7.933533e-01 -6.087614e-01 2.066942e-15
    outer loop
      vertex   -8.013373e+01 3.812321e+02 -1.454545e+01
      vertex   -8.029265e+01 3.810249e+02 -2.000000e+01
      vertex   -8.013373e+01 3.812321e+02 -2.000000e+01
    endloop
  endfacet
  facet normal 9.238795e-01 -3.826834e-01 2.407005e-15
    outer loop
      vertex   -8.013373e+01 3.812321e+02 -1.454545e+01
      vertex   -8.013373e+01 3.812321e+02 -2.000000e+01
      vertex   -8.003383e+01 3.814732e+02 -1.454545e+01
    endloop
  endfacet
  facet normal 9.238795e-01 -3.826834e-01 -2.407005e-15
    outer loop
      vertex   -8.003383e+01 3.814732e+02 -1.454545e+01
      vertex   -8.013373e+01 3.812321e+02 -2.000000e+01
      vertex   -8.003383e+01 3.814732e+02 -2.000000e+01
    endloop
  endfacet
  facet normal 9.914449e-01 -1.305262e-01 -2.583034e-15
    outer loop
      vertex   -8.003383e+01 3.814732e+02 -1.454545e+01
      vertex   -8.003383e+01 3.814732e+02 -2.000000e+01
      vertex   -7.999976e+01 3.817321e+02 -2.000000e+01
    endloop
  endfacet
  facet normal 9.238795e-01 -3.826834e-01 2.407005e-15
    outer loop
      vertex   -8.003383e+01 3.814732e+02 3.454545e+01
      vertex   -8.003383e+01 3.814732e+02 4.000000e+01
      vertex   -8.013373e+01 3.812321e+02 3.454545e+01
    endloop
  endfacet
  facet normal 9.238795e-01 -3.826834e-01 -2.407005e-15
    outer loop
      vertex   -8.013373e+01 3.812321e+02 3.454545e+01
      vertex   -8.003383e+01 3.814732e+02 4.000000e+01
      vertex   -8.013373e+01 3.812321e+02 4.000000e+01
    endloop
  endfacet
  facet normal 7.933533e-01 -6.087614e-01 -2.066942e-15
    outer loop
      vertex   -8.013373e+01 3.812321e+02 3.454545e+01
      vertex   -8.013373e+01 3.812321e+02 4.000000e+01
      vertex   -8.029265e+01 3.810249e+02 3.454545e+01
    endloop
  endfacet
  facet normal 7.933533e-01 -6.087614e-01 2.066942e-15
    outer loop
      vertex   -8.029265e+01 3.810249e+02 3.454545e+01
      vertex   -8.013373e+01 3.812321e+02 4.000000e+01
      vertex   -8.029265e+01 3.810249e+02 4.000000e+01
    endloop
  endfacet
  facet normal 6.087614e-01 -7.933533e-01 1.586020e-15
    outer loop
      vertex   -8.029265e+01 3.810249e+02 3.454545e+01
      vertex   -8.029265e+01 3.810249e+02 4.000000e+01
      vertex   -8.049976e+01 3.808660e+02 3.454545e+01
    endloop
  endfacet
  facet normal 6.087614e-01 -7.933533e-01 0.000000e+00
    outer loop
      vertex   -8.049976e+01 3.808660e+02 3.454545e+01
      vertex   -8.029265e+01 3.810249e+02 4.000000e+01
      vertex   -8.049976e+01 3.808660e+02 4.000000e+01
    endloop
  endfacet
  facet normal 3.826834e-01 -9.238795e-01 0.000000e+00
    outer loop
      vertex   -8.049976e+01 3.808660e+02 3.454545e+01
      vertex   -8.049976e+01 3.808660e+02 4.000000e+01
      vertex   -8.074094e+01 3.807661e+02 3.454545e+01
    endloop
  endfacet
  facet normal 3.826834e-01 -9.238795e-01 0.000000e+00
    outer loop
      vertex   -8.074094e+01 3.807661e+02 3.454545e+01
      vertex   -8.049976e+01 3.808660e+02 4.000000e+01
      vertex   -8.074094e+01 3.807661e+02 4.000000e+01
    endloop
  endfacet
  facet normal 1.305262e-01 -9.914449e-01 0.000000e+00
    outer loop
      vertex   -8.074094e+01 3.807661e+02 3.454545e+01
      vertex   -8.074094e+01 3.807661e+02 4.000000e+01
      vertex   -8.099976e+01 3.807321e+02 3.454545e+01
    endloop
  endfacet
  facet normal 1.305262e-01 -9.914449e-01 0.000000e+00
    outer loop
      vertex   -8.099976e+01 3.807321e+02 3.454545e+01
      vertex   -8.074094e+01 3.807661e+02 4.000000e+01
      vertex   -8.099976e+01 3.807321e+02 4.000000e+01
    endloop
  endfacet
  facet normal -1.305262e-01 -9.914449e-01 0.000000e+00
    outer loop
      vertex   -8.099976e+01 3.807321e+02 3.454545e+01
      vertex   -8.099976e+01 3.807321e+02 4.000000e+01
      vertex   -8.125858e+01 3.807661e+02 3.454545e+01
    endloop
  endfacet
  facet normal -1.305262e-01 -9.914449e-01 0.000000e+00
    outer loop
      vertex   -8.125858e+01 3.807661e+02 3.454545e+01
      vertex   -8.099976e+01 3.807321e+02 4.000000e+01
      vertex   -8.125858e+01 3.807661e+02 4.000000e+01
    endloop
  endfacet
  facet normal -3.826834e-01 -9.238795e-01 0.000000e+00
    outer loop
      vertex   -8.125858e+01 3.807661e+02 3.454545e+01
      vertex   -8.125858e+01 3.807661e+02 4.000000e+01
      vertex   -8.149976e+01 3.808660e+02 4.000000e+01
    endloop
  endfacet
  facet normal -3.826834e-01 -9.238795e-01 0.000000e+00
    outer loop
      vertex   -8.149976e+01 3.808660e+02 -2.000000e+01
      vertex   -8.125858e+01 3.807661e+02 1.272727e+01
      vertex   -8.149976e+01 3.808660e+02 4.000000e+01
    endloop
  endfacet
  facet normal -3.826834e-01 -9.238795e-01 -2.939143e-19
    outer loop
      vertex   -8.149976e+01 3.808660e+02 4.000000e+01
      vertex   -8.125858e+01 3.807661e+02 1.272727e+01
      vertex   -8.125858e+01 3.807661e+02 1.818182e+01
    endloop
  endfacet
  facet normal -3.826834e-01 -9.238795e-01 -2.939143e-19
    outer loop
      vertex   -8.149976e+01 3.808660e+02 4.000000e+01
      vertex   -8.125858e+01 3.807661e+02 1.818182e+01
      vertex   -8.125858e+01 3.807661e+02 2.363636e+01
    endloop
  endfacet
  facet normal -1.305262e-01 -9.914449e-01 -0.000000e+00
    outer loop
      vertex   -8.125858e+01 3.807661e+02 2.363636e+01
      vertex   -8.125858e+01 3.807661e+02 1.818182e+01
      vertex   -8.099976e+01 3.807321e+02 2.363636e+01
    endloop
  endfacet
  facet normal -1.305262e-01 -9.914449e-01 -3.251127e-19
    outer loop
      vertex   -8.125858e+01 3.807661e+02 2.363636e+01
      vertex   -8.099976e+01 3.807321e+02 2.363636e+01
      vertex   -8.099976e+01 3.807321e+02 2.909091e+01
    endloop
  endfacet
  facet normal 1.305262e-01 -9.914449e-01 0.000000e+00
    outer loop
      vertex   -8.099976e+01 3.807321e+02 2.909091e+01
      vertex   -8.099976e+01 3.807321e+02 2.363636e+01
      vertex   -8.074094e+01 3.807661e+02 2.909091e+01
    endloop
  endfacet
  facet normal 1.305262e-01 -9.914449e-01 4.903481e-19
    outer loop
      vertex   -8.099976e+01 3.807321e+02 2.909091e+01
      vertex   -8.074094e+01 3.807661e+02 2.909091e+01
      vertex   -8.074094e+01 3.807661e+02 3.454545e+01
    endloop
  endfacet
  facet normal 3.826834e-01 -9.238795e-01 0.000000e+00
    outer loop
      vertex   -8.074094e+01 3.807661e+02 3.454545e+01
      vertex   -8.074094e+01 3.807661e+02 2.909091e+01
      vertex   -8.049976e+01 3.808660e+02 3.454545e+01
    endloop
  endfacet
  facet normal 9.914449e-01 -1.305262e-01 0.000000e+00
    outer loop
      vertex   -7.999976e+01 3.817321e+02 4.000000e+01
      vertex   -8.003383e+01 3.814732e+02 7.272727e+00
      vertex   -7.999976e+01 3.817321e+02 -2.000000e+01
    endloop
  endfacet
  facet normal 9.914449e-01 -1.305262e-01 3.152270e-19
    outer loop
      vertex   -7.999976e+01 3.817321e+02 -2.000000e+01
      vertex   -8.003383e+01 3.814732e+02 7.272727e+00
      vertex   -8.003383e+01 3.814732e+02 1.818182e+00
    endloop
  endfacet
  facet normal 9.914449e-01 -1.305262e-01 3.152270e-19
    outer loop
      vertex   -7.999976e+01 3.817321e+02 -2.000000e+01
      vertex   -8.003383e+01 3.814732e+02 1.818182e+00
      vertex   -8.003383e+01 3.814732e+02 -3.636364e+00
    endloop
  endfacet
  facet normal 9.238795e-01 -3.826834e-01 0.000000e+00
    outer loop
      vertex   -8.003383e+01 3.814732e+02 -3.636364e+00
      vertex   -8.003383e+01 3.814732e+02 1.818182e+00
      vertex   -8.013373e+01 3.812321e+02 -3.636364e+00
    endloop
  endfacet
  facet normal 9.238795e-01 -3.826834e-01 -2.315084e-19
    outer loop
      vertex   -8.003383e+01 3.814732e+02 -3.636364e+00
      vertex   -8.013373e+01 3.812321e+02 -3.636364e+00
      vertex   -8.013373e+01 3.812321e+02 -9.090909e+00
    endloop
  endfacet
  facet normal 7.933533e-01 -6.087614e-01 0.000000e+00
    outer loop
      vertex   -8.013373e+01 3.812321e+02 -9.090909e+00
      vertex   -8.013373e+01 3.812321e+02 -3.636364e+00
      vertex   -8.029265e+01 3.810249e+02 -9.090909e+00
    endloop
  endfacet
  facet normal 7.933533e-01 -6.087614e-01 1.715691e-18
    outer loop
      vertex   -8.013373e+01 3.812321e+02 -9.090909e+00
      vertex   -8.029265e+01 3.810249e+02 -9.090909e+00
      vertex   -8.029265e+01 3.810249e+02 -1.454545e+01
    endloop
  endfacet
  facet normal 6.087614e-01 -7.933533e-01 0.000000e+00
    outer loop
      vertex   -8.029265e+01 3.810249e+02 -1.454545e+01
      vertex   -8.029265e+01 3.810249e+02 -9.090909e+00
      vertex   -8.049976e+01 3.808660e+02 -1.454545e+01
    endloop
  endfacet
  facet normal 9.238795e-01 -3.826834e-01 0.000000e+00
    outer loop
      vertex   -8.003383e+01 3.814732e+02 2.909091e+01
      vertex   -8.003383e+01 3.814732e+02 3.454545e+01
      vertex   -8.013373e+01 3.812321e+02 2.909091e+01
    endloop
  endfacet
  facet normal 9.238795e-01 -3.826834e-01 0.000000e+00
    outer loop
      vertex   -8.013373e+01 3.812321e+02 2.909091e+01
      vertex   -8.003383e+01 3.814732e+02 3.454545e+01
      vertex   -8.013373e+01 3.812321e+02 3.454545e+01
    endloop
  endfacet
  facet normal 7.933533e-01 -6.087614e-01 0.000000e+00
    outer loop
      vertex   -8.013373e+01 3.812321e+02 2.909091e+01
      vertex   -8.013373e+01 3.812321e+02 3.454545e+01
      vertex   -8.029265e+01 3.810249e+02 2.909091e+01
    endloop
  endfacet
  facet normal 7.933533e-01 -6.087614e-01 0.000000e+00
    outer loop
      vertex   -8.029265e+01 3.810249e+02 2.909091e+01
      vertex   -8.013373e+01 3.812321e+02 3.454545e+01
      vertex   -8.029265e+01 3.810249e+02 3.454545e+01
    endloop
  endfacet
  facet normal 6.087614e-01 -7.933533e-01 0.000000e+00
    outer loop
      vertex   -8.029265e+01 3.810249e+02 2.909091e+01
      vertex   -8.029265e+01 3.810249e+02 3.454545e+01
      vertex   -8.049976e+01 3.808660e+02 2.909091e+01
    endloop
  endfacet
  facet normal 6.087614e-01 -7.933533e-01 0.000000e+00
    outer loop
      vertex   -8.049976e+01 3.808660e+02 2.909091e+01
      vertex   -8.029265e+01 3.810249e+02 3.454545e+01
      vertex   -8.049976e+01 3.808660e+02 3.454545e+01
    endloop
  endfacet
  facet normal 3.826834e-01 -9.238795e-01 0.000000e+00
    outer loop
      vertex   -8.049976e+01 3.808660e+02 2.909091e+01
      vertex   -8.049976e+01 3.808660e+02 3.454545e+01
      vertex   -8.074094e+01 3.807661e+02 2.909091e+01
    endloop
  endfacet
  facet normal 9.914449e-01 -1.305262e-01 0.000000e+00
    outer loop
      vertex   -8.003383e+01 3.814732e+02 2.363636e+01
      vertex   -8.003383e+01 3.814732e+02 1.818182e+01
      vertex   -7.999976e+01 3.817321e+02 4.000000e+01
    endloop
  endfacet
  facet normal 9.914449e-01 -1.305262e-01 3.152270e-19
    outer loop
      vertex   -7.999976e+01 3.817321e+02 4.000000e+01
      vertex   -8.003383e+01 3.814732e+02 1.818182e+01
      vertex   -8.003383e+01 3.814732e+02 1.272727e+01
    endloop
  endfacet
  facet normal 9.914449e-01 -1.305262e-01 3.152270e-19
    outer loop
      vertex   -7.999976e+01 3.817321e+02 4.000000e+01
      vertex   -8.003383e+01 3.814732e+02 1.272727e+01
      vertex   -8.003383e+01 3.814732e+02 7.272727e+00
    endloop
  endfacet
  facet normal 9.238795e-01 -3.826834e-01 0.000000e+00
    outer loop
      vertex   -8.003383e+01 3.814732e+02 7.272727e+00
      vertex   -8.003383e+01 3.814732e+02 1.272727e+01
      vertex   -8.013373e+01 3.812321e+02 7.272727e+00
    endloop
  endfacet
  facet normal 9.238795e-01 -3.826834e-01 -2.315084e-19
    outer loop
      vertex   -8.003383e+01 3.814732e+02 7.272727e+00
      vertex   -8.013373e+01 3.812321e+02 7.272727e+00
      vertex   -8.013373e+01 3.812321e+02 1.818182e+00
    endloop
  endfacet
  facet normal 7.933533e-01 -6.087614e-01 0.000000e+00
    outer loop
      vertex   -8.013373e+01 3.812321e+02 1.818182e+00
      vertex   -8.013373e+01 3.812321e+02 7.272727e+00
      vertex   -8.029265e+01 3.810249e+02 1.818182e+00
    endloop
  endfacet
  facet normal 7.933533e-01 -6.087614e-01 1.715691e-18
    outer loop
      vertex   -8.013373e+01 3.812321e+02 1.818182e+00
      vertex   -8.029265e+01 3.810249e+02 1.818182e+00
      vertex   -8.029265e+01 3.810249e+02 -3.636364e+00
    endloop
  endfacet
  facet normal 6.087614e-01 -7.933533e-01 0.000000e+00
    outer loop
      vertex   -8.029265e+01 3.810249e+02 -3.636364e+00
      vertex   -8.029265e+01 3.810249e+02 1.818182e+00
      vertex   -8.049976e+01 3.808660e+02 -3.636364e+00
    endloop
  endfacet
  facet normal 6.087614e-01 -7.933533e-01 -7.396029e-19
    outer loop
      vertex   -8.029265e+01 3.810249e+02 -3.636364e+00
      vertex   -8.049976e+01 3.808660e+02 -3.636364e+00
      vertex   -8.049976e+01 3.808660e+02 -9.090909e+00
    endloop
  endfacet
  facet normal 3.826834e-01 -9.238795e-01 0.000000e+00
    outer loop
      vertex   -8.049976e+01 3.808660e+02 -9.090909e+00
      vertex   -8.049976e+01 3.808660e+02 -3.636364e+00
      vertex   -8.074094e+01 3.807661e+02 -9.090909e+00
    endloop
  endfacet
  facet normal 3.826834e-01 -9.238795e-01 2.939143e-19
    outer loop
      vertex   -8.049976e+01 3.808660e+02 -9.090909e+00
      vertex   -8.074094e+01 3.807661e+02 -9.090909e+00
      vertex   -8.074094e+01 3.807661e+02 -1.454545e+01
    endloop
  endfacet
  facet normal 1.305262e-01 -9.914449e-01 0.000000e+00
    outer loop
      vertex   -8.074094e+01 3.807661e+02 -1.454545e+01
      vertex   -8.074094e+01 3.807661e+02 -9.090909e+00
      vertex   -8.099976e+01 3.807321e+02 -1.454545e+01
    endloop
  endfacet
  facet normal 9.238795e-01 -3.826834e-01 0.000000e+00
    outer loop
      vertex   -8.003383e+01 3.814732e+02 2.363636e+01
      vertex   -8.013373e+01 3.812321e+02 1.818182e+01
      vertex   -8.003383e+01 3.814732e+02 1.818182e+01
    endloop
  endfacet
  facet normal 9.238795e-01 -3.826834e-01 -2.315084e-19
    outer loop
      vertex   -8.003383e+01 3.814732e+02 1.818182e+01
      vertex   -8.013373e+01 3.812321e+02 1.818182e+01
      vertex   -8.013373e+01 3.812321e+02 1.272727e+01
    endloop
  endfacet
  facet normal 9.238795e-01 -3.826834e-01 0.000000e+00
    outer loop
      vertex   -8.003383e+01 3.814732e+02 1.818182e+01
      vertex   -8.013373e+01 3.812321e+02 1.272727e+01
      vertex   -8.003383e+01 3.814732e+02 1.272727e+01
    endloop
  endfacet
  facet normal 9.238795e-01 -3.826834e-01 -2.315084e-19
    outer loop
      vertex   -8.003383e+01 3.814732e+02 1.272727e+01
      vertex   -8.013373e+01 3.812321e+02 1.272727e+01
      vertex   -8.013373e+01 3.812321e+02 7.272727e+00
    endloop
  endfacet
  facet normal 9.238795e-01 -3.826834e-01 0.000000e+00
    outer loop
      vertex   -8.013373e+01 3.812321e+02 -3.636364e+00
      vertex   -8.003383e+01 3.814732e+02 1.818182e+00
      vertex   -8.013373e+01 3.812321e+02 1.818182e+00
    endloop
  endfacet
  facet normal 9.238795e-01 -3.826834e-01 -2.315084e-19
    outer loop
      vertex   -8.013373e+01 3.812321e+02 1.818182e+00
      vertex   -8.003383e+01 3.814732e+02 1.818182e+00
      vertex   -8.003383e+01 3.814732e+02 7.272727e+00
    endloop
  endfacet
  facet normal 9.914449e-01 -1.305262e-01 0.000000e+00
    outer loop
      vertex   -8.003383e+01 3.814732e+02 -1.454545e+01
      vertex   -7.999976e+01 3.817321e+02 -2.000000e+01
      vertex   -8.003383e+01 3.814732e+02 -9.090909e+00
    endloop
  endfacet
  facet normal 9.914449e-01 -1.305262e-01 0.000000e+00
    outer loop
      vertex   -8.003383e+01 3.814732e+02 -9.090909e+00
      vertex   -7.999976e+01 3.817321e+02 -2.000000e+01
      vertex   -8.003383e+01 3.814732e+02 -3.636364e+00
    endloop
  endfacet
  facet normal 9.238795e-01 -3.826834e-01 0.000000e+00
    outer loop
      vertex   -8.003383e+01 3.814732e+02 -9.090909e+00
      vertex   -8.003383e+01 3.814732e+02 -3.636364e+00
      vertex   -8.013373e+01 3.812321e+02 -9.090909e+00
    endloop
  endfacet
  facet normal 9.238795e-01 -3.826834e-01 -2.315084e-19
    outer loop
      vertex   -8.013373e+01 3.812321e+02 -1.454545e+01
      vertex   -8.003383e+01 3.814732e+02 -1.454545e+01
      vertex   -8.003383e+01 3.814732e+02 -9.090909e+00
    endloop
  endfacet
  facet normal 9.238795e-01 -3.826834e-01 0.000000e+00
    outer loop
      vertex   -8.013373e+01 3.812321e+02 -1.454545e+01
      vertex   -8.003383e+01 3.814732e+02 -9.090909e+00
      vertex   -8.013373e+01 3.812321e+02 -9.090909e+00
    endloop
  endfacet
  facet normal 9.238795e-01 -3.826834e-01 -2.315084e-19
    outer loop
      vertex   -8.003383e+01 3.814732e+02 2.909091e+01
      vertex   -8.013373e+01 3.812321e+02 2.909091e+01
      vertex   -8.013373e+01 3.812321e+02 2.363636e+01
    endloop
  endfacet
  facet normal 7.933533e-01 -6.087614e-01 0.000000e+00
    outer loop
      vertex   -8.013373e+01 3.812321e+02 2.363636e+01
      vertex   -8.013373e+01 3.812321e+02 2.909091e+01
      vertex   -8.029265e+01 3.810249e+02 2.363636e+01
    endloop
  endfacet
  facet normal 7.933533e-01 -6.087614e-01 1.715691e-18
    outer loop
      vertex   -8.013373e+01 3.812321e+02 2.363636e+01
      vertex   -8.029265e+01 3.810249e+02 2.363636e+01
      vertex   -8.029265e+01 3.810249e+02 1.818182e+01
    endloop
  endfacet
  facet normal 6.087614e-01 -7.933533e-01 0.000000e+00
    outer loop
      vertex   -8.029265e+01 3.810249e+02 1.818182e+01
      vertex   -8.029265e+01 3.810249e+02 2.363636e+01
      vertex   -8.049976e+01 3.808660e+02 1.818182e+01
    endloop
  endfacet
  facet normal 6.087614e-01 -7.933533e-01 -7.396029e-19
    outer loop
      vertex   -8.029265e+01 3.810249e+02 1.818182e+01
      vertex   -8.049976e+01 3.808660e+02 1.818182e+01
      vertex   -8.049976e+01 3.808660e+02 1.272727e+01
    endloop
  endfacet
  facet normal 3.826834e-01 -9.238795e-01 0.000000e+00
    outer loop
      vertex   -8.049976e+01 3.808660e+02 1.272727e+01
      vertex   -8.049976e+01 3.808660e+02 1.818182e+01
      vertex   -8.074094e+01 3.807661e+02 1.272727e+01
    endloop
  endfacet
  facet normal 3.826834e-01 -9.238795e-01 2.939143e-19
    outer loop
      vertex   -8.049976e+01 3.808660e+02 1.272727e+01
      vertex   -8.074094e+01 3.807661e+02 1.272727e+01
      vertex   -8.074094e+01 3.807661e+02 7.272727e+00
    endloop
  endfacet
  facet normal 1.305262e-01 -9.914449e-01 0.000000e+00
    outer loop
      vertex   -8.074094e+01 3.807661e+02 7.272727e+00
      vertex   -8.074094e+01 3.807661e+02 1.272727e+01
      vertex   -8.099976e+01 3.807321e+02 7.272727e+00
    endloop
  endfacet
  facet normal 1.305262e-01 -9.914449e-01 4.903481e-19
    outer loop
      vertex   -8.074094e+01 3.807661e+02 7.272727e+00
      vertex   -8.099976e+01 3.807321e+02 7.272727e+00
      vertex   -8.099976e+01 3.807321e+02 1.818182e+00
    endloop
  endfacet
  facet normal -1.305262e-01 -9.914449e-01 0.000000e+00
    outer loop
      vertex   -8.099976e+01 3.807321e+02 1.818182e+00
      vertex   -8.099976e+01 3.807321e+02 7.272727e+00
      vertex   -8.125858e+01 3.807661e+02 1.818182e+00
    endloop
  endfacet
  facet normal -1.305262e-01 -9.914449e-01 -3.251127e-19
    outer loop
      vertex   -8.099976e+01 3.807321e+02 1.818182e+00
      vertex   -8.125858e+01 3.807661e+02 1.818182e+00
      vertex   -8.125858e+01 3.807661e+02 -3.636364e+00
    endloop
  endfacet
  facet normal -3.826834e-01 -9.238795e-01 0.000000e+00
    outer loop
      vertex   -8.125858e+01 3.807661e+02 -3.636364e+00
      vertex   -8.125858e+01 3.807661e+02 1.818182e+00
      vertex   -8.149976e+01 3.808660e+02 -2.000000e+01
    endloop
  endfacet
  facet normal 7.933533e-01 -6.087614e-01 0.000000e+00
    outer loop
      vertex   -8.029265e+01 3.810249e+02 2.363636e+01
      vertex   -8.013373e+01 3.812321e+02 2.909091e+01
      vertex   -8.029265e+01 3.810249e+02 2.909091e+01
    endloop
  endfacet
  facet normal 7.933533e-01 -6.087614e-01 0.000000e+00
    outer loop
      vertex   -8.013373e+01 3.812321e+02 1.818182e+01
      vertex   -8.029265e+01 3.810249e+02 1.272727e+01
      vertex   -8.013373e+01 3.812321e+02 1.272727e+01
    endloop
  endfacet
  facet normal 7.933533e-01 -6.087614e-01 1.715691e-18
    outer loop
      vertex   -8.013373e+01 3.812321e+02 1.272727e+01
      vertex   -8.029265e+01 3.810249e+02 1.272727e+01
      vertex   -8.029265e+01 3.810249e+02 7.272727e+00
    endloop
  endfacet
  facet normal 7.933533e-01 -6.087614e-01 0.000000e+00
    outer loop
      vertex   -8.013373e+01 3.812321e+02 1.272727e+01
      vertex   -8.029265e+01 3.810249e+02 7.272727e+00
      vertex   -8.013373e+01 3.812321e+02 7.272727e+00
    endloop
  endfacet
  facet normal 7.933533e-01 -6.087614e-01 1.715691e-18
    outer loop
      vertex   -8.013373e+01 3.812321e+02 7.272727e+00
      vertex   -8.029265e+01 3.810249e+02 7.272727e+00
      vertex   -8.029265e+01 3.810249e+02 1.818182e+00
    endloop
  endfacet
  facet normal 7.933533e-01 -6.087614e-01 0.000000e+00
    outer loop
      vertex   -8.029265e+01 3.810249e+02 -9.090909e+00
      vertex   -8.013373e+01 3.812321e+02 -3.636364e+00
      vertex   -8.029265e+01 3.810249e+02 -3.636364e+00
    endloop
  endfacet
  facet normal 7.933533e-01 -6.087614e-01 1.715691e-18
    outer loop
      vertex   -8.029265e+01 3.810249e+02 -3.636364e+00
      vertex   -8.013373e+01 3.812321e+02 -3.636364e+00
      vertex   -8.013373e+01 3.812321e+02 1.818182e+00
    endloop
  endfacet
  facet normal 7.933533e-01 -6.087614e-01 1.715691e-18
    outer loop
      vertex   -8.029265e+01 3.810249e+02 -1.454545e+01
      vertex   -8.013373e+01 3.812321e+02 -1.454545e+01
      vertex   -8.013373e+01 3.812321e+02 -9.090909e+00
    endloop
  endfacet
  facet normal 6.087614e-01 -7.933533e-01 0.000000e+00
    outer loop
      vertex   -8.029265e+01 3.810249e+02 2.363636e+01
      vertex   -8.029265e+01 3.810249e+02 2.909091e+01
      vertex   -8.049976e+01 3.808660e+02 2.363636e+01
    endloop
  endfacet
  facet normal 6.087614e-01 -7.933533e-01 0.000000e+00
    outer loop
      vertex   -8.049976e+01 3.808660e+02 2.363636e+01
      vertex   -8.029265e+01 3.810249e+02 2.909091e+01
      vertex   -8.049976e+01 3.808660e+02 2.909091e+01
    endloop
  endfacet
  facet normal 3.826834e-01 -9.238795e-01 0.000000e+00
    outer loop
      vertex   -8.049976e+01 3.808660e+02 2.363636e+01
      vertex   -8.049976e+01 3.808660e+02 2.909091e+01
      vertex   -8.074094e+01 3.807661e+02 2.363636e+01
    endloop
  endfacet
  facet normal 3.826834e-01 -9.238795e-01 0.000000e+00
    outer loop
      vertex   -8.074094e+01 3.807661e+02 2.363636e+01
      vertex   -8.049976e+01 3.808660e+02 2.909091e+01
      vertex   -8.074094e+01 3.807661e+02 2.909091e+01
    endloop
  endfacet
  facet normal 1.305262e-01 -9.914449e-01 0.000000e+00
    outer loop
      vertex   -8.074094e+01 3.807661e+02 2.363636e+01
      vertex   -8.074094e+01 3.807661e+02 2.909091e+01
      vertex   -8.099976e+01 3.807321e+02 2.363636e+01
    endloop
  endfacet
  facet normal 6.087614e-01 -7.933533e-01 0.000000e+00
    outer loop
      vertex   -8.029265e+01 3.810249e+02 1.272727e+01
      vertex   -8.049976e+01 3.808660e+02 7.272727e+00
      vertex   -8.029265e+01 3.810249e+02 7.272727e+00
    endloop
  endfacet
  facet normal 6.087614e-01 -7.933533e-01 -7.396029e-19
    outer loop
      vertex   -8.029265e+01 3.810249e+02 7.272727e+00
      vertex   -8.049976e+01 3.808660e+02 7.272727e+00
      vertex   -8.049976e+01 3.808660e+02 1.818182e+00
    endloop
  endfacet
  facet normal 6.087614e-01 -7.933533e-01 0.000000e+00
    outer loop
      vertex   -8.029265e+01 3.810249e+02 7.272727e+00
      vertex   -8.049976e+01 3.808660e+02 1.818182e+00
      vertex   -8.029265e+01 3.810249e+02 1.818182e+00
    endloop
  endfacet
  facet normal 6.087614e-01 -7.933533e-01 -7.396029e-19
    outer loop
      vertex   -8.029265e+01 3.810249e+02 1.818182e+00
      vertex   -8.049976e+01 3.808660e+02 1.818182e+00
      vertex   -8.049976e+01 3.808660e+02 -3.636364e+00
    endloop
  endfacet
  facet normal 6.087614e-01 -7.933533e-01 0.000000e+00
    outer loop
      vertex   -8.049976e+01 3.808660e+02 -1.454545e+01
      vertex   -8.029265e+01 3.810249e+02 -9.090909e+00
      vertex   -8.049976e+01 3.808660e+02 -9.090909e+00
    endloop
  endfacet
  facet normal 6.087614e-01 -7.933533e-01 -7.396029e-19
    outer loop
      vertex   -8.049976e+01 3.808660e+02 -9.090909e+00
      vertex   -8.029265e+01 3.810249e+02 -9.090909e+00
      vertex   -8.029265e+01 3.810249e+02 -3.636364e+00
    endloop
  endfacet
  facet normal 6.087614e-01 -7.933533e-01 -7.396029e-19
    outer loop
      vertex   -8.029265e+01 3.810249e+02 2.363636e+01
      vertex   -8.049976e+01 3.808660e+02 2.363636e+01
      vertex   -8.049976e+01 3.808660e+02 1.818182e+01
    endloop
  endfacet
  facet normal 3.826834e-01 -9.238795e-01 0.000000e+00
    outer loop
      vertex   -8.049976e+01 3.808660e+02 1.818182e+01
      vertex   -8.049976e+01 3.808660e+02 2.363636e+01
      vertex   -8.074094e+01 3.807661e+02 1.818182e+01
    endloop
  endfacet
  facet normal 3.826834e-01 -9.238795e-01 2.939143e-19
    outer loop
      vertex   -8.049976e+01 3.808660e+02 1.818182e+01
      vertex   -8.074094e+01 3.807661e+02 1.818182e+01
      vertex   -8.074094e+01 3.807661e+02 1.272727e+01
    endloop
  endfacet
  facet normal 1.305262e-01 -9.914449e-01 0.000000e+00
    outer loop
      vertex   -8.074094e+01 3.807661e+02 1.272727e+01
      vertex   -8.074094e+01 3.807661e+02 1.818182e+01
      vertex   -8.099976e+01 3.807321e+02 1.272727e+01
    endloop
  endfacet
  facet normal 1.305262e-01 -9.914449e-01 4.903481e-19
    outer loop
      vertex   -8.074094e+01 3.807661e+02 1.272727e+01
      vertex   -8.099976e+01 3.807321e+02 1.272727e+01
      vertex   -8.099976e+01 3.807321e+02 7.272727e+00
    endloop
  endfacet
  facet normal -1.305262e-01 -9.914449e-01 0.000000e+00
    outer loop
      vertex   -8.099976e+01 3.807321e+02 7.272727e+00
      vertex   -8.099976e+01 3.807321e+02 1.272727e+01
      vertex   -8.125858e+01 3.807661e+02 7.272727e+00
    endloop
  endfacet
  facet normal -1.305262e-01 -9.914449e-01 -3.251127e-19
    outer loop
      vertex   -8.099976e+01 3.807321e+02 7.272727e+00
      vertex   -8.125858e+01 3.807661e+02 7.272727e+00
      vertex   -8.125858e+01 3.807661e+02 1.818182e+00
    endloop
  endfacet
  facet normal -3.826834e-01 -9.238795e-01 0.000000e+00
    outer loop
      vertex   -8.125858e+01 3.807661e+02 1.818182e+00
      vertex   -8.125858e+01 3.807661e+02 7.272727e+00
      vertex   -8.149976e+01 3.808660e+02 -2.000000e+01
    endloop
  endfacet
  facet normal 3.826834e-01 -9.238795e-01 0.000000e+00
    outer loop
      vertex   -8.074094e+01 3.807661e+02 1.818182e+01
      vertex   -8.049976e+01 3.808660e+02 2.363636e+01
      vertex   -8.074094e+01 3.807661e+02 2.363636e+01
    endloop
  endfacet
  facet normal 3.826834e-01 -9.238795e-01 0.000000e+00
    outer loop
      vertex   -8.049976e+01 3.808660e+02 7.272727e+00
      vertex   -8.074094e+01 3.807661e+02 1.818182e+00
      vertex   -8.049976e+01 3.808660e+02 1.818182e+00
    endloop
  endfacet
  facet normal 3.826834e-01 -9.238795e-01 2.939143e-19
    outer loop
      vertex   -8.049976e+01 3.808660e+02 1.818182e+00
      vertex   -8.074094e+01 3.807661e+02 1.818182e+00
      vertex   -8.074094e+01 3.807661e+02 -3.636364e+00
    endloop
  endfacet
  facet normal 3.826834e-01 -9.238795e-01 0.000000e+00
    outer loop
      vertex   -8.049976e+01 3.808660e+02 1.818182e+00
      vertex   -8.074094e+01 3.807661e+02 -3.636364e+00
      vertex   -8.049976e+01 3.808660e+02 -3.636364e+00
    endloop
  endfacet
  facet normal 3.826834e-01 -9.238795e-01 2.939143e-19
    outer loop
      vertex   -8.049976e+01 3.808660e+02 -3.636364e+00
      vertex   -8.074094e+01 3.807661e+02 -3.636364e+00
      vertex   -8.074094e+01 3.807661e+02 -9.090909e+00
    endloop
  endfacet
  facet normal 3.826834e-01 -9.238795e-01 2.939143e-19
    outer loop
      vertex   -8.074094e+01 3.807661e+02 -1.454545e+01
      vertex   -8.049976e+01 3.808660e+02 -1.454545e+01
      vertex   -8.049976e+01 3.808660e+02 -9.090909e+00
    endloop
  endfacet
  facet normal 1.305262e-01 -9.914449e-01 0.000000e+00
    outer loop
      vertex   -8.099976e+01 3.807321e+02 2.909091e+01
      vertex   -8.074094e+01 3.807661e+02 3.454545e+01
      vertex   -8.099976e+01 3.807321e+02 3.454545e+01
    endloop
  endfacet
  facet normal 1.305262e-01 -9.914449e-01 0.000000e+00
    outer loop
      vertex   -8.074094e+01 3.807661e+02 1.818182e+01
      vertex   -8.074094e+01 3.807661e+02 2.363636e+01
      vertex   -8.099976e+01 3.807321e+02 1.818182e+01
    endloop
  endfacet
  facet normal 1.305262e-01 -9.914449e-01 0.000000e+00
    outer loop
      vertex   -8.099976e+01 3.807321e+02 1.818182e+01
      vertex   -8.074094e+01 3.807661e+02 2.363636e+01
      vertex   -8.099976e+01 3.807321e+02 2.363636e+01
    endloop
  endfacet
  facet normal -1.305262e-01 -9.914449e-01 0.000000e+00
    outer loop
      vertex   -8.099976e+01 3.807321e+02 1.818182e+01
      vertex   -8.099976e+01 3.807321e+02 2.363636e+01
      vertex   -8.125858e+01 3.807661e+02 1.818182e+01
    endloop
  endfacet
  facet normal 1.305262e-01 -9.914449e-01 0.000000e+00
    outer loop
      vertex   -8.074094e+01 3.807661e+02 1.818182e+00
      vertex   -8.099976e+01 3.807321e+02 -3.636364e+00
      vertex   -8.074094e+01 3.807661e+02 -3.636364e+00
    endloop
  endfacet
  facet normal 1.305262e-01 -9.914449e-01 4.903481e-19
    outer loop
      vertex   -8.074094e+01 3.807661e+02 -3.636364e+00
      vertex   -8.099976e+01 3.807321e+02 -3.636364e+00
      vertex   -8.099976e+01 3.807321e+02 -9.090909e+00
    endloop
  endfacet
  facet normal 1.305262e-01 -9.914449e-01 0.000000e+00
    outer loop
      vertex   -8.074094e+01 3.807661e+02 -3.636364e+00
      vertex   -8.099976e+01 3.807321e+02 -9.090909e+00
      vertex   -8.074094e+01 3.807661e+02 -9.090909e+00
    endloop
  endfacet
  facet normal 1.305262e-01 -9.914449e-01 4.903481e-19
    outer loop
      vertex   -8.074094e+01 3.807661e+02 -9.090909e+00
      vertex   -8.099976e+01 3.807321e+02 -9.090909e+00
      vertex   -8.099976e+01 3.807321e+02 -1.454545e+01
    endloop
  endfacet
  facet normal -1.305262e-01 -9.914449e-01 0.000000e+00
    outer loop
      vertex   -8.099976e+01 3.807321e+02 2.909091e+01
      vertex   -8.099976e+01 3.807321e+02 3.454545e+01
      vertex   -8.125858e+01 3.807661e+02 2.909091e+01
    endloop
  endfacet
  facet normal -1.305262e-01 -9.914449e-01 0.000000e+00
    outer loop
      vertex   -8.125858e+01 3.807661e+02 2.909091e+01
      vertex   -8.099976e+01 3.807321e+02 3.454545e+01
      vertex   -8.125858e+01 3.807661e+02 3.454545e+01
    endloop
  endfacet
  facet normal -3.826834e-01 -9.238795e-01 0.000000e+00
    outer loop
      vertex   -8.125858e+01 3.807661e+02 2.909091e+01
      vertex   -8.125858e+01 3.807661e+02 3.454545e+01
      vertex   -8.149976e+01 3.808660e+02 4.000000e+01
    endloop
  endfacet
  facet normal 1.305262e-01 -9.914449e-01 4.903481e-19
    outer loop
      vertex   -8.074094e+01 3.807661e+02 1.818182e+01
      vertex   -8.099976e+01 3.807321e+02 1.818182e+01
      vertex   -8.099976e+01 3.807321e+02 1.272727e+01
    endloop
  endfacet
  facet normal -1.305262e-01 -9.914449e-01 0.000000e+00
    outer loop
      vertex   -8.099976e+01 3.807321e+02 1.272727e+01
      vertex   -8.099976e+01 3.807321e+02 1.818182e+01
      vertex   -8.125858e+01 3.807661e+02 1.272727e+01
    endloop
  endfacet
  facet normal -1.305262e-01 -9.914449e-01 -3.251127e-19
    outer loop
      vertex   -8.099976e+01 3.807321e+02 1.272727e+01
      vertex   -8.125858e+01 3.807661e+02 1.272727e+01
      vertex   -8.125858e+01 3.807661e+02 7.272727e+00
    endloop
  endfacet
  facet normal -3.826834e-01 -9.238795e-01 0.000000e+00
    outer loop
      vertex   -8.125858e+01 3.807661e+02 7.272727e+00
      vertex   -8.125858e+01 3.807661e+02 1.272727e+01
      vertex   -8.149976e+01 3.808660e+02 -2.000000e+01
    endloop
  endfacet
  facet normal -1.305262e-01 -9.914449e-01 0.000000e+00
    outer loop
      vertex   -8.125858e+01 3.807661e+02 1.272727e+01
      vertex   -8.099976e+01 3.807321e+02 1.818182e+01
      vertex   -8.125858e+01 3.807661e+02 1.818182e+01
    endloop
  endfacet
  facet normal -1.305262e-01 -9.914449e-01 -3.251127e-19
    outer loop
      vertex   -8.125858e+01 3.807661e+02 -1.454545e+01
      vertex   -8.099976e+01 3.807321e+02 -1.454545e+01
      vertex   -8.099976e+01 3.807321e+02 -9.090909e+00
    endloop
  endfacet
  facet normal -1.305262e-01 -9.914449e-01 0.000000e+00
    outer loop
      vertex   -8.125858e+01 3.807661e+02 -1.454545e+01
      vertex   -8.099976e+01 3.807321e+02 -9.090909e+00
      vertex   -8.125858e+01 3.807661e+02 -9.090909e+00
    endloop
  endfacet
  facet normal -1.305262e-01 -9.914449e-01 -3.251127e-19
    outer loop
      vertex   -8.125858e+01 3.807661e+02 -9.090909e+00
      vertex   -8.099976e+01 3.807321e+02 -9.090909e+00
      vertex   -8.099976e+01 3.807321e+02 -3.636364e+00
    endloop
  endfacet
  facet normal -3.826834e-01 -9.238795e-01 -2.939143e-19
    outer loop
      vertex   -8.149976e+01 3.808660e+02 4.000000e+01
      vertex   -8.125858e+01 3.807661e+02 2.363636e+01
      vertex   -8.125858e+01 3.807661e+02 2.909091e+01
    endloop
  endfacet
  facet normal -1.305262e-01 -9.914449e-01 -0.000000e+00
    outer loop
      vertex   -8.125858e+01 3.807661e+02 2.909091e+01
      vertex   -8.125858e+01 3.807661e+02 2.363636e+01
      vertex   -8.099976e+01 3.807321e+02 2.909091e+01
    endloop
  endfacet
  facet normal -5.000000e-01 -8.660254e-01 0.000000e+00
    outer loop
      vertex   -8.349976e+01 3.820207e+02 -2.000000e+01
      vertex   -8.149976e+01 3.808660e+02 -2.000000e+01
      vertex   -8.349976e+01 3.820207e+02 4.000000e+01
    endloop
  endfacet
  facet normal -5.000000e-01 -8.660254e-01 1.589097e-19
    outer loop
      vertex   -8.349976e+01 3.820207e+02 4.000000e+01
      vertex   -8.149976e+01 3.808660e+02 -2.000000e+01
      vertex   -8.149976e+01 3.808660e+02 4.000000e+01
    endloop
  endfacet
  facet normal 9.914449e-01 -1.305262e-01 5.166069e-15
    outer loop
      vertex   -8.496568e+01 3.814135e+02 -2.000000e+01
      vertex   -8.496568e+01 3.814135e+02 -1.454545e+01
      vertex   -8.499976e+01 3.811547e+02 -2.000000e+01
    endloop
  endfacet
  facet normal 9.914449e-01 -1.305262e-01 -2.832305e-19
    outer loop
      vertex   -8.499976e+01 3.811547e+02 -2.000000e+01
      vertex   -8.496568e+01 3.814135e+02 -1.454545e+01
      vertex   -8.496568e+01 3.814135e+02 -9.090909e+00
    endloop
  endfacet
  facet normal 9.914449e-01 -1.305262e-01 -2.832305e-19
    outer loop
      vertex   -8.499976e+01 3.811547e+02 -2.000000e+01
      vertex   -8.496568e+01 3.814135e+02 -9.090909e+00
      vertex   -8.496568e+01 3.814135e+02 -3.636364e+00
    endloop
  endfacet
  facet normal 9.238795e-01 -3.826834e-01 0.000000e+00
    outer loop
      vertex   -8.496568e+01 3.814135e+02 -3.636364e+00
      vertex   -8.496568e+01 3.814135e+02 -9.090909e+00
      vertex   -8.486578e+01 3.816547e+02 -3.636364e+00
    endloop
  endfacet
  facet normal 9.238795e-01 -3.826834e-01 3.326812e-20
    outer loop
      vertex   -8.496568e+01 3.814135e+02 -3.636364e+00
      vertex   -8.486578e+01 3.816547e+02 -3.636364e+00
      vertex   -8.486578e+01 3.816547e+02 1.818182e+00
    endloop
  endfacet
  facet normal 7.933533e-01 -6.087614e-01 0.000000e+00
    outer loop
      vertex   -8.486578e+01 3.816547e+02 1.818182e+00
      vertex   -8.486578e+01 3.816547e+02 -3.636364e+00
      vertex   -8.470686e+01 3.818618e+02 1.818182e+00
    endloop
  endfacet
  facet normal 7.933533e-01 -6.087614e-01 -2.065148e-15
    outer loop
      vertex   -8.486578e+01 3.816547e+02 1.818182e+00
      vertex   -8.470686e+01 3.818618e+02 1.818182e+00
      vertex   -8.470686e+01 3.818618e+02 7.272727e+00
    endloop
  endfacet
  facet normal 6.087614e-01 -7.933533e-01 -1.586020e-15
    outer loop
      vertex   -8.470686e+01 3.818618e+02 7.272727e+00
      vertex   -8.470686e+01 3.818618e+02 1.818182e+00
      vertex   -8.449976e+01 3.820207e+02 7.272727e+00
    endloop
  endfacet
  facet normal 6.087614e-01 -7.933533e-01 -7.396029e-19
    outer loop
      vertex   -8.470686e+01 3.818618e+02 7.272727e+00
      vertex   -8.449976e+01 3.820207e+02 7.272727e+00
      vertex   -8.449976e+01 3.820207e+02 1.272727e+01
    endloop
  endfacet
  facet normal 3.826834e-01 -9.238795e-01 0.000000e+00
    outer loop
      vertex   -8.449976e+01 3.820207e+02 1.272727e+01
      vertex   -8.449976e+01 3.820207e+02 7.272727e+00
      vertex   -8.425858e+01 3.821206e+02 1.272727e+01
    endloop
  endfacet
  facet normal 3.826834e-01 -9.238795e-01 5.972734e-19
    outer loop
      vertex   -8.449976e+01 3.820207e+02 1.272727e+01
      vertex   -8.425858e+01 3.821206e+02 1.272727e+01
      vertex   -8.425858e+01 3.821206e+02 1.818182e+01
    endloop
  endfacet
  facet normal 1.305262e-01 -9.914449e-01 0.000000e+00
    outer loop
      vertex   -8.425858e+01 3.821206e+02 1.818182e+01
      vertex   -8.425858e+01 3.821206e+02 1.272727e+01
      vertex   -8.399976e+01 3.821547e+02 1.818182e+01
    endloop
  endfacet
  facet normal 1.305262e-01 -9.914449e-01 -3.760961e-19
    outer loop
      vertex   -8.425858e+01 3.821206e+02 1.818182e+01
      vertex   -8.399976e+01 3.821547e+02 1.818182e+01
      vertex   -8.399976e+01 3.821547e+02 2.363636e+01
    endloop
  endfacet
  facet normal -1.305262e-01 -9.914449e-01 -0.000000e+00
    outer loop
      vertex   -8.399976e+01 3.821547e+02 2.363636e+01
      vertex   -8.399976e+01 3.821547e+02 1.818182e+01
      vertex   -8.374094e+01 3.821206e+02 2.363636e+01
    endloop
  endfacet
  facet normal -1.305262e-01 -9.914449e-01 -5.117045e-19
    outer loop
      vertex   -8.399976e+01 3.821547e+02 2.363636e+01
      vertex   -8.374094e+01 3.821206e+02 2.363636e+01
      vertex   -8.374094e+01 3.821206e+02 2.909091e+01
    endloop
  endfacet
  facet normal -3.826834e-01 -9.238795e-01 -0.000000e+00
    outer loop
      vertex   -8.374094e+01 3.821206e+02 2.909091e+01
      vertex   -8.374094e+01 3.821206e+02 2.363636e+01
      vertex   -8.349976e+01 3.820207e+02 4.000000e+01
    endloop
  endfacet
  facet normal -3.826834e-01 -9.238795e-01 0.000000e+00
    outer loop
      vertex   -8.374094e+01 3.821206e+02 2.909091e+01
      vertex   -8.349976e+01 3.820207e+02 4.000000e+01
      vertex   -8.374094e+01 3.821206e+02 3.454545e+01
    endloop
  endfacet
  facet normal -3.826834e-01 -9.238795e-01 -2.025305e-14
    outer loop
      vertex   -8.374094e+01 3.821206e+02 3.454545e+01
      vertex   -8.349976e+01 3.820207e+02 4.000000e+01
      vertex   -8.374094e+01 3.821206e+02 4.000000e+01
    endloop
  endfacet
  facet normal -1.305262e-01 -9.914449e-01 -2.100434e-14
    outer loop
      vertex   -8.374094e+01 3.821206e+02 3.454545e+01
      vertex   -8.374094e+01 3.821206e+02 4.000000e+01
      vertex   -8.399976e+01 3.821547e+02 3.454545e+01
    endloop
  endfacet
  facet normal -1.305262e-01 -9.914449e-01 0.000000e+00
    outer loop
      vertex   -8.399976e+01 3.821547e+02 3.454545e+01
      vertex   -8.374094e+01 3.821206e+02 4.000000e+01
      vertex   -8.399976e+01 3.821547e+02 4.000000e+01
    endloop
  endfacet
  facet normal 1.305262e-01 -9.914449e-01 0.000000e+00
    outer loop
      vertex   -8.399976e+01 3.821547e+02 3.454545e+01
      vertex   -8.399976e+01 3.821547e+02 4.000000e+01
      vertex   -8.425858e+01 3.821206e+02 3.454545e+01
    endloop
  endfacet
  facet normal 1.305262e-01 -9.914449e-01 -2.100434e-14
    outer loop
      vertex   -8.425858e+01 3.821206e+02 3.454545e+01
      vertex   -8.399976e+01 3.821547e+02 4.000000e+01
      vertex   -8.425858e+01 3.821206e+02 4.000000e+01
    endloop
  endfacet
  facet normal 3.826834e-01 -9.238795e-01 -2.025305e-14
    outer loop
      vertex   -8.425858e+01 3.821206e+02 3.454545e+01
      vertex   -8.425858e+01 3.821206e+02 4.000000e+01
      vertex   -8.449976e+01 3.820207e+02 3.454545e+01
    endloop
  endfacet
  facet normal 3.826834e-01 -9.238795e-01 0.000000e+00
    outer loop
      vertex   -8.449976e+01 3.820207e+02 3.454545e+01
      vertex   -8.425858e+01 3.821206e+02 4.000000e+01
      vertex   -8.449976e+01 3.820207e+02 4.000000e+01
    endloop
  endfacet
  facet normal 6.087614e-01 -7.933533e-01 0.000000e+00
    outer loop
      vertex   -8.449976e+01 3.820207e+02 3.454545e+01
      vertex   -8.449976e+01 3.820207e+02 4.000000e+01
      vertex   -8.470686e+01 3.818618e+02 3.454545e+01
    endloop
  endfacet
  facet normal 6.087614e-01 -7.933533e-01 -1.586020e-15
    outer loop
      vertex   -8.470686e+01 3.818618e+02 3.454545e+01
      vertex   -8.449976e+01 3.820207e+02 4.000000e+01
      vertex   -8.470686e+01 3.818618e+02 4.000000e+01
    endloop
  endfacet
  facet normal 7.933533e-01 -6.087614e-01 -2.066942e-15
    outer loop
      vertex   -8.470686e+01 3.818618e+02 3.454545e+01
      vertex   -8.470686e+01 3.818618e+02 4.000000e+01
      vertex   -8.486578e+01 3.816547e+02 3.454545e+01
    endloop
  endfacet
  facet normal 7.933533e-01 -6.087614e-01 4.133884e-15
    outer loop
      vertex   -8.486578e+01 3.816547e+02 3.454545e+01
      vertex   -8.470686e+01 3.818618e+02 4.000000e+01
      vertex   -8.486578e+01 3.816547e+02 4.000000e+01
    endloop
  endfacet
  facet normal 9.238795e-01 -3.826834e-01 4.814010e-15
    outer loop
      vertex   -8.486578e+01 3.816547e+02 3.454545e+01
      vertex   -8.486578e+01 3.816547e+02 4.000000e+01
      vertex   -8.496568e+01 3.814135e+02 3.454545e+01
    endloop
  endfacet
  facet normal 9.238795e-01 -3.826834e-01 -4.814010e-15
    outer loop
      vertex   -8.496568e+01 3.814135e+02 3.454545e+01
      vertex   -8.486578e+01 3.816547e+02 4.000000e+01
      vertex   -8.496568e+01 3.814135e+02 4.000000e+01
    endloop
  endfacet
  facet normal 9.914449e-01 -1.305262e-01 -5.166069e-15
    outer loop
      vertex   -8.496568e+01 3.814135e+02 3.454545e+01
      vertex   -8.496568e+01 3.814135e+02 4.000000e+01
      vertex   -8.499976e+01 3.811547e+02 4.000000e+01
    endloop
  endfacet
  facet normal 9.238795e-01 -3.826834e-01 4.814010e-15
    outer loop
      vertex   -8.496568e+01 3.814135e+02 -1.454545e+01
      vertex   -8.496568e+01 3.814135e+02 -2.000000e+01
      vertex   -8.486578e+01 3.816547e+02 -1.454545e+01
    endloop
  endfacet
  facet normal 9.238795e-01 -3.826834e-01 -4.814010e-15
    outer loop
      vertex   -8.486578e+01 3.816547e+02 -1.454545e+01
      vertex   -8.496568e+01 3.814135e+02 -2.000000e+01
      vertex   -8.486578e+01 3.816547e+02 -2.000000e+01
    endloop
  endfacet
  facet normal 7.933533e-01 -6.087614e-01 -4.133884e-15
    outer loop
      vertex   -8.486578e+01 3.816547e+02 -1.454545e+01
      vertex   -8.486578e+01 3.816547e+02 -2.000000e+01
      vertex   -8.470686e+01 3.818618e+02 -1.454545e+01
    endloop
  endfacet
  facet normal 7.933533e-01 -6.087614e-01 4.133884e-15
    outer loop
      vertex   -8.470686e+01 3.818618e+02 -1.454545e+01
      vertex   -8.486578e+01 3.816547e+02 -2.000000e+01
      vertex   -8.470686e+01 3.818618e+02 -2.000000e+01
    endloop
  endfacet
  facet normal 6.087614e-01 -7.933533e-01 3.172041e-15
    outer loop
      vertex   -8.470686e+01 3.818618e+02 -1.454545e+01
      vertex   -8.470686e+01 3.818618e+02 -2.000000e+01
      vertex   -8.449976e+01 3.820207e+02 -1.454545e+01
    endloop
  endfacet
  facet normal 6.087614e-01 -7.933533e-01 0.000000e+00
    outer loop
      vertex   -8.449976e+01 3.820207e+02 -1.454545e+01
      vertex   -8.470686e+01 3.818618e+02 -2.000000e+01
      vertex   -8.449976e+01 3.820207e+02 -2.000000e+01
    endloop
  endfacet
  facet normal 3.826834e-01 -9.238795e-01 0.000000e+00
    outer loop
      vertex   -8.449976e+01 3.820207e+02 -1.454545e+01
      vertex   -8.449976e+01 3.820207e+02 -2.000000e+01
      vertex   -8.425858e+01 3.821206e+02 -1.454545e+01
    endloop
  endfacet
  facet normal 3.826834e-01 -9.238795e-01 2.025305e-14
    outer loop
      vertex   -8.425858e+01 3.821206e+02 -1.454545e+01
      vertex   -8.449976e+01 3.820207e+02 -2.000000e+01
      vertex   -8.425858e+01 3.821206e+02 -2.000000e+01
    endloop
  endfacet
  facet normal 1.305262e-01 -9.914449e-01 2.100434e-14
    outer loop
      vertex   -8.425858e+01 3.821206e+02 -1.454545e+01
      vertex   -8.425858e+01 3.821206e+02 -2.000000e+01
      vertex   -8.399976e+01 3.821547e+02 -1.454545e+01
    endloop
  endfacet
  facet normal 1.305262e-01 -9.914449e-01 0.000000e+00
    outer loop
      vertex   -8.399976e+01 3.821547e+02 -1.454545e+01
      vertex   -8.425858e+01 3.821206e+02 -2.000000e+01
      vertex   -8.399976e+01 3.821547e+02 -2.000000e+01
    endloop
  endfacet
  facet normal -1.305262e-01 -9.914449e-01 -0.000000e+00
    outer loop
      vertex   -8.399976e+01 3.821547e+02 -1.454545e+01
      vertex   -8.399976e+01 3.821547e+02 -2.000000e+01
      vertex   -8.374094e+01 3.821206e+02 -1.454545e+01
    endloop
  endfacet
  facet normal -1.305262e-01 -9.914449e-01 2.100434e-14
    outer loop
      vertex   -8.374094e+01 3.821206e+02 -1.454545e+01
      vertex   -8.399976e+01 3.821547e+02 -2.000000e+01
      vertex   -8.374094e+01 3.821206e+02 -2.000000e+01
    endloop
  endfacet
  facet normal -3.826834e-01 -9.238795e-01 2.025305e-14
    outer loop
      vertex   -8.374094e+01 3.821206e+02 -1.454545e+01
      vertex   -8.374094e+01 3.821206e+02 -2.000000e+01
      vertex   -8.349976e+01 3.820207e+02 -2.000000e+01
    endloop
  endfacet
  facet normal -3.826834e-01 -9.238795e-01 -0.000000e+00
    outer loop
      vertex   -8.349976e+01 3.820207e+02 4.000000e+01
      vertex   -8.374094e+01 3.821206e+02 7.272727e+00
      vertex   -8.349976e+01 3.820207e+02 -2.000000e+01
    endloop
  endfacet
  facet normal -3.826834e-01 -9.238795e-01 -5.972734e-19
    outer loop
      vertex   -8.349976e+01 3.820207e+02 -2.000000e+01
      vertex   -8.374094e+01 3.821206e+02 7.272727e+00
      vertex   -8.374094e+01 3.821206e+02 1.818182e+00
    endloop
  endfacet
  facet normal -3.826834e-01 -9.238795e-01 -5.972734e-19
    outer loop
      vertex   -8.349976e+01 3.820207e+02 -2.000000e+01
      vertex   -8.374094e+01 3.821206e+02 1.818182e+00
      vertex   -8.374094e+01 3.821206e+02 -3.636364e+00
    endloop
  endfacet
  facet normal -1.305262e-01 -9.914449e-01 0.000000e+00
    outer loop
      vertex   -8.374094e+01 3.821206e+02 -3.636364e+00
      vertex   -8.374094e+01 3.821206e+02 1.818182e+00
      vertex   -8.399976e+01 3.821547e+02 -3.636364e+00
    endloop
  endfacet
  facet normal -1.305262e-01 -9.914449e-01 -5.117045e-19
    outer loop
      vertex   -8.374094e+01 3.821206e+02 -3.636364e+00
      vertex   -8.399976e+01 3.821547e+02 -3.636364e+00
      vertex   -8.399976e+01 3.821547e+02 -9.090909e+00
    endloop
  endfacet
  facet normal 1.305262e-01 -9.914449e-01 0.000000e+00
    outer loop
      vertex   -8.399976e+01 3.821547e+02 -9.090909e+00
      vertex   -8.399976e+01 3.821547e+02 -3.636364e+00
      vertex   -8.425858e+01 3.821206e+02 -9.090909e+00
    endloop
  endfacet
  facet normal 1.305262e-01 -9.914449e-01 -3.760961e-19
    outer loop
      vertex   -8.399976e+01 3.821547e+02 -9.090909e+00
      vertex   -8.425858e+01 3.821206e+02 -9.090909e+00
      vertex   -8.425858e+01 3.821206e+02 -1.454545e+01
    endloop
  endfacet
  facet normal 3.826834e-01 -9.238795e-01 0.000000e+00
    outer loop
      vertex   -8.425858e+01 3.821206e+02 -1.454545e+01
      vertex   -8.425858e+01 3.821206e+02 -9.090909e+00
      vertex   -8.449976e+01 3.820207e+02 -1.454545e+01
    endloop
  endfacet
  facet normal 9.914449e-01 -1.305262e-01 0.000000e+00
    outer loop
      vertex   -8.499976e+01 3.811547e+02 -2.000000e+01
      vertex   -8.496568e+01 3.814135e+02 1.272727e+01
      vertex   -8.499976e+01 3.811547e+02 4.000000e+01
    endloop
  endfacet
  facet normal 9.914449e-01 -1.305262e-01 -2.832305e-19
    outer loop
      vertex   -8.499976e+01 3.811547e+02 4.000000e+01
      vertex   -8.496568e+01 3.814135e+02 1.272727e+01
      vertex   -8.496568e+01 3.814135e+02 1.818182e+01
    endloop
  endfacet
  facet normal 9.914449e-01 -1.305262e-01 -2.832305e-19
    outer loop
      vertex   -8.499976e+01 3.811547e+02 4.000000e+01
      vertex   -8.496568e+01 3.814135e+02 1.818182e+01
      vertex   -8.496568e+01 3.814135e+02 2.363636e+01
    endloop
  endfacet
  facet normal 9.238795e-01 -3.826834e-01 0.000000e+00
    outer loop
      vertex   -8.496568e+01 3.814135e+02 2.363636e+01
      vertex   -8.496568e+01 3.814135e+02 1.818182e+01
      vertex   -8.486578e+01 3.816547e+02 2.363636e+01
    endloop
  endfacet
  facet normal 9.238795e-01 -3.826834e-01 3.326812e-20
    outer loop
      vertex   -8.496568e+01 3.814135e+02 2.363636e+01
      vertex   -8.486578e+01 3.816547e+02 2.363636e+01
      vertex   -8.486578e+01 3.816547e+02 2.909091e+01
    endloop
  endfacet
  facet normal 7.933533e-01 -6.087614e-01 0.000000e+00
    outer loop
      vertex   -8.486578e+01 3.816547e+02 2.909091e+01
      vertex   -8.486578e+01 3.816547e+02 2.363636e+01
      vertex   -8.470686e+01 3.818618e+02 2.909091e+01
    endloop
  endfacet
  facet normal 7.933533e-01 -6.087614e-01 1.793876e-18
    outer loop
      vertex   -8.486578e+01 3.816547e+02 2.909091e+01
      vertex   -8.470686e+01 3.818618e+02 2.909091e+01
      vertex   -8.470686e+01 3.818618e+02 3.454545e+01
    endloop
  endfacet
  facet normal 6.087614e-01 -7.933533e-01 0.000000e+00
    outer loop
      vertex   -8.470686e+01 3.818618e+02 3.454545e+01
      vertex   -8.470686e+01 3.818618e+02 2.909091e+01
      vertex   -8.449976e+01 3.820207e+02 3.454545e+01
    endloop
  endfacet
  facet normal 9.238795e-01 -3.826834e-01 0.000000e+00
    outer loop
      vertex   -8.496568e+01 3.814135e+02 -9.090909e+00
      vertex   -8.496568e+01 3.814135e+02 -1.454545e+01
      vertex   -8.486578e+01 3.816547e+02 -9.090909e+00
    endloop
  endfacet
  facet normal 9.238795e-01 -3.826834e-01 0.000000e+00
    outer loop
      vertex   -8.486578e+01 3.816547e+02 -9.090909e+00
      vertex   -8.496568e+01 3.814135e+02 -1.454545e+01
      vertex   -8.486578e+01 3.816547e+02 -1.454545e+01
    endloop
  endfacet
  facet normal 7.933533e-01 -6.087614e-01 0.000000e+00
    outer loop
      vertex   -8.486578e+01 3.816547e+02 -9.090909e+00
      vertex   -8.486578e+01 3.816547e+02 -1.454545e+01
      vertex   -8.470686e+01 3.818618e+02 -9.090909e+00
    endloop
  endfacet
  facet normal 7.933533e-01 -6.087614e-01 0.000000e+00
    outer loop
      vertex   -8.470686e+01 3.818618e+02 -9.090909e+00
      vertex   -8.486578e+01 3.816547e+02 -1.454545e+01
      vertex   -8.470686e+01 3.818618e+02 -1.454545e+01
    endloop
  endfacet
  facet normal 6.087614e-01 -7.933533e-01 0.000000e+00
    outer loop
      vertex   -8.470686e+01 3.818618e+02 -9.090909e+00
      vertex   -8.470686e+01 3.818618e+02 -1.454545e+01
      vertex   -8.449976e+01 3.820207e+02 -9.090909e+00
    endloop
  endfacet
  facet normal 6.087614e-01 -7.933533e-01 0.000000e+00
    outer loop
      vertex   -8.449976e+01 3.820207e+02 -9.090909e+00
      vertex   -8.470686e+01 3.818618e+02 -1.454545e+01
      vertex   -8.449976e+01 3.820207e+02 -1.454545e+01
    endloop
  endfacet
  facet normal 3.826834e-01 -9.238795e-01 0.000000e+00
    outer loop
      vertex   -8.449976e+01 3.820207e+02 -9.090909e+00
      vertex   -8.449976e+01 3.820207e+02 -1.454545e+01
      vertex   -8.425858e+01 3.821206e+02 -9.090909e+00
    endloop
  endfacet
  facet normal 9.914449e-01 -1.305262e-01 0.000000e+00
    outer loop
      vertex   -8.496568e+01 3.814135e+02 -3.636364e+00
      vertex   -8.496568e+01 3.814135e+02 1.818182e+00
      vertex   -8.499976e+01 3.811547e+02 -2.000000e+01
    endloop
  endfacet
  facet normal 9.914449e-01 -1.305262e-01 -2.832305e-19
    outer loop
      vertex   -8.499976e+01 3.811547e+02 -2.000000e+01
      vertex   -8.496568e+01 3.814135e+02 1.818182e+00
      vertex   -8.496568e+01 3.814135e+02 7.272727e+00
    endloop
  endfacet
  facet normal 9.914449e-01 -1.305262e-01 -2.832305e-19
    outer loop
      vertex   -8.499976e+01 3.811547e+02 -2.000000e+01
      vertex   -8.496568e+01 3.814135e+02 7.272727e+00
      vertex   -8.496568e+01 3.814135e+02 1.272727e+01
    endloop
  endfacet
  facet normal 9.238795e-01 -3.826834e-01 0.000000e+00
    outer loop
      vertex   -8.496568e+01 3.814135e+02 1.272727e+01
      vertex   -8.496568e+01 3.814135e+02 7.272727e+00
      vertex   -8.486578e+01 3.816547e+02 1.272727e+01
    endloop
  endfacet
  facet normal 9.238795e-01 -3.826834e-01 3.326812e-20
    outer loop
      vertex   -8.496568e+01 3.814135e+02 1.272727e+01
      vertex   -8.486578e+01 3.816547e+02 1.272727e+01
      vertex   -8.486578e+01 3.816547e+02 1.818182e+01
    endloop
  endfacet
  facet normal 7.933533e-01 -6.087614e-01 0.000000e+00
    outer loop
      vertex   -8.486578e+01 3.816547e+02 1.818182e+01
      vertex   -8.486578e+01 3.816547e+02 1.272727e+01
      vertex   -8.470686e+01 3.818618e+02 1.818182e+01
    endloop
  endfacet
  facet normal 7.933533e-01 -6.087614e-01 1.793876e-18
    outer loop
      vertex   -8.486578e+01 3.816547e+02 1.818182e+01
      vertex   -8.470686e+01 3.818618e+02 1.818182e+01
      vertex   -8.470686e+01 3.818618e+02 2.363636e+01
    endloop
  endfacet
  facet normal 6.087614e-01 -7.933533e-01 0.000000e+00
    outer loop
      vertex   -8.470686e+01 3.818618e+02 2.363636e+01
      vertex   -8.470686e+01 3.818618e+02 1.818182e+01
      vertex   -8.449976e+01 3.820207e+02 2.363636e+01
    endloop
  endfacet
  facet normal 6.087614e-01 -7.933533e-01 -7.396029e-19
    outer loop
      vertex   -8.470686e+01 3.818618e+02 2.363636e+01
      vertex   -8.449976e+01 3.820207e+02 2.363636e+01
      vertex   -8.449976e+01 3.820207e+02 2.909091e+01
    endloop
  endfacet
  facet normal 3.826834e-01 -9.238795e-01 0.000000e+00
    outer loop
      vertex   -8.449976e+01 3.820207e+02 2.909091e+01
      vertex   -8.449976e+01 3.820207e+02 2.363636e+01
      vertex   -8.425858e+01 3.821206e+02 2.909091e+01
    endloop
  endfacet
  facet normal 3.826834e-01 -9.238795e-01 5.972734e-19
    outer loop
      vertex   -8.449976e+01 3.820207e+02 2.909091e+01
      vertex   -8.425858e+01 3.821206e+02 2.909091e+01
      vertex   -8.425858e+01 3.821206e+02 3.454545e+01
    endloop
  endfacet
  facet normal 1.305262e-01 -9.914449e-01 0.000000e+00
    outer loop
      vertex   -8.425858e+01 3.821206e+02 3.454545e+01
      vertex   -8.425858e+01 3.821206e+02 2.909091e+01
      vertex   -8.399976e+01 3.821547e+02 3.454545e+01
    endloop
  endfacet
  facet normal 9.238795e-01 -3.826834e-01 0.000000e+00
    outer loop
      vertex   -8.496568e+01 3.814135e+02 -3.636364e+00
      vertex   -8.486578e+01 3.816547e+02 1.818182e+00
      vertex   -8.496568e+01 3.814135e+02 1.818182e+00
    endloop
  endfacet
  facet normal 9.238795e-01 -3.826834e-01 3.326812e-20
    outer loop
      vertex   -8.496568e+01 3.814135e+02 1.818182e+00
      vertex   -8.486578e+01 3.816547e+02 1.818182e+00
      vertex   -8.486578e+01 3.816547e+02 7.272727e+00
    endloop
  endfacet
  facet normal 9.238795e-01 -3.826834e-01 0.000000e+00
    outer loop
      vertex   -8.496568e+01 3.814135e+02 1.818182e+00
      vertex   -8.486578e+01 3.816547e+02 7.272727e+00
      vertex   -8.496568e+01 3.814135e+02 7.272727e+00
    endloop
  endfacet
  facet normal 9.238795e-01 -3.826834e-01 3.326812e-20
    outer loop
      vertex   -8.496568e+01 3.814135e+02 7.272727e+00
      vertex   -8.486578e+01 3.816547e+02 7.272727e+00
      vertex   -8.486578e+01 3.816547e+02 1.272727e+01
    endloop
  endfacet
  facet normal 9.238795e-01 -3.826834e-01 0.000000e+00
    outer loop
      vertex   -8.486578e+01 3.816547e+02 2.363636e+01
      vertex   -8.496568e+01 3.814135e+02 1.818182e+01
      vertex   -8.486578e+01 3.816547e+02 1.818182e+01
    endloop
  endfacet
  facet normal 9.238795e-01 -3.826834e-01 3.326812e-20
    outer loop
      vertex   -8.486578e+01 3.816547e+02 1.818182e+01
      vertex   -8.496568e+01 3.814135e+02 1.818182e+01
      vertex   -8.496568e+01 3.814135e+02 1.272727e+01
    endloop
  endfacet
  facet normal 9.914449e-01 -1.305262e-01 0.000000e+00
    outer loop
      vertex   -8.496568e+01 3.814135e+02 3.454545e+01
      vertex   -8.499976e+01 3.811547e+02 4.000000e+01
      vertex   -8.496568e+01 3.814135e+02 2.909091e+01
    endloop
  endfacet
  facet normal 9.914449e-01 -1.305262e-01 0.000000e+00
    outer loop
      vertex   -8.496568e+01 3.814135e+02 2.909091e+01
      vertex   -8.499976e+01 3.811547e+02 4.000000e+01
      vertex   -8.496568e+01 3.814135e+02 2.363636e+01
    endloop
  endfacet
  facet normal 9.238795e-01 -3.826834e-01 0.000000e+00
    outer loop
      vertex   -8.496568e+01 3.814135e+02 2.909091e+01
      vertex   -8.496568e+01 3.814135e+02 2.363636e+01
      vertex   -8.486578e+01 3.816547e+02 2.909091e+01
    endloop
  endfacet
  facet normal 9.238795e-01 -3.826834e-01 3.326812e-20
    outer loop
      vertex   -8.486578e+01 3.816547e+02 3.454545e+01
      vertex   -8.496568e+01 3.814135e+02 3.454545e+01
      vertex   -8.496568e+01 3.814135e+02 2.909091e+01
    endloop
  endfacet
  facet normal 9.238795e-01 -3.826834e-01 0.000000e+00
    outer loop
      vertex   -8.486578e+01 3.816547e+02 3.454545e+01
      vertex   -8.496568e+01 3.814135e+02 2.909091e+01
      vertex   -8.486578e+01 3.816547e+02 2.909091e+01
    endloop
  endfacet
  facet normal 9.238795e-01 -3.826834e-01 3.326812e-20
    outer loop
      vertex   -8.496568e+01 3.814135e+02 -9.090909e+00
      vertex   -8.486578e+01 3.816547e+02 -9.090909e+00
      vertex   -8.486578e+01 3.816547e+02 -3.636364e+00
    endloop
  endfacet
  facet normal 7.933533e-01 -6.087614e-01 0.000000e+00
    outer loop
      vertex   -8.486578e+01 3.816547e+02 -3.636364e+00
      vertex   -8.486578e+01 3.816547e+02 -9.090909e+00
      vertex   -8.470686e+01 3.818618e+02 -3.636364e+00
    endloop
  endfacet
  facet normal 7.933533e-01 -6.087614e-01 1.040069e-18
    outer loop
      vertex   -8.486578e+01 3.816547e+02 -3.636364e+00
      vertex   -8.470686e+01 3.818618e+02 -3.636364e+00
      vertex   -8.470686e+01 3.818618e+02 1.818182e+00
    endloop
  endfacet
  facet normal 6.087614e-01 -7.933533e-01 0.000000e+00
    outer loop
      vertex   -8.470686e+01 3.818618e+02 1.818182e+00
      vertex   -8.470686e+01 3.818618e+02 -3.636364e+00
      vertex   -8.449976e+01 3.820207e+02 1.818182e+00
    endloop
  endfacet
  facet normal 6.087614e-01 -7.933533e-01 1.528034e-18
    outer loop
      vertex   -8.470686e+01 3.818618e+02 1.818182e+00
      vertex   -8.449976e+01 3.820207e+02 1.818182e+00
      vertex   -8.449976e+01 3.820207e+02 7.272727e+00
    endloop
  endfacet
  facet normal 3.826834e-01 -9.238795e-01 0.000000e+00
    outer loop
      vertex   -8.449976e+01 3.820207e+02 7.272727e+00
      vertex   -8.449976e+01 3.820207e+02 1.818182e+00
      vertex   -8.425858e+01 3.821206e+02 7.272727e+00
    endloop
  endfacet
  facet normal 3.826834e-01 -9.238795e-01 5.972734e-19
    outer loop
      vertex   -8.449976e+01 3.820207e+02 7.272727e+00
      vertex   -8.425858e+01 3.821206e+02 7.272727e+00
      vertex   -8.425858e+01 3.821206e+02 1.272727e+01
    endloop
  endfacet
  facet normal 1.305262e-01 -9.914449e-01 0.000000e+00
    outer loop
      vertex   -8.425858e+01 3.821206e+02 1.272727e+01
      vertex   -8.425858e+01 3.821206e+02 7.272727e+00
      vertex   -8.399976e+01 3.821547e+02 1.272727e+01
    endloop
  endfacet
  facet normal 1.305262e-01 -9.914449e-01 -3.760961e-19
    outer loop
      vertex   -8.425858e+01 3.821206e+02 1.272727e+01
      vertex   -8.399976e+01 3.821547e+02 1.272727e+01
      vertex   -8.399976e+01 3.821547e+02 1.818182e+01
    endloop
  endfacet
  facet normal -1.305262e-01 -9.914449e-01 -0.000000e+00
    outer loop
      vertex   -8.399976e+01 3.821547e+02 1.818182e+01
      vertex   -8.399976e+01 3.821547e+02 1.272727e+01
      vertex   -8.374094e+01 3.821206e+02 1.818182e+01
    endloop
  endfacet
  facet normal -1.305262e-01 -9.914449e-01 -5.117045e-19
    outer loop
      vertex   -8.399976e+01 3.821547e+02 1.818182e+01
      vertex   -8.374094e+01 3.821206e+02 1.818182e+01
      vertex   -8.374094e+01 3.821206e+02 2.363636e+01
    endloop
  endfacet
  facet normal -3.826834e-01 -9.238795e-01 -0.000000e+00
    outer loop
      vertex   -8.374094e+01 3.821206e+02 2.363636e+01
      vertex   -8.374094e+01 3.821206e+02 1.818182e+01
      vertex   -8.349976e+01 3.820207e+02 4.000000e+01
    endloop
  endfacet
  facet normal 7.933533e-01 -6.087614e-01 0.000000e+00
    outer loop
      vertex   -8.470686e+01 3.818618e+02 -3.636364e+00
      vertex   -8.486578e+01 3.816547e+02 -9.090909e+00
      vertex   -8.470686e+01 3.818618e+02 -9.090909e+00
    endloop
  endfacet
  facet normal 7.933533e-01 -6.087614e-01 0.000000e+00
    outer loop
      vertex   -8.486578e+01 3.816547e+02 1.818182e+00
      vertex   -8.470686e+01 3.818618e+02 7.272727e+00
      vertex   -8.486578e+01 3.816547e+02 7.272727e+00
    endloop
  endfacet
  facet normal 7.933533e-01 -6.087614e-01 1.793876e-18
    outer loop
      vertex   -8.486578e+01 3.816547e+02 7.272727e+00
      vertex   -8.470686e+01 3.818618e+02 7.272727e+00
      vertex   -8.470686e+01 3.818618e+02 1.272727e+01
    endloop
  endfacet
  facet normal 7.933533e-01 -6.087614e-01 0.000000e+00
    outer loop
      vertex   -8.486578e+01 3.816547e+02 7.272727e+00
      vertex   -8.470686e+01 3.818618e+02 1.272727e+01
      vertex   -8.486578e+01 3.816547e+02 1.272727e+01
    endloop
  endfacet
  facet normal 7.933533e-01 -6.087614e-01 1.793876e-18
    outer loop
      vertex   -8.486578e+01 3.816547e+02 1.272727e+01
      vertex   -8.470686e+01 3.818618e+02 1.272727e+01
      vertex   -8.470686e+01 3.818618e+02 1.818182e+01
    endloop
  endfacet
  facet normal 7.933533e-01 -6.087614e-01 0.000000e+00
    outer loop
      vertex   -8.470686e+01 3.818618e+02 2.909091e+01
      vertex   -8.486578e+01 3.816547e+02 2.363636e+01
      vertex   -8.470686e+01 3.818618e+02 2.363636e+01
    endloop
  endfacet
  facet normal 7.933533e-01 -6.087614e-01 1.793876e-18
    outer loop
      vertex   -8.470686e+01 3.818618e+02 2.363636e+01
      vertex   -8.486578e+01 3.816547e+02 2.363636e+01
      vertex   -8.486578e+01 3.816547e+02 1.818182e+01
    endloop
  endfacet
  facet normal 7.933533e-01 -6.087614e-01 1.793876e-18
    outer loop
      vertex   -8.470686e+01 3.818618e+02 3.454545e+01
      vertex   -8.486578e+01 3.816547e+02 3.454545e+01
      vertex   -8.486578e+01 3.816547e+02 2.909091e+01
    endloop
  endfacet
  facet normal 6.087614e-01 -7.933533e-01 0.000000e+00
    outer loop
      vertex   -8.470686e+01 3.818618e+02 -3.636364e+00
      vertex   -8.470686e+01 3.818618e+02 -9.090909e+00
      vertex   -8.449976e+01 3.820207e+02 -3.636364e+00
    endloop
  endfacet
  facet normal 6.087614e-01 -7.933533e-01 0.000000e+00
    outer loop
      vertex   -8.449976e+01 3.820207e+02 -3.636364e+00
      vertex   -8.470686e+01 3.818618e+02 -9.090909e+00
      vertex   -8.449976e+01 3.820207e+02 -9.090909e+00
    endloop
  endfacet
  facet normal 3.826834e-01 -9.238795e-01 0.000000e+00
    outer loop
      vertex   -8.449976e+01 3.820207e+02 -3.636364e+00
      vertex   -8.449976e+01 3.820207e+02 -9.090909e+00
      vertex   -8.425858e+01 3.821206e+02 -3.636364e+00
    endloop
  endfacet
  facet normal 3.826834e-01 -9.238795e-01 0.000000e+00
    outer loop
      vertex   -8.425858e+01 3.821206e+02 -3.636364e+00
      vertex   -8.449976e+01 3.820207e+02 -9.090909e+00
      vertex   -8.425858e+01 3.821206e+02 -9.090909e+00
    endloop
  endfacet
  facet normal 1.305262e-01 -9.914449e-01 0.000000e+00
    outer loop
      vertex   -8.425858e+01 3.821206e+02 -3.636364e+00
      vertex   -8.425858e+01 3.821206e+02 -9.090909e+00
      vertex   -8.399976e+01 3.821547e+02 -3.636364e+00
    endloop
  endfacet
  facet normal 6.087614e-01 -7.933533e-01 0.000000e+00
    outer loop
      vertex   -8.470686e+01 3.818618e+02 7.272727e+00
      vertex   -8.449976e+01 3.820207e+02 1.272727e+01
      vertex   -8.470686e+01 3.818618e+02 1.272727e+01
    endloop
  endfacet
  facet normal 6.087614e-01 -7.933533e-01 -7.396029e-19
    outer loop
      vertex   -8.470686e+01 3.818618e+02 1.272727e+01
      vertex   -8.449976e+01 3.820207e+02 1.272727e+01
      vertex   -8.449976e+01 3.820207e+02 1.818182e+01
    endloop
  endfacet
  facet normal 6.087614e-01 -7.933533e-01 0.000000e+00
    outer loop
      vertex   -8.470686e+01 3.818618e+02 1.272727e+01
      vertex   -8.449976e+01 3.820207e+02 1.818182e+01
      vertex   -8.470686e+01 3.818618e+02 1.818182e+01
    endloop
  endfacet
  facet normal 6.087614e-01 -7.933533e-01 -7.396029e-19
    outer loop
      vertex   -8.470686e+01 3.818618e+02 1.818182e+01
      vertex   -8.449976e+01 3.820207e+02 1.818182e+01
      vertex   -8.449976e+01 3.820207e+02 2.363636e+01
    endloop
  endfacet
  facet normal 6.087614e-01 -7.933533e-01 0.000000e+00
    outer loop
      vertex   -8.449976e+01 3.820207e+02 3.454545e+01
      vertex   -8.470686e+01 3.818618e+02 2.909091e+01
      vertex   -8.449976e+01 3.820207e+02 2.909091e+01
    endloop
  endfacet
  facet normal 6.087614e-01 -7.933533e-01 -7.396029e-19
    outer loop
      vertex   -8.449976e+01 3.820207e+02 2.909091e+01
      vertex   -8.470686e+01 3.818618e+02 2.909091e+01
      vertex   -8.470686e+01 3.818618e+02 2.363636e+01
    endloop
  endfacet
  facet normal 6.087614e-01 -7.933533e-01 1.528034e-18
    outer loop
      vertex   -8.470686e+01 3.818618e+02 -3.636364e+00
      vertex   -8.449976e+01 3.820207e+02 -3.636364e+00
      vertex   -8.449976e+01 3.820207e+02 1.818182e+00
    endloop
  endfacet
  facet normal 3.826834e-01 -9.238795e-01 0.000000e+00
    outer loop
      vertex   -8.449976e+01 3.820207e+02 1.818182e+00
      vertex   -8.449976e+01 3.820207e+02 -3.636364e+00
      vertex   -8.425858e+01 3.821206e+02 1.818182e+00
    endloop
  endfacet
  facet normal 3.826834e-01 -9.238795e-01 5.972734e-19
    outer loop
      vertex   -8.449976e+01 3.820207e+02 1.818182e+00
      vertex   -8.425858e+01 3.821206e+02 1.818182e+00
      vertex   -8.425858e+01 3.821206e+02 7.272727e+00
    endloop
  endfacet
  facet normal 1.305262e-01 -9.914449e-01 0.000000e+00
    outer loop
      vertex   -8.425858e+01 3.821206e+02 7.272727e+00
      vertex   -8.425858e+01 3.821206e+02 1.818182e+00
      vertex   -8.399976e+01 3.821547e+02 7.272727e+00
    endloop
  endfacet
  facet normal 1.305262e-01 -9.914449e-01 -3.760961e-19
    outer loop
      vertex   -8.425858e+01 3.821206e+02 7.272727e+00
      vertex   -8.399976e+01 3.821547e+02 7.272727e+00
      vertex   -8.399976e+01 3.821547e+02 1.272727e+01
    endloop
  endfacet
  facet normal -1.305262e-01 -9.914449e-01 -0.000000e+00
    outer loop
      vertex   -8.399976e+01 3.821547e+02 1.272727e+01
      vertex   -8.399976e+01 3.821547e+02 7.272727e+00
      vertex   -8.374094e+01 3.821206e+02 1.272727e+01
    endloop
  endfacet
  facet normal -1.305262e-01 -9.914449e-01 -5.117045e-19
    outer loop
      vertex   -8.399976e+01 3.821547e+02 1.272727e+01
      vertex   -8.374094e+01 3.821206e+02 1.272727e+01
      vertex   -8.374094e+01 3.821206e+02 1.818182e+01
    endloop
  endfacet
  facet normal -3.826834e-01 -9.238795e-01 -0.000000e+00
    outer loop
      vertex   -8.374094e+01 3.821206e+02 1.818182e+01
      vertex   -8.374094e+01 3.821206e+02 1.272727e+01
      vertex   -8.349976e+01 3.820207e+02 4.000000e+01
    endloop
  endfacet
  facet normal 3.826834e-01 -9.238795e-01 0.000000e+00
    outer loop
      vertex   -8.425858e+01 3.821206e+02 1.818182e+00
      vertex   -8.449976e+01 3.820207e+02 -3.636364e+00
      vertex   -8.425858e+01 3.821206e+02 -3.636364e+00
    endloop
  endfacet
  facet normal 3.826834e-01 -9.238795e-01 0.000000e+00
    outer loop
      vertex   -8.449976e+01 3.820207e+02 1.272727e+01
      vertex   -8.425858e+01 3.821206e+02 1.818182e+01
      vertex   -8.449976e+01 3.820207e+02 1.818182e+01
    endloop
  endfacet
  facet normal 3.826834e-01 -9.238795e-01 5.972734e-19
    outer loop
      vertex   -8.449976e+01 3.820207e+02 1.818182e+01
      vertex   -8.425858e+01 3.821206e+02 1.818182e+01
      vertex   -8.425858e+01 3.821206e+02 2.363636e+01
    endloop
  endfacet
  facet normal 3.826834e-01 -9.238795e-01 0.000000e+00
    outer loop
      vertex   -8.449976e+01 3.820207e+02 1.818182e+01
      vertex   -8.425858e+01 3.821206e+02 2.363636e+01
      vertex   -8.449976e+01 3.820207e+02 2.363636e+01
    endloop
  endfacet
  facet normal 3.826834e-01 -9.238795e-01 5.972734e-19
    outer loop
      vertex   -8.449976e+01 3.820207e+02 2.363636e+01
      vertex   -8.425858e+01 3.821206e+02 2.363636e+01
      vertex   -8.425858e+01 3.821206e+02 2.909091e+01
    endloop
  endfacet
  facet normal 3.826834e-01 -9.238795e-01 5.972734e-19
    outer loop
      vertex   -8.425858e+01 3.821206e+02 3.454545e+01
      vertex   -8.449976e+01 3.820207e+02 3.454545e+01
      vertex   -8.449976e+01 3.820207e+02 2.909091e+01
    endloop
  endfacet
  facet normal 1.305262e-01 -9.914449e-01 0.000000e+00
    outer loop
      vertex   -8.399976e+01 3.821547e+02 -9.090909e+00
      vertex   -8.425858e+01 3.821206e+02 -1.454545e+01
      vertex   -8.399976e+01 3.821547e+02 -1.454545e+01
    endloop
  endfacet
  facet normal 1.305262e-01 -9.914449e-01 0.000000e+00
    outer loop
      vertex   -8.425858e+01 3.821206e+02 1.818182e+00
      vertex   -8.425858e+01 3.821206e+02 -3.636364e+00
      vertex   -8.399976e+01 3.821547e+02 1.818182e+00
    endloop
  endfacet
  facet normal 1.305262e-01 -9.914449e-01 0.000000e+00
    outer loop
      vertex   -8.399976e+01 3.821547e+02 1.818182e+00
      vertex   -8.425858e+01 3.821206e+02 -3.636364e+00
      vertex   -8.399976e+01 3.821547e+02 -3.636364e+00
    endloop
  endfacet
  facet normal -1.305262e-01 -9.914449e-01 -0.000000e+00
    outer loop
      vertex   -8.399976e+01 3.821547e+02 1.818182e+00
      vertex   -8.399976e+01 3.821547e+02 -3.636364e+00
      vertex   -8.374094e+01 3.821206e+02 1.818182e+00
    endloop
  endfacet
  facet normal 1.305262e-01 -9.914449e-01 0.000000e+00
    outer loop
      vertex   -8.425858e+01 3.821206e+02 1.818182e+01
      vertex   -8.399976e+01 3.821547e+02 2.363636e+01
      vertex   -8.425858e+01 3.821206e+02 2.363636e+01
    endloop
  endfacet
  facet normal 1.305262e-01 -9.914449e-01 -3.760961e-19
    outer loop
      vertex   -8.425858e+01 3.821206e+02 2.363636e+01
      vertex   -8.399976e+01 3.821547e+02 2.363636e+01
      vertex   -8.399976e+01 3.821547e+02 2.909091e+01
    endloop
  endfacet
  facet normal 1.305262e-01 -9.914449e-01 0.000000e+00
    outer loop
      vertex   -8.425858e+01 3.821206e+02 2.363636e+01
      vertex   -8.399976e+01 3.821547e+02 2.909091e+01
      vertex   -8.425858e+01 3.821206e+02 2.909091e+01
    endloop
  endfacet
  facet normal 1.305262e-01 -9.914449e-01 -3.760961e-19
    outer loop
      vertex   -8.425858e+01 3.821206e+02 2.909091e+01
      vertex   -8.399976e+01 3.821547e+02 2.909091e+01
      vertex   -8.399976e+01 3.821547e+02 3.454545e+01
    endloop
  endfacet
  facet normal -1.305262e-01 -9.914449e-01 -0.000000e+00
    outer loop
      vertex   -8.399976e+01 3.821547e+02 -9.090909e+00
      vertex   -8.399976e+01 3.821547e+02 -1.454545e+01
      vertex   -8.374094e+01 3.821206e+02 -9.090909e+00
    endloop
  endfacet
  facet normal -1.305262e-01 -9.914449e-01 -0.000000e+00
    outer loop
      vertex   -8.374094e+01 3.821206e+02 -9.090909e+00
      vertex   -8.399976e+01 3.821547e+02 -1.454545e+01
      vertex   -8.374094e+01 3.821206e+02 -1.454545e+01
    endloop
  endfacet
  facet normal -3.826834e-01 -9.238795e-01 -0.000000e+00
    outer loop
      vertex   -8.374094e+01 3.821206e+02 -9.090909e+00
      vertex   -8.374094e+01 3.821206e+02 -1.454545e+01
      vertex   -8.349976e+01 3.820207e+02 -2.000000e+01
    endloop
  endfacet
  facet normal 1.305262e-01 -9.914449e-01 -3.760961e-19
    outer loop
      vertex   -8.425858e+01 3.821206e+02 1.818182e+00
      vertex   -8.399976e+01 3.821547e+02 1.818182e+00
      vertex   -8.399976e+01 3.821547e+02 7.272727e+00
    endloop
  endfacet
  facet normal -1.305262e-01 -9.914449e-01 -0.000000e+00
    outer loop
      vertex   -8.399976e+01 3.821547e+02 7.272727e+00
      vertex   -8.399976e+01 3.821547e+02 1.818182e+00
      vertex   -8.374094e+01 3.821206e+02 7.272727e+00
    endloop
  endfacet
  facet normal -1.305262e-01 -9.914449e-01 -5.117045e-19
    outer loop
      vertex   -8.399976e+01 3.821547e+02 7.272727e+00
      vertex   -8.374094e+01 3.821206e+02 7.272727e+00
      vertex   -8.374094e+01 3.821206e+02 1.272727e+01
    endloop
  endfacet
  facet normal -3.826834e-01 -9.238795e-01 -0.000000e+00
    outer loop
      vertex   -8.374094e+01 3.821206e+02 1.272727e+01
      vertex   -8.374094e+01 3.821206e+02 7.272727e+00
      vertex   -8.349976e+01 3.820207e+02 4.000000e+01
    endloop
  endfacet
  facet normal -1.305262e-01 -9.914449e-01 -0.000000e+00
    outer loop
      vertex   -8.374094e+01 3.821206e+02 7.272727e+00
      vertex   -8.399976e+01 3.821547e+02 1.818182e+00
      vertex   -8.374094e+01 3.821206e+02 1.818182e+00
    endloop
  endfacet
  facet normal -1.305262e-01 -9.914449e-01 -5.117045e-19
    outer loop
      vertex   -8.374094e+01 3.821206e+02 3.454545e+01
      vertex   -8.399976e+01 3.821547e+02 3.454545e+01
      vertex   -8.399976e+01 3.821547e+02 2.909091e+01
    endloop
  endfacet
  facet normal -1.305262e-01 -9.914449e-01 -0.000000e+00
    outer loop
      vertex   -8.374094e+01 3.821206e+02 3.454545e+01
      vertex   -8.399976e+01 3.821547e+02 2.909091e+01
      vertex   -8.374094e+01 3.821206e+02 2.909091e+01
    endloop
  endfacet
  facet normal -1.305262e-01 -9.914449e-01 -5.117045e-19
    outer loop
      vertex   -8.374094e+01 3.821206e+02 2.909091e+01
      vertex   -8.399976e+01 3.821547e+02 2.909091e+01
      vertex   -8.399976e+01 3.821547e+02 2.363636e+01
    endloop
  endfacet
  facet normal -3.826834e-01 -9.238795e-01 -5.972734e-19
    outer loop
      vertex   -8.349976e+01 3.820207e+02 -2.000000e+01
      vertex   -8.374094e+01 3.821206e+02 -3.636364e+00
      vertex   -8.374094e+01 3.821206e+02 -9.090909e+00
    endloop
  endfacet
  facet normal -1.305262e-01 -9.914449e-01 0.000000e+00
    outer loop
      vertex   -8.374094e+01 3.821206e+02 -9.090909e+00
      vertex   -8.374094e+01 3.821206e+02 -3.636364e+00
      vertex   -8.399976e+01 3.821547e+02 -9.090909e+00
    endloop
  endfacet
  facet normal 1.000000e+00 0.000000e+00 0.000000e+00
    outer loop
      vertex   -8.499976e+01 3.811547e+02 4.000000e+01
      vertex   -8.499976e+01 3.770000e+02 4.000000e+01
      vertex   -8.499976e+01 3.811547e+02 -2.000000e+01
    endloop
  endfacet
  facet normal 1.000000e+00 0.000000e+00 0.000000e+00
    outer loop
      vertex   -8.499976e+01 3.811547e+02 -2.000000e+01
      vertex   -8.499976e+01 3.770000e+02 4.000000e+01
      vertex   -8.499976e+01 3.770000e+02 -2.000000e+01
    endloop
  endfacet
  facet normal 0.000000e+00 -1.000000e+00 0.000000e+00
    outer loop
      vertex   -9.499976e+01 3.770000e+02 -2.000000e+01
      vertex   -8.499976e+01 3.770000e+02 -2.000000e+01
      vertex   -9.499976e+01 3.770000e+02 4.000000e+01
    endloop
  endfacet
  facet normal 0.000000e+00 -1.000000e+00 0.000000e+00
    outer loop
      vertex   -9.499976e+01 3.770000e+02 4.000000e+01
      vertex   -8.499976e+01 3.770000e+02 -2.000000e+01
      vertex   -8.499976e+01 3.770000e+02 4.000000e+01
    endloop
  endfacet
  facet normal -5.000000e-01 -8.660254e-01 0.000000e+00
    outer loop
      vertex   -1.010750e+02 3.805075e+02 -2.000000e+01
      vertex   -9.499976e+01 3.770000e+02 -2.000000e+01
      vertex   -1.010750e+02 3.805075e+02 4.000000e+01
    endloop
  endfacet
  facet normal -5.000000e-01 -8.660254e-01 -3.113989e-18
    outer loop
      vertex   -1.010750e+02 3.805075e+02 4.000000e+01
      vertex   -9.499976e+01 3.770000e+02 -2.000000e+01
      vertex   -9.499976e+01 3.770000e+02 4.000000e+01
    endloop
  endfacet
  facet normal 2.164396e-01 -9.762960e-01 4.182915e-14
    outer loop
      vertex   -2.370916e+02 3.503534e+02 2.269927e+00
      vertex   -2.315681e+02 3.515779e+02 4.355296e+00
      vertex   -2.375970e+02 3.502413e+02 2.338075e+00
    endloop
  endfacet
  facet normal 2.164396e-01 -9.762960e-01 1.151053e-14
    outer loop
      vertex   -2.375970e+02 3.502413e+02 2.338075e+00
      vertex   -2.315681e+02 3.515779e+02 4.355296e+00
      vertex   -2.308060e+02 3.517468e+02 6.239952e+00
    endloop
  endfacet
  facet normal 2.164396e-01 -9.762960e-01 -1.710864e-13
    outer loop
      vertex   -2.375970e+02 3.502413e+02 2.338075e+00
      vertex   -2.308060e+02 3.517468e+02 6.239952e+00
      vertex   -2.381024e+02 3.501293e+02 2.269927e+00
    endloop
  endfacet
  facet normal 2.164396e-01 -9.762960e-01 -4.163476e-14
    outer loop
      vertex   -2.381024e+02 3.501293e+02 2.269927e+00
      vertex   -2.308060e+02 3.517468e+02 6.239952e+00
      vertex   -2.297654e+02 3.519775e+02 7.979283e+00
    endloop
  endfacet
  facet normal 2.164396e-01 -9.762960e-01 -2.777207e-13
    outer loop
      vertex   -2.381024e+02 3.501293e+02 2.269927e+00
      vertex   -2.297654e+02 3.519775e+02 7.979283e+00
      vertex   -2.385733e+02 3.500249e+02 2.070126e+00
    endloop
  endfacet
  facet normal 2.164396e-01 -9.762960e-01 6.470845e-14
    outer loop
      vertex   -2.385733e+02 3.500249e+02 2.070126e+00
      vertex   -2.297654e+02 3.519775e+02 7.979283e+00
      vertex   -2.284720e+02 3.522643e+02 9.530463e+00
    endloop
  endfacet
  facet normal 2.164396e-01 -9.762960e-01 1.279875e-15
    outer loop
      vertex   -2.385733e+02 3.500249e+02 2.070126e+00
      vertex   -2.284720e+02 3.522643e+02 9.530463e+00
      vertex   -2.399997e+02 3.497086e+02 4.000000e+01
    endloop
  endfacet
  facet normal 2.164396e-01 -9.762960e-01 -4.034555e-15
    outer loop
      vertex   -2.399997e+02 3.497086e+02 4.000000e+01
      vertex   -2.284720e+02 3.522643e+02 9.530463e+00
      vertex   -2.269576e+02 3.526000e+02 1.085530e+01
    endloop
  endfacet
  facet normal 2.164396e-01 -9.762960e-01 -8.137296e-15
    outer loop
      vertex   -2.399997e+02 3.497086e+02 4.000000e+01
      vertex   -2.269576e+02 3.526000e+02 1.085530e+01
      vertex   -2.252595e+02 3.529765e+02 1.192116e+01
    endloop
  endfacet
  facet normal 2.164396e-01 -9.762960e-01 -5.653250e-15
    outer loop
      vertex   -2.315681e+02 3.515779e+02 4.355296e+00
      vertex   -2.370916e+02 3.503534e+02 2.269927e+00
      vertex   -2.320331e+02 3.514748e+02 2.371723e+00
    endloop
  endfacet
  facet normal 2.164396e-01 -9.762960e-01 -1.296574e-13
    outer loop
      vertex   -2.320331e+02 3.514748e+02 2.371723e+00
      vertex   -2.370916e+02 3.503534e+02 2.269927e+00
      vertex   -2.366207e+02 3.504578e+02 2.070126e+00
    endloop
  endfacet
  facet normal 2.164396e-01 -9.762960e-01 5.882598e-14
    outer loop
      vertex   -2.320331e+02 3.514748e+02 2.371723e+00
      vertex   -2.366207e+02 3.504578e+02 2.070126e+00
      vertex   -2.362163e+02 3.505474e+02 1.752289e+00
    endloop
  endfacet
  facet normal 2.164396e-01 -9.762960e-01 1.654830e-14
    outer loop
      vertex   -2.362163e+02 3.505474e+02 1.752289e+00
      vertex   -2.359060e+02 3.506162e+02 1.338075e+00
      vertex   -2.320331e+02 3.514748e+02 2.371723e+00
    endloop
  endfacet
  facet normal 2.164396e-01 -9.762960e-01 1.597576e-14
    outer loop
      vertex   -2.320331e+02 3.514748e+02 2.371723e+00
      vertex   -2.359060e+02 3.506162e+02 1.338075e+00
      vertex   -2.321893e+02 3.514402e+02 3.380751e-01
    endloop
  endfacet
  facet normal 2.164396e-01 -9.762960e-01 1.979192e-14
    outer loop
      vertex   -2.321893e+02 3.514402e+02 3.380751e-01
      vertex   -2.359060e+02 3.506162e+02 1.338075e+00
      vertex   -2.357109e+02 3.506594e+02 8.557132e-01
    endloop
  endfacet
  facet normal 2.164396e-01 -9.762960e-01 -1.349082e-14
    outer loop
      vertex   -2.321893e+02 3.514402e+02 3.380751e-01
      vertex   -2.357109e+02 3.506594e+02 8.557132e-01
      vertex   -2.356444e+02 3.506742e+02 3.380751e-01
    endloop
  endfacet
  facet normal 2.164396e-01 -9.762960e-01 1.346429e-14
    outer loop
      vertex   -2.356444e+02 3.506742e+02 3.380751e-01
      vertex   -2.357109e+02 3.506594e+02 -1.795630e-01
      vertex   -2.321893e+02 3.514402e+02 3.380751e-01
    endloop
  endfacet
  facet normal 2.164396e-01 -9.762960e-01 -1.990796e-14
    outer loop
      vertex   -2.321893e+02 3.514402e+02 3.380751e-01
      vertex   -2.357109e+02 3.506594e+02 -1.795630e-01
      vertex   -2.359060e+02 3.506162e+02 -6.619249e-01
    endloop
  endfacet
  facet normal 2.164396e-01 -9.762960e-01 1.075827e-14
    outer loop
      vertex   -2.321893e+02 3.514402e+02 3.380751e-01
      vertex   -2.359060e+02 3.506162e+02 -6.619249e-01
      vertex   -2.320331e+02 3.514748e+02 -1.695573e+00
    endloop
  endfacet
  facet normal 2.164396e-01 -9.762960e-01 -7.662805e-15
    outer loop
      vertex   -2.320331e+02 3.514748e+02 -1.695573e+00
      vertex   -2.359060e+02 3.506162e+02 -6.619249e-01
      vertex   -2.362163e+02 3.505474e+02 -1.076138e+00
    endloop
  endfacet
  facet normal 2.164396e-01 -9.762960e-01 -4.458051e-14
    outer loop
      vertex   -2.320331e+02 3.514748e+02 -1.695573e+00
      vertex   -2.362163e+02 3.505474e+02 -1.076138e+00
      vertex   -2.366207e+02 3.504578e+02 -1.393976e+00
    endloop
  endfacet
  facet normal 2.164396e-01 -9.762960e-01 1.542971e-13
    outer loop
      vertex   -2.366207e+02 3.504578e+02 -1.393976e+00
      vertex   -2.370916e+02 3.503534e+02 -1.593777e+00
      vertex   -2.320331e+02 3.514748e+02 -1.695573e+00
    endloop
  endfacet
  facet normal 2.164396e-01 -9.762960e-01 -3.126941e-14
    outer loop
      vertex   -2.320331e+02 3.514748e+02 -1.695573e+00
      vertex   -2.370916e+02 3.503534e+02 -1.593777e+00
      vertex   -2.315681e+02 3.515779e+02 -3.679146e+00
    endloop
  endfacet
  facet normal 2.164396e-01 -9.762960e-01 -4.631650e-14
    outer loop
      vertex   -2.315681e+02 3.515779e+02 -3.679146e+00
      vertex   -2.370916e+02 3.503534e+02 -1.593777e+00
      vertex   -2.375970e+02 3.502413e+02 -1.661925e+00
    endloop
  endfacet
  facet normal 2.164396e-01 -9.762960e-01 -2.968208e-15
    outer loop
      vertex   -2.315681e+02 3.515779e+02 -3.679146e+00
      vertex   -2.375970e+02 3.502413e+02 -1.661925e+00
      vertex   -2.308060e+02 3.517468e+02 -5.563801e+00
    endloop
  endfacet
  facet normal 2.164396e-01 -9.762960e-01 1.714481e-13
    outer loop
      vertex   -2.308060e+02 3.517468e+02 -5.563801e+00
      vertex   -2.375970e+02 3.502413e+02 -1.661925e+00
      vertex   -2.381024e+02 3.501293e+02 -1.593777e+00
    endloop
  endfacet
  facet normal 2.164396e-01 -9.762960e-01 2.064586e-14
    outer loop
      vertex   -2.308060e+02 3.517468e+02 -5.563801e+00
      vertex   -2.381024e+02 3.501293e+02 -1.593777e+00
      vertex   -2.297654e+02 3.519775e+02 -7.303133e+00
    endloop
  endfacet
  facet normal 2.164396e-01 -9.762960e-01 -4.907311e-16
    outer loop
      vertex   -2.297654e+02 3.519775e+02 -7.303133e+00
      vertex   -2.381024e+02 3.501293e+02 -1.593777e+00
      vertex   -2.399997e+02 3.497086e+02 -2.000000e+01
    endloop
  endfacet
  facet normal 2.164396e-01 -9.762960e-01 6.670819e-15
    outer loop
      vertex   -2.297654e+02 3.519775e+02 -7.303133e+00
      vertex   -2.399997e+02 3.497086e+02 -2.000000e+01
      vertex   -2.284720e+02 3.522643e+02 -8.854313e+00
    endloop
  endfacet
  facet normal 2.164396e-01 -9.762960e-01 -1.861712e-14
    outer loop
      vertex   -2.284720e+02 3.522643e+02 -8.854313e+00
      vertex   -2.399997e+02 3.497086e+02 -2.000000e+01
      vertex   -2.269576e+02 3.526000e+02 -1.017915e+01
    endloop
  endfacet
  facet normal 2.164396e-01 -9.762960e-01 1.830534e-14
    outer loop
      vertex   -2.269576e+02 3.526000e+02 -1.017915e+01
      vertex   -2.399997e+02 3.497086e+02 -2.000000e+01
      vertex   -2.252595e+02 3.529765e+02 -1.124501e+01
    endloop
  endfacet
  facet normal 2.164396e-01 -9.762960e-01 -2.238873e-14
    outer loop
      vertex   -2.252595e+02 3.529765e+02 -1.124501e+01
      vertex   -2.399997e+02 3.497086e+02 -2.000000e+01
      vertex   -2.234195e+02 3.533844e+02 -1.202566e+01
    endloop
  endfacet
  facet normal 2.164396e-01 -9.762960e-01 6.699566e-14
    outer loop
      vertex   -2.234195e+02 3.533844e+02 -1.202566e+01
      vertex   -2.399997e+02 3.497086e+02 -2.000000e+01
      vertex   -2.214829e+02 3.538137e+02 -1.250187e+01
    endloop
  endfacet
  facet normal 2.164396e-01 -9.762960e-01 5.766301e-14
    outer loop
      vertex   -2.214829e+02 3.538137e+02 -1.250187e+01
      vertex   -2.399997e+02 3.497086e+02 -2.000000e+01
      vertex   -2.194975e+02 3.542539e+02 -1.266192e+01
    endloop
  endfacet
  facet normal 2.164396e-01 -9.762960e-01 6.453345e-15
    outer loop
      vertex   -2.194975e+02 3.542539e+02 -1.266192e+01
      vertex   -2.399997e+02 3.497086e+02 -2.000000e+01
      vertex   -2.077819e+02 3.568512e+02 -1.266192e+01
    endloop
  endfacet
  facet normal 2.164396e-01 -9.762960e-01 -6.569235e-13
    outer loop
      vertex   -2.077819e+02 3.568512e+02 -1.266192e+01
      vertex   -2.399997e+02 3.497086e+02 -2.000000e+01
      vertex   -2.057965e+02 3.572913e+02 -1.250187e+01
    endloop
  endfacet
  facet normal 2.164396e-01 -9.762960e-01 2.450674e-16
    outer loop
      vertex   -2.057965e+02 3.572913e+02 -1.250187e+01
      vertex   -2.399997e+02 3.497086e+02 -2.000000e+01
      vertex   -1.010750e+02 3.805075e+02 -2.000000e+01
    endloop
  endfacet
  facet normal 2.164396e-01 -9.762960e-01 -6.331707e-14
    outer loop
      vertex   -2.057965e+02 3.572913e+02 -1.250187e+01
      vertex   -1.010750e+02 3.805075e+02 -2.000000e+01
      vertex   -2.038599e+02 3.577206e+02 -1.202566e+01
    endloop
  endfacet
  facet normal 2.164396e-01 -9.762960e-01 4.583820e-14
    outer loop
      vertex   -2.038599e+02 3.577206e+02 -1.202566e+01
      vertex   -1.010750e+02 3.805075e+02 -2.000000e+01
      vertex   -2.020200e+02 3.581286e+02 -1.124501e+01
    endloop
  endfacet
  facet normal 2.164396e-01 -9.762960e-01 -3.042513e-14
    outer loop
      vertex   -2.020200e+02 3.581286e+02 -1.124501e+01
      vertex   -1.010750e+02 3.805075e+02 -2.000000e+01
      vertex   -2.003219e+02 3.585050e+02 -1.017915e+01
    endloop
  endfacet
  facet normal 2.164396e-01 -9.762960e-01 3.437907e-14
    outer loop
      vertex   -2.003219e+02 3.585050e+02 -1.017915e+01
      vertex   -1.010750e+02 3.805075e+02 -2.000000e+01
      vertex   -1.988074e+02 3.588408e+02 -8.854313e+00
    endloop
  endfacet
  facet normal 2.164396e-01 -9.762960e-01 5.351888e-16
    outer loop
      vertex   -1.988074e+02 3.588408e+02 -8.854313e+00
      vertex   -1.010750e+02 3.805075e+02 -2.000000e+01
      vertex   -1.881964e+02 3.611932e+02 -1.393976e+00
    endloop
  endfacet
  facet normal 2.164396e-01 -9.762960e-01 -2.558997e-13
    outer loop
      vertex   -1.988074e+02 3.588408e+02 -8.854313e+00
      vertex   -1.881964e+02 3.611932e+02 -1.393976e+00
      vertex   -1.886673e+02 3.610888e+02 -1.593777e+00
    endloop
  endfacet
  facet normal 2.164396e-01 -9.762960e-01 -7.357699e-15
    outer loop
      vertex   -2.381024e+02 3.501293e+02 -1.593777e+00
      vertex   -2.385733e+02 3.500249e+02 -1.393976e+00
      vertex   -2.399997e+02 3.497086e+02 -2.000000e+01
    endloop
  endfacet
  facet normal 2.164396e-01 -9.762960e-01 1.299964e-14
    outer loop
      vertex   -2.399997e+02 3.497086e+02 -2.000000e+01
      vertex   -2.385733e+02 3.500249e+02 -1.393976e+00
      vertex   -2.389777e+02 3.499352e+02 -1.076138e+00
    endloop
  endfacet
  facet normal 2.164396e-01 -9.762960e-01 3.443853e-15
    outer loop
      vertex   -2.399997e+02 3.497086e+02 -2.000000e+01
      vertex   -2.389777e+02 3.499352e+02 -1.076138e+00
      vertex   -2.392880e+02 3.498664e+02 -6.619249e-01
    endloop
  endfacet
  facet normal 2.164396e-01 -9.762960e-01 -6.476423e-15
    outer loop
      vertex   -2.392880e+02 3.498664e+02 -6.619249e-01
      vertex   -2.394830e+02 3.498232e+02 -1.795630e-01
      vertex   -2.399997e+02 3.497086e+02 -2.000000e+01
    endloop
  endfacet
  facet normal 2.164396e-01 -9.762960e-01 -1.089852e-16
    outer loop
      vertex   -2.399997e+02 3.497086e+02 -2.000000e+01
      vertex   -2.394830e+02 3.498232e+02 -1.795630e-01
      vertex   -2.395496e+02 3.498084e+02 3.380751e-01
    endloop
  endfacet
  facet normal 2.164396e-01 -9.762960e-01 0.000000e+00
    outer loop
      vertex   -2.399997e+02 3.497086e+02 -2.000000e+01
      vertex   -2.395496e+02 3.498084e+02 3.380751e-01
      vertex   -2.399997e+02 3.497086e+02 4.000000e+01
    endloop
  endfacet
  facet normal 2.164396e-01 -9.762960e-01 6.112841e-17
    outer loop
      vertex   -2.399997e+02 3.497086e+02 4.000000e+01
      vertex   -2.395496e+02 3.498084e+02 3.380751e-01
      vertex   -2.394830e+02 3.498232e+02 8.557132e-01
    endloop
  endfacet
  facet normal 2.164396e-01 -9.762960e-01 3.380957e-15
    outer loop
      vertex   -2.399997e+02 3.497086e+02 4.000000e+01
      vertex   -2.394830e+02 3.498232e+02 8.557132e-01
      vertex   -2.392880e+02 3.498664e+02 1.338075e+00
    endloop
  endfacet
  facet normal 2.164396e-01 -9.762960e-01 -1.764000e-15
    outer loop
      vertex   -2.392880e+02 3.498664e+02 1.338075e+00
      vertex   -2.389777e+02 3.499352e+02 1.752289e+00
      vertex   -2.399997e+02 3.497086e+02 4.000000e+01
    endloop
  endfacet
  facet normal 2.164396e-01 -9.762960e-01 -6.569378e-15
    outer loop
      vertex   -2.399997e+02 3.497086e+02 4.000000e+01
      vertex   -2.389777e+02 3.499352e+02 1.752289e+00
      vertex   -2.385733e+02 3.500249e+02 2.070126e+00
    endloop
  endfacet
  facet normal 2.164396e-01 -9.762960e-01 -9.707253e-14
    outer loop
      vertex   -1.886673e+02 3.610888e+02 2.269927e+00
      vertex   -1.964734e+02 3.593582e+02 6.239952e+00
      vertex   -1.891727e+02 3.609767e+02 2.338075e+00
    endloop
  endfacet
  facet normal 2.164396e-01 -9.762960e-01 -4.848273e-15
    outer loop
      vertex   -1.891727e+02 3.609767e+02 2.338075e+00
      vertex   -1.964734e+02 3.593582e+02 6.239952e+00
      vertex   -1.957113e+02 3.595272e+02 4.355296e+00
    endloop
  endfacet
  facet normal 2.164396e-01 -9.762960e-01 -8.498916e-14
    outer loop
      vertex   -1.891727e+02 3.609767e+02 2.338075e+00
      vertex   -1.957113e+02 3.595272e+02 4.355296e+00
      vertex   -1.896781e+02 3.608647e+02 2.269927e+00
    endloop
  endfacet
  facet normal 2.164396e-01 -9.762960e-01 3.792609e-14
    outer loop
      vertex   -1.896781e+02 3.608647e+02 2.269927e+00
      vertex   -1.957113e+02 3.595272e+02 4.355296e+00
      vertex   -1.952463e+02 3.596302e+02 2.371723e+00
    endloop
  endfacet
  facet normal 2.164396e-01 -9.762960e-01 1.198393e-13
    outer loop
      vertex   -1.896781e+02 3.608647e+02 2.269927e+00
      vertex   -1.952463e+02 3.596302e+02 2.371723e+00
      vertex   -1.901490e+02 3.607603e+02 2.070126e+00
    endloop
  endfacet
  facet normal 2.164396e-01 -9.762960e-01 -8.107830e-14
    outer loop
      vertex   -1.901490e+02 3.607603e+02 2.070126e+00
      vertex   -1.952463e+02 3.596302e+02 2.371723e+00
      vertex   -1.905534e+02 3.606706e+02 1.752289e+00
    endloop
  endfacet
  facet normal 2.164396e-01 -9.762960e-01 -4.369096e-14
    outer loop
      vertex   -1.905534e+02 3.606706e+02 1.752289e+00
      vertex   -1.952463e+02 3.596302e+02 2.371723e+00
      vertex   -1.908637e+02 3.606018e+02 1.338075e+00
    endloop
  endfacet
  facet normal 2.164396e-01 -9.762960e-01 -1.423823e-14
    outer loop
      vertex   -1.908637e+02 3.606018e+02 1.338075e+00
      vertex   -1.952463e+02 3.596302e+02 2.371723e+00
      vertex   -1.950901e+02 3.596649e+02 3.380751e-01
    endloop
  endfacet
  facet normal 2.164396e-01 -9.762960e-01 -1.630144e-14
    outer loop
      vertex   -1.908637e+02 3.606018e+02 1.338075e+00
      vertex   -1.950901e+02 3.596649e+02 3.380751e-01
      vertex   -1.910588e+02 3.605586e+02 8.557132e-01
    endloop
  endfacet
  facet normal 2.164396e-01 -9.762960e-01 1.036070e-14
    outer loop
      vertex   -1.910588e+02 3.605586e+02 8.557132e-01
      vertex   -1.950901e+02 3.596649e+02 3.380751e-01
      vertex   -1.911253e+02 3.605438e+02 3.380751e-01
    endloop
  endfacet
  facet normal 2.164396e-01 -9.762960e-01 -1.036304e-14
    outer loop
      vertex   -1.911253e+02 3.605438e+02 3.380751e-01
      vertex   -1.950901e+02 3.596649e+02 3.380751e-01
      vertex   -1.910588e+02 3.605586e+02 -1.795630e-01
    endloop
  endfacet
  facet normal 2.164396e-01 -9.762960e-01 1.630095e-14
    outer loop
      vertex   -1.910588e+02 3.605586e+02 -1.795630e-01
      vertex   -1.950901e+02 3.596649e+02 3.380751e-01
      vertex   -1.908637e+02 3.606018e+02 -6.619249e-01
    endloop
  endfacet
  facet normal 2.164396e-01 -9.762960e-01 -1.257798e-14
    outer loop
      vertex   -1.908637e+02 3.606018e+02 -6.619249e-01
      vertex   -1.950901e+02 3.596649e+02 3.380751e-01
      vertex   -1.952463e+02 3.596302e+02 -1.695573e+00
    endloop
  endfacet
  facet normal 2.164396e-01 -9.762960e-01 3.564427e-14
    outer loop
      vertex   -1.908637e+02 3.606018e+02 -6.619249e-01
      vertex   -1.952463e+02 3.596302e+02 -1.695573e+00
      vertex   -1.905534e+02 3.606706e+02 -1.076138e+00
    endloop
  endfacet
  facet normal 2.164396e-01 -9.762960e-01 6.818651e-14
    outer loop
      vertex   -1.905534e+02 3.606706e+02 -1.076138e+00
      vertex   -1.952463e+02 3.596302e+02 -1.695573e+00
      vertex   -1.901490e+02 3.607603e+02 -1.393976e+00
    endloop
  endfacet
  facet normal 2.164396e-01 -9.762960e-01 -1.423584e-13
    outer loop
      vertex   -1.901490e+02 3.607603e+02 -1.393976e+00
      vertex   -1.952463e+02 3.596302e+02 -1.695573e+00
      vertex   -1.896781e+02 3.608647e+02 -1.593777e+00
    endloop
  endfacet
  facet normal 2.164396e-01 -9.762960e-01 -4.307923e-15
    outer loop
      vertex   -1.896781e+02 3.608647e+02 -1.593777e+00
      vertex   -1.952463e+02 3.596302e+02 -1.695573e+00
      vertex   -1.957113e+02 3.595272e+02 -3.679146e+00
    endloop
  endfacet
  facet normal 2.164396e-01 -9.762960e-01 8.712527e-14
    outer loop
      vertex   -1.896781e+02 3.608647e+02 -1.593777e+00
      vertex   -1.957113e+02 3.595272e+02 -3.679146e+00
      vertex   -1.891727e+02 3.609767e+02 -1.661925e+00
    endloop
  endfacet
  facet normal 2.164396e-01 -9.762960e-01 7.068887e-16
    outer loop
      vertex   -1.891727e+02 3.609767e+02 -1.661925e+00
      vertex   -1.957113e+02 3.595272e+02 -3.679146e+00
      vertex   -1.964734e+02 3.593582e+02 -5.563801e+00
    endloop
  endfacet
  facet normal 2.164396e-01 -9.762960e-01 9.708654e-14
    outer loop
      vertex   -1.891727e+02 3.609767e+02 -1.661925e+00
      vertex   -1.964734e+02 3.593582e+02 -5.563801e+00
      vertex   -1.886673e+02 3.610888e+02 -1.593777e+00
    endloop
  endfacet
  facet normal 2.164396e-01 -9.762960e-01 2.378000e-14
    outer loop
      vertex   -1.886673e+02 3.610888e+02 -1.593777e+00
      vertex   -1.964734e+02 3.593582e+02 -5.563801e+00
      vertex   -1.975140e+02 3.591275e+02 -7.303133e+00
    endloop
  endfacet
  facet normal 2.164396e-01 -9.762960e-01 -1.131661e-13
    outer loop
      vertex   -1.886673e+02 3.610888e+02 -1.593777e+00
      vertex   -1.975140e+02 3.591275e+02 -7.303133e+00
      vertex   -1.988074e+02 3.588408e+02 -8.854313e+00
    endloop
  endfacet
  facet normal 2.164396e-01 -9.762960e-01 2.373873e-13
    outer loop
      vertex   -1.881964e+02 3.611932e+02 2.070126e+00
      vertex   -1.988074e+02 3.588408e+02 9.530463e+00
      vertex   -1.886673e+02 3.610888e+02 2.269927e+00
    endloop
  endfacet
  facet normal 2.164396e-01 -9.762960e-01 2.587962e-14
    outer loop
      vertex   -1.886673e+02 3.610888e+02 2.269927e+00
      vertex   -1.988074e+02 3.588408e+02 9.530463e+00
      vertex   -1.975140e+02 3.591275e+02 7.979283e+00
    endloop
  endfacet
  facet normal 2.164396e-01 -9.762960e-01 -1.877121e-14
    outer loop
      vertex   -1.886673e+02 3.610888e+02 2.269927e+00
      vertex   -1.975140e+02 3.591275e+02 7.979283e+00
      vertex   -1.964734e+02 3.593582e+02 6.239952e+00
    endloop
  endfacet
  facet normal 2.164396e-01 -9.762960e-01 -5.033968e-15
    outer loop
      vertex   -1.988074e+02 3.588408e+02 9.530463e+00
      vertex   -1.881964e+02 3.611932e+02 2.070126e+00
      vertex   -1.010750e+02 3.805075e+02 4.000000e+01
    endloop
  endfacet
  facet normal 2.164396e-01 -9.762960e-01 4.597117e-14
    outer loop
      vertex   -1.010750e+02 3.805075e+02 4.000000e+01
      vertex   -1.881964e+02 3.611932e+02 2.070126e+00
      vertex   -1.877920e+02 3.612828e+02 1.752289e+00
    endloop
  endfacet
  facet normal 2.164396e-01 -9.762960e-01 2.619862e-14
    outer loop
      vertex   -1.010750e+02 3.805075e+02 4.000000e+01
      vertex   -1.877920e+02 3.612828e+02 1.752289e+00
      vertex   -1.874817e+02 3.613516e+02 1.338075e+00
    endloop
  endfacet
  facet normal 2.164396e-01 -9.762960e-01 0.000000e+00
    outer loop
      vertex   -1.010750e+02 3.805075e+02 4.000000e+01
      vertex   -1.874817e+02 3.613516e+02 1.338075e+00
      vertex   -1.010750e+02 3.805075e+02 -2.000000e+01
    endloop
  endfacet
  facet normal 2.164396e-01 -9.762960e-01 8.736870e-15
    outer loop
      vertex   -1.010750e+02 3.805075e+02 -2.000000e+01
      vertex   -1.874817e+02 3.613516e+02 1.338075e+00
      vertex   -1.872866e+02 3.613948e+02 8.557132e-01
    endloop
  endfacet
  facet normal 2.164396e-01 -9.762960e-01 -1.202196e-14
    outer loop
      vertex   -1.010750e+02 3.805075e+02 -2.000000e+01
      vertex   -1.872866e+02 3.613948e+02 8.557132e-01
      vertex   -1.872201e+02 3.614096e+02 3.380751e-01
    endloop
  endfacet
  facet normal 2.164396e-01 -9.762960e-01 1.227554e-14
    outer loop
      vertex   -1.872201e+02 3.614096e+02 3.380751e-01
      vertex   -1.872866e+02 3.613948e+02 -1.795630e-01
      vertex   -1.010750e+02 3.805075e+02 -2.000000e+01
    endloop
  endfacet
  facet normal 2.164396e-01 -9.762960e-01 -4.763857e-15
    outer loop
      vertex   -1.010750e+02 3.805075e+02 -2.000000e+01
      vertex   -1.872866e+02 3.613948e+02 -1.795630e-01
      vertex   -1.874817e+02 3.613516e+02 -6.619249e-01
    endloop
  endfacet
  facet normal 2.164396e-01 -9.762960e-01 -3.053127e-14
    outer loop
      vertex   -1.010750e+02 3.805075e+02 -2.000000e+01
      vertex   -1.874817e+02 3.613516e+02 -6.619249e-01
      vertex   -1.877920e+02 3.612828e+02 -1.076138e+00
    endloop
  endfacet
  facet normal 2.164396e-01 -9.762960e-01 -5.454185e-14
    outer loop
      vertex   -1.877920e+02 3.612828e+02 -1.076138e+00
      vertex   -1.881964e+02 3.611932e+02 -1.393976e+00
      vertex   -1.010750e+02 3.805075e+02 -2.000000e+01
    endloop
  endfacet
  facet normal 2.164396e-01 -9.762960e-01 4.894560e-15
    outer loop
      vertex   -2.214829e+02 3.538137e+02 1.317802e+01
      vertex   -2.194975e+02 3.542539e+02 1.333808e+01
      vertex   -2.399997e+02 3.497086e+02 4.000000e+01
    endloop
  endfacet
  facet normal 2.164396e-01 -9.762960e-01 -6.224963e-15
    outer loop
      vertex   -2.399997e+02 3.497086e+02 4.000000e+01
      vertex   -2.194975e+02 3.542539e+02 1.333808e+01
      vertex   -2.077819e+02 3.568512e+02 1.333808e+01
    endloop
  endfacet
  facet normal 2.164396e-01 -9.762960e-01 1.338048e-13
    outer loop
      vertex   -2.399997e+02 3.497086e+02 4.000000e+01
      vertex   -2.077819e+02 3.568512e+02 1.333808e+01
      vertex   -2.057965e+02 3.572913e+02 1.317802e+01
    endloop
  endfacet
  facet normal 2.164396e-01 -9.762960e-01 -2.794433e-16
    outer loop
      vertex   -2.399997e+02 3.497086e+02 4.000000e+01
      vertex   -2.057965e+02 3.572913e+02 1.317802e+01
      vertex   -1.010750e+02 3.805075e+02 4.000000e+01
    endloop
  endfacet
  facet normal 2.164396e-01 -9.762960e-01 3.152508e-14
    outer loop
      vertex   -1.010750e+02 3.805075e+02 4.000000e+01
      vertex   -2.057965e+02 3.572913e+02 1.317802e+01
      vertex   -2.038599e+02 3.577206e+02 1.270181e+01
    endloop
  endfacet
  facet normal 2.164396e-01 -9.762960e-01 -2.837316e-14
    outer loop
      vertex   -1.010750e+02 3.805075e+02 4.000000e+01
      vertex   -2.038599e+02 3.577206e+02 1.270181e+01
      vertex   -2.020200e+02 3.581286e+02 1.192116e+01
    endloop
  endfacet
  facet normal 2.164396e-01 -9.762960e-01 2.394929e-14
    outer loop
      vertex   -2.020200e+02 3.581286e+02 1.192116e+01
      vertex   -2.003219e+02 3.585050e+02 1.085530e+01
      vertex   -1.010750e+02 3.805075e+02 4.000000e+01
    endloop
  endfacet
  facet normal 2.164396e-01 -9.762960e-01 6.175560e-15
    outer loop
      vertex   -1.010750e+02 3.805075e+02 4.000000e+01
      vertex   -2.003219e+02 3.585050e+02 1.085530e+01
      vertex   -1.988074e+02 3.588408e+02 9.530463e+00
    endloop
  endfacet
  facet normal 2.164396e-01 -9.762960e-01 1.049885e-14
    outer loop
      vertex   -2.252595e+02 3.529765e+02 1.192116e+01
      vertex   -2.234195e+02 3.533844e+02 1.270181e+01
      vertex   -2.399997e+02 3.497086e+02 4.000000e+01
    endloop
  endfacet
  facet normal 2.164396e-01 -9.762960e-01 -2.493008e-14
    outer loop
      vertex   -2.399997e+02 3.497086e+02 4.000000e+01
      vertex   -2.234195e+02 3.533844e+02 1.270181e+01
      vertex   -2.214829e+02 3.538137e+02 1.317802e+01
    endloop
  endfacet
  facet normal 1.000000e+00 3.871256e-15 0.000000e+00
    outer loop
      vertex   -2.399997e+02 3.497086e+02 4.000000e+01
      vertex   -2.399997e+02 3.130000e+02 1.622650e+01
      vertex   -2.399997e+02 3.497086e+02 -2.000000e+01
    endloop
  endfacet
  facet normal 1.000000e+00 1.575067e-15 -2.326749e-15
    outer loop
      vertex   -2.399997e+02 3.497086e+02 -2.000000e+01
      vertex   -2.399997e+02 3.130000e+02 1.622650e+01
      vertex   -2.399997e+02 3.015000e+02 -3.773503e+00
    endloop
  endfacet
  facet normal 1.000000e+00 1.489729e-15 -2.580287e-15
    outer loop
      vertex   -2.399997e+02 3.497086e+02 -2.000000e+01
      vertex   -2.399997e+02 3.015000e+02 -3.773503e+00
      vertex   -2.399997e+02 2.915000e+02 -9.547005e+00
    endloop
  endfacet
  facet normal 1.000000e+00 3.551061e-15 -8.085925e-15
    outer loop
      vertex   -2.399997e+02 2.456603e+02 4.000000e+01
      vertex   -2.399997e+02 3.030000e+02 3.354701e+01
      vertex   -2.399997e+02 3.497086e+02 4.000000e+01
    endloop
  endfacet
  facet normal 1.000000e+00 1.415208e-15 7.373997e-15
    outer loop
      vertex   -2.399997e+02 3.497086e+02 4.000000e+01
      vertex   -2.399997e+02 3.030000e+02 3.354701e+01
      vertex   -2.399997e+02 3.130000e+02 2.777350e+01
    endloop
  endfacet
  facet normal 1.000000e+00 3.871256e-15 0.000000e+00
    outer loop
      vertex   -2.399997e+02 3.497086e+02 4.000000e+01
      vertex   -2.399997e+02 3.130000e+02 2.777350e+01
      vertex   -2.399997e+02 3.130000e+02 1.622650e+01
    endloop
  endfacet
  facet normal 1.000000e+00 7.659127e-14 -0.000000e+00
    outer loop
      vertex   -2.399997e+02 2.456603e+02 -2.000000e+01
      vertex   -2.399997e+02 2.490000e+02 1.622650e+01
      vertex   -2.399997e+02 2.456603e+02 4.000000e+01
    endloop
  endfacet
  facet normal 1.000000e+00 7.659127e-14 1.885212e-28
    outer loop
      vertex   -2.399997e+02 2.456603e+02 4.000000e+01
      vertex   -2.399997e+02 2.490000e+02 1.622650e+01
      vertex   -2.399997e+02 2.490000e+02 2.777350e+01
    endloop
  endfacet
  facet normal 1.000000e+00 1.043353e-14 -1.807141e-14
    outer loop
      vertex   -2.399997e+02 2.456603e+02 4.000000e+01
      vertex   -2.399997e+02 2.490000e+02 2.777350e+01
      vertex   -2.399997e+02 2.590000e+02 3.354701e+01
    endloop
  endfacet
  facet normal 1.000000e+00 3.551061e-15 8.898468e-15
    outer loop
      vertex   -2.399997e+02 3.497086e+02 -2.000000e+01
      vertex   -2.399997e+02 2.915000e+02 -9.547005e+00
      vertex   -2.399997e+02 2.456603e+02 -2.000000e+01
    endloop
  endfacet
  facet normal 1.000000e+00 -4.293260e-30 2.447101e-14
    outer loop
      vertex   -2.399997e+02 2.456603e+02 -2.000000e+01
      vertex   -2.399997e+02 2.915000e+02 -9.547005e+00
      vertex   -2.399997e+02 2.690000e+02 -9.547005e+00
    endloop
  endfacet
  facet normal 1.000000e+00 6.171944e-15 1.069012e-14
    outer loop
      vertex   -2.399997e+02 2.456603e+02 -2.000000e+01
      vertex   -2.399997e+02 2.690000e+02 -9.547005e+00
      vertex   -2.399997e+02 2.590000e+02 -3.773503e+00
    endloop
  endfacet
  facet normal 1.000000e+00 0.000000e+00 0.000000e+00
    outer loop
      vertex   -2.399997e+02 2.915000e+02 1.354701e+01
      vertex   -2.399997e+02 2.810000e+02 1.045299e+01
      vertex   -2.399997e+02 2.815000e+02 -3.773503e+00
    endloop
  endfacet
  facet normal 1.000000e+00 0.000000e+00 0.000000e+00
    outer loop
      vertex   -2.399997e+02 2.815000e+02 -3.773503e+00
      vertex   -2.399997e+02 2.810000e+02 1.045299e+01
      vertex   -2.399997e+02 2.790000e+02 -3.773503e+00
    endloop
  endfacet
  facet normal 1.000000e+00 0.000000e+00 0.000000e+00
    outer loop
      vertex   -2.399997e+02 2.815000e+02 -3.773503e+00
      vertex   -2.399997e+02 2.790000e+02 -3.773503e+00
      vertex   -2.399997e+02 2.915000e+02 -9.547005e+00
    endloop
  endfacet
  facet normal 1.000000e+00 0.000000e+00 0.000000e+00
    outer loop
      vertex   -2.399997e+02 2.915000e+02 -9.547005e+00
      vertex   -2.399997e+02 2.790000e+02 -3.773503e+00
      vertex   -2.399997e+02 2.690000e+02 -9.547005e+00
    endloop
  endfacet
  facet normal 1.000000e+00 0.000000e+00 -0.000000e+00
    outer loop
      vertex   -2.399997e+02 3.015000e+02 -3.773503e+00
      vertex   -2.399997e+02 3.030000e+02 1.045299e+01
      vertex   -2.399997e+02 2.915000e+02 1.354701e+01
    endloop
  endfacet
  facet normal 1.000000e+00 -1.548904e-14 -5.757056e-14
    outer loop
      vertex   -2.399997e+02 2.915000e+02 1.354701e+01
      vertex   -2.399997e+02 3.030000e+02 1.045299e+01
      vertex   -2.399997e+02 2.981962e+02 1.322650e+01
    endloop
  endfacet
  facet normal 1.000000e+00 -1.284821e-14 -2.397508e-15
    outer loop
      vertex   -2.399997e+02 2.915000e+02 1.354701e+01
      vertex   -2.399997e+02 2.981962e+02 1.322650e+01
      vertex   -2.399997e+02 2.910000e+02 1.622650e+01
    endloop
  endfacet
  facet normal 1.000000e+00 -1.496615e-14 -7.477857e-15
    outer loop
      vertex   -2.399997e+02 2.910000e+02 1.622650e+01
      vertex   -2.399997e+02 2.981962e+02 1.322650e+01
      vertex   -2.399997e+02 2.960000e+02 2.142265e+01
    endloop
  endfacet
  facet normal 1.000000e+00 -2.273737e-14 0.000000e+00
    outer loop
      vertex   -2.399997e+02 2.910000e+02 1.622650e+01
      vertex   -2.399997e+02 2.960000e+02 2.142265e+01
      vertex   -2.399997e+02 2.910000e+02 2.777350e+01
    endloop
  endfacet
  facet normal 1.000000e+00 -6.246530e-15 1.298317e-14
    outer loop
      vertex   -2.399997e+02 2.910000e+02 2.777350e+01
      vertex   -2.399997e+02 2.960000e+02 2.142265e+01
      vertex   -2.399997e+02 3.030000e+02 3.354701e+01
    endloop
  endfacet
  facet normal 1.000000e+00 0.000000e+00 -0.000000e+00
    outer loop
      vertex   -2.399997e+02 2.910000e+02 2.777350e+01
      vertex   -2.399997e+02 3.030000e+02 3.354701e+01
      vertex   -2.399997e+02 2.810000e+02 3.354701e+01
    endloop
  endfacet
  facet normal 1.000000e+00 1.280262e-29 -3.963980e-14
    outer loop
      vertex   -2.399997e+02 2.810000e+02 3.354701e+01
      vertex   -2.399997e+02 3.030000e+02 3.354701e+01
      vertex   -2.399997e+02 2.456603e+02 4.000000e+01
    endloop
  endfacet
  facet normal 1.000000e+00 0.000000e+00 -3.963980e-14
    outer loop
      vertex   -2.399997e+02 2.810000e+02 3.354701e+01
      vertex   -2.399997e+02 2.456603e+02 4.000000e+01
      vertex   -2.399997e+02 2.590000e+02 3.354701e+01
    endloop
  endfacet
  facet normal 1.000000e+00 0.000000e+00 0.000000e+00
    outer loop
      vertex   -2.399997e+02 2.910000e+02 1.622650e+01
      vertex   -2.399997e+02 2.810000e+02 1.045299e+01
      vertex   -2.399997e+02 2.915000e+02 1.354701e+01
    endloop
  endfacet
  facet normal 1.000000e+00 0.000000e+00 -0.000000e+00
    outer loop
      vertex   -2.399997e+02 2.790000e+02 -3.773503e+00
      vertex   -2.399997e+02 2.810000e+02 1.045299e+01
      vertex   -2.399997e+02 2.690000e+02 1.354701e+01
    endloop
  endfacet
  facet normal 1.000000e+00 -0.000000e+00 0.000000e+00
    outer loop
      vertex   -2.399997e+02 2.690000e+02 1.354701e+01
      vertex   -2.399997e+02 2.810000e+02 1.045299e+01
      vertex   -2.399997e+02 2.710000e+02 1.622650e+01
    endloop
  endfacet
  facet normal 1.000000e+00 3.440245e-14 -2.567834e-14
    outer loop
      vertex   -2.399997e+02 2.690000e+02 1.354701e+01
      vertex   -2.399997e+02 2.710000e+02 1.622650e+01
      vertex   -2.399997e+02 2.638038e+02 1.322650e+01
    endloop
  endfacet
  facet normal 1.000000e+00 2.667743e-14 -7.148195e-15
    outer loop
      vertex   -2.399997e+02 2.638038e+02 1.322650e+01
      vertex   -2.399997e+02 2.710000e+02 1.622650e+01
      vertex   -2.399997e+02 2.660000e+02 2.142265e+01
    endloop
  endfacet
  facet normal 1.000000e+00 3.410605e-14 0.000000e+00
    outer loop
      vertex   -2.399997e+02 2.660000e+02 2.142265e+01
      vertex   -2.399997e+02 2.710000e+02 1.622650e+01
      vertex   -2.399997e+02 2.710000e+02 2.777350e+01
    endloop
  endfacet
  facet normal 1.000000e+00 9.369794e-15 1.947475e-14
    outer loop
      vertex   -2.399997e+02 2.660000e+02 2.142265e+01
      vertex   -2.399997e+02 2.710000e+02 2.777350e+01
      vertex   -2.399997e+02 2.590000e+02 3.354701e+01
    endloop
  endfacet
  facet normal 1.000000e+00 -0.000000e+00 0.000000e+00
    outer loop
      vertex   -2.399997e+02 2.590000e+02 3.354701e+01
      vertex   -2.399997e+02 2.710000e+02 2.777350e+01
      vertex   -2.399997e+02 2.810000e+02 3.354701e+01
    endloop
  endfacet
  facet normal 1.000000e+00 -3.026400e-15 3.190947e-16
    outer loop
      vertex   -2.399997e+02 3.130000e+02 1.622650e+01
      vertex   -2.399997e+02 3.030000e+02 1.045299e+01
      vertex   -2.399997e+02 3.015000e+02 -3.773503e+00
    endloop
  endfacet
  facet normal 1.000000e+00 0.000000e+00 0.000000e+00
    outer loop
      vertex   -2.399997e+02 2.690000e+02 1.354701e+01
      vertex   -2.399997e+02 2.590000e+02 1.045299e+01
      vertex   -2.399997e+02 2.590000e+02 -3.773503e+00
    endloop
  endfacet
  facet normal 1.000000e+00 0.000000e+00 0.000000e+00
    outer loop
      vertex   -2.399997e+02 2.590000e+02 -3.773503e+00
      vertex   -2.399997e+02 2.590000e+02 1.045299e+01
      vertex   -2.399997e+02 2.490000e+02 1.622650e+01
    endloop
  endfacet
  facet normal 1.000000e+00 1.192353e-14 5.961764e-15
    outer loop
      vertex   -2.399997e+02 2.590000e+02 -3.773503e+00
      vertex   -2.399997e+02 2.490000e+02 1.622650e+01
      vertex   -2.399997e+02 2.456603e+02 -2.000000e+01
    endloop
  endfacet
  facet normal 1.000000e+00 4.099035e-14 -1.324829e-13
    outer loop
      vertex   -2.399997e+02 2.638038e+02 1.322650e+01
      vertex   -2.399997e+02 2.590000e+02 1.045299e+01
      vertex   -2.399997e+02 2.690000e+02 1.354701e+01
    endloop
  endfacet
  facet normal 8.660254e-01 5.000000e-01 -0.000000e+00
    outer loop
      vertex   -2.349997e+02 2.370000e+02 -2.000000e+01
      vertex   -2.399997e+02 2.456603e+02 -2.000000e+01
      vertex   -2.349997e+02 2.370000e+02 4.000000e+01
    endloop
  endfacet
  facet normal 8.660254e-01 5.000000e-01 1.517355e-18
    outer loop
      vertex   -2.349997e+02 2.370000e+02 4.000000e+01
      vertex   -2.399997e+02 2.456603e+02 -2.000000e+01
      vertex   -2.399997e+02 2.456603e+02 4.000000e+01
    endloop
  endfacet
  facet normal 1.000000e+00 0.000000e+00 0.000000e+00
    outer loop
      vertex   -2.349997e+02 2.370000e+02 4.000000e+01
      vertex   -2.349997e+02 2.270000e+02 4.000000e+01
      vertex   -2.349997e+02 2.370000e+02 -2.000000e+01
    endloop
  endfacet
  facet normal 1.000000e+00 0.000000e+00 0.000000e+00
    outer loop
      vertex   -2.349997e+02 2.370000e+02 -2.000000e+01
      vertex   -2.349997e+02 2.270000e+02 4.000000e+01
      vertex   -2.349997e+02 2.270000e+02 -2.000000e+01
    endloop
  endfacet
  facet normal 0.000000e+00 -1.000000e+00 0.000000e+00
    outer loop
      vertex   -2.391544e+02 2.270000e+02 -2.000000e+01
      vertex   -2.349997e+02 2.270000e+02 -2.000000e+01
      vertex   -2.391544e+02 2.270000e+02 4.000000e+01
    endloop
  endfacet
  facet normal 0.000000e+00 -1.000000e+00 0.000000e+00
    outer loop
      vertex   -2.391544e+02 2.270000e+02 4.000000e+01
      vertex   -2.349997e+02 2.270000e+02 -2.000000e+01
      vertex   -2.349997e+02 2.270000e+02 4.000000e+01
    endloop
  endfacet
  facet normal 9.238795e-01 3.826834e-01 -0.000000e+00
    outer loop
      vertex   -2.401203e+02 2.257412e+02 -2.000000e+01
      vertex   -2.401203e+02 2.257412e+02 -1.454545e+01
      vertex   -2.400204e+02 2.255000e+02 -2.000000e+01
    endloop
  endfacet
  facet normal 9.238795e-01 3.826834e-01 6.423544e-19
    outer loop
      vertex   -2.400204e+02 2.255000e+02 -2.000000e+01
      vertex   -2.401203e+02 2.257412e+02 -1.454545e+01
      vertex   -2.401203e+02 2.257412e+02 -9.090909e+00
    endloop
  endfacet
  facet normal 9.238795e-01 3.826834e-01 6.423544e-19
    outer loop
      vertex   -2.400204e+02 2.255000e+02 -2.000000e+01
      vertex   -2.401203e+02 2.257412e+02 -9.090909e+00
      vertex   -2.401203e+02 2.257412e+02 -3.636364e+00
    endloop
  endfacet
  facet normal 9.914449e-01 1.305262e-01 0.000000e+00
    outer loop
      vertex   -2.401203e+02 2.257412e+02 -3.636364e+00
      vertex   -2.401203e+02 2.257412e+02 -9.090909e+00
      vertex   -2.401544e+02 2.260000e+02 -3.636364e+00
    endloop
  endfacet
  facet normal 9.914449e-01 1.305262e-01 -5.712600e-20
    outer loop
      vertex   -2.401203e+02 2.257412e+02 -3.636364e+00
      vertex   -2.401544e+02 2.260000e+02 -3.636364e+00
      vertex   -2.401544e+02 2.260000e+02 1.818182e+00
    endloop
  endfacet
  facet normal 9.914449e-01 -1.305262e-01 0.000000e+00
    outer loop
      vertex   -2.401544e+02 2.260000e+02 1.818182e+00
      vertex   -2.401544e+02 2.260000e+02 -3.636364e+00
      vertex   -2.401203e+02 2.262588e+02 1.818182e+00
    endloop
  endfacet
  facet normal 9.914449e-01 -1.305262e-01 -6.038156e-19
    outer loop
      vertex   -2.401544e+02 2.260000e+02 1.818182e+00
      vertex   -2.401203e+02 2.262588e+02 1.818182e+00
      vertex   -2.401203e+02 2.262588e+02 7.272727e+00
    endloop
  endfacet
  facet normal 9.238795e-01 -3.826834e-01 0.000000e+00
    outer loop
      vertex   -2.401203e+02 2.262588e+02 7.272727e+00
      vertex   -2.401203e+02 2.262588e+02 1.818182e+00
      vertex   -2.400204e+02 2.265000e+02 7.272727e+00
    endloop
  endfacet
  facet normal 9.238795e-01 -3.826834e-01 6.317256e-19
    outer loop
      vertex   -2.401203e+02 2.262588e+02 7.272727e+00
      vertex   -2.400204e+02 2.265000e+02 7.272727e+00
      vertex   -2.400204e+02 2.265000e+02 1.272727e+01
    endloop
  endfacet
  facet normal 7.933533e-01 -6.087614e-01 0.000000e+00
    outer loop
      vertex   -2.400204e+02 2.265000e+02 1.272727e+01
      vertex   -2.400204e+02 2.265000e+02 7.272727e+00
      vertex   -2.398615e+02 2.267071e+02 1.272727e+01
    endloop
  endfacet
  facet normal 7.933533e-01 -6.087614e-01 -2.247217e-18
    outer loop
      vertex   -2.400204e+02 2.265000e+02 1.272727e+01
      vertex   -2.398615e+02 2.267071e+02 1.272727e+01
      vertex   -2.398615e+02 2.267071e+02 1.818182e+01
    endloop
  endfacet
  facet normal 6.087614e-01 -7.933533e-01 0.000000e+00
    outer loop
      vertex   -2.398615e+02 2.267071e+02 1.818182e+01
      vertex   -2.398615e+02 2.267071e+02 1.272727e+01
      vertex   -2.396544e+02 2.268660e+02 1.818182e+01
    endloop
  endfacet
  facet normal 6.087614e-01 -7.933533e-01 1.456065e-18
    outer loop
      vertex   -2.398615e+02 2.267071e+02 1.818182e+01
      vertex   -2.396544e+02 2.268660e+02 1.818182e+01
      vertex   -2.396544e+02 2.268660e+02 2.363636e+01
    endloop
  endfacet
  facet normal 3.826834e-01 -9.238795e-01 0.000000e+00
    outer loop
      vertex   -2.396544e+02 2.268660e+02 2.363636e+01
      vertex   -2.396544e+02 2.268660e+02 1.818182e+01
      vertex   -2.394132e+02 2.269659e+02 2.363636e+01
    endloop
  endfacet
  facet normal 3.826834e-01 -9.238795e-01 -3.045431e-19
    outer loop
      vertex   -2.396544e+02 2.268660e+02 2.363636e+01
      vertex   -2.394132e+02 2.269659e+02 2.363636e+01
      vertex   -2.394132e+02 2.269659e+02 2.909091e+01
    endloop
  endfacet
  facet normal 1.305262e-01 -9.914449e-01 0.000000e+00
    outer loop
      vertex   -2.394132e+02 2.269659e+02 2.909091e+01
      vertex   -2.394132e+02 2.269659e+02 2.363636e+01
      vertex   -2.391544e+02 2.270000e+02 4.000000e+01
    endloop
  endfacet
  facet normal 1.305262e-01 -9.914449e-01 0.000000e+00
    outer loop
      vertex   -2.394132e+02 2.269659e+02 2.909091e+01
      vertex   -2.391544e+02 2.270000e+02 4.000000e+01
      vertex   -2.394132e+02 2.269659e+02 3.454545e+01
    endloop
  endfacet
  facet normal 1.305262e-01 -9.914449e-01 0.000000e+00
    outer loop
      vertex   -2.394132e+02 2.269659e+02 3.454545e+01
      vertex   -2.391544e+02 2.270000e+02 4.000000e+01
      vertex   -2.394132e+02 2.269659e+02 4.000000e+01
    endloop
  endfacet
  facet normal 3.826834e-01 -9.238795e-01 0.000000e+00
    outer loop
      vertex   -2.394132e+02 2.269659e+02 3.454545e+01
      vertex   -2.394132e+02 2.269659e+02 4.000000e+01
      vertex   -2.396544e+02 2.268660e+02 3.454545e+01
    endloop
  endfacet
  facet normal 3.826834e-01 -9.238795e-01 0.000000e+00
    outer loop
      vertex   -2.396544e+02 2.268660e+02 3.454545e+01
      vertex   -2.394132e+02 2.269659e+02 4.000000e+01
      vertex   -2.396544e+02 2.268660e+02 4.000000e+01
    endloop
  endfacet
  facet normal 6.087614e-01 -7.933533e-01 0.000000e+00
    outer loop
      vertex   -2.396544e+02 2.268660e+02 3.454545e+01
      vertex   -2.396544e+02 2.268660e+02 4.000000e+01
      vertex   -2.398615e+02 2.267071e+02 3.454545e+01
    endloop
  endfacet
  facet normal 6.087614e-01 -7.933533e-01 0.000000e+00
    outer loop
      vertex   -2.398615e+02 2.267071e+02 3.454545e+01
      vertex   -2.396544e+02 2.268660e+02 4.000000e+01
      vertex   -2.398615e+02 2.267071e+02 4.000000e+01
    endloop
  endfacet
  facet normal 7.933533e-01 -6.087614e-01 0.000000e+00
    outer loop
      vertex   -2.398615e+02 2.267071e+02 3.454545e+01
      vertex   -2.398615e+02 2.267071e+02 4.000000e+01
      vertex   -2.400204e+02 2.265000e+02 3.454545e+01
    endloop
  endfacet
  facet normal 7.933533e-01 -6.087614e-01 4.133884e-15
    outer loop
      vertex   -2.400204e+02 2.265000e+02 3.454545e+01
      vertex   -2.398615e+02 2.267071e+02 4.000000e+01
      vertex   -2.400204e+02 2.265000e+02 4.000000e+01
    endloop
  endfacet
  facet normal 9.238795e-01 -3.826834e-01 4.814010e-15
    outer loop
      vertex   -2.400204e+02 2.265000e+02 3.454545e+01
      vertex   -2.400204e+02 2.265000e+02 4.000000e+01
      vertex   -2.401203e+02 2.262588e+02 3.454545e+01
    endloop
  endfacet
  facet normal 9.238795e-01 -3.826834e-01 0.000000e+00
    outer loop
      vertex   -2.401203e+02 2.262588e+02 3.454545e+01
      vertex   -2.400204e+02 2.265000e+02 4.000000e+01
      vertex   -2.401203e+02 2.262588e+02 4.000000e+01
    endloop
  endfacet
  facet normal 9.914449e-01 -1.305262e-01 0.000000e+00
    outer loop
      vertex   -2.401203e+02 2.262588e+02 3.454545e+01
      vertex   -2.401203e+02 2.262588e+02 4.000000e+01
      vertex   -2.401544e+02 2.260000e+02 3.454545e+01
    endloop
  endfacet
  facet normal 9.914449e-01 -1.305262e-01 0.000000e+00
    outer loop
      vertex   -2.401544e+02 2.260000e+02 3.454545e+01
      vertex   -2.401203e+02 2.262588e+02 4.000000e+01
      vertex   -2.401544e+02 2.260000e+02 4.000000e+01
    endloop
  endfacet
  facet normal 9.914449e-01 1.305262e-01 -0.000000e+00
    outer loop
      vertex   -2.401544e+02 2.260000e+02 3.454545e+01
      vertex   -2.401544e+02 2.260000e+02 4.000000e+01
      vertex   -2.401203e+02 2.257412e+02 3.454545e+01
    endloop
  endfacet
  facet normal 9.914449e-01 1.305262e-01 -0.000000e+00
    outer loop
      vertex   -2.401203e+02 2.257412e+02 3.454545e+01
      vertex   -2.401544e+02 2.260000e+02 4.000000e+01
      vertex   -2.401203e+02 2.257412e+02 4.000000e+01
    endloop
  endfacet
  facet normal 9.238795e-01 3.826834e-01 -0.000000e+00
    outer loop
      vertex   -2.401203e+02 2.257412e+02 3.454545e+01
      vertex   -2.401203e+02 2.257412e+02 4.000000e+01
      vertex   -2.400204e+02 2.255000e+02 4.000000e+01
    endloop
  endfacet
  facet normal 9.914449e-01 1.305262e-01 0.000000e+00
    outer loop
      vertex   -2.401203e+02 2.257412e+02 -1.454545e+01
      vertex   -2.401203e+02 2.257412e+02 -2.000000e+01
      vertex   -2.401544e+02 2.260000e+02 -1.454545e+01
    endloop
  endfacet
  facet normal 9.914449e-01 1.305262e-01 0.000000e+00
    outer loop
      vertex   -2.401544e+02 2.260000e+02 -1.454545e+01
      vertex   -2.401203e+02 2.257412e+02 -2.000000e+01
      vertex   -2.401544e+02 2.260000e+02 -2.000000e+01
    endloop
  endfacet
  facet normal 9.914449e-01 -1.305262e-01 0.000000e+00
    outer loop
      vertex   -2.401544e+02 2.260000e+02 -1.454545e+01
      vertex   -2.401544e+02 2.260000e+02 -2.000000e+01
      vertex   -2.401203e+02 2.262588e+02 -1.454545e+01
    endloop
  endfacet
  facet normal 9.914449e-01 -1.305262e-01 0.000000e+00
    outer loop
      vertex   -2.401203e+02 2.262588e+02 -1.454545e+01
      vertex   -2.401544e+02 2.260000e+02 -2.000000e+01
      vertex   -2.401203e+02 2.262588e+02 -2.000000e+01
    endloop
  endfacet
  facet normal 9.238795e-01 -3.826834e-01 0.000000e+00
    outer loop
      vertex   -2.401203e+02 2.262588e+02 -1.454545e+01
      vertex   -2.401203e+02 2.262588e+02 -2.000000e+01
      vertex   -2.400204e+02 2.265000e+02 -1.454545e+01
    endloop
  endfacet
  facet normal 9.238795e-01 -3.826834e-01 -4.814010e-15
    outer loop
      vertex   -2.400204e+02 2.265000e+02 -1.454545e+01
      vertex   -2.401203e+02 2.262588e+02 -2.000000e+01
      vertex   -2.400204e+02 2.265000e+02 -2.000000e+01
    endloop
  endfacet
  facet normal 7.933533e-01 -6.087614e-01 -4.133884e-15
    outer loop
      vertex   -2.400204e+02 2.265000e+02 -1.454545e+01
      vertex   -2.400204e+02 2.265000e+02 -2.000000e+01
      vertex   -2.398615e+02 2.267071e+02 -1.454545e+01
    endloop
  endfacet
  facet normal 7.933533e-01 -6.087614e-01 0.000000e+00
    outer loop
      vertex   -2.398615e+02 2.267071e+02 -1.454545e+01
      vertex   -2.400204e+02 2.265000e+02 -2.000000e+01
      vertex   -2.398615e+02 2.267071e+02 -2.000000e+01
    endloop
  endfacet
  facet normal 6.087614e-01 -7.933533e-01 0.000000e+00
    outer loop
      vertex   -2.398615e+02 2.267071e+02 -1.454545e+01
      vertex   -2.398615e+02 2.267071e+02 -2.000000e+01
      vertex   -2.396544e+02 2.268660e+02 -1.454545e+01
    endloop
  endfacet
  facet normal 6.087614e-01 -7.933533e-01 0.000000e+00
    outer loop
      vertex   -2.396544e+02 2.268660e+02 -1.454545e+01
      vertex   -2.398615e+02 2.267071e+02 -2.000000e+01
      vertex   -2.396544e+02 2.268660e+02 -2.000000e+01
    endloop
  endfacet
  facet normal 3.826834e-01 -9.238795e-01 0.000000e+00
    outer loop
      vertex   -2.396544e+02 2.268660e+02 -1.454545e+01
      vertex   -2.396544e+02 2.268660e+02 -2.000000e+01
      vertex   -2.394132e+02 2.269659e+02 -1.454545e+01
    endloop
  endfacet
  facet normal 3.826834e-01 -9.238795e-01 0.000000e+00
    outer loop
      vertex   -2.394132e+02 2.269659e+02 -1.454545e+01
      vertex   -2.396544e+02 2.268660e+02 -2.000000e+01
      vertex   -2.394132e+02 2.269659e+02 -2.000000e+01
    endloop
  endfacet
  facet normal 1.305262e-01 -9.914449e-01 0.000000e+00
    outer loop
      vertex   -2.394132e+02 2.269659e+02 -1.454545e+01
      vertex   -2.394132e+02 2.269659e+02 -2.000000e+01
      vertex   -2.391544e+02 2.270000e+02 -2.000000e+01
    endloop
  endfacet
  facet normal 1.305262e-01 -9.914449e-01 0.000000e+00
    outer loop
      vertex   -2.391544e+02 2.270000e+02 4.000000e+01
      vertex   -2.394132e+02 2.269659e+02 7.272727e+00
      vertex   -2.391544e+02 2.270000e+02 -2.000000e+01
    endloop
  endfacet
  facet normal 1.305262e-01 -9.914449e-01 3.464691e-19
    outer loop
      vertex   -2.391544e+02 2.270000e+02 -2.000000e+01
      vertex   -2.394132e+02 2.269659e+02 7.272727e+00
      vertex   -2.394132e+02 2.269659e+02 1.818182e+00
    endloop
  endfacet
  facet normal 1.305262e-01 -9.914449e-01 3.464691e-19
    outer loop
      vertex   -2.391544e+02 2.270000e+02 -2.000000e+01
      vertex   -2.394132e+02 2.269659e+02 1.818182e+00
      vertex   -2.394132e+02 2.269659e+02 -3.636364e+00
    endloop
  endfacet
  facet normal 3.826834e-01 -9.238795e-01 0.000000e+00
    outer loop
      vertex   -2.394132e+02 2.269659e+02 -3.636364e+00
      vertex   -2.394132e+02 2.269659e+02 1.818182e+00
      vertex   -2.396544e+02 2.268660e+02 -3.636364e+00
    endloop
  endfacet
  facet normal 3.826834e-01 -9.238795e-01 -3.045431e-19
    outer loop
      vertex   -2.394132e+02 2.269659e+02 -3.636364e+00
      vertex   -2.396544e+02 2.268660e+02 -3.636364e+00
      vertex   -2.396544e+02 2.268660e+02 -9.090909e+00
    endloop
  endfacet
  facet normal 6.087614e-01 -7.933533e-01 0.000000e+00
    outer loop
      vertex   -2.396544e+02 2.268660e+02 -9.090909e+00
      vertex   -2.396544e+02 2.268660e+02 -3.636364e+00
      vertex   -2.398615e+02 2.267071e+02 -9.090909e+00
    endloop
  endfacet
  facet normal 6.087614e-01 -7.933533e-01 1.456065e-18
    outer loop
      vertex   -2.396544e+02 2.268660e+02 -9.090909e+00
      vertex   -2.398615e+02 2.267071e+02 -9.090909e+00
      vertex   -2.398615e+02 2.267071e+02 -1.454545e+01
    endloop
  endfacet
  facet normal 7.933533e-01 -6.087614e-01 0.000000e+00
    outer loop
      vertex   -2.398615e+02 2.267071e+02 -1.454545e+01
      vertex   -2.398615e+02 2.267071e+02 -9.090909e+00
      vertex   -2.400204e+02 2.265000e+02 -1.454545e+01
    endloop
  endfacet
  facet normal 9.238795e-01 3.826834e-01 -0.000000e+00
    outer loop
      vertex   -2.400204e+02 2.255000e+02 -2.000000e+01
      vertex   -2.401203e+02 2.257412e+02 1.272727e+01
      vertex   -2.400204e+02 2.255000e+02 4.000000e+01
    endloop
  endfacet
  facet normal 9.238795e-01 3.826834e-01 6.423544e-19
    outer loop
      vertex   -2.400204e+02 2.255000e+02 4.000000e+01
      vertex   -2.401203e+02 2.257412e+02 1.272727e+01
      vertex   -2.401203e+02 2.257412e+02 1.818182e+01
    endloop
  endfacet
  facet normal 9.238795e-01 3.826834e-01 6.423544e-19
    outer loop
      vertex   -2.400204e+02 2.255000e+02 4.000000e+01
      vertex   -2.401203e+02 2.257412e+02 1.818182e+01
      vertex   -2.401203e+02 2.257412e+02 2.363636e+01
    endloop
  endfacet
  facet normal 9.914449e-01 1.305262e-01 0.000000e+00
    outer loop
      vertex   -2.401203e+02 2.257412e+02 2.363636e+01
      vertex   -2.401203e+02 2.257412e+02 1.818182e+01
      vertex   -2.401544e+02 2.260000e+02 2.363636e+01
    endloop
  endfacet
  facet normal 9.914449e-01 1.305262e-01 -5.712600e-20
    outer loop
      vertex   -2.401203e+02 2.257412e+02 2.363636e+01
      vertex   -2.401544e+02 2.260000e+02 2.363636e+01
      vertex   -2.401544e+02 2.260000e+02 2.909091e+01
    endloop
  endfacet
  facet normal 9.914449e-01 -1.305262e-01 0.000000e+00
    outer loop
      vertex   -2.401544e+02 2.260000e+02 2.909091e+01
      vertex   -2.401544e+02 2.260000e+02 2.363636e+01
      vertex   -2.401203e+02 2.262588e+02 2.909091e+01
    endloop
  endfacet
  facet normal 9.914449e-01 -1.305262e-01 -6.038156e-19
    outer loop
      vertex   -2.401544e+02 2.260000e+02 2.909091e+01
      vertex   -2.401203e+02 2.262588e+02 2.909091e+01
      vertex   -2.401203e+02 2.262588e+02 3.454545e+01
    endloop
  endfacet
  facet normal 9.238795e-01 -3.826834e-01 0.000000e+00
    outer loop
      vertex   -2.401203e+02 2.262588e+02 3.454545e+01
      vertex   -2.401203e+02 2.262588e+02 2.909091e+01
      vertex   -2.400204e+02 2.265000e+02 3.454545e+01
    endloop
  endfacet
  facet normal 9.914449e-01 1.305262e-01 0.000000e+00
    outer loop
      vertex   -2.401203e+02 2.257412e+02 -9.090909e+00
      vertex   -2.401203e+02 2.257412e+02 -1.454545e+01
      vertex   -2.401544e+02 2.260000e+02 -9.090909e+00
    endloop
  endfacet
  facet normal 9.914449e-01 1.305262e-01 0.000000e+00
    outer loop
      vertex   -2.401544e+02 2.260000e+02 -9.090909e+00
      vertex   -2.401203e+02 2.257412e+02 -1.454545e+01
      vertex   -2.401544e+02 2.260000e+02 -1.454545e+01
    endloop
  endfacet
  facet normal 9.914449e-01 -1.305262e-01 0.000000e+00
    outer loop
      vertex   -2.401544e+02 2.260000e+02 -9.090909e+00
      vertex   -2.401544e+02 2.260000e+02 -1.454545e+01
      vertex   -2.401203e+02 2.262588e+02 -9.090909e+00
    endloop
  endfacet
  facet normal 9.914449e-01 -1.305262e-01 0.000000e+00
    outer loop
      vertex   -2.401203e+02 2.262588e+02 -9.090909e+00
      vertex   -2.401544e+02 2.260000e+02 -1.454545e+01
      vertex   -2.401203e+02 2.262588e+02 -1.454545e+01
    endloop
  endfacet
  facet normal 9.238795e-01 -3.826834e-01 0.000000e+00
    outer loop
      vertex   -2.401203e+02 2.262588e+02 -9.090909e+00
      vertex   -2.401203e+02 2.262588e+02 -1.454545e+01
      vertex   -2.400204e+02 2.265000e+02 -9.090909e+00
    endloop
  endfacet
  facet normal 9.238795e-01 -3.826834e-01 0.000000e+00
    outer loop
      vertex   -2.400204e+02 2.265000e+02 -9.090909e+00
      vertex   -2.401203e+02 2.262588e+02 -1.454545e+01
      vertex   -2.400204e+02 2.265000e+02 -1.454545e+01
    endloop
  endfacet
  facet normal 7.933533e-01 -6.087614e-01 0.000000e+00
    outer loop
      vertex   -2.400204e+02 2.265000e+02 -9.090909e+00
      vertex   -2.400204e+02 2.265000e+02 -1.454545e+01
      vertex   -2.398615e+02 2.267071e+02 -9.090909e+00
    endloop
  endfacet
  facet normal 9.238795e-01 3.826834e-01 -0.000000e+00
    outer loop
      vertex   -2.401203e+02 2.257412e+02 -3.636364e+00
      vertex   -2.401203e+02 2.257412e+02 1.818182e+00
      vertex   -2.400204e+02 2.255000e+02 -2.000000e+01
    endloop
  endfacet
  facet normal 9.238795e-01 3.826834e-01 6.423544e-19
    outer loop
      vertex   -2.400204e+02 2.255000e+02 -2.000000e+01
      vertex   -2.401203e+02 2.257412e+02 1.818182e+00
      vertex   -2.401203e+02 2.257412e+02 7.272727e+00
    endloop
  endfacet
  facet normal 9.238795e-01 3.826834e-01 6.423544e-19
    outer loop
      vertex   -2.400204e+02 2.255000e+02 -2.000000e+01
      vertex   -2.401203e+02 2.257412e+02 7.272727e+00
      vertex   -2.401203e+02 2.257412e+02 1.272727e+01
    endloop
  endfacet
  facet normal 9.914449e-01 1.305262e-01 0.000000e+00
    outer loop
      vertex   -2.401203e+02 2.257412e+02 1.272727e+01
      vertex   -2.401203e+02 2.257412e+02 7.272727e+00
      vertex   -2.401544e+02 2.260000e+02 1.272727e+01
    endloop
  endfacet
  facet normal 9.914449e-01 1.305262e-01 -5.712600e-20
    outer loop
      vertex   -2.401203e+02 2.257412e+02 1.272727e+01
      vertex   -2.401544e+02 2.260000e+02 1.272727e+01
      vertex   -2.401544e+02 2.260000e+02 1.818182e+01
    endloop
  endfacet
  facet normal 9.914449e-01 -1.305262e-01 0.000000e+00
    outer loop
      vertex   -2.401544e+02 2.260000e+02 1.818182e+01
      vertex   -2.401544e+02 2.260000e+02 1.272727e+01
      vertex   -2.401203e+02 2.262588e+02 1.818182e+01
    endloop
  endfacet
  facet normal 9.914449e-01 -1.305262e-01 -6.038156e-19
    outer loop
      vertex   -2.401544e+02 2.260000e+02 1.818182e+01
      vertex   -2.401203e+02 2.262588e+02 1.818182e+01
      vertex   -2.401203e+02 2.262588e+02 2.363636e+01
    endloop
  endfacet
  facet normal 9.238795e-01 -3.826834e-01 0.000000e+00
    outer loop
      vertex   -2.401203e+02 2.262588e+02 2.363636e+01
      vertex   -2.401203e+02 2.262588e+02 1.818182e+01
      vertex   -2.400204e+02 2.265000e+02 2.363636e+01
    endloop
  endfacet
  facet normal 9.238795e-01 -3.826834e-01 6.317256e-19
    outer loop
      vertex   -2.401203e+02 2.262588e+02 2.363636e+01
      vertex   -2.400204e+02 2.265000e+02 2.363636e+01
      vertex   -2.400204e+02 2.265000e+02 2.909091e+01
    endloop
  endfacet
  facet normal 7.933533e-01 -6.087614e-01 0.000000e+00
    outer loop
      vertex   -2.400204e+02 2.265000e+02 2.909091e+01
      vertex   -2.400204e+02 2.265000e+02 2.363636e+01
      vertex   -2.398615e+02 2.267071e+02 2.909091e+01
    endloop
  endfacet
  facet normal 7.933533e-01 -6.087614e-01 -2.247217e-18
    outer loop
      vertex   -2.400204e+02 2.265000e+02 2.909091e+01
      vertex   -2.398615e+02 2.267071e+02 2.909091e+01
      vertex   -2.398615e+02 2.267071e+02 3.454545e+01
    endloop
  endfacet
  facet normal 6.087614e-01 -7.933533e-01 0.000000e+00
    outer loop
      vertex   -2.398615e+02 2.267071e+02 3.454545e+01
      vertex   -2.398615e+02 2.267071e+02 2.909091e+01
      vertex   -2.396544e+02 2.268660e+02 3.454545e+01
    endloop
  endfacet
  facet normal 9.914449e-01 1.305262e-01 -0.000000e+00
    outer loop
      vertex   -2.401203e+02 2.257412e+02 -3.636364e+00
      vertex   -2.401544e+02 2.260000e+02 1.818182e+00
      vertex   -2.401203e+02 2.257412e+02 1.818182e+00
    endloop
  endfacet
  facet normal 9.914449e-01 1.305262e-01 -5.712600e-20
    outer loop
      vertex   -2.401203e+02 2.257412e+02 1.818182e+00
      vertex   -2.401544e+02 2.260000e+02 1.818182e+00
      vertex   -2.401544e+02 2.260000e+02 7.272727e+00
    endloop
  endfacet
  facet normal 9.914449e-01 1.305262e-01 -0.000000e+00
    outer loop
      vertex   -2.401203e+02 2.257412e+02 1.818182e+00
      vertex   -2.401544e+02 2.260000e+02 7.272727e+00
      vertex   -2.401203e+02 2.257412e+02 7.272727e+00
    endloop
  endfacet
  facet normal 9.914449e-01 1.305262e-01 -5.712600e-20
    outer loop
      vertex   -2.401203e+02 2.257412e+02 7.272727e+00
      vertex   -2.401544e+02 2.260000e+02 7.272727e+00
      vertex   -2.401544e+02 2.260000e+02 1.272727e+01
    endloop
  endfacet
  facet normal 9.914449e-01 1.305262e-01 0.000000e+00
    outer loop
      vertex   -2.401544e+02 2.260000e+02 2.363636e+01
      vertex   -2.401203e+02 2.257412e+02 1.818182e+01
      vertex   -2.401544e+02 2.260000e+02 1.818182e+01
    endloop
  endfacet
  facet normal 9.914449e-01 1.305262e-01 -5.712600e-20
    outer loop
      vertex   -2.401544e+02 2.260000e+02 1.818182e+01
      vertex   -2.401203e+02 2.257412e+02 1.818182e+01
      vertex   -2.401203e+02 2.257412e+02 1.272727e+01
    endloop
  endfacet
  facet normal 9.238795e-01 3.826834e-01 0.000000e+00
    outer loop
      vertex   -2.401203e+02 2.257412e+02 3.454545e+01
      vertex   -2.400204e+02 2.255000e+02 4.000000e+01
      vertex   -2.401203e+02 2.257412e+02 2.909091e+01
    endloop
  endfacet
  facet normal 9.238795e-01 3.826834e-01 0.000000e+00
    outer loop
      vertex   -2.401203e+02 2.257412e+02 2.909091e+01
      vertex   -2.400204e+02 2.255000e+02 4.000000e+01
      vertex   -2.401203e+02 2.257412e+02 2.363636e+01
    endloop
  endfacet
  facet normal 9.914449e-01 1.305262e-01 0.000000e+00
    outer loop
      vertex   -2.401203e+02 2.257412e+02 2.909091e+01
      vertex   -2.401203e+02 2.257412e+02 2.363636e+01
      vertex   -2.401544e+02 2.260000e+02 2.909091e+01
    endloop
  endfacet
  facet normal 9.914449e-01 1.305262e-01 -5.712600e-20
    outer loop
      vertex   -2.401544e+02 2.260000e+02 3.454545e+01
      vertex   -2.401203e+02 2.257412e+02 3.454545e+01
      vertex   -2.401203e+02 2.257412e+02 2.909091e+01
    endloop
  endfacet
  facet normal 9.914449e-01 1.305262e-01 0.000000e+00
    outer loop
      vertex   -2.401544e+02 2.260000e+02 3.454545e+01
      vertex   -2.401203e+02 2.257412e+02 2.909091e+01
      vertex   -2.401544e+02 2.260000e+02 2.909091e+01
    endloop
  endfacet
  facet normal 9.914449e-01 1.305262e-01 -5.712600e-20
    outer loop
      vertex   -2.401203e+02 2.257412e+02 -9.090909e+00
      vertex   -2.401544e+02 2.260000e+02 -9.090909e+00
      vertex   -2.401544e+02 2.260000e+02 -3.636364e+00
    endloop
  endfacet
  facet normal 9.914449e-01 -1.305262e-01 0.000000e+00
    outer loop
      vertex   -2.401544e+02 2.260000e+02 -3.636364e+00
      vertex   -2.401544e+02 2.260000e+02 -9.090909e+00
      vertex   -2.401203e+02 2.262588e+02 -3.636364e+00
    endloop
  endfacet
  facet normal 9.914449e-01 -1.305262e-01 -6.038156e-19
    outer loop
      vertex   -2.401544e+02 2.260000e+02 -3.636364e+00
      vertex   -2.401203e+02 2.262588e+02 -3.636364e+00
      vertex   -2.401203e+02 2.262588e+02 1.818182e+00
    endloop
  endfacet
  facet normal 9.238795e-01 -3.826834e-01 0.000000e+00
    outer loop
      vertex   -2.401203e+02 2.262588e+02 1.818182e+00
      vertex   -2.401203e+02 2.262588e+02 -3.636364e+00
      vertex   -2.400204e+02 2.265000e+02 1.818182e+00
    endloop
  endfacet
  facet normal 9.238795e-01 -3.826834e-01 6.317256e-19
    outer loop
      vertex   -2.401203e+02 2.262588e+02 1.818182e+00
      vertex   -2.400204e+02 2.265000e+02 1.818182e+00
      vertex   -2.400204e+02 2.265000e+02 7.272727e+00
    endloop
  endfacet
  facet normal 7.933533e-01 -6.087614e-01 0.000000e+00
    outer loop
      vertex   -2.400204e+02 2.265000e+02 7.272727e+00
      vertex   -2.400204e+02 2.265000e+02 1.818182e+00
      vertex   -2.398615e+02 2.267071e+02 7.272727e+00
    endloop
  endfacet
  facet normal 7.933533e-01 -6.087614e-01 -2.247217e-18
    outer loop
      vertex   -2.400204e+02 2.265000e+02 7.272727e+00
      vertex   -2.398615e+02 2.267071e+02 7.272727e+00
      vertex   -2.398615e+02 2.267071e+02 1.272727e+01
    endloop
  endfacet
  facet normal 6.087614e-01 -7.933533e-01 0.000000e+00
    outer loop
      vertex   -2.398615e+02 2.267071e+02 1.272727e+01
      vertex   -2.398615e+02 2.267071e+02 7.272727e+00
      vertex   -2.396544e+02 2.268660e+02 1.272727e+01
    endloop
  endfacet
  facet normal 6.087614e-01 -7.933533e-01 1.456065e-18
    outer loop
      vertex   -2.398615e+02 2.267071e+02 1.272727e+01
      vertex   -2.396544e+02 2.268660e+02 1.272727e+01
      vertex   -2.396544e+02 2.268660e+02 1.818182e+01
    endloop
  endfacet
  facet normal 3.826834e-01 -9.238795e-01 0.000000e+00
    outer loop
      vertex   -2.396544e+02 2.268660e+02 1.818182e+01
      vertex   -2.396544e+02 2.268660e+02 1.272727e+01
      vertex   -2.394132e+02 2.269659e+02 1.818182e+01
    endloop
  endfacet
  facet normal 3.826834e-01 -9.238795e-01 -3.045431e-19
    outer loop
      vertex   -2.396544e+02 2.268660e+02 1.818182e+01
      vertex   -2.394132e+02 2.269659e+02 1.818182e+01
      vertex   -2.394132e+02 2.269659e+02 2.363636e+01
    endloop
  endfacet
  facet normal 1.305262e-01 -9.914449e-01 0.000000e+00
    outer loop
      vertex   -2.394132e+02 2.269659e+02 2.363636e+01
      vertex   -2.394132e+02 2.269659e+02 1.818182e+01
      vertex   -2.391544e+02 2.270000e+02 4.000000e+01
    endloop
  endfacet
  facet normal 9.914449e-01 -1.305262e-01 0.000000e+00
    outer loop
      vertex   -2.401203e+02 2.262588e+02 -3.636364e+00
      vertex   -2.401544e+02 2.260000e+02 -9.090909e+00
      vertex   -2.401203e+02 2.262588e+02 -9.090909e+00
    endloop
  endfacet
  facet normal 9.914449e-01 -1.305262e-01 0.000000e+00
    outer loop
      vertex   -2.401544e+02 2.260000e+02 1.818182e+00
      vertex   -2.401203e+02 2.262588e+02 7.272727e+00
      vertex   -2.401544e+02 2.260000e+02 7.272727e+00
    endloop
  endfacet
  facet normal 9.914449e-01 -1.305262e-01 -6.038156e-19
    outer loop
      vertex   -2.401544e+02 2.260000e+02 7.272727e+00
      vertex   -2.401203e+02 2.262588e+02 7.272727e+00
      vertex   -2.401203e+02 2.262588e+02 1.272727e+01
    endloop
  endfacet
  facet normal 9.914449e-01 -1.305262e-01 0.000000e+00
    outer loop
      vertex   -2.401544e+02 2.260000e+02 7.272727e+00
      vertex   -2.401203e+02 2.262588e+02 1.272727e+01
      vertex   -2.401544e+02 2.260000e+02 1.272727e+01
    endloop
  endfacet
  facet normal 9.914449e-01 -1.305262e-01 -6.038156e-19
    outer loop
      vertex   -2.401544e+02 2.260000e+02 1.272727e+01
      vertex   -2.401203e+02 2.262588e+02 1.272727e+01
      vertex   -2.401203e+02 2.262588e+02 1.818182e+01
    endloop
  endfacet
  facet normal 9.914449e-01 -1.305262e-01 0.000000e+00
    outer loop
      vertex   -2.401203e+02 2.262588e+02 2.909091e+01
      vertex   -2.401544e+02 2.260000e+02 2.363636e+01
      vertex   -2.401203e+02 2.262588e+02 2.363636e+01
    endloop
  endfacet
  facet normal 9.914449e-01 -1.305262e-01 -6.038156e-19
    outer loop
      vertex   -2.401203e+02 2.262588e+02 2.363636e+01
      vertex   -2.401544e+02 2.260000e+02 2.363636e+01
      vertex   -2.401544e+02 2.260000e+02 1.818182e+01
    endloop
  endfacet
  facet normal 9.914449e-01 -1.305262e-01 -6.038156e-19
    outer loop
      vertex   -2.401203e+02 2.262588e+02 3.454545e+01
      vertex   -2.401544e+02 2.260000e+02 3.454545e+01
      vertex   -2.401544e+02 2.260000e+02 2.909091e+01
    endloop
  endfacet
  facet normal 9.238795e-01 -3.826834e-01 0.000000e+00
    outer loop
      vertex   -2.401203e+02 2.262588e+02 -3.636364e+00
      vertex   -2.401203e+02 2.262588e+02 -9.090909e+00
      vertex   -2.400204e+02 2.265000e+02 -3.636364e+00
    endloop
  endfacet
  facet normal 9.238795e-01 -3.826834e-01 0.000000e+00
    outer loop
      vertex   -2.400204e+02 2.265000e+02 -3.636364e+00
      vertex   -2.401203e+02 2.262588e+02 -9.090909e+00
      vertex   -2.400204e+02 2.265000e+02 -9.090909e+00
    endloop
  endfacet
  facet normal 7.933533e-01 -6.087614e-01 0.000000e+00
    outer loop
      vertex   -2.400204e+02 2.265000e+02 -3.636364e+00
      vertex   -2.400204e+02 2.265000e+02 -9.090909e+00
      vertex   -2.398615e+02 2.267071e+02 -3.636364e+00
    endloop
  endfacet
  facet normal 7.933533e-01 -6.087614e-01 0.000000e+00
    outer loop
      vertex   -2.398615e+02 2.267071e+02 -3.636364e+00
      vertex   -2.400204e+02 2.265000e+02 -9.090909e+00
      vertex   -2.398615e+02 2.267071e+02 -9.090909e+00
    endloop
  endfacet
  facet normal 6.087614e-01 -7.933533e-01 0.000000e+00
    outer loop
      vertex   -2.398615e+02 2.267071e+02 -3.636364e+00
      vertex   -2.398615e+02 2.267071e+02 -9.090909e+00
      vertex   -2.396544e+02 2.268660e+02 -3.636364e+00
    endloop
  endfacet
  facet normal 9.238795e-01 -3.826834e-01 0.000000e+00
    outer loop
      vertex   -2.401203e+02 2.262588e+02 7.272727e+00
      vertex   -2.400204e+02 2.265000e+02 1.272727e+01
      vertex   -2.401203e+02 2.262588e+02 1.272727e+01
    endloop
  endfacet
  facet normal 9.238795e-01 -3.826834e-01 6.317256e-19
    outer loop
      vertex   -2.401203e+02 2.262588e+02 1.272727e+01
      vertex   -2.400204e+02 2.265000e+02 1.272727e+01
      vertex   -2.400204e+02 2.265000e+02 1.818182e+01
    endloop
  endfacet
  facet normal 9.238795e-01 -3.826834e-01 0.000000e+00
    outer loop
      vertex   -2.401203e+02 2.262588e+02 1.272727e+01
      vertex   -2.400204e+02 2.265000e+02 1.818182e+01
      vertex   -2.401203e+02 2.262588e+02 1.818182e+01
    endloop
  endfacet
  facet normal 9.238795e-01 -3.826834e-01 6.317256e-19
    outer loop
      vertex   -2.401203e+02 2.262588e+02 1.818182e+01
      vertex   -2.400204e+02 2.265000e+02 1.818182e+01
      vertex   -2.400204e+02 2.265000e+02 2.363636e+01
    endloop
  endfacet
  facet normal 9.238795e-01 -3.826834e-01 0.000000e+00
    outer loop
      vertex   -2.400204e+02 2.265000e+02 3.454545e+01
      vertex   -2.401203e+02 2.262588e+02 2.909091e+01
      vertex   -2.400204e+02 2.265000e+02 2.909091e+01
    endloop
  endfacet
  facet normal 9.238795e-01 -3.826834e-01 6.317256e-19
    outer loop
      vertex   -2.400204e+02 2.265000e+02 2.909091e+01
      vertex   -2.401203e+02 2.262588e+02 2.909091e+01
      vertex   -2.401203e+02 2.262588e+02 2.363636e+01
    endloop
  endfacet
  facet normal 9.238795e-01 -3.826834e-01 6.317256e-19
    outer loop
      vertex   -2.401203e+02 2.262588e+02 -3.636364e+00
      vertex   -2.400204e+02 2.265000e+02 -3.636364e+00
      vertex   -2.400204e+02 2.265000e+02 1.818182e+00
    endloop
  endfacet
  facet normal 7.933533e-01 -6.087614e-01 0.000000e+00
    outer loop
      vertex   -2.400204e+02 2.265000e+02 1.818182e+00
      vertex   -2.400204e+02 2.265000e+02 -3.636364e+00
      vertex   -2.398615e+02 2.267071e+02 1.818182e+00
    endloop
  endfacet
  facet normal 7.933533e-01 -6.087614e-01 -2.247217e-18
    outer loop
      vertex   -2.400204e+02 2.265000e+02 1.818182e+00
      vertex   -2.398615e+02 2.267071e+02 1.818182e+00
      vertex   -2.398615e+02 2.267071e+02 7.272727e+00
    endloop
  endfacet
  facet normal 6.087614e-01 -7.933533e-01 0.000000e+00
    outer loop
      vertex   -2.398615e+02 2.267071e+02 7.272727e+00
      vertex   -2.398615e+02 2.267071e+02 1.818182e+00
      vertex   -2.396544e+02 2.268660e+02 7.272727e+00
    endloop
  endfacet
  facet normal 6.087614e-01 -7.933533e-01 1.456065e-18
    outer loop
      vertex   -2.398615e+02 2.267071e+02 7.272727e+00
      vertex   -2.396544e+02 2.268660e+02 7.272727e+00
      vertex   -2.396544e+02 2.268660e+02 1.272727e+01
    endloop
  endfacet
  facet normal 3.826834e-01 -9.238795e-01 0.000000e+00
    outer loop
      vertex   -2.396544e+02 2.268660e+02 1.272727e+01
      vertex   -2.396544e+02 2.268660e+02 7.272727e+00
      vertex   -2.394132e+02 2.269659e+02 1.272727e+01
    endloop
  endfacet
  facet normal 3.826834e-01 -9.238795e-01 -3.045431e-19
    outer loop
      vertex   -2.396544e+02 2.268660e+02 1.272727e+01
      vertex   -2.394132e+02 2.269659e+02 1.272727e+01
      vertex   -2.394132e+02 2.269659e+02 1.818182e+01
    endloop
  endfacet
  facet normal 1.305262e-01 -9.914449e-01 0.000000e+00
    outer loop
      vertex   -2.394132e+02 2.269659e+02 1.818182e+01
      vertex   -2.394132e+02 2.269659e+02 1.272727e+01
      vertex   -2.391544e+02 2.270000e+02 4.000000e+01
    endloop
  endfacet
  facet normal 7.933533e-01 -6.087614e-01 0.000000e+00
    outer loop
      vertex   -2.398615e+02 2.267071e+02 1.818182e+00
      vertex   -2.400204e+02 2.265000e+02 -3.636364e+00
      vertex   -2.398615e+02 2.267071e+02 -3.636364e+00
    endloop
  endfacet
  facet normal 7.933533e-01 -6.087614e-01 0.000000e+00
    outer loop
      vertex   -2.400204e+02 2.265000e+02 1.272727e+01
      vertex   -2.398615e+02 2.267071e+02 1.818182e+01
      vertex   -2.400204e+02 2.265000e+02 1.818182e+01
    endloop
  endfacet
  facet normal 7.933533e-01 -6.087614e-01 -2.247217e-18
    outer loop
      vertex   -2.400204e+02 2.265000e+02 1.818182e+01
      vertex   -2.398615e+02 2.267071e+02 1.818182e+01
      vertex   -2.398615e+02 2.267071e+02 2.363636e+01
    endloop
  endfacet
  facet normal 7.933533e-01 -6.087614e-01 0.000000e+00
    outer loop
      vertex   -2.400204e+02 2.265000e+02 1.818182e+01
      vertex   -2.398615e+02 2.267071e+02 2.363636e+01
      vertex   -2.400204e+02 2.265000e+02 2.363636e+01
    endloop
  endfacet
  facet normal 7.933533e-01 -6.087614e-01 -2.247217e-18
    outer loop
      vertex   -2.400204e+02 2.265000e+02 2.363636e+01
      vertex   -2.398615e+02 2.267071e+02 2.363636e+01
      vertex   -2.398615e+02 2.267071e+02 2.909091e+01
    endloop
  endfacet
  facet normal 7.933533e-01 -6.087614e-01 -2.247217e-18
    outer loop
      vertex   -2.398615e+02 2.267071e+02 3.454545e+01
      vertex   -2.400204e+02 2.265000e+02 3.454545e+01
      vertex   -2.400204e+02 2.265000e+02 2.909091e+01
    endloop
  endfacet
  facet normal 6.087614e-01 -7.933533e-01 0.000000e+00
    outer loop
      vertex   -2.396544e+02 2.268660e+02 -9.090909e+00
      vertex   -2.398615e+02 2.267071e+02 -1.454545e+01
      vertex   -2.396544e+02 2.268660e+02 -1.454545e+01
    endloop
  endfacet
  facet normal 6.087614e-01 -7.933533e-01 0.000000e+00
    outer loop
      vertex   -2.398615e+02 2.267071e+02 1.818182e+00
      vertex   -2.398615e+02 2.267071e+02 -3.636364e+00
      vertex   -2.396544e+02 2.268660e+02 1.818182e+00
    endloop
  endfacet
  facet normal 6.087614e-01 -7.933533e-01 0.000000e+00
    outer loop
      vertex   -2.396544e+02 2.268660e+02 1.818182e+00
      vertex   -2.398615e+02 2.267071e+02 -3.636364e+00
      vertex   -2.396544e+02 2.268660e+02 -3.636364e+00
    endloop
  endfacet
  facet normal 3.826834e-01 -9.238795e-01 0.000000e+00
    outer loop
      vertex   -2.396544e+02 2.268660e+02 1.818182e+00
      vertex   -2.396544e+02 2.268660e+02 -3.636364e+00
      vertex   -2.394132e+02 2.269659e+02 1.818182e+00
    endloop
  endfacet
  facet normal 6.087614e-01 -7.933533e-01 0.000000e+00
    outer loop
      vertex   -2.398615e+02 2.267071e+02 1.818182e+01
      vertex   -2.396544e+02 2.268660e+02 2.363636e+01
      vertex   -2.398615e+02 2.267071e+02 2.363636e+01
    endloop
  endfacet
  facet normal 6.087614e-01 -7.933533e-01 1.456065e-18
    outer loop
      vertex   -2.398615e+02 2.267071e+02 2.363636e+01
      vertex   -2.396544e+02 2.268660e+02 2.363636e+01
      vertex   -2.396544e+02 2.268660e+02 2.909091e+01
    endloop
  endfacet
  facet normal 6.087614e-01 -7.933533e-01 0.000000e+00
    outer loop
      vertex   -2.398615e+02 2.267071e+02 2.363636e+01
      vertex   -2.396544e+02 2.268660e+02 2.909091e+01
      vertex   -2.398615e+02 2.267071e+02 2.909091e+01
    endloop
  endfacet
  facet normal 6.087614e-01 -7.933533e-01 1.456065e-18
    outer loop
      vertex   -2.398615e+02 2.267071e+02 2.909091e+01
      vertex   -2.396544e+02 2.268660e+02 2.909091e+01
      vertex   -2.396544e+02 2.268660e+02 3.454545e+01
    endloop
  endfacet
  facet normal 3.826834e-01 -9.238795e-01 0.000000e+00
    outer loop
      vertex   -2.396544e+02 2.268660e+02 -9.090909e+00
      vertex   -2.396544e+02 2.268660e+02 -1.454545e+01
      vertex   -2.394132e+02 2.269659e+02 -9.090909e+00
    endloop
  endfacet
  facet normal 3.826834e-01 -9.238795e-01 0.000000e+00
    outer loop
      vertex   -2.394132e+02 2.269659e+02 -9.090909e+00
      vertex   -2.396544e+02 2.268660e+02 -1.454545e+01
      vertex   -2.394132e+02 2.269659e+02 -1.454545e+01
    endloop
  endfacet
  facet normal 1.305262e-01 -9.914449e-01 0.000000e+00
    outer loop
      vertex   -2.394132e+02 2.269659e+02 -9.090909e+00
      vertex   -2.394132e+02 2.269659e+02 -1.454545e+01
      vertex   -2.391544e+02 2.270000e+02 -2.000000e+01
    endloop
  endfacet
  facet normal 6.087614e-01 -7.933533e-01 1.456065e-18
    outer loop
      vertex   -2.398615e+02 2.267071e+02 1.818182e+00
      vertex   -2.396544e+02 2.268660e+02 1.818182e+00
      vertex   -2.396544e+02 2.268660e+02 7.272727e+00
    endloop
  endfacet
  facet normal 3.826834e-01 -9.238795e-01 0.000000e+00
    outer loop
      vertex   -2.396544e+02 2.268660e+02 7.272727e+00
      vertex   -2.396544e+02 2.268660e+02 1.818182e+00
      vertex   -2.394132e+02 2.269659e+02 7.272727e+00
    endloop
  endfacet
  facet normal 3.826834e-01 -9.238795e-01 -3.045431e-19
    outer loop
      vertex   -2.396544e+02 2.268660e+02 7.272727e+00
      vertex   -2.394132e+02 2.269659e+02 7.272727e+00
      vertex   -2.394132e+02 2.269659e+02 1.272727e+01
    endloop
  endfacet
  facet normal 1.305262e-01 -9.914449e-01 0.000000e+00
    outer loop
      vertex   -2.394132e+02 2.269659e+02 1.272727e+01
      vertex   -2.394132e+02 2.269659e+02 7.272727e+00
      vertex   -2.391544e+02 2.270000e+02 4.000000e+01
    endloop
  endfacet
  facet normal 3.826834e-01 -9.238795e-01 0.000000e+00
    outer loop
      vertex   -2.394132e+02 2.269659e+02 7.272727e+00
      vertex   -2.396544e+02 2.268660e+02 1.818182e+00
      vertex   -2.394132e+02 2.269659e+02 1.818182e+00
    endloop
  endfacet
  facet normal 3.826834e-01 -9.238795e-01 -3.045431e-19
    outer loop
      vertex   -2.394132e+02 2.269659e+02 3.454545e+01
      vertex   -2.396544e+02 2.268660e+02 3.454545e+01
      vertex   -2.396544e+02 2.268660e+02 2.909091e+01
    endloop
  endfacet
  facet normal 3.826834e-01 -9.238795e-01 0.000000e+00
    outer loop
      vertex   -2.394132e+02 2.269659e+02 3.454545e+01
      vertex   -2.396544e+02 2.268660e+02 2.909091e+01
      vertex   -2.394132e+02 2.269659e+02 2.909091e+01
    endloop
  endfacet
  facet normal 3.826834e-01 -9.238795e-01 -3.045431e-19
    outer loop
      vertex   -2.394132e+02 2.269659e+02 2.909091e+01
      vertex   -2.396544e+02 2.268660e+02 2.909091e+01
      vertex   -2.396544e+02 2.268660e+02 2.363636e+01
    endloop
  endfacet
  facet normal 1.305262e-01 -9.914449e-01 3.464691e-19
    outer loop
      vertex   -2.391544e+02 2.270000e+02 -2.000000e+01
      vertex   -2.394132e+02 2.269659e+02 -3.636364e+00
      vertex   -2.394132e+02 2.269659e+02 -9.090909e+00
    endloop
  endfacet
  facet normal 3.826834e-01 -9.238795e-01 0.000000e+00
    outer loop
      vertex   -2.394132e+02 2.269659e+02 -9.090909e+00
      vertex   -2.394132e+02 2.269659e+02 -3.636364e+00
      vertex   -2.396544e+02 2.268660e+02 -9.090909e+00
    endloop
  endfacet
  facet normal 8.660254e-01 5.000000e-01 -0.000000e+00
    outer loop
      vertex   -2.388657e+02 2.235000e+02 -2.000000e+01
      vertex   -2.400204e+02 2.255000e+02 -2.000000e+01
      vertex   -2.388657e+02 2.235000e+02 4.000000e+01
    endloop
  endfacet
  facet normal 8.660254e-01 5.000000e-01 -6.356388e-19
    outer loop
      vertex   -2.388657e+02 2.235000e+02 4.000000e+01
      vertex   -2.400204e+02 2.255000e+02 -2.000000e+01
      vertex   -2.400204e+02 2.255000e+02 4.000000e+01
    endloop
  endfacet
  facet normal 9.238795e-01 3.826834e-01 0.000000e+00
    outer loop
      vertex   -2.387658e+02 2.232588e+02 4.000000e+01
      vertex   -2.387658e+02 2.232588e+02 3.454545e+01
      vertex   -2.388657e+02 2.235000e+02 4.000000e+01
    endloop
  endfacet
  facet normal 9.238795e-01 3.826834e-01 6.079021e-19
    outer loop
      vertex   -2.388657e+02 2.235000e+02 4.000000e+01
      vertex   -2.387658e+02 2.232588e+02 3.454545e+01
      vertex   -2.387658e+02 2.232588e+02 2.909091e+01
    endloop
  endfacet
  facet normal 9.238795e-01 3.826834e-01 6.079021e-19
    outer loop
      vertex   -2.388657e+02 2.235000e+02 4.000000e+01
      vertex   -2.387658e+02 2.232588e+02 2.909091e+01
      vertex   -2.387658e+02 2.232588e+02 2.363636e+01
    endloop
  endfacet
  facet normal 9.914449e-01 1.305262e-01 -0.000000e+00
    outer loop
      vertex   -2.387658e+02 2.232588e+02 2.363636e+01
      vertex   -2.387658e+02 2.232588e+02 2.909091e+01
      vertex   -2.387318e+02 2.230000e+02 2.363636e+01
    endloop
  endfacet
  facet normal 9.914449e-01 1.305262e-01 2.733448e-19
    outer loop
      vertex   -2.387658e+02 2.232588e+02 2.363636e+01
      vertex   -2.387318e+02 2.230000e+02 2.363636e+01
      vertex   -2.387318e+02 2.230000e+02 1.818182e+01
    endloop
  endfacet
  facet normal 9.914449e-01 -1.305262e-01 0.000000e+00
    outer loop
      vertex   -2.387318e+02 2.230000e+02 1.818182e+01
      vertex   -2.387318e+02 2.230000e+02 2.363636e+01
      vertex   -2.387658e+02 2.227412e+02 1.818182e+01
    endloop
  endfacet
  facet normal 9.914449e-01 -1.305262e-01 -2.733448e-19
    outer loop
      vertex   -2.387318e+02 2.230000e+02 1.818182e+01
      vertex   -2.387658e+02 2.227412e+02 1.818182e+01
      vertex   -2.387658e+02 2.227412e+02 1.272727e+01
    endloop
  endfacet
  facet normal 9.238795e-01 -3.826834e-01 0.000000e+00
    outer loop
      vertex   -2.387658e+02 2.227412e+02 1.272727e+01
      vertex   -2.387658e+02 2.227412e+02 1.818182e+01
      vertex   -2.388657e+02 2.225000e+02 1.272727e+01
    endloop
  endfacet
  facet normal 9.238795e-01 -3.826834e-01 1.195731e-18
    outer loop
      vertex   -2.387658e+02 2.227412e+02 1.272727e+01
      vertex   -2.388657e+02 2.225000e+02 1.272727e+01
      vertex   -2.388657e+02 2.225000e+02 7.272727e+00
    endloop
  endfacet
  facet normal 7.933533e-01 -6.087614e-01 0.000000e+00
    outer loop
      vertex   -2.388657e+02 2.225000e+02 7.272727e+00
      vertex   -2.388657e+02 2.225000e+02 1.272727e+01
      vertex   -2.390246e+02 2.222929e+02 7.272727e+00
    endloop
  endfacet
  facet normal 7.933533e-01 -6.087614e-01 1.118254e-18
    outer loop
      vertex   -2.388657e+02 2.225000e+02 7.272727e+00
      vertex   -2.390246e+02 2.222929e+02 7.272727e+00
      vertex   -2.390246e+02 2.222929e+02 1.818182e+00
    endloop
  endfacet
  facet normal 6.087614e-01 -7.933533e-01 0.000000e+00
    outer loop
      vertex   -2.390246e+02 2.222929e+02 1.818182e+00
      vertex   -2.390246e+02 2.222929e+02 7.272727e+00
      vertex   -2.392318e+02 2.221340e+02 1.818182e+00
    endloop
  endfacet
  facet normal 6.087614e-01 -7.933533e-01 1.118254e-18
    outer loop
      vertex   -2.390246e+02 2.222929e+02 1.818182e+00
      vertex   -2.392318e+02 2.221340e+02 1.818182e+00
      vertex   -2.392318e+02 2.221340e+02 -3.636364e+00
    endloop
  endfacet
  facet normal 3.826834e-01 -9.238795e-01 0.000000e+00
    outer loop
      vertex   -2.392318e+02 2.221340e+02 -3.636364e+00
      vertex   -2.392318e+02 2.221340e+02 1.818182e+00
      vertex   -2.394729e+02 2.220341e+02 -3.636364e+00
    endloop
  endfacet
  facet normal 3.826834e-01 -9.238795e-01 3.326812e-20
    outer loop
      vertex   -2.392318e+02 2.221340e+02 -3.636364e+00
      vertex   -2.394729e+02 2.220341e+02 -3.636364e+00
      vertex   -2.394729e+02 2.220341e+02 -9.090909e+00
    endloop
  endfacet
  facet normal 1.305262e-01 -9.914449e-01 0.000000e+00
    outer loop
      vertex   -2.394729e+02 2.220341e+02 -9.090909e+00
      vertex   -2.394729e+02 2.220341e+02 -3.636364e+00
      vertex   -2.397318e+02 2.220000e+02 -2.000000e+01
    endloop
  endfacet
  facet normal 1.305262e-01 -9.914449e-01 0.000000e+00
    outer loop
      vertex   -2.394729e+02 2.220341e+02 -9.090909e+00
      vertex   -2.397318e+02 2.220000e+02 -2.000000e+01
      vertex   -2.394729e+02 2.220341e+02 -1.454545e+01
    endloop
  endfacet
  facet normal 1.305262e-01 -9.914449e-01 0.000000e+00
    outer loop
      vertex   -2.394729e+02 2.220341e+02 -1.454545e+01
      vertex   -2.397318e+02 2.220000e+02 -2.000000e+01
      vertex   -2.394729e+02 2.220341e+02 -2.000000e+01
    endloop
  endfacet
  facet normal 3.826834e-01 -9.238795e-01 0.000000e+00
    outer loop
      vertex   -2.394729e+02 2.220341e+02 -1.454545e+01
      vertex   -2.394729e+02 2.220341e+02 -2.000000e+01
      vertex   -2.392318e+02 2.221340e+02 -1.454545e+01
    endloop
  endfacet
  facet normal 3.826834e-01 -9.238795e-01 0.000000e+00
    outer loop
      vertex   -2.392318e+02 2.221340e+02 -1.454545e+01
      vertex   -2.394729e+02 2.220341e+02 -2.000000e+01
      vertex   -2.392318e+02 2.221340e+02 -2.000000e+01
    endloop
  endfacet
  facet normal 6.087614e-01 -7.933533e-01 0.000000e+00
    outer loop
      vertex   -2.392318e+02 2.221340e+02 -1.454545e+01
      vertex   -2.392318e+02 2.221340e+02 -2.000000e+01
      vertex   -2.390246e+02 2.222929e+02 -1.454545e+01
    endloop
  endfacet
  facet normal 6.087614e-01 -7.933533e-01 0.000000e+00
    outer loop
      vertex   -2.390246e+02 2.222929e+02 -1.454545e+01
      vertex   -2.392318e+02 2.221340e+02 -2.000000e+01
      vertex   -2.390246e+02 2.222929e+02 -2.000000e+01
    endloop
  endfacet
  facet normal 7.933533e-01 -6.087614e-01 0.000000e+00
    outer loop
      vertex   -2.390246e+02 2.222929e+02 -1.454545e+01
      vertex   -2.390246e+02 2.222929e+02 -2.000000e+01
      vertex   -2.388657e+02 2.225000e+02 -1.454545e+01
    endloop
  endfacet
  facet normal 7.933533e-01 -6.087614e-01 0.000000e+00
    outer loop
      vertex   -2.388657e+02 2.225000e+02 -1.454545e+01
      vertex   -2.390246e+02 2.222929e+02 -2.000000e+01
      vertex   -2.388657e+02 2.225000e+02 -2.000000e+01
    endloop
  endfacet
  facet normal 9.238795e-01 -3.826834e-01 0.000000e+00
    outer loop
      vertex   -2.388657e+02 2.225000e+02 -1.454545e+01
      vertex   -2.388657e+02 2.225000e+02 -2.000000e+01
      vertex   -2.387658e+02 2.227412e+02 -1.454545e+01
    endloop
  endfacet
  facet normal 9.238795e-01 -3.826834e-01 0.000000e+00
    outer loop
      vertex   -2.387658e+02 2.227412e+02 -1.454545e+01
      vertex   -2.388657e+02 2.225000e+02 -2.000000e+01
      vertex   -2.387658e+02 2.227412e+02 -2.000000e+01
    endloop
  endfacet
  facet normal 9.914449e-01 -1.305262e-01 0.000000e+00
    outer loop
      vertex   -2.387658e+02 2.227412e+02 -1.454545e+01
      vertex   -2.387658e+02 2.227412e+02 -2.000000e+01
      vertex   -2.387318e+02 2.230000e+02 -1.454545e+01
    endloop
  endfacet
  facet normal 9.914449e-01 -1.305262e-01 -5.166069e-15
    outer loop
      vertex   -2.387318e+02 2.230000e+02 -1.454545e+01
      vertex   -2.387658e+02 2.227412e+02 -2.000000e+01
      vertex   -2.387318e+02 2.230000e+02 -2.000000e+01
    endloop
  endfacet
  facet normal 9.914449e-01 1.305262e-01 -5.166069e-15
    outer loop
      vertex   -2.387318e+02 2.230000e+02 -1.454545e+01
      vertex   -2.387318e+02 2.230000e+02 -2.000000e+01
      vertex   -2.387658e+02 2.232588e+02 -1.454545e+01
    endloop
  endfacet
  facet normal 9.914449e-01 1.305262e-01 0.000000e+00
    outer loop
      vertex   -2.387658e+02 2.232588e+02 -1.454545e+01
      vertex   -2.387318e+02 2.230000e+02 -2.000000e+01
      vertex   -2.387658e+02 2.232588e+02 -2.000000e+01
    endloop
  endfacet
  facet normal 9.238795e-01 3.826834e-01 0.000000e+00
    outer loop
      vertex   -2.387658e+02 2.232588e+02 -1.454545e+01
      vertex   -2.387658e+02 2.232588e+02 -2.000000e+01
      vertex   -2.388657e+02 2.235000e+02 -2.000000e+01
    endloop
  endfacet
  facet normal 9.914449e-01 1.305262e-01 -0.000000e+00
    outer loop
      vertex   -2.387658e+02 2.232588e+02 3.454545e+01
      vertex   -2.387658e+02 2.232588e+02 4.000000e+01
      vertex   -2.387318e+02 2.230000e+02 3.454545e+01
    endloop
  endfacet
  facet normal 9.914449e-01 1.305262e-01 5.166069e-15
    outer loop
      vertex   -2.387318e+02 2.230000e+02 3.454545e+01
      vertex   -2.387658e+02 2.232588e+02 4.000000e+01
      vertex   -2.387318e+02 2.230000e+02 4.000000e+01
    endloop
  endfacet
  facet normal 9.914449e-01 -1.305262e-01 5.166069e-15
    outer loop
      vertex   -2.387318e+02 2.230000e+02 3.454545e+01
      vertex   -2.387318e+02 2.230000e+02 4.000000e+01
      vertex   -2.387658e+02 2.227412e+02 3.454545e+01
    endloop
  endfacet
  facet normal 9.914449e-01 -1.305262e-01 0.000000e+00
    outer loop
      vertex   -2.387658e+02 2.227412e+02 3.454545e+01
      vertex   -2.387318e+02 2.230000e+02 4.000000e+01
      vertex   -2.387658e+02 2.227412e+02 4.000000e+01
    endloop
  endfacet
  facet normal 9.238795e-01 -3.826834e-01 0.000000e+00
    outer loop
      vertex   -2.387658e+02 2.227412e+02 3.454545e+01
      vertex   -2.387658e+02 2.227412e+02 4.000000e+01
      vertex   -2.388657e+02 2.225000e+02 3.454545e+01
    endloop
  endfacet
  facet normal 9.238795e-01 -3.826834e-01 0.000000e+00
    outer loop
      vertex   -2.388657e+02 2.225000e+02 3.454545e+01
      vertex   -2.387658e+02 2.227412e+02 4.000000e+01
      vertex   -2.388657e+02 2.225000e+02 4.000000e+01
    endloop
  endfacet
  facet normal 7.933533e-01 -6.087614e-01 0.000000e+00
    outer loop
      vertex   -2.388657e+02 2.225000e+02 3.454545e+01
      vertex   -2.388657e+02 2.225000e+02 4.000000e+01
      vertex   -2.390246e+02 2.222929e+02 3.454545e+01
    endloop
  endfacet
  facet normal 7.933533e-01 -6.087614e-01 0.000000e+00
    outer loop
      vertex   -2.390246e+02 2.222929e+02 3.454545e+01
      vertex   -2.388657e+02 2.225000e+02 4.000000e+01
      vertex   -2.390246e+02 2.222929e+02 4.000000e+01
    endloop
  endfacet
  facet normal 6.087614e-01 -7.933533e-01 0.000000e+00
    outer loop
      vertex   -2.390246e+02 2.222929e+02 3.454545e+01
      vertex   -2.390246e+02 2.222929e+02 4.000000e+01
      vertex   -2.392318e+02 2.221340e+02 3.454545e+01
    endloop
  endfacet
  facet normal 6.087614e-01 -7.933533e-01 0.000000e+00
    outer loop
      vertex   -2.392318e+02 2.221340e+02 3.454545e+01
      vertex   -2.390246e+02 2.222929e+02 4.000000e+01
      vertex   -2.392318e+02 2.221340e+02 4.000000e+01
    endloop
  endfacet
  facet normal 3.826834e-01 -9.238795e-01 0.000000e+00
    outer loop
      vertex   -2.392318e+02 2.221340e+02 3.454545e+01
      vertex   -2.392318e+02 2.221340e+02 4.000000e+01
      vertex   -2.394729e+02 2.220341e+02 3.454545e+01
    endloop
  endfacet
  facet normal 3.826834e-01 -9.238795e-01 0.000000e+00
    outer loop
      vertex   -2.394729e+02 2.220341e+02 3.454545e+01
      vertex   -2.392318e+02 2.221340e+02 4.000000e+01
      vertex   -2.394729e+02 2.220341e+02 4.000000e+01
    endloop
  endfacet
  facet normal 1.305262e-01 -9.914449e-01 0.000000e+00
    outer loop
      vertex   -2.394729e+02 2.220341e+02 3.454545e+01
      vertex   -2.394729e+02 2.220341e+02 4.000000e+01
      vertex   -2.397318e+02 2.220000e+02 4.000000e+01
    endloop
  endfacet
  facet normal 1.305262e-01 -9.914449e-01 0.000000e+00
    outer loop
      vertex   -2.397318e+02 2.220000e+02 -2.000000e+01
      vertex   -2.394729e+02 2.220341e+02 1.272727e+01
      vertex   -2.397318e+02 2.220000e+02 4.000000e+01
    endloop
  endfacet
  facet normal 1.305262e-01 -9.914449e-01 -5.358159e-21
    outer loop
      vertex   -2.397318e+02 2.220000e+02 4.000000e+01
      vertex   -2.394729e+02 2.220341e+02 1.272727e+01
      vertex   -2.394729e+02 2.220341e+02 1.818182e+01
    endloop
  endfacet
  facet normal 1.305262e-01 -9.914449e-01 -5.358159e-21
    outer loop
      vertex   -2.397318e+02 2.220000e+02 4.000000e+01
      vertex   -2.394729e+02 2.220341e+02 1.818182e+01
      vertex   -2.394729e+02 2.220341e+02 2.363636e+01
    endloop
  endfacet
  facet normal 3.826834e-01 -9.238795e-01 0.000000e+00
    outer loop
      vertex   -2.394729e+02 2.220341e+02 2.363636e+01
      vertex   -2.394729e+02 2.220341e+02 1.818182e+01
      vertex   -2.392318e+02 2.221340e+02 2.363636e+01
    endloop
  endfacet
  facet normal 3.826834e-01 -9.238795e-01 3.326812e-20
    outer loop
      vertex   -2.394729e+02 2.220341e+02 2.363636e+01
      vertex   -2.392318e+02 2.221340e+02 2.363636e+01
      vertex   -2.392318e+02 2.221340e+02 2.909091e+01
    endloop
  endfacet
  facet normal 6.087614e-01 -7.933533e-01 0.000000e+00
    outer loop
      vertex   -2.392318e+02 2.221340e+02 2.909091e+01
      vertex   -2.392318e+02 2.221340e+02 2.363636e+01
      vertex   -2.390246e+02 2.222929e+02 2.909091e+01
    endloop
  endfacet
  facet normal 6.087614e-01 -7.933533e-01 1.118254e-18
    outer loop
      vertex   -2.392318e+02 2.221340e+02 2.909091e+01
      vertex   -2.390246e+02 2.222929e+02 2.909091e+01
      vertex   -2.390246e+02 2.222929e+02 3.454545e+01
    endloop
  endfacet
  facet normal 7.933533e-01 -6.087614e-01 0.000000e+00
    outer loop
      vertex   -2.390246e+02 2.222929e+02 3.454545e+01
      vertex   -2.390246e+02 2.222929e+02 2.909091e+01
      vertex   -2.388657e+02 2.225000e+02 3.454545e+01
    endloop
  endfacet
  facet normal 9.238795e-01 3.826834e-01 0.000000e+00
    outer loop
      vertex   -2.388657e+02 2.235000e+02 4.000000e+01
      vertex   -2.387658e+02 2.232588e+02 7.272727e+00
      vertex   -2.388657e+02 2.235000e+02 -2.000000e+01
    endloop
  endfacet
  facet normal 9.238795e-01 3.826834e-01 6.079021e-19
    outer loop
      vertex   -2.388657e+02 2.235000e+02 -2.000000e+01
      vertex   -2.387658e+02 2.232588e+02 7.272727e+00
      vertex   -2.387658e+02 2.232588e+02 1.818182e+00
    endloop
  endfacet
  facet normal 9.238795e-01 3.826834e-01 6.079021e-19
    outer loop
      vertex   -2.388657e+02 2.235000e+02 -2.000000e+01
      vertex   -2.387658e+02 2.232588e+02 1.818182e+00
      vertex   -2.387658e+02 2.232588e+02 -3.636364e+00
    endloop
  endfacet
  facet normal 9.914449e-01 1.305262e-01 -0.000000e+00
    outer loop
      vertex   -2.387658e+02 2.232588e+02 -3.636364e+00
      vertex   -2.387658e+02 2.232588e+02 1.818182e+00
      vertex   -2.387318e+02 2.230000e+02 -3.636364e+00
    endloop
  endfacet
  facet normal 9.914449e-01 1.305262e-01 2.733448e-19
    outer loop
      vertex   -2.387658e+02 2.232588e+02 -3.636364e+00
      vertex   -2.387318e+02 2.230000e+02 -3.636364e+00
      vertex   -2.387318e+02 2.230000e+02 -9.090909e+00
    endloop
  endfacet
  facet normal 9.914449e-01 -1.305262e-01 0.000000e+00
    outer loop
      vertex   -2.387318e+02 2.230000e+02 -9.090909e+00
      vertex   -2.387318e+02 2.230000e+02 -3.636364e+00
      vertex   -2.387658e+02 2.227412e+02 -9.090909e+00
    endloop
  endfacet
  facet normal 9.914449e-01 -1.305262e-01 -2.733448e-19
    outer loop
      vertex   -2.387318e+02 2.230000e+02 -9.090909e+00
      vertex   -2.387658e+02 2.227412e+02 -9.090909e+00
      vertex   -2.387658e+02 2.227412e+02 -1.454545e+01
    endloop
  endfacet
  facet normal 9.238795e-01 -3.826834e-01 0.000000e+00
    outer loop
      vertex   -2.387658e+02 2.227412e+02 -1.454545e+01
      vertex   -2.387658e+02 2.227412e+02 -9.090909e+00
      vertex   -2.388657e+02 2.225000e+02 -1.454545e+01
    endloop
  endfacet
  facet normal 9.914449e-01 1.305262e-01 -0.000000e+00
    outer loop
      vertex   -2.387658e+02 2.232588e+02 2.909091e+01
      vertex   -2.387658e+02 2.232588e+02 3.454545e+01
      vertex   -2.387318e+02 2.230000e+02 2.909091e+01
    endloop
  endfacet
  facet normal 9.914449e-01 1.305262e-01 -0.000000e+00
    outer loop
      vertex   -2.387318e+02 2.230000e+02 2.909091e+01
      vertex   -2.387658e+02 2.232588e+02 3.454545e+01
      vertex   -2.387318e+02 2.230000e+02 3.454545e+01
    endloop
  endfacet
  facet normal 9.914449e-01 -1.305262e-01 0.000000e+00
    outer loop
      vertex   -2.387318e+02 2.230000e+02 2.909091e+01
      vertex   -2.387318e+02 2.230000e+02 3.454545e+01
      vertex   -2.387658e+02 2.227412e+02 2.909091e+01
    endloop
  endfacet
  facet normal 9.914449e-01 -1.305262e-01 0.000000e+00
    outer loop
      vertex   -2.387658e+02 2.227412e+02 2.909091e+01
      vertex   -2.387318e+02 2.230000e+02 3.454545e+01
      vertex   -2.387658e+02 2.227412e+02 3.454545e+01
    endloop
  endfacet
  facet normal 9.238795e-01 -3.826834e-01 0.000000e+00
    outer loop
      vertex   -2.387658e+02 2.227412e+02 2.909091e+01
      vertex   -2.387658e+02 2.227412e+02 3.454545e+01
      vertex   -2.388657e+02 2.225000e+02 2.909091e+01
    endloop
  endfacet
  facet normal 9.238795e-01 -3.826834e-01 0.000000e+00
    outer loop
      vertex   -2.388657e+02 2.225000e+02 2.909091e+01
      vertex   -2.387658e+02 2.227412e+02 3.454545e+01
      vertex   -2.388657e+02 2.225000e+02 3.454545e+01
    endloop
  endfacet
  facet normal 7.933533e-01 -6.087614e-01 0.000000e+00
    outer loop
      vertex   -2.388657e+02 2.225000e+02 2.909091e+01
      vertex   -2.388657e+02 2.225000e+02 3.454545e+01
      vertex   -2.390246e+02 2.222929e+02 2.909091e+01
    endloop
  endfacet
  facet normal 9.238795e-01 3.826834e-01 0.000000e+00
    outer loop
      vertex   -2.387658e+02 2.232588e+02 2.363636e+01
      vertex   -2.387658e+02 2.232588e+02 1.818182e+01
      vertex   -2.388657e+02 2.235000e+02 4.000000e+01
    endloop
  endfacet
  facet normal 9.238795e-01 3.826834e-01 6.079021e-19
    outer loop
      vertex   -2.388657e+02 2.235000e+02 4.000000e+01
      vertex   -2.387658e+02 2.232588e+02 1.818182e+01
      vertex   -2.387658e+02 2.232588e+02 1.272727e+01
    endloop
  endfacet
  facet normal 9.238795e-01 3.826834e-01 6.079021e-19
    outer loop
      vertex   -2.388657e+02 2.235000e+02 4.000000e+01
      vertex   -2.387658e+02 2.232588e+02 1.272727e+01
      vertex   -2.387658e+02 2.232588e+02 7.272727e+00
    endloop
  endfacet
  facet normal 9.914449e-01 1.305262e-01 -0.000000e+00
    outer loop
      vertex   -2.387658e+02 2.232588e+02 7.272727e+00
      vertex   -2.387658e+02 2.232588e+02 1.272727e+01
      vertex   -2.387318e+02 2.230000e+02 7.272727e+00
    endloop
  endfacet
  facet normal 9.914449e-01 1.305262e-01 2.733448e-19
    outer loop
      vertex   -2.387658e+02 2.232588e+02 7.272727e+00
      vertex   -2.387318e+02 2.230000e+02 7.272727e+00
      vertex   -2.387318e+02 2.230000e+02 1.818182e+00
    endloop
  endfacet
  facet normal 9.914449e-01 -1.305262e-01 0.000000e+00
    outer loop
      vertex   -2.387318e+02 2.230000e+02 1.818182e+00
      vertex   -2.387318e+02 2.230000e+02 7.272727e+00
      vertex   -2.387658e+02 2.227412e+02 1.818182e+00
    endloop
  endfacet
  facet normal 9.914449e-01 -1.305262e-01 -2.733448e-19
    outer loop
      vertex   -2.387318e+02 2.230000e+02 1.818182e+00
      vertex   -2.387658e+02 2.227412e+02 1.818182e+00
      vertex   -2.387658e+02 2.227412e+02 -3.636364e+00
    endloop
  endfacet
  facet normal 9.238795e-01 -3.826834e-01 0.000000e+00
    outer loop
      vertex   -2.387658e+02 2.227412e+02 -3.636364e+00
      vertex   -2.387658e+02 2.227412e+02 1.818182e+00
      vertex   -2.388657e+02 2.225000e+02 -3.636364e+00
    endloop
  endfacet
  facet normal 9.238795e-01 -3.826834e-01 1.195731e-18
    outer loop
      vertex   -2.387658e+02 2.227412e+02 -3.636364e+00
      vertex   -2.388657e+02 2.225000e+02 -3.636364e+00
      vertex   -2.388657e+02 2.225000e+02 -9.090909e+00
    endloop
  endfacet
  facet normal 7.933533e-01 -6.087614e-01 0.000000e+00
    outer loop
      vertex   -2.388657e+02 2.225000e+02 -9.090909e+00
      vertex   -2.388657e+02 2.225000e+02 -3.636364e+00
      vertex   -2.390246e+02 2.222929e+02 -9.090909e+00
    endloop
  endfacet
  facet normal 7.933533e-01 -6.087614e-01 1.118254e-18
    outer loop
      vertex   -2.388657e+02 2.225000e+02 -9.090909e+00
      vertex   -2.390246e+02 2.222929e+02 -9.090909e+00
      vertex   -2.390246e+02 2.222929e+02 -1.454545e+01
    endloop
  endfacet
  facet normal 6.087614e-01 -7.933533e-01 0.000000e+00
    outer loop
      vertex   -2.390246e+02 2.222929e+02 -1.454545e+01
      vertex   -2.390246e+02 2.222929e+02 -9.090909e+00
      vertex   -2.392318e+02 2.221340e+02 -1.454545e+01
    endloop
  endfacet
  facet normal 9.914449e-01 1.305262e-01 0.000000e+00
    outer loop
      vertex   -2.387658e+02 2.232588e+02 2.363636e+01
      vertex   -2.387318e+02 2.230000e+02 1.818182e+01
      vertex   -2.387658e+02 2.232588e+02 1.818182e+01
    endloop
  endfacet
  facet normal 9.914449e-01 1.305262e-01 2.733448e-19
    outer loop
      vertex   -2.387658e+02 2.232588e+02 1.818182e+01
      vertex   -2.387318e+02 2.230000e+02 1.818182e+01
      vertex   -2.387318e+02 2.230000e+02 1.272727e+01
    endloop
  endfacet
  facet normal 9.914449e-01 1.305262e-01 0.000000e+00
    outer loop
      vertex   -2.387658e+02 2.232588e+02 1.818182e+01
      vertex   -2.387318e+02 2.230000e+02 1.272727e+01
      vertex   -2.387658e+02 2.232588e+02 1.272727e+01
    endloop
  endfacet
  facet normal 9.914449e-01 1.305262e-01 2.733448e-19
    outer loop
      vertex   -2.387658e+02 2.232588e+02 1.272727e+01
      vertex   -2.387318e+02 2.230000e+02 1.272727e+01
      vertex   -2.387318e+02 2.230000e+02 7.272727e+00
    endloop
  endfacet
  facet normal 9.914449e-01 1.305262e-01 -0.000000e+00
    outer loop
      vertex   -2.387318e+02 2.230000e+02 -3.636364e+00
      vertex   -2.387658e+02 2.232588e+02 1.818182e+00
      vertex   -2.387318e+02 2.230000e+02 1.818182e+00
    endloop
  endfacet
  facet normal 9.914449e-01 1.305262e-01 2.733448e-19
    outer loop
      vertex   -2.387318e+02 2.230000e+02 1.818182e+00
      vertex   -2.387658e+02 2.232588e+02 1.818182e+00
      vertex   -2.387658e+02 2.232588e+02 7.272727e+00
    endloop
  endfacet
  facet normal 9.238795e-01 3.826834e-01 -0.000000e+00
    outer loop
      vertex   -2.387658e+02 2.232588e+02 -1.454545e+01
      vertex   -2.388657e+02 2.235000e+02 -2.000000e+01
      vertex   -2.387658e+02 2.232588e+02 -9.090909e+00
    endloop
  endfacet
  facet normal 9.238795e-01 3.826834e-01 -0.000000e+00
    outer loop
      vertex   -2.387658e+02 2.232588e+02 -9.090909e+00
      vertex   -2.388657e+02 2.235000e+02 -2.000000e+01
      vertex   -2.387658e+02 2.232588e+02 -3.636364e+00
    endloop
  endfacet
  facet normal 9.914449e-01 1.305262e-01 -0.000000e+00
    outer loop
      vertex   -2.387658e+02 2.232588e+02 -9.090909e+00
      vertex   -2.387658e+02 2.232588e+02 -3.636364e+00
      vertex   -2.387318e+02 2.230000e+02 -9.090909e+00
    endloop
  endfacet
  facet normal 9.914449e-01 1.305262e-01 2.733448e-19
    outer loop
      vertex   -2.387318e+02 2.230000e+02 -1.454545e+01
      vertex   -2.387658e+02 2.232588e+02 -1.454545e+01
      vertex   -2.387658e+02 2.232588e+02 -9.090909e+00
    endloop
  endfacet
  facet normal 9.914449e-01 1.305262e-01 -0.000000e+00
    outer loop
      vertex   -2.387318e+02 2.230000e+02 -1.454545e+01
      vertex   -2.387658e+02 2.232588e+02 -9.090909e+00
      vertex   -2.387318e+02 2.230000e+02 -9.090909e+00
    endloop
  endfacet
  facet normal 9.914449e-01 1.305262e-01 2.733448e-19
    outer loop
      vertex   -2.387658e+02 2.232588e+02 2.909091e+01
      vertex   -2.387318e+02 2.230000e+02 2.909091e+01
      vertex   -2.387318e+02 2.230000e+02 2.363636e+01
    endloop
  endfacet
  facet normal 9.914449e-01 -1.305262e-01 0.000000e+00
    outer loop
      vertex   -2.387318e+02 2.230000e+02 2.363636e+01
      vertex   -2.387318e+02 2.230000e+02 2.909091e+01
      vertex   -2.387658e+02 2.227412e+02 2.363636e+01
    endloop
  endfacet
  facet normal 9.914449e-01 -1.305262e-01 -2.733448e-19
    outer loop
      vertex   -2.387318e+02 2.230000e+02 2.363636e+01
      vertex   -2.387658e+02 2.227412e+02 2.363636e+01
      vertex   -2.387658e+02 2.227412e+02 1.818182e+01
    endloop
  endfacet
  facet normal 9.238795e-01 -3.826834e-01 0.000000e+00
    outer loop
      vertex   -2.387658e+02 2.227412e+02 1.818182e+01
      vertex   -2.387658e+02 2.227412e+02 2.363636e+01
      vertex   -2.388657e+02 2.225000e+02 1.818182e+01
    endloop
  endfacet
  facet normal 9.238795e-01 -3.826834e-01 1.195731e-18
    outer loop
      vertex   -2.387658e+02 2.227412e+02 1.818182e+01
      vertex   -2.388657e+02 2.225000e+02 1.818182e+01
      vertex   -2.388657e+02 2.225000e+02 1.272727e+01
    endloop
  endfacet
  facet normal 7.933533e-01 -6.087614e-01 0.000000e+00
    outer loop
      vertex   -2.388657e+02 2.225000e+02 1.272727e+01
      vertex   -2.388657e+02 2.225000e+02 1.818182e+01
      vertex   -2.390246e+02 2.222929e+02 1.272727e+01
    endloop
  endfacet
  facet normal 7.933533e-01 -6.087614e-01 1.118254e-18
    outer loop
      vertex   -2.388657e+02 2.225000e+02 1.272727e+01
      vertex   -2.390246e+02 2.222929e+02 1.272727e+01
      vertex   -2.390246e+02 2.222929e+02 7.272727e+00
    endloop
  endfacet
  facet normal 6.087614e-01 -7.933533e-01 0.000000e+00
    outer loop
      vertex   -2.390246e+02 2.222929e+02 7.272727e+00
      vertex   -2.390246e+02 2.222929e+02 1.272727e+01
      vertex   -2.392318e+02 2.221340e+02 7.272727e+00
    endloop
  endfacet
  facet normal 6.087614e-01 -7.933533e-01 1.118254e-18
    outer loop
      vertex   -2.390246e+02 2.222929e+02 7.272727e+00
      vertex   -2.392318e+02 2.221340e+02 7.272727e+00
      vertex   -2.392318e+02 2.221340e+02 1.818182e+00
    endloop
  endfacet
  facet normal 3.826834e-01 -9.238795e-01 0.000000e+00
    outer loop
      vertex   -2.392318e+02 2.221340e+02 1.818182e+00
      vertex   -2.392318e+02 2.221340e+02 7.272727e+00
      vertex   -2.394729e+02 2.220341e+02 1.818182e+00
    endloop
  endfacet
  facet normal 3.826834e-01 -9.238795e-01 3.326812e-20
    outer loop
      vertex   -2.392318e+02 2.221340e+02 1.818182e+00
      vertex   -2.394729e+02 2.220341e+02 1.818182e+00
      vertex   -2.394729e+02 2.220341e+02 -3.636364e+00
    endloop
  endfacet
  facet normal 1.305262e-01 -9.914449e-01 0.000000e+00
    outer loop
      vertex   -2.394729e+02 2.220341e+02 -3.636364e+00
      vertex   -2.394729e+02 2.220341e+02 1.818182e+00
      vertex   -2.397318e+02 2.220000e+02 -2.000000e+01
    endloop
  endfacet
  facet normal 9.914449e-01 -1.305262e-01 0.000000e+00
    outer loop
      vertex   -2.387658e+02 2.227412e+02 2.363636e+01
      vertex   -2.387318e+02 2.230000e+02 2.909091e+01
      vertex   -2.387658e+02 2.227412e+02 2.909091e+01
    endloop
  endfacet
  facet normal 9.914449e-01 -1.305262e-01 0.000000e+00
    outer loop
      vertex   -2.387318e+02 2.230000e+02 1.818182e+01
      vertex   -2.387658e+02 2.227412e+02 1.272727e+01
      vertex   -2.387318e+02 2.230000e+02 1.272727e+01
    endloop
  endfacet
  facet normal 9.914449e-01 -1.305262e-01 -2.733448e-19
    outer loop
      vertex   -2.387318e+02 2.230000e+02 1.272727e+01
      vertex   -2.387658e+02 2.227412e+02 1.272727e+01
      vertex   -2.387658e+02 2.227412e+02 7.272727e+00
    endloop
  endfacet
  facet normal 9.914449e-01 -1.305262e-01 0.000000e+00
    outer loop
      vertex   -2.387318e+02 2.230000e+02 1.272727e+01
      vertex   -2.387658e+02 2.227412e+02 7.272727e+00
      vertex   -2.387318e+02 2.230000e+02 7.272727e+00
    endloop
  endfacet
  facet normal 9.914449e-01 -1.305262e-01 -2.733448e-19
    outer loop
      vertex   -2.387318e+02 2.230000e+02 7.272727e+00
      vertex   -2.387658e+02 2.227412e+02 7.272727e+00
      vertex   -2.387658e+02 2.227412e+02 1.818182e+00
    endloop
  endfacet
  facet normal 9.914449e-01 -1.305262e-01 0.000000e+00
    outer loop
      vertex   -2.387658e+02 2.227412e+02 -9.090909e+00
      vertex   -2.387318e+02 2.230000e+02 -3.636364e+00
      vertex   -2.387658e+02 2.227412e+02 -3.636364e+00
    endloop
  endfacet
  facet normal 9.914449e-01 -1.305262e-01 -2.733448e-19
    outer loop
      vertex   -2.387658e+02 2.227412e+02 -3.636364e+00
      vertex   -2.387318e+02 2.230000e+02 -3.636364e+00
      vertex   -2.387318e+02 2.230000e+02 1.818182e+00
    endloop
  endfacet
  facet normal 9.914449e-01 -1.305262e-01 -2.733448e-19
    outer loop
      vertex   -2.387658e+02 2.227412e+02 -1.454545e+01
      vertex   -2.387318e+02 2.230000e+02 -1.454545e+01
      vertex   -2.387318e+02 2.230000e+02 -9.090909e+00
    endloop
  endfacet
  facet normal 9.238795e-01 -3.826834e-01 0.000000e+00
    outer loop
      vertex   -2.387658e+02 2.227412e+02 2.363636e+01
      vertex   -2.387658e+02 2.227412e+02 2.909091e+01
      vertex   -2.388657e+02 2.225000e+02 2.363636e+01
    endloop
  endfacet
  facet normal 9.238795e-01 -3.826834e-01 0.000000e+00
    outer loop
      vertex   -2.388657e+02 2.225000e+02 2.363636e+01
      vertex   -2.387658e+02 2.227412e+02 2.909091e+01
      vertex   -2.388657e+02 2.225000e+02 2.909091e+01
    endloop
  endfacet
  facet normal 7.933533e-01 -6.087614e-01 0.000000e+00
    outer loop
      vertex   -2.388657e+02 2.225000e+02 2.363636e+01
      vertex   -2.388657e+02 2.225000e+02 2.909091e+01
      vertex   -2.390246e+02 2.222929e+02 2.363636e+01
    endloop
  endfacet
  facet normal 7.933533e-01 -6.087614e-01 0.000000e+00
    outer loop
      vertex   -2.390246e+02 2.222929e+02 2.363636e+01
      vertex   -2.388657e+02 2.225000e+02 2.909091e+01
      vertex   -2.390246e+02 2.222929e+02 2.909091e+01
    endloop
  endfacet
  facet normal 6.087614e-01 -7.933533e-01 0.000000e+00
    outer loop
      vertex   -2.390246e+02 2.222929e+02 2.363636e+01
      vertex   -2.390246e+02 2.222929e+02 2.909091e+01
      vertex   -2.392318e+02 2.221340e+02 2.363636e+01
    endloop
  endfacet
  facet normal 9.238795e-01 -3.826834e-01 0.000000e+00
    outer loop
      vertex   -2.387658e+02 2.227412e+02 1.272727e+01
      vertex   -2.388657e+02 2.225000e+02 7.272727e+00
      vertex   -2.387658e+02 2.227412e+02 7.272727e+00
    endloop
  endfacet
  facet normal 9.238795e-01 -3.826834e-01 1.195731e-18
    outer loop
      vertex   -2.387658e+02 2.227412e+02 7.272727e+00
      vertex   -2.388657e+02 2.225000e+02 7.272727e+00
      vertex   -2.388657e+02 2.225000e+02 1.818182e+00
    endloop
  endfacet
  facet normal 9.238795e-01 -3.826834e-01 0.000000e+00
    outer loop
      vertex   -2.387658e+02 2.227412e+02 7.272727e+00
      vertex   -2.388657e+02 2.225000e+02 1.818182e+00
      vertex   -2.387658e+02 2.227412e+02 1.818182e+00
    endloop
  endfacet
  facet normal 9.238795e-01 -3.826834e-01 1.195731e-18
    outer loop
      vertex   -2.387658e+02 2.227412e+02 1.818182e+00
      vertex   -2.388657e+02 2.225000e+02 1.818182e+00
      vertex   -2.388657e+02 2.225000e+02 -3.636364e+00
    endloop
  endfacet
  facet normal 9.238795e-01 -3.826834e-01 0.000000e+00
    outer loop
      vertex   -2.388657e+02 2.225000e+02 -1.454545e+01
      vertex   -2.387658e+02 2.227412e+02 -9.090909e+00
      vertex   -2.388657e+02 2.225000e+02 -9.090909e+00
    endloop
  endfacet
  facet normal 9.238795e-01 -3.826834e-01 1.195731e-18
    outer loop
      vertex   -2.388657e+02 2.225000e+02 -9.090909e+00
      vertex   -2.387658e+02 2.227412e+02 -9.090909e+00
      vertex   -2.387658e+02 2.227412e+02 -3.636364e+00
    endloop
  endfacet
  facet normal 9.238795e-01 -3.826834e-01 1.195731e-18
    outer loop
      vertex   -2.387658e+02 2.227412e+02 2.363636e+01
      vertex   -2.388657e+02 2.225000e+02 2.363636e+01
      vertex   -2.388657e+02 2.225000e+02 1.818182e+01
    endloop
  endfacet
  facet normal 7.933533e-01 -6.087614e-01 0.000000e+00
    outer loop
      vertex   -2.388657e+02 2.225000e+02 1.818182e+01
      vertex   -2.388657e+02 2.225000e+02 2.363636e+01
      vertex   -2.390246e+02 2.222929e+02 1.818182e+01
    endloop
  endfacet
  facet normal 7.933533e-01 -6.087614e-01 1.118254e-18
    outer loop
      vertex   -2.388657e+02 2.225000e+02 1.818182e+01
      vertex   -2.390246e+02 2.222929e+02 1.818182e+01
      vertex   -2.390246e+02 2.222929e+02 1.272727e+01
    endloop
  endfacet
  facet normal 6.087614e-01 -7.933533e-01 0.000000e+00
    outer loop
      vertex   -2.390246e+02 2.222929e+02 1.272727e+01
      vertex   -2.390246e+02 2.222929e+02 1.818182e+01
      vertex   -2.392318e+02 2.221340e+02 1.272727e+01
    endloop
  endfacet
  facet normal 6.087614e-01 -7.933533e-01 1.118254e-18
    outer loop
      vertex   -2.390246e+02 2.222929e+02 1.272727e+01
      vertex   -2.392318e+02 2.221340e+02 1.272727e+01
      vertex   -2.392318e+02 2.221340e+02 7.272727e+00
    endloop
  endfacet
  facet normal 3.826834e-01 -9.238795e-01 0.000000e+00
    outer loop
      vertex   -2.392318e+02 2.221340e+02 7.272727e+00
      vertex   -2.392318e+02 2.221340e+02 1.272727e+01
      vertex   -2.394729e+02 2.220341e+02 7.272727e+00
    endloop
  endfacet
  facet normal 3.826834e-01 -9.238795e-01 3.326812e-20
    outer loop
      vertex   -2.392318e+02 2.221340e+02 7.272727e+00
      vertex   -2.394729e+02 2.220341e+02 7.272727e+00
      vertex   -2.394729e+02 2.220341e+02 1.818182e+00
    endloop
  endfacet
  facet normal 1.305262e-01 -9.914449e-01 0.000000e+00
    outer loop
      vertex   -2.394729e+02 2.220341e+02 1.818182e+00
      vertex   -2.394729e+02 2.220341e+02 7.272727e+00
      vertex   -2.397318e+02 2.220000e+02 -2.000000e+01
    endloop
  endfacet
  facet normal 7.933533e-01 -6.087614e-01 0.000000e+00
    outer loop
      vertex   -2.390246e+02 2.222929e+02 1.818182e+01
      vertex   -2.388657e+02 2.225000e+02 2.363636e+01
      vertex   -2.390246e+02 2.222929e+02 2.363636e+01
    endloop
  endfacet
  facet normal 7.933533e-01 -6.087614e-01 0.000000e+00
    outer loop
      vertex   -2.388657e+02 2.225000e+02 7.272727e+00
      vertex   -2.390246e+02 2.222929e+02 1.818182e+00
      vertex   -2.388657e+02 2.225000e+02 1.818182e+00
    endloop
  endfacet
  facet normal 7.933533e-01 -6.087614e-01 1.118254e-18
    outer loop
      vertex   -2.388657e+02 2.225000e+02 1.818182e+00
      vertex   -2.390246e+02 2.222929e+02 1.818182e+00
      vertex   -2.390246e+02 2.222929e+02 -3.636364e+00
    endloop
  endfacet
  facet normal 7.933533e-01 -6.087614e-01 0.000000e+00
    outer loop
      vertex   -2.388657e+02 2.225000e+02 1.818182e+00
      vertex   -2.390246e+02 2.222929e+02 -3.636364e+00
      vertex   -2.388657e+02 2.225000e+02 -3.636364e+00
    endloop
  endfacet
  facet normal 7.933533e-01 -6.087614e-01 1.118254e-18
    outer loop
      vertex   -2.388657e+02 2.225000e+02 -3.636364e+00
      vertex   -2.390246e+02 2.222929e+02 -3.636364e+00
      vertex   -2.390246e+02 2.222929e+02 -9.090909e+00
    endloop
  endfacet
  facet normal 7.933533e-01 -6.087614e-01 1.118254e-18
    outer loop
      vertex   -2.390246e+02 2.222929e+02 -1.454545e+01
      vertex   -2.388657e+02 2.225000e+02 -1.454545e+01
      vertex   -2.388657e+02 2.225000e+02 -9.090909e+00
    endloop
  endfacet
  facet normal 6.087614e-01 -7.933533e-01 0.000000e+00
    outer loop
      vertex   -2.392318e+02 2.221340e+02 2.909091e+01
      vertex   -2.390246e+02 2.222929e+02 3.454545e+01
      vertex   -2.392318e+02 2.221340e+02 3.454545e+01
    endloop
  endfacet
  facet normal 6.087614e-01 -7.933533e-01 0.000000e+00
    outer loop
      vertex   -2.390246e+02 2.222929e+02 1.818182e+01
      vertex   -2.390246e+02 2.222929e+02 2.363636e+01
      vertex   -2.392318e+02 2.221340e+02 1.818182e+01
    endloop
  endfacet
  facet normal 6.087614e-01 -7.933533e-01 0.000000e+00
    outer loop
      vertex   -2.392318e+02 2.221340e+02 1.818182e+01
      vertex   -2.390246e+02 2.222929e+02 2.363636e+01
      vertex   -2.392318e+02 2.221340e+02 2.363636e+01
    endloop
  endfacet
  facet normal 3.826834e-01 -9.238795e-01 0.000000e+00
    outer loop
      vertex   -2.392318e+02 2.221340e+02 1.818182e+01
      vertex   -2.392318e+02 2.221340e+02 2.363636e+01
      vertex   -2.394729e+02 2.220341e+02 1.818182e+01
    endloop
  endfacet
  facet normal 6.087614e-01 -7.933533e-01 0.000000e+00
    outer loop
      vertex   -2.390246e+02 2.222929e+02 1.818182e+00
      vertex   -2.392318e+02 2.221340e+02 -3.636364e+00
      vertex   -2.390246e+02 2.222929e+02 -3.636364e+00
    endloop
  endfacet
  facet normal 6.087614e-01 -7.933533e-01 1.118254e-18
    outer loop
      vertex   -2.390246e+02 2.222929e+02 -3.636364e+00
      vertex   -2.392318e+02 2.221340e+02 -3.636364e+00
      vertex   -2.392318e+02 2.221340e+02 -9.090909e+00
    endloop
  endfacet
  facet normal 6.087614e-01 -7.933533e-01 0.000000e+00
    outer loop
      vertex   -2.390246e+02 2.222929e+02 -3.636364e+00
      vertex   -2.392318e+02 2.221340e+02 -9.090909e+00
      vertex   -2.390246e+02 2.222929e+02 -9.090909e+00
    endloop
  endfacet
  facet normal 6.087614e-01 -7.933533e-01 1.118254e-18
    outer loop
      vertex   -2.390246e+02 2.222929e+02 -9.090909e+00
      vertex   -2.392318e+02 2.221340e+02 -9.090909e+00
      vertex   -2.392318e+02 2.221340e+02 -1.454545e+01
    endloop
  endfacet
  facet normal 3.826834e-01 -9.238795e-01 0.000000e+00
    outer loop
      vertex   -2.392318e+02 2.221340e+02 2.909091e+01
      vertex   -2.392318e+02 2.221340e+02 3.454545e+01
      vertex   -2.394729e+02 2.220341e+02 2.909091e+01
    endloop
  endfacet
  facet normal 3.826834e-01 -9.238795e-01 0.000000e+00
    outer loop
      vertex   -2.394729e+02 2.220341e+02 2.909091e+01
      vertex   -2.392318e+02 2.221340e+02 3.454545e+01
      vertex   -2.394729e+02 2.220341e+02 3.454545e+01
    endloop
  endfacet
  facet normal 1.305262e-01 -9.914449e-01 0.000000e+00
    outer loop
      vertex   -2.394729e+02 2.220341e+02 2.909091e+01
      vertex   -2.394729e+02 2.220341e+02 3.454545e+01
      vertex   -2.397318e+02 2.220000e+02 4.000000e+01
    endloop
  endfacet
  facet normal 6.087614e-01 -7.933533e-01 1.118254e-18
    outer loop
      vertex   -2.390246e+02 2.222929e+02 1.818182e+01
      vertex   -2.392318e+02 2.221340e+02 1.818182e+01
      vertex   -2.392318e+02 2.221340e+02 1.272727e+01
    endloop
  endfacet
  facet normal 3.826834e-01 -9.238795e-01 0.000000e+00
    outer loop
      vertex   -2.392318e+02 2.221340e+02 1.272727e+01
      vertex   -2.392318e+02 2.221340e+02 1.818182e+01
      vertex   -2.394729e+02 2.220341e+02 1.272727e+01
    endloop
  endfacet
  facet normal 3.826834e-01 -9.238795e-01 3.326812e-20
    outer loop
      vertex   -2.392318e+02 2.221340e+02 1.272727e+01
      vertex   -2.394729e+02 2.220341e+02 1.272727e+01
      vertex   -2.394729e+02 2.220341e+02 7.272727e+00
    endloop
  endfacet
  facet normal 1.305262e-01 -9.914449e-01 0.000000e+00
    outer loop
      vertex   -2.394729e+02 2.220341e+02 7.272727e+00
      vertex   -2.394729e+02 2.220341e+02 1.272727e+01
      vertex   -2.397318e+02 2.220000e+02 -2.000000e+01
    endloop
  endfacet
  facet normal 3.826834e-01 -9.238795e-01 0.000000e+00
    outer loop
      vertex   -2.394729e+02 2.220341e+02 1.272727e+01
      vertex   -2.392318e+02 2.221340e+02 1.818182e+01
      vertex   -2.394729e+02 2.220341e+02 1.818182e+01
    endloop
  endfacet
  facet normal 3.826834e-01 -9.238795e-01 3.326812e-20
    outer loop
      vertex   -2.394729e+02 2.220341e+02 -1.454545e+01
      vertex   -2.392318e+02 2.221340e+02 -1.454545e+01
      vertex   -2.392318e+02 2.221340e+02 -9.090909e+00
    endloop
  endfacet
  facet normal 3.826834e-01 -9.238795e-01 0.000000e+00
    outer loop
      vertex   -2.394729e+02 2.220341e+02 -1.454545e+01
      vertex   -2.392318e+02 2.221340e+02 -9.090909e+00
      vertex   -2.394729e+02 2.220341e+02 -9.090909e+00
    endloop
  endfacet
  facet normal 3.826834e-01 -9.238795e-01 3.326812e-20
    outer loop
      vertex   -2.394729e+02 2.220341e+02 -9.090909e+00
      vertex   -2.392318e+02 2.221340e+02 -9.090909e+00
      vertex   -2.392318e+02 2.221340e+02 -3.636364e+00
    endloop
  endfacet
  facet normal 1.305262e-01 -9.914449e-01 -5.358159e-21
    outer loop
      vertex   -2.397318e+02 2.220000e+02 4.000000e+01
      vertex   -2.394729e+02 2.220341e+02 2.363636e+01
      vertex   -2.394729e+02 2.220341e+02 2.909091e+01
    endloop
  endfacet
  facet normal 3.826834e-01 -9.238795e-01 0.000000e+00
    outer loop
      vertex   -2.394729e+02 2.220341e+02 2.909091e+01
      vertex   -2.394729e+02 2.220341e+02 2.363636e+01
      vertex   -2.392318e+02 2.221340e+02 2.909091e+01
    endloop
  endfacet
  facet normal -0.000000e+00 -1.000000e+00 -0.000000e+00
    outer loop
      vertex   -2.397318e+02 2.220000e+02 4.000000e+01
      vertex   -2.502676e+02 2.220000e+02 4.000000e+01
      vertex   -2.397318e+02 2.220000e+02 -2.000000e+01
    endloop
  endfacet
  facet normal 0.000000e+00 -1.000000e+00 0.000000e+00
    outer loop
      vertex   -2.397318e+02 2.220000e+02 -2.000000e+01
      vertex   -2.502676e+02 2.220000e+02 4.000000e+01
      vertex   -2.502676e+02 2.220000e+02 -2.000000e+01
    endloop
  endfacet
  facet normal -1.305262e-01 -9.914449e-01 -0.000000e+00
    outer loop
      vertex   -2.505265e+02 2.220341e+02 4.000000e+01
      vertex   -2.505265e+02 2.220341e+02 3.454545e+01
      vertex   -2.502676e+02 2.220000e+02 4.000000e+01
    endloop
  endfacet
  facet normal -1.305262e-01 -9.914449e-01 2.733448e-19
    outer loop
      vertex   -2.502676e+02 2.220000e+02 4.000000e+01
      vertex   -2.505265e+02 2.220341e+02 3.454545e+01
      vertex   -2.505265e+02 2.220341e+02 2.909091e+01
    endloop
  endfacet
  facet normal -1.305262e-01 -9.914449e-01 2.733448e-19
    outer loop
      vertex   -2.502676e+02 2.220000e+02 4.000000e+01
      vertex   -2.505265e+02 2.220341e+02 2.909091e+01
      vertex   -2.505265e+02 2.220341e+02 2.363636e+01
    endloop
  endfacet
  facet normal -3.826834e-01 -9.238795e-01 0.000000e+00
    outer loop
      vertex   -2.505265e+02 2.220341e+02 2.363636e+01
      vertex   -2.505265e+02 2.220341e+02 2.909091e+01
      vertex   -2.507676e+02 2.221340e+02 2.363636e+01
    endloop
  endfacet
  facet normal -3.826834e-01 -9.238795e-01 -6.317256e-19
    outer loop
      vertex   -2.505265e+02 2.220341e+02 2.363636e+01
      vertex   -2.507676e+02 2.221340e+02 2.363636e+01
      vertex   -2.507676e+02 2.221340e+02 1.818182e+01
    endloop
  endfacet
  facet normal -6.087614e-01 -7.933533e-01 0.000000e+00
    outer loop
      vertex   -2.507676e+02 2.221340e+02 1.818182e+01
      vertex   -2.507676e+02 2.221340e+02 2.363636e+01
      vertex   -2.509748e+02 2.222929e+02 1.818182e+01
    endloop
  endfacet
  facet normal -6.087614e-01 -7.933533e-01 1.909406e-18
    outer loop
      vertex   -2.507676e+02 2.221340e+02 1.818182e+01
      vertex   -2.509748e+02 2.222929e+02 1.818182e+01
      vertex   -2.509748e+02 2.222929e+02 1.272727e+01
    endloop
  endfacet
  facet normal -7.933533e-01 -6.087614e-01 0.000000e+00
    outer loop
      vertex   -2.509748e+02 2.222929e+02 1.272727e+01
      vertex   -2.509748e+02 2.222929e+02 1.818182e+01
      vertex   -2.511337e+02 2.225000e+02 1.272727e+01
    endloop
  endfacet
  facet normal -7.933533e-01 -6.087614e-01 6.341793e-15
    outer loop
      vertex   -2.509748e+02 2.222929e+02 1.272727e+01
      vertex   -2.511337e+02 2.225000e+02 1.272727e+01
      vertex   -2.511337e+02 2.225000e+02 7.272727e+00
    endloop
  endfacet
  facet normal -9.238795e-01 -3.826834e-01 3.988056e-15
    outer loop
      vertex   -2.511337e+02 2.225000e+02 7.272727e+00
      vertex   -2.511337e+02 2.225000e+02 1.272727e+01
      vertex   -2.512336e+02 2.227412e+02 7.272727e+00
    endloop
  endfacet
  facet normal -9.238795e-01 -3.826834e-01 3.045431e-19
    outer loop
      vertex   -2.511337e+02 2.225000e+02 7.272727e+00
      vertex   -2.512336e+02 2.227412e+02 7.272727e+00
      vertex   -2.512336e+02 2.227412e+02 1.818182e+00
    endloop
  endfacet
  facet normal -9.914449e-01 -1.305262e-01 0.000000e+00
    outer loop
      vertex   -2.512336e+02 2.227412e+02 1.818182e+00
      vertex   -2.512336e+02 2.227412e+02 7.272727e+00
      vertex   -2.512676e+02 2.230000e+02 1.818182e+00
    endloop
  endfacet
  facet normal -9.914449e-01 -1.305262e-01 -5.712600e-20
    outer loop
      vertex   -2.512336e+02 2.227412e+02 1.818182e+00
      vertex   -2.512676e+02 2.230000e+02 1.818182e+00
      vertex   -2.512676e+02 2.230000e+02 -3.636364e+00
    endloop
  endfacet
  facet normal -9.914449e-01 1.305262e-01 0.000000e+00
    outer loop
      vertex   -2.512676e+02 2.230000e+02 -3.636364e+00
      vertex   -2.512676e+02 2.230000e+02 1.818182e+00
      vertex   -2.512336e+02 2.232588e+02 -3.636364e+00
    endloop
  endfacet
  facet normal -9.914449e-01 1.305262e-01 -2.733448e-19
    outer loop
      vertex   -2.512676e+02 2.230000e+02 -3.636364e+00
      vertex   -2.512336e+02 2.232588e+02 -3.636364e+00
      vertex   -2.512336e+02 2.232588e+02 -9.090909e+00
    endloop
  endfacet
  facet normal -9.238795e-01 3.826834e-01 0.000000e+00
    outer loop
      vertex   -2.512336e+02 2.232588e+02 -9.090909e+00
      vertex   -2.512336e+02 2.232588e+02 -3.636364e+00
      vertex   -2.511337e+02 2.235000e+02 -2.000000e+01
    endloop
  endfacet
  facet normal -9.238795e-01 3.826834e-01 0.000000e+00
    outer loop
      vertex   -2.512336e+02 2.232588e+02 -9.090909e+00
      vertex   -2.511337e+02 2.235000e+02 -2.000000e+01
      vertex   -2.512336e+02 2.232588e+02 -1.454545e+01
    endloop
  endfacet
  facet normal -9.238795e-01 3.826834e-01 0.000000e+00
    outer loop
      vertex   -2.512336e+02 2.232588e+02 -1.454545e+01
      vertex   -2.511337e+02 2.235000e+02 -2.000000e+01
      vertex   -2.512336e+02 2.232588e+02 -2.000000e+01
    endloop
  endfacet
  facet normal -9.914449e-01 1.305262e-01 0.000000e+00
    outer loop
      vertex   -2.512336e+02 2.232588e+02 -1.454545e+01
      vertex   -2.512336e+02 2.232588e+02 -2.000000e+01
      vertex   -2.512676e+02 2.230000e+02 -1.454545e+01
    endloop
  endfacet
  facet normal -9.914449e-01 1.305262e-01 -5.166069e-15
    outer loop
      vertex   -2.512676e+02 2.230000e+02 -1.454545e+01
      vertex   -2.512336e+02 2.232588e+02 -2.000000e+01
      vertex   -2.512676e+02 2.230000e+02 -2.000000e+01
    endloop
  endfacet
  facet normal -9.914449e-01 -1.305262e-01 -5.166069e-15
    outer loop
      vertex   -2.512676e+02 2.230000e+02 -1.454545e+01
      vertex   -2.512676e+02 2.230000e+02 -2.000000e+01
      vertex   -2.512336e+02 2.227412e+02 -1.454545e+01
    endloop
  endfacet
  facet normal -9.914449e-01 -1.305262e-01 -0.000000e+00
    outer loop
      vertex   -2.512336e+02 2.227412e+02 -1.454545e+01
      vertex   -2.512676e+02 2.230000e+02 -2.000000e+01
      vertex   -2.512336e+02 2.227412e+02 -2.000000e+01
    endloop
  endfacet
  facet normal -9.238795e-01 -3.826834e-01 -0.000000e+00
    outer loop
      vertex   -2.512336e+02 2.227412e+02 -1.454545e+01
      vertex   -2.512336e+02 2.227412e+02 -2.000000e+01
      vertex   -2.511337e+02 2.225000e+02 -1.454545e+01
    endloop
  endfacet
  facet normal -9.238795e-01 -3.826834e-01 4.814010e-15
    outer loop
      vertex   -2.511337e+02 2.225000e+02 -1.454545e+01
      vertex   -2.512336e+02 2.227412e+02 -2.000000e+01
      vertex   -2.511337e+02 2.225000e+02 -2.000000e+01
    endloop
  endfacet
  facet normal -7.933533e-01 -6.087614e-01 4.133884e-15
    outer loop
      vertex   -2.511337e+02 2.225000e+02 -1.454545e+01
      vertex   -2.511337e+02 2.225000e+02 -2.000000e+01
      vertex   -2.509748e+02 2.222929e+02 -1.454545e+01
    endloop
  endfacet
  facet normal -7.933533e-01 -6.087614e-01 -0.000000e+00
    outer loop
      vertex   -2.509748e+02 2.222929e+02 -1.454545e+01
      vertex   -2.511337e+02 2.225000e+02 -2.000000e+01
      vertex   -2.509748e+02 2.222929e+02 -2.000000e+01
    endloop
  endfacet
  facet normal -6.087614e-01 -7.933533e-01 -0.000000e+00
    outer loop
      vertex   -2.509748e+02 2.222929e+02 -1.454545e+01
      vertex   -2.509748e+02 2.222929e+02 -2.000000e+01
      vertex   -2.507676e+02 2.221340e+02 -1.454545e+01
    endloop
  endfacet
  facet normal -6.087614e-01 -7.933533e-01 -0.000000e+00
    outer loop
      vertex   -2.507676e+02 2.221340e+02 -1.454545e+01
      vertex   -2.509748e+02 2.222929e+02 -2.000000e+01
      vertex   -2.507676e+02 2.221340e+02 -2.000000e+01
    endloop
  endfacet
  facet normal -3.826834e-01 -9.238795e-01 -0.000000e+00
    outer loop
      vertex   -2.507676e+02 2.221340e+02 -1.454545e+01
      vertex   -2.507676e+02 2.221340e+02 -2.000000e+01
      vertex   -2.505265e+02 2.220341e+02 -1.454545e+01
    endloop
  endfacet
  facet normal -3.826834e-01 -9.238795e-01 -0.000000e+00
    outer loop
      vertex   -2.505265e+02 2.220341e+02 -1.454545e+01
      vertex   -2.507676e+02 2.221340e+02 -2.000000e+01
      vertex   -2.505265e+02 2.220341e+02 -2.000000e+01
    endloop
  endfacet
  facet normal -1.305262e-01 -9.914449e-01 -0.000000e+00
    outer loop
      vertex   -2.505265e+02 2.220341e+02 -1.454545e+01
      vertex   -2.505265e+02 2.220341e+02 -2.000000e+01
      vertex   -2.502676e+02 2.220000e+02 -2.000000e+01
    endloop
  endfacet
  facet normal -3.826834e-01 -9.238795e-01 0.000000e+00
    outer loop
      vertex   -2.505265e+02 2.220341e+02 3.454545e+01
      vertex   -2.505265e+02 2.220341e+02 4.000000e+01
      vertex   -2.507676e+02 2.221340e+02 3.454545e+01
    endloop
  endfacet
  facet normal -3.826834e-01 -9.238795e-01 0.000000e+00
    outer loop
      vertex   -2.507676e+02 2.221340e+02 3.454545e+01
      vertex   -2.505265e+02 2.220341e+02 4.000000e+01
      vertex   -2.507676e+02 2.221340e+02 4.000000e+01
    endloop
  endfacet
  facet normal -6.087614e-01 -7.933533e-01 0.000000e+00
    outer loop
      vertex   -2.507676e+02 2.221340e+02 3.454545e+01
      vertex   -2.507676e+02 2.221340e+02 4.000000e+01
      vertex   -2.509748e+02 2.222929e+02 3.454545e+01
    endloop
  endfacet
  facet normal -6.087614e-01 -7.933533e-01 0.000000e+00
    outer loop
      vertex   -2.509748e+02 2.222929e+02 3.454545e+01
      vertex   -2.507676e+02 2.221340e+02 4.000000e+01
      vertex   -2.509748e+02 2.222929e+02 4.000000e+01
    endloop
  endfacet
  facet normal -7.933533e-01 -6.087614e-01 0.000000e+00
    outer loop
      vertex   -2.509748e+02 2.222929e+02 3.454545e+01
      vertex   -2.509748e+02 2.222929e+02 4.000000e+01
      vertex   -2.511337e+02 2.225000e+02 3.454545e+01
    endloop
  endfacet
  facet normal -7.933533e-01 -6.087614e-01 -1.047797e-14
    outer loop
      vertex   -2.511337e+02 2.225000e+02 3.454545e+01
      vertex   -2.509748e+02 2.222929e+02 4.000000e+01
      vertex   -2.511337e+02 2.225000e+02 4.000000e+01
    endloop
  endfacet
  facet normal -9.238795e-01 -3.826834e-01 -8.802066e-15
    outer loop
      vertex   -2.511337e+02 2.225000e+02 3.454545e+01
      vertex   -2.511337e+02 2.225000e+02 4.000000e+01
      vertex   -2.512336e+02 2.227412e+02 3.454545e+01
    endloop
  endfacet
  facet normal -9.238795e-01 -3.826834e-01 0.000000e+00
    outer loop
      vertex   -2.512336e+02 2.227412e+02 3.454545e+01
      vertex   -2.511337e+02 2.225000e+02 4.000000e+01
      vertex   -2.512336e+02 2.227412e+02 4.000000e+01
    endloop
  endfacet
  facet normal -9.914449e-01 -1.305262e-01 0.000000e+00
    outer loop
      vertex   -2.512336e+02 2.227412e+02 3.454545e+01
      vertex   -2.512336e+02 2.227412e+02 4.000000e+01
      vertex   -2.512676e+02 2.230000e+02 3.454545e+01
    endloop
  endfacet
  facet normal -9.914449e-01 -1.305262e-01 5.166069e-15
    outer loop
      vertex   -2.512676e+02 2.230000e+02 3.454545e+01
      vertex   -2.512336e+02 2.227412e+02 4.000000e+01
      vertex   -2.512676e+02 2.230000e+02 4.000000e+01
    endloop
  endfacet
  facet normal -9.914449e-01 1.305262e-01 5.166069e-15
    outer loop
      vertex   -2.512676e+02 2.230000e+02 3.454545e+01
      vertex   -2.512676e+02 2.230000e+02 4.000000e+01
      vertex   -2.512336e+02 2.232588e+02 3.454545e+01
    endloop
  endfacet
  facet normal -9.914449e-01 1.305262e-01 0.000000e+00
    outer loop
      vertex   -2.512336e+02 2.232588e+02 3.454545e+01
      vertex   -2.512676e+02 2.230000e+02 4.000000e+01
      vertex   -2.512336e+02 2.232588e+02 4.000000e+01
    endloop
  endfacet
  facet normal -9.238795e-01 3.826834e-01 0.000000e+00
    outer loop
      vertex   -2.512336e+02 2.232588e+02 3.454545e+01
      vertex   -2.512336e+02 2.232588e+02 4.000000e+01
      vertex   -2.511337e+02 2.235000e+02 4.000000e+01
    endloop
  endfacet
  facet normal -9.238795e-01 3.826834e-01 0.000000e+00
    outer loop
      vertex   -2.511337e+02 2.235000e+02 -2.000000e+01
      vertex   -2.512336e+02 2.232588e+02 1.272727e+01
      vertex   -2.511337e+02 2.235000e+02 4.000000e+01
    endloop
  endfacet
  facet normal -9.238795e-01 3.826834e-01 -3.045431e-19
    outer loop
      vertex   -2.511337e+02 2.235000e+02 4.000000e+01
      vertex   -2.512336e+02 2.232588e+02 1.272727e+01
      vertex   -2.512336e+02 2.232588e+02 1.818182e+01
    endloop
  endfacet
  facet normal -9.238795e-01 3.826834e-01 -3.045431e-19
    outer loop
      vertex   -2.511337e+02 2.235000e+02 4.000000e+01
      vertex   -2.512336e+02 2.232588e+02 1.818182e+01
      vertex   -2.512336e+02 2.232588e+02 2.363636e+01
    endloop
  endfacet
  facet normal -9.914449e-01 1.305262e-01 0.000000e+00
    outer loop
      vertex   -2.512336e+02 2.232588e+02 2.363636e+01
      vertex   -2.512336e+02 2.232588e+02 1.818182e+01
      vertex   -2.512676e+02 2.230000e+02 2.363636e+01
    endloop
  endfacet
  facet normal -9.914449e-01 1.305262e-01 -2.733448e-19
    outer loop
      vertex   -2.512336e+02 2.232588e+02 2.363636e+01
      vertex   -2.512676e+02 2.230000e+02 2.363636e+01
      vertex   -2.512676e+02 2.230000e+02 2.909091e+01
    endloop
  endfacet
  facet normal -9.914449e-01 -1.305262e-01 -0.000000e+00
    outer loop
      vertex   -2.512676e+02 2.230000e+02 2.909091e+01
      vertex   -2.512676e+02 2.230000e+02 2.363636e+01
      vertex   -2.512336e+02 2.227412e+02 2.909091e+01
    endloop
  endfacet
  facet normal -9.914449e-01 -1.305262e-01 -5.712600e-20
    outer loop
      vertex   -2.512676e+02 2.230000e+02 2.909091e+01
      vertex   -2.512336e+02 2.227412e+02 2.909091e+01
      vertex   -2.512336e+02 2.227412e+02 3.454545e+01
    endloop
  endfacet
  facet normal -9.238795e-01 -3.826834e-01 -0.000000e+00
    outer loop
      vertex   -2.512336e+02 2.227412e+02 3.454545e+01
      vertex   -2.512336e+02 2.227412e+02 2.909091e+01
      vertex   -2.511337e+02 2.225000e+02 3.454545e+01
    endloop
  endfacet
  facet normal -1.305262e-01 -9.914449e-01 -0.000000e+00
    outer loop
      vertex   -2.502676e+02 2.220000e+02 4.000000e+01
      vertex   -2.505265e+02 2.220341e+02 7.272727e+00
      vertex   -2.502676e+02 2.220000e+02 -2.000000e+01
    endloop
  endfacet
  facet normal -1.305262e-01 -9.914449e-01 2.733448e-19
    outer loop
      vertex   -2.502676e+02 2.220000e+02 -2.000000e+01
      vertex   -2.505265e+02 2.220341e+02 7.272727e+00
      vertex   -2.505265e+02 2.220341e+02 1.818182e+00
    endloop
  endfacet
  facet normal -1.305262e-01 -9.914449e-01 2.733448e-19
    outer loop
      vertex   -2.502676e+02 2.220000e+02 -2.000000e+01
      vertex   -2.505265e+02 2.220341e+02 1.818182e+00
      vertex   -2.505265e+02 2.220341e+02 -3.636364e+00
    endloop
  endfacet
  facet normal -3.826834e-01 -9.238795e-01 0.000000e+00
    outer loop
      vertex   -2.505265e+02 2.220341e+02 -3.636364e+00
      vertex   -2.505265e+02 2.220341e+02 1.818182e+00
      vertex   -2.507676e+02 2.221340e+02 -3.636364e+00
    endloop
  endfacet
  facet normal -3.826834e-01 -9.238795e-01 -6.317256e-19
    outer loop
      vertex   -2.505265e+02 2.220341e+02 -3.636364e+00
      vertex   -2.507676e+02 2.221340e+02 -3.636364e+00
      vertex   -2.507676e+02 2.221340e+02 -9.090909e+00
    endloop
  endfacet
  facet normal -6.087614e-01 -7.933533e-01 0.000000e+00
    outer loop
      vertex   -2.507676e+02 2.221340e+02 -9.090909e+00
      vertex   -2.507676e+02 2.221340e+02 -3.636364e+00
      vertex   -2.509748e+02 2.222929e+02 -9.090909e+00
    endloop
  endfacet
  facet normal -6.087614e-01 -7.933533e-01 1.909406e-18
    outer loop
      vertex   -2.507676e+02 2.221340e+02 -9.090909e+00
      vertex   -2.509748e+02 2.222929e+02 -9.090909e+00
      vertex   -2.509748e+02 2.222929e+02 -1.454545e+01
    endloop
  endfacet
  facet normal -7.933533e-01 -6.087614e-01 0.000000e+00
    outer loop
      vertex   -2.509748e+02 2.222929e+02 -1.454545e+01
      vertex   -2.509748e+02 2.222929e+02 -9.090909e+00
      vertex   -2.511337e+02 2.225000e+02 -1.454545e+01
    endloop
  endfacet
  facet normal -3.826834e-01 -9.238795e-01 0.000000e+00
    outer loop
      vertex   -2.505265e+02 2.220341e+02 2.909091e+01
      vertex   -2.505265e+02 2.220341e+02 3.454545e+01
      vertex   -2.507676e+02 2.221340e+02 2.909091e+01
    endloop
  endfacet
  facet normal -3.826834e-01 -9.238795e-01 0.000000e+00
    outer loop
      vertex   -2.507676e+02 2.221340e+02 2.909091e+01
      vertex   -2.505265e+02 2.220341e+02 3.454545e+01
      vertex   -2.507676e+02 2.221340e+02 3.454545e+01
    endloop
  endfacet
  facet normal -6.087614e-01 -7.933533e-01 0.000000e+00
    outer loop
      vertex   -2.507676e+02 2.221340e+02 2.909091e+01
      vertex   -2.507676e+02 2.221340e+02 3.454545e+01
      vertex   -2.509748e+02 2.222929e+02 2.909091e+01
    endloop
  endfacet
  facet normal -6.087614e-01 -7.933533e-01 0.000000e+00
    outer loop
      vertex   -2.509748e+02 2.222929e+02 2.909091e+01
      vertex   -2.507676e+02 2.221340e+02 3.454545e+01
      vertex   -2.509748e+02 2.222929e+02 3.454545e+01
    endloop
  endfacet
  facet normal -7.933533e-01 -6.087614e-01 0.000000e+00
    outer loop
      vertex   -2.509748e+02 2.222929e+02 2.909091e+01
      vertex   -2.509748e+02 2.222929e+02 3.454545e+01
      vertex   -2.511337e+02 2.225000e+02 2.909091e+01
    endloop
  endfacet
  facet normal -7.933533e-01 -6.087614e-01 0.000000e+00
    outer loop
      vertex   -2.511337e+02 2.225000e+02 2.909091e+01
      vertex   -2.509748e+02 2.222929e+02 3.454545e+01
      vertex   -2.511337e+02 2.225000e+02 3.454545e+01
    endloop
  endfacet
  facet normal -9.238795e-01 -3.826834e-01 0.000000e+00
    outer loop
      vertex   -2.511337e+02 2.225000e+02 2.909091e+01
      vertex   -2.511337e+02 2.225000e+02 3.454545e+01
      vertex   -2.512336e+02 2.227412e+02 2.909091e+01
    endloop
  endfacet
  facet normal -1.305262e-01 -9.914449e-01 -0.000000e+00
    outer loop
      vertex   -2.505265e+02 2.220341e+02 2.363636e+01
      vertex   -2.505265e+02 2.220341e+02 1.818182e+01
      vertex   -2.502676e+02 2.220000e+02 4.000000e+01
    endloop
  endfacet
  facet normal -1.305262e-01 -9.914449e-01 2.733448e-19
    outer loop
      vertex   -2.502676e+02 2.220000e+02 4.000000e+01
      vertex   -2.505265e+02 2.220341e+02 1.818182e+01
      vertex   -2.505265e+02 2.220341e+02 1.272727e+01
    endloop
  endfacet
  facet normal -1.305262e-01 -9.914449e-01 2.733448e-19
    outer loop
      vertex   -2.502676e+02 2.220000e+02 4.000000e+01
      vertex   -2.505265e+02 2.220341e+02 1.272727e+01
      vertex   -2.505265e+02 2.220341e+02 7.272727e+00
    endloop
  endfacet
  facet normal -3.826834e-01 -9.238795e-01 0.000000e+00
    outer loop
      vertex   -2.505265e+02 2.220341e+02 7.272727e+00
      vertex   -2.505265e+02 2.220341e+02 1.272727e+01
      vertex   -2.507676e+02 2.221340e+02 7.272727e+00
    endloop
  endfacet
  facet normal -3.826834e-01 -9.238795e-01 -6.317256e-19
    outer loop
      vertex   -2.505265e+02 2.220341e+02 7.272727e+00
      vertex   -2.507676e+02 2.221340e+02 7.272727e+00
      vertex   -2.507676e+02 2.221340e+02 1.818182e+00
    endloop
  endfacet
  facet normal -6.087614e-01 -7.933533e-01 0.000000e+00
    outer loop
      vertex   -2.507676e+02 2.221340e+02 1.818182e+00
      vertex   -2.507676e+02 2.221340e+02 7.272727e+00
      vertex   -2.509748e+02 2.222929e+02 1.818182e+00
    endloop
  endfacet
  facet normal -6.087614e-01 -7.933533e-01 1.909406e-18
    outer loop
      vertex   -2.507676e+02 2.221340e+02 1.818182e+00
      vertex   -2.509748e+02 2.222929e+02 1.818182e+00
      vertex   -2.509748e+02 2.222929e+02 -3.636364e+00
    endloop
  endfacet
  facet normal -7.933533e-01 -6.087614e-01 0.000000e+00
    outer loop
      vertex   -2.509748e+02 2.222929e+02 -3.636364e+00
      vertex   -2.509748e+02 2.222929e+02 1.818182e+00
      vertex   -2.511337e+02 2.225000e+02 -3.636364e+00
    endloop
  endfacet
  facet normal -7.933533e-01 -6.087614e-01 1.909406e-18
    outer loop
      vertex   -2.509748e+02 2.222929e+02 -3.636364e+00
      vertex   -2.511337e+02 2.225000e+02 -3.636364e+00
      vertex   -2.511337e+02 2.225000e+02 -9.090909e+00
    endloop
  endfacet
  facet normal -9.238795e-01 -3.826834e-01 0.000000e+00
    outer loop
      vertex   -2.511337e+02 2.225000e+02 -9.090909e+00
      vertex   -2.511337e+02 2.225000e+02 -3.636364e+00
      vertex   -2.512336e+02 2.227412e+02 -9.090909e+00
    endloop
  endfacet
  facet normal -9.238795e-01 -3.826834e-01 3.045431e-19
    outer loop
      vertex   -2.511337e+02 2.225000e+02 -9.090909e+00
      vertex   -2.512336e+02 2.227412e+02 -9.090909e+00
      vertex   -2.512336e+02 2.227412e+02 -1.454545e+01
    endloop
  endfacet
  facet normal -9.914449e-01 -1.305262e-01 0.000000e+00
    outer loop
      vertex   -2.512336e+02 2.227412e+02 -1.454545e+01
      vertex   -2.512336e+02 2.227412e+02 -9.090909e+00
      vertex   -2.512676e+02 2.230000e+02 -1.454545e+01
    endloop
  endfacet
  facet normal -3.826834e-01 -9.238795e-01 -0.000000e+00
    outer loop
      vertex   -2.505265e+02 2.220341e+02 2.363636e+01
      vertex   -2.507676e+02 2.221340e+02 1.818182e+01
      vertex   -2.505265e+02 2.220341e+02 1.818182e+01
    endloop
  endfacet
  facet normal -3.826834e-01 -9.238795e-01 -6.317256e-19
    outer loop
      vertex   -2.505265e+02 2.220341e+02 1.818182e+01
      vertex   -2.507676e+02 2.221340e+02 1.818182e+01
      vertex   -2.507676e+02 2.221340e+02 1.272727e+01
    endloop
  endfacet
  facet normal -3.826834e-01 -9.238795e-01 -0.000000e+00
    outer loop
      vertex   -2.505265e+02 2.220341e+02 1.818182e+01
      vertex   -2.507676e+02 2.221340e+02 1.272727e+01
      vertex   -2.505265e+02 2.220341e+02 1.272727e+01
    endloop
  endfacet
  facet normal -3.826834e-01 -9.238795e-01 -6.317256e-19
    outer loop
      vertex   -2.505265e+02 2.220341e+02 1.272727e+01
      vertex   -2.507676e+02 2.221340e+02 1.272727e+01
      vertex   -2.507676e+02 2.221340e+02 7.272727e+00
    endloop
  endfacet
  facet normal -3.826834e-01 -9.238795e-01 0.000000e+00
    outer loop
      vertex   -2.507676e+02 2.221340e+02 -3.636364e+00
      vertex   -2.505265e+02 2.220341e+02 1.818182e+00
      vertex   -2.507676e+02 2.221340e+02 1.818182e+00
    endloop
  endfacet
  facet normal -3.826834e-01 -9.238795e-01 -6.317256e-19
    outer loop
      vertex   -2.507676e+02 2.221340e+02 1.818182e+00
      vertex   -2.505265e+02 2.220341e+02 1.818182e+00
      vertex   -2.505265e+02 2.220341e+02 7.272727e+00
    endloop
  endfacet
  facet normal -1.305262e-01 -9.914449e-01 0.000000e+00
    outer loop
      vertex   -2.505265e+02 2.220341e+02 -1.454545e+01
      vertex   -2.502676e+02 2.220000e+02 -2.000000e+01
      vertex   -2.505265e+02 2.220341e+02 -9.090909e+00
    endloop
  endfacet
  facet normal -1.305262e-01 -9.914449e-01 0.000000e+00
    outer loop
      vertex   -2.505265e+02 2.220341e+02 -9.090909e+00
      vertex   -2.502676e+02 2.220000e+02 -2.000000e+01
      vertex   -2.505265e+02 2.220341e+02 -3.636364e+00
    endloop
  endfacet
  facet normal -3.826834e-01 -9.238795e-01 0.000000e+00
    outer loop
      vertex   -2.505265e+02 2.220341e+02 -9.090909e+00
      vertex   -2.505265e+02 2.220341e+02 -3.636364e+00
      vertex   -2.507676e+02 2.221340e+02 -9.090909e+00
    endloop
  endfacet
  facet normal -3.826834e-01 -9.238795e-01 -6.317256e-19
    outer loop
      vertex   -2.507676e+02 2.221340e+02 -1.454545e+01
      vertex   -2.505265e+02 2.220341e+02 -1.454545e+01
      vertex   -2.505265e+02 2.220341e+02 -9.090909e+00
    endloop
  endfacet
  facet normal -3.826834e-01 -9.238795e-01 0.000000e+00
    outer loop
      vertex   -2.507676e+02 2.221340e+02 -1.454545e+01
      vertex   -2.505265e+02 2.220341e+02 -9.090909e+00
      vertex   -2.507676e+02 2.221340e+02 -9.090909e+00
    endloop
  endfacet
  facet normal -3.826834e-01 -9.238795e-01 -6.317256e-19
    outer loop
      vertex   -2.505265e+02 2.220341e+02 2.909091e+01
      vertex   -2.507676e+02 2.221340e+02 2.909091e+01
      vertex   -2.507676e+02 2.221340e+02 2.363636e+01
    endloop
  endfacet
  facet normal -6.087614e-01 -7.933533e-01 0.000000e+00
    outer loop
      vertex   -2.507676e+02 2.221340e+02 2.363636e+01
      vertex   -2.507676e+02 2.221340e+02 2.909091e+01
      vertex   -2.509748e+02 2.222929e+02 2.363636e+01
    endloop
  endfacet
  facet normal -6.087614e-01 -7.933533e-01 1.909406e-18
    outer loop
      vertex   -2.507676e+02 2.221340e+02 2.363636e+01
      vertex   -2.509748e+02 2.222929e+02 2.363636e+01
      vertex   -2.509748e+02 2.222929e+02 1.818182e+01
    endloop
  endfacet
  facet normal -7.933533e-01 -6.087614e-01 0.000000e+00
    outer loop
      vertex   -2.509748e+02 2.222929e+02 1.818182e+01
      vertex   -2.509748e+02 2.222929e+02 2.363636e+01
      vertex   -2.511337e+02 2.225000e+02 1.818182e+01
    endloop
  endfacet
  facet normal -7.933533e-01 -6.087614e-01 -2.288057e-18
    outer loop
      vertex   -2.509748e+02 2.222929e+02 1.818182e+01
      vertex   -2.511337e+02 2.225000e+02 1.818182e+01
      vertex   -2.511337e+02 2.225000e+02 1.272727e+01
    endloop
  endfacet
  facet normal -9.238795e-01 -3.826834e-01 0.000000e+00
    outer loop
      vertex   -2.511337e+02 2.225000e+02 1.272727e+01
      vertex   -2.511337e+02 2.225000e+02 1.818182e+01
      vertex   -2.512336e+02 2.227412e+02 1.272727e+01
    endloop
  endfacet
  facet normal -9.238795e-01 -3.826834e-01 -2.594621e-19
    outer loop
      vertex   -2.511337e+02 2.225000e+02 1.272727e+01
      vertex   -2.512336e+02 2.227412e+02 1.272727e+01
      vertex   -2.512336e+02 2.227412e+02 7.272727e+00
    endloop
  endfacet
  facet normal -9.914449e-01 -1.305262e-01 0.000000e+00
    outer loop
      vertex   -2.512336e+02 2.227412e+02 7.272727e+00
      vertex   -2.512336e+02 2.227412e+02 1.272727e+01
      vertex   -2.512676e+02 2.230000e+02 7.272727e+00
    endloop
  endfacet
  facet normal -9.914449e-01 -1.305262e-01 -5.712600e-20
    outer loop
      vertex   -2.512336e+02 2.227412e+02 7.272727e+00
      vertex   -2.512676e+02 2.230000e+02 7.272727e+00
      vertex   -2.512676e+02 2.230000e+02 1.818182e+00
    endloop
  endfacet
  facet normal -9.914449e-01 1.305262e-01 0.000000e+00
    outer loop
      vertex   -2.512676e+02 2.230000e+02 1.818182e+00
      vertex   -2.512676e+02 2.230000e+02 7.272727e+00
      vertex   -2.512336e+02 2.232588e+02 1.818182e+00
    endloop
  endfacet
  facet normal -9.914449e-01 1.305262e-01 -2.733448e-19
    outer loop
      vertex   -2.512676e+02 2.230000e+02 1.818182e+00
      vertex   -2.512336e+02 2.232588e+02 1.818182e+00
      vertex   -2.512336e+02 2.232588e+02 -3.636364e+00
    endloop
  endfacet
  facet normal -9.238795e-01 3.826834e-01 0.000000e+00
    outer loop
      vertex   -2.512336e+02 2.232588e+02 -3.636364e+00
      vertex   -2.512336e+02 2.232588e+02 1.818182e+00
      vertex   -2.511337e+02 2.235000e+02 -2.000000e+01
    endloop
  endfacet
  facet normal -6.087614e-01 -7.933533e-01 0.000000e+00
    outer loop
      vertex   -2.509748e+02 2.222929e+02 2.363636e+01
      vertex   -2.507676e+02 2.221340e+02 2.909091e+01
      vertex   -2.509748e+02 2.222929e+02 2.909091e+01
    endloop
  endfacet
  facet normal -6.087614e-01 -7.933533e-01 -0.000000e+00
    outer loop
      vertex   -2.507676e+02 2.221340e+02 1.818182e+01
      vertex   -2.509748e+02 2.222929e+02 1.272727e+01
      vertex   -2.507676e+02 2.221340e+02 1.272727e+01
    endloop
  endfacet
  facet normal -6.087614e-01 -7.933533e-01 1.909406e-18
    outer loop
      vertex   -2.507676e+02 2.221340e+02 1.272727e+01
      vertex   -2.509748e+02 2.222929e+02 1.272727e+01
      vertex   -2.509748e+02 2.222929e+02 7.272727e+00
    endloop
  endfacet
  facet normal -6.087614e-01 -7.933533e-01 -0.000000e+00
    outer loop
      vertex   -2.507676e+02 2.221340e+02 1.272727e+01
      vertex   -2.509748e+02 2.222929e+02 7.272727e+00
      vertex   -2.507676e+02 2.221340e+02 7.272727e+00
    endloop
  endfacet
  facet normal -6.087614e-01 -7.933533e-01 1.909406e-18
    outer loop
      vertex   -2.507676e+02 2.221340e+02 7.272727e+00
      vertex   -2.509748e+02 2.222929e+02 7.272727e+00
      vertex   -2.509748e+02 2.222929e+02 1.818182e+00
    endloop
  endfacet
  facet normal -6.087614e-01 -7.933533e-01 0.000000e+00
    outer loop
      vertex   -2.509748e+02 2.222929e+02 -9.090909e+00
      vertex   -2.507676e+02 2.221340e+02 -3.636364e+00
      vertex   -2.509748e+02 2.222929e+02 -3.636364e+00
    endloop
  endfacet
  facet normal -6.087614e-01 -7.933533e-01 1.909406e-18
    outer loop
      vertex   -2.509748e+02 2.222929e+02 -3.636364e+00
      vertex   -2.507676e+02 2.221340e+02 -3.636364e+00
      vertex   -2.507676e+02 2.221340e+02 1.818182e+00
    endloop
  endfacet
  facet normal -6.087614e-01 -7.933533e-01 1.909406e-18
    outer loop
      vertex   -2.509748e+02 2.222929e+02 -1.454545e+01
      vertex   -2.507676e+02 2.221340e+02 -1.454545e+01
      vertex   -2.507676e+02 2.221340e+02 -9.090909e+00
    endloop
  endfacet
  facet normal -7.933533e-01 -6.087614e-01 0.000000e+00
    outer loop
      vertex   -2.509748e+02 2.222929e+02 2.363636e+01
      vertex   -2.509748e+02 2.222929e+02 2.909091e+01
      vertex   -2.511337e+02 2.225000e+02 2.363636e+01
    endloop
  endfacet
  facet normal -7.933533e-01 -6.087614e-01 0.000000e+00
    outer loop
      vertex   -2.511337e+02 2.225000e+02 2.363636e+01
      vertex   -2.509748e+02 2.222929e+02 2.909091e+01
      vertex   -2.511337e+02 2.225000e+02 2.909091e+01
    endloop
  endfacet
  facet normal -9.238795e-01 -3.826834e-01 0.000000e+00
    outer loop
      vertex   -2.511337e+02 2.225000e+02 2.363636e+01
      vertex   -2.511337e+02 2.225000e+02 2.909091e+01
      vertex   -2.512336e+02 2.227412e+02 2.363636e+01
    endloop
  endfacet
  facet normal -9.238795e-01 -3.826834e-01 0.000000e+00
    outer loop
      vertex   -2.512336e+02 2.227412e+02 2.363636e+01
      vertex   -2.511337e+02 2.225000e+02 2.909091e+01
      vertex   -2.512336e+02 2.227412e+02 2.909091e+01
    endloop
  endfacet
  facet normal -9.914449e-01 -1.305262e-01 0.000000e+00
    outer loop
      vertex   -2.512336e+02 2.227412e+02 2.363636e+01
      vertex   -2.512336e+02 2.227412e+02 2.909091e+01
      vertex   -2.512676e+02 2.230000e+02 2.363636e+01
    endloop
  endfacet
  facet normal -7.933533e-01 -6.087614e-01 -0.000000e+00
    outer loop
      vertex   -2.509748e+02 2.222929e+02 1.272727e+01
      vertex   -2.511337e+02 2.225000e+02 7.272727e+00
      vertex   -2.509748e+02 2.222929e+02 7.272727e+00
    endloop
  endfacet
  facet normal -7.933533e-01 -6.087614e-01 1.909406e-18
    outer loop
      vertex   -2.509748e+02 2.222929e+02 7.272727e+00
      vertex   -2.511337e+02 2.225000e+02 7.272727e+00
      vertex   -2.511337e+02 2.225000e+02 1.818182e+00
    endloop
  endfacet
  facet normal -7.933533e-01 -6.087614e-01 -0.000000e+00
    outer loop
      vertex   -2.509748e+02 2.222929e+02 7.272727e+00
      vertex   -2.511337e+02 2.225000e+02 1.818182e+00
      vertex   -2.509748e+02 2.222929e+02 1.818182e+00
    endloop
  endfacet
  facet normal -7.933533e-01 -6.087614e-01 1.909406e-18
    outer loop
      vertex   -2.509748e+02 2.222929e+02 1.818182e+00
      vertex   -2.511337e+02 2.225000e+02 1.818182e+00
      vertex   -2.511337e+02 2.225000e+02 -3.636364e+00
    endloop
  endfacet
  facet normal -7.933533e-01 -6.087614e-01 0.000000e+00
    outer loop
      vertex   -2.511337e+02 2.225000e+02 -1.454545e+01
      vertex   -2.509748e+02 2.222929e+02 -9.090909e+00
      vertex   -2.511337e+02 2.225000e+02 -9.090909e+00
    endloop
  endfacet
  facet normal -7.933533e-01 -6.087614e-01 1.909406e-18
    outer loop
      vertex   -2.511337e+02 2.225000e+02 -9.090909e+00
      vertex   -2.509748e+02 2.222929e+02 -9.090909e+00
      vertex   -2.509748e+02 2.222929e+02 -3.636364e+00
    endloop
  endfacet
  facet normal -7.933533e-01 -6.087614e-01 -2.288057e-18
    outer loop
      vertex   -2.509748e+02 2.222929e+02 2.363636e+01
      vertex   -2.511337e+02 2.225000e+02 2.363636e+01
      vertex   -2.511337e+02 2.225000e+02 1.818182e+01
    endloop
  endfacet
  facet normal -9.238795e-01 -3.826834e-01 0.000000e+00
    outer loop
      vertex   -2.511337e+02 2.225000e+02 1.818182e+01
      vertex   -2.511337e+02 2.225000e+02 2.363636e+01
      vertex   -2.512336e+02 2.227412e+02 1.818182e+01
    endloop
  endfacet
  facet normal -9.238795e-01 -3.826834e-01 -2.594621e-19
    outer loop
      vertex   -2.511337e+02 2.225000e+02 1.818182e+01
      vertex   -2.512336e+02 2.227412e+02 1.818182e+01
      vertex   -2.512336e+02 2.227412e+02 1.272727e+01
    endloop
  endfacet
  facet normal -9.914449e-01 -1.305262e-01 0.000000e+00
    outer loop
      vertex   -2.512336e+02 2.227412e+02 1.272727e+01
      vertex   -2.512336e+02 2.227412e+02 1.818182e+01
      vertex   -2.512676e+02 2.230000e+02 1.272727e+01
    endloop
  endfacet
  facet normal -9.914449e-01 -1.305262e-01 -5.712600e-20
    outer loop
      vertex   -2.512336e+02 2.227412e+02 1.272727e+01
      vertex   -2.512676e+02 2.230000e+02 1.272727e+01
      vertex   -2.512676e+02 2.230000e+02 7.272727e+00
    endloop
  endfacet
  facet normal -9.914449e-01 1.305262e-01 0.000000e+00
    outer loop
      vertex   -2.512676e+02 2.230000e+02 7.272727e+00
      vertex   -2.512676e+02 2.230000e+02 1.272727e+01
      vertex   -2.512336e+02 2.232588e+02 7.272727e+00
    endloop
  endfacet
  facet normal -9.914449e-01 1.305262e-01 -2.733448e-19
    outer loop
      vertex   -2.512676e+02 2.230000e+02 7.272727e+00
      vertex   -2.512336e+02 2.232588e+02 7.272727e+00
      vertex   -2.512336e+02 2.232588e+02 1.818182e+00
    endloop
  endfacet
  facet normal -9.238795e-01 3.826834e-01 0.000000e+00
    outer loop
      vertex   -2.512336e+02 2.232588e+02 1.818182e+00
      vertex   -2.512336e+02 2.232588e+02 7.272727e+00
      vertex   -2.511337e+02 2.235000e+02 -2.000000e+01
    endloop
  endfacet
  facet normal -9.238795e-01 -3.826834e-01 0.000000e+00
    outer loop
      vertex   -2.512336e+02 2.227412e+02 1.818182e+01
      vertex   -2.511337e+02 2.225000e+02 2.363636e+01
      vertex   -2.512336e+02 2.227412e+02 2.363636e+01
    endloop
  endfacet
  facet normal -9.238795e-01 -3.826834e-01 -0.000000e+00
    outer loop
      vertex   -2.511337e+02 2.225000e+02 7.272727e+00
      vertex   -2.512336e+02 2.227412e+02 1.818182e+00
      vertex   -2.511337e+02 2.225000e+02 1.818182e+00
    endloop
  endfacet
  facet normal -9.238795e-01 -3.826834e-01 3.045431e-19
    outer loop
      vertex   -2.511337e+02 2.225000e+02 1.818182e+00
      vertex   -2.512336e+02 2.227412e+02 1.818182e+00
      vertex   -2.512336e+02 2.227412e+02 -3.636364e+00
    endloop
  endfacet
  facet normal -9.238795e-01 -3.826834e-01 -0.000000e+00
    outer loop
      vertex   -2.511337e+02 2.225000e+02 1.818182e+00
      vertex   -2.512336e+02 2.227412e+02 -3.636364e+00
      vertex   -2.511337e+02 2.225000e+02 -3.636364e+00
    endloop
  endfacet
  facet normal -9.238795e-01 -3.826834e-01 3.045431e-19
    outer loop
      vertex   -2.511337e+02 2.225000e+02 -3.636364e+00
      vertex   -2.512336e+02 2.227412e+02 -3.636364e+00
      vertex   -2.512336e+02 2.227412e+02 -9.090909e+00
    endloop
  endfacet
  facet normal -9.238795e-01 -3.826834e-01 3.045431e-19
    outer loop
      vertex   -2.512336e+02 2.227412e+02 -1.454545e+01
      vertex   -2.511337e+02 2.225000e+02 -1.454545e+01
      vertex   -2.511337e+02 2.225000e+02 -9.090909e+00
    endloop
  endfacet
  facet normal -9.914449e-01 -1.305262e-01 0.000000e+00
    outer loop
      vertex   -2.512676e+02 2.230000e+02 2.909091e+01
      vertex   -2.512336e+02 2.227412e+02 3.454545e+01
      vertex   -2.512676e+02 2.230000e+02 3.454545e+01
    endloop
  endfacet
  facet normal -9.914449e-01 -1.305262e-01 0.000000e+00
    outer loop
      vertex   -2.512336e+02 2.227412e+02 1.818182e+01
      vertex   -2.512336e+02 2.227412e+02 2.363636e+01
      vertex   -2.512676e+02 2.230000e+02 1.818182e+01
    endloop
  endfacet
  facet normal -9.914449e-01 -1.305262e-01 0.000000e+00
    outer loop
      vertex   -2.512676e+02 2.230000e+02 1.818182e+01
      vertex   -2.512336e+02 2.227412e+02 2.363636e+01
      vertex   -2.512676e+02 2.230000e+02 2.363636e+01
    endloop
  endfacet
  facet normal -9.914449e-01 1.305262e-01 0.000000e+00
    outer loop
      vertex   -2.512676e+02 2.230000e+02 1.818182e+01
      vertex   -2.512676e+02 2.230000e+02 2.363636e+01
      vertex   -2.512336e+02 2.232588e+02 1.818182e+01
    endloop
  endfacet
  facet normal -9.914449e-01 -1.305262e-01 -0.000000e+00
    outer loop
      vertex   -2.512336e+02 2.227412e+02 1.818182e+00
      vertex   -2.512676e+02 2.230000e+02 -3.636364e+00
      vertex   -2.512336e+02 2.227412e+02 -3.636364e+00
    endloop
  endfacet
  facet normal -9.914449e-01 -1.305262e-01 -5.712600e-20
    outer loop
      vertex   -2.512336e+02 2.227412e+02 -3.636364e+00
      vertex   -2.512676e+02 2.230000e+02 -3.636364e+00
      vertex   -2.512676e+02 2.230000e+02 -9.090909e+00
    endloop
  endfacet
  facet normal -9.914449e-01 -1.305262e-01 -0.000000e+00
    outer loop
      vertex   -2.512336e+02 2.227412e+02 -3.636364e+00
      vertex   -2.512676e+02 2.230000e+02 -9.090909e+00
      vertex   -2.512336e+02 2.227412e+02 -9.090909e+00
    endloop
  endfacet
  facet normal -9.914449e-01 -1.305262e-01 -5.712600e-20
    outer loop
      vertex   -2.512336e+02 2.227412e+02 -9.090909e+00
      vertex   -2.512676e+02 2.230000e+02 -9.090909e+00
      vertex   -2.512676e+02 2.230000e+02 -1.454545e+01
    endloop
  endfacet
  facet normal -9.914449e-01 1.305262e-01 0.000000e+00
    outer loop
      vertex   -2.512676e+02 2.230000e+02 2.909091e+01
      vertex   -2.512676e+02 2.230000e+02 3.454545e+01
      vertex   -2.512336e+02 2.232588e+02 2.909091e+01
    endloop
  endfacet
  facet normal -9.914449e-01 1.305262e-01 0.000000e+00
    outer loop
      vertex   -2.512336e+02 2.232588e+02 2.909091e+01
      vertex   -2.512676e+02 2.230000e+02 3.454545e+01
      vertex   -2.512336e+02 2.232588e+02 3.454545e+01
    endloop
  endfacet
  facet normal -9.238795e-01 3.826834e-01 0.000000e+00
    outer loop
      vertex   -2.512336e+02 2.232588e+02 2.909091e+01
      vertex   -2.512336e+02 2.232588e+02 3.454545e+01
      vertex   -2.511337e+02 2.235000e+02 4.000000e+01
    endloop
  endfacet
  facet normal -9.914449e-01 -1.305262e-01 -5.712600e-20
    outer loop
      vertex   -2.512336e+02 2.227412e+02 1.818182e+01
      vertex   -2.512676e+02 2.230000e+02 1.818182e+01
      vertex   -2.512676e+02 2.230000e+02 1.272727e+01
    endloop
  endfacet
  facet normal -9.914449e-01 1.305262e-01 0.000000e+00
    outer loop
      vertex   -2.512676e+02 2.230000e+02 1.272727e+01
      vertex   -2.512676e+02 2.230000e+02 1.818182e+01
      vertex   -2.512336e+02 2.232588e+02 1.272727e+01
    endloop
  endfacet
  facet normal -9.914449e-01 1.305262e-01 -2.733448e-19
    outer loop
      vertex   -2.512676e+02 2.230000e+02 1.272727e+01
      vertex   -2.512336e+02 2.232588e+02 1.272727e+01
      vertex   -2.512336e+02 2.232588e+02 7.272727e+00
    endloop
  endfacet
  facet normal -9.238795e-01 3.826834e-01 0.000000e+00
    outer loop
      vertex   -2.512336e+02 2.232588e+02 7.272727e+00
      vertex   -2.512336e+02 2.232588e+02 1.272727e+01
      vertex   -2.511337e+02 2.235000e+02 -2.000000e+01
    endloop
  endfacet
  facet normal -9.914449e-01 1.305262e-01 0.000000e+00
    outer loop
      vertex   -2.512336e+02 2.232588e+02 1.272727e+01
      vertex   -2.512676e+02 2.230000e+02 1.818182e+01
      vertex   -2.512336e+02 2.232588e+02 1.818182e+01
    endloop
  endfacet
  facet normal -9.914449e-01 1.305262e-01 -2.733448e-19
    outer loop
      vertex   -2.512336e+02 2.232588e+02 -1.454545e+01
      vertex   -2.512676e+02 2.230000e+02 -1.454545e+01
      vertex   -2.512676e+02 2.230000e+02 -9.090909e+00
    endloop
  endfacet
  facet normal -9.914449e-01 1.305262e-01 0.000000e+00
    outer loop
      vertex   -2.512336e+02 2.232588e+02 -1.454545e+01
      vertex   -2.512676e+02 2.230000e+02 -9.090909e+00
      vertex   -2.512336e+02 2.232588e+02 -9.090909e+00
    endloop
  endfacet
  facet normal -9.914449e-01 1.305262e-01 -2.733448e-19
    outer loop
      vertex   -2.512336e+02 2.232588e+02 -9.090909e+00
      vertex   -2.512676e+02 2.230000e+02 -9.090909e+00
      vertex   -2.512676e+02 2.230000e+02 -3.636364e+00
    endloop
  endfacet
  facet normal -9.238795e-01 3.826834e-01 -3.045431e-19
    outer loop
      vertex   -2.511337e+02 2.235000e+02 4.000000e+01
      vertex   -2.512336e+02 2.232588e+02 2.363636e+01
      vertex   -2.512336e+02 2.232588e+02 2.909091e+01
    endloop
  endfacet
  facet normal -9.914449e-01 1.305262e-01 0.000000e+00
    outer loop
      vertex   -2.512336e+02 2.232588e+02 2.909091e+01
      vertex   -2.512336e+02 2.232588e+02 2.363636e+01
      vertex   -2.512676e+02 2.230000e+02 2.909091e+01
    endloop
  endfacet
  facet normal -8.660254e-01 5.000000e-01 0.000000e+00
    outer loop
      vertex   -2.499790e+02 2.255000e+02 -2.000000e+01
      vertex   -2.511337e+02 2.235000e+02 -2.000000e+01
      vertex   -2.499790e+02 2.255000e+02 4.000000e+01
    endloop
  endfacet
  facet normal -8.660254e-01 5.000000e-01 3.178194e-19
    outer loop
      vertex   -2.499790e+02 2.255000e+02 4.000000e+01
      vertex   -2.511337e+02 2.235000e+02 -2.000000e+01
      vertex   -2.511337e+02 2.235000e+02 4.000000e+01
    endloop
  endfacet
  facet normal -1.305262e-01 -9.914449e-01 0.000000e+00
    outer loop
      vertex   -2.505862e+02 2.269659e+02 -2.000000e+01
      vertex   -2.505862e+02 2.269659e+02 -1.454545e+01
      vertex   -2.508450e+02 2.270000e+02 -2.000000e+01
    endloop
  endfacet
  facet normal -1.305262e-01 -9.914449e-01 -3.464691e-19
    outer loop
      vertex   -2.508450e+02 2.270000e+02 -2.000000e+01
      vertex   -2.505862e+02 2.269659e+02 -1.454545e+01
      vertex   -2.505862e+02 2.269659e+02 -9.090909e+00
    endloop
  endfacet
  facet normal -1.305262e-01 -9.914449e-01 -3.464691e-19
    outer loop
      vertex   -2.508450e+02 2.270000e+02 -2.000000e+01
      vertex   -2.505862e+02 2.269659e+02 -9.090909e+00
      vertex   -2.505862e+02 2.269659e+02 -3.636364e+00
    endloop
  endfacet
  facet normal -3.826834e-01 -9.238795e-01 -0.000000e+00
    outer loop
      vertex   -2.505862e+02 2.269659e+02 -3.636364e+00
      vertex   -2.505862e+02 2.269659e+02 -9.090909e+00
      vertex   -2.503450e+02 2.268660e+02 -3.636364e+00
    endloop
  endfacet
  facet normal -3.826834e-01 -9.238795e-01 -6.317256e-19
    outer loop
      vertex   -2.505862e+02 2.269659e+02 -3.636364e+00
      vertex   -2.503450e+02 2.268660e+02 -3.636364e+00
      vertex   -2.503450e+02 2.268660e+02 1.818182e+00
    endloop
  endfacet
  facet normal -6.087614e-01 -7.933533e-01 -0.000000e+00
    outer loop
      vertex   -2.503450e+02 2.268660e+02 1.818182e+00
      vertex   -2.503450e+02 2.268660e+02 -3.636364e+00
      vertex   -2.501379e+02 2.267071e+02 1.818182e+00
    endloop
  endfacet
  facet normal -6.087614e-01 -7.933533e-01 -1.456065e-18
    outer loop
      vertex   -2.503450e+02 2.268660e+02 1.818182e+00
      vertex   -2.501379e+02 2.267071e+02 1.818182e+00
      vertex   -2.501379e+02 2.267071e+02 7.272727e+00
    endloop
  endfacet
  facet normal -7.933533e-01 -6.087614e-01 -0.000000e+00
    outer loop
      vertex   -2.501379e+02 2.267071e+02 7.272727e+00
      vertex   -2.501379e+02 2.267071e+02 1.818182e+00
      vertex   -2.499790e+02 2.265000e+02 7.272727e+00
    endloop
  endfacet
  facet normal -7.933533e-01 -6.087614e-01 2.247217e-18
    outer loop
      vertex   -2.501379e+02 2.267071e+02 7.272727e+00
      vertex   -2.499790e+02 2.265000e+02 7.272727e+00
      vertex   -2.499790e+02 2.265000e+02 1.272727e+01
    endloop
  endfacet
  facet normal -9.238795e-01 -3.826834e-01 -0.000000e+00
    outer loop
      vertex   -2.499790e+02 2.265000e+02 1.272727e+01
      vertex   -2.499790e+02 2.265000e+02 7.272727e+00
      vertex   -2.498791e+02 2.262588e+02 1.272727e+01
    endloop
  endfacet
  facet normal -9.238795e-01 -3.826834e-01 -1.195731e-18
    outer loop
      vertex   -2.499790e+02 2.265000e+02 1.272727e+01
      vertex   -2.498791e+02 2.262588e+02 1.272727e+01
      vertex   -2.498791e+02 2.262588e+02 1.818182e+01
    endloop
  endfacet
  facet normal -9.914449e-01 -1.305262e-01 -0.000000e+00
    outer loop
      vertex   -2.498791e+02 2.262588e+02 1.818182e+01
      vertex   -2.498791e+02 2.262588e+02 1.272727e+01
      vertex   -2.498450e+02 2.260000e+02 1.818182e+01
    endloop
  endfacet
  facet normal -9.914449e-01 -1.305262e-01 -5.712600e-20
    outer loop
      vertex   -2.498791e+02 2.262588e+02 1.818182e+01
      vertex   -2.498450e+02 2.260000e+02 1.818182e+01
      vertex   -2.498450e+02 2.260000e+02 2.363636e+01
    endloop
  endfacet
  facet normal -9.914449e-01 1.305262e-01 0.000000e+00
    outer loop
      vertex   -2.498450e+02 2.260000e+02 2.363636e+01
      vertex   -2.498450e+02 2.260000e+02 1.818182e+01
      vertex   -2.498791e+02 2.257412e+02 2.363636e+01
    endloop
  endfacet
  facet normal -9.914449e-01 1.305262e-01 -2.733448e-19
    outer loop
      vertex   -2.498450e+02 2.260000e+02 2.363636e+01
      vertex   -2.498791e+02 2.257412e+02 2.363636e+01
      vertex   -2.498791e+02 2.257412e+02 2.909091e+01
    endloop
  endfacet
  facet normal -9.238795e-01 3.826834e-01 0.000000e+00
    outer loop
      vertex   -2.498791e+02 2.257412e+02 2.909091e+01
      vertex   -2.498791e+02 2.257412e+02 2.363636e+01
      vertex   -2.499790e+02 2.255000e+02 4.000000e+01
    endloop
  endfacet
  facet normal -9.238795e-01 3.826834e-01 0.000000e+00
    outer loop
      vertex   -2.498791e+02 2.257412e+02 2.909091e+01
      vertex   -2.499790e+02 2.255000e+02 4.000000e+01
      vertex   -2.498791e+02 2.257412e+02 3.454545e+01
    endloop
  endfacet
  facet normal -9.238795e-01 3.826834e-01 0.000000e+00
    outer loop
      vertex   -2.498791e+02 2.257412e+02 3.454545e+01
      vertex   -2.499790e+02 2.255000e+02 4.000000e+01
      vertex   -2.498791e+02 2.257412e+02 4.000000e+01
    endloop
  endfacet
  facet normal -9.914449e-01 1.305262e-01 0.000000e+00
    outer loop
      vertex   -2.498791e+02 2.257412e+02 3.454545e+01
      vertex   -2.498791e+02 2.257412e+02 4.000000e+01
      vertex   -2.498450e+02 2.260000e+02 3.454545e+01
    endloop
  endfacet
  facet normal -9.914449e-01 1.305262e-01 0.000000e+00
    outer loop
      vertex   -2.498450e+02 2.260000e+02 3.454545e+01
      vertex   -2.498791e+02 2.257412e+02 4.000000e+01
      vertex   -2.498450e+02 2.260000e+02 4.000000e+01
    endloop
  endfacet
  facet normal -9.914449e-01 -1.305262e-01 0.000000e+00
    outer loop
      vertex   -2.498450e+02 2.260000e+02 3.454545e+01
      vertex   -2.498450e+02 2.260000e+02 4.000000e+01
      vertex   -2.498791e+02 2.262588e+02 3.454545e+01
    endloop
  endfacet
  facet normal -9.914449e-01 -1.305262e-01 0.000000e+00
    outer loop
      vertex   -2.498791e+02 2.262588e+02 3.454545e+01
      vertex   -2.498450e+02 2.260000e+02 4.000000e+01
      vertex   -2.498791e+02 2.262588e+02 4.000000e+01
    endloop
  endfacet
  facet normal -9.238795e-01 -3.826834e-01 0.000000e+00
    outer loop
      vertex   -2.498791e+02 2.262588e+02 3.454545e+01
      vertex   -2.498791e+02 2.262588e+02 4.000000e+01
      vertex   -2.499790e+02 2.265000e+02 3.454545e+01
    endloop
  endfacet
  facet normal -9.238795e-01 -3.826834e-01 0.000000e+00
    outer loop
      vertex   -2.499790e+02 2.265000e+02 3.454545e+01
      vertex   -2.498791e+02 2.262588e+02 4.000000e+01
      vertex   -2.499790e+02 2.265000e+02 4.000000e+01
    endloop
  endfacet
  facet normal -7.933533e-01 -6.087614e-01 0.000000e+00
    outer loop
      vertex   -2.499790e+02 2.265000e+02 3.454545e+01
      vertex   -2.499790e+02 2.265000e+02 4.000000e+01
      vertex   -2.501379e+02 2.267071e+02 3.454545e+01
    endloop
  endfacet
  facet normal -7.933533e-01 -6.087614e-01 0.000000e+00
    outer loop
      vertex   -2.501379e+02 2.267071e+02 3.454545e+01
      vertex   -2.499790e+02 2.265000e+02 4.000000e+01
      vertex   -2.501379e+02 2.267071e+02 4.000000e+01
    endloop
  endfacet
  facet normal -6.087614e-01 -7.933533e-01 0.000000e+00
    outer loop
      vertex   -2.501379e+02 2.267071e+02 3.454545e+01
      vertex   -2.501379e+02 2.267071e+02 4.000000e+01
      vertex   -2.503450e+02 2.268660e+02 3.454545e+01
    endloop
  endfacet
  facet normal -6.087614e-01 -7.933533e-01 0.000000e+00
    outer loop
      vertex   -2.503450e+02 2.268660e+02 3.454545e+01
      vertex   -2.501379e+02 2.267071e+02 4.000000e+01
      vertex   -2.503450e+02 2.268660e+02 4.000000e+01
    endloop
  endfacet
  facet normal -3.826834e-01 -9.238795e-01 0.000000e+00
    outer loop
      vertex   -2.503450e+02 2.268660e+02 3.454545e+01
      vertex   -2.503450e+02 2.268660e+02 4.000000e+01
      vertex   -2.505862e+02 2.269659e+02 3.454545e+01
    endloop
  endfacet
  facet normal -3.826834e-01 -9.238795e-01 0.000000e+00
    outer loop
      vertex   -2.505862e+02 2.269659e+02 3.454545e+01
      vertex   -2.503450e+02 2.268660e+02 4.000000e+01
      vertex   -2.505862e+02 2.269659e+02 4.000000e+01
    endloop
  endfacet
  facet normal -1.305262e-01 -9.914449e-01 0.000000e+00
    outer loop
      vertex   -2.505862e+02 2.269659e+02 3.454545e+01
      vertex   -2.505862e+02 2.269659e+02 4.000000e+01
      vertex   -2.508450e+02 2.270000e+02 4.000000e+01
    endloop
  endfacet
  facet normal -3.826834e-01 -9.238795e-01 -0.000000e+00
    outer loop
      vertex   -2.505862e+02 2.269659e+02 -1.454545e+01
      vertex   -2.505862e+02 2.269659e+02 -2.000000e+01
      vertex   -2.503450e+02 2.268660e+02 -1.454545e+01
    endloop
  endfacet
  facet normal -3.826834e-01 -9.238795e-01 -0.000000e+00
    outer loop
      vertex   -2.503450e+02 2.268660e+02 -1.454545e+01
      vertex   -2.505862e+02 2.269659e+02 -2.000000e+01
      vertex   -2.503450e+02 2.268660e+02 -2.000000e+01
    endloop
  endfacet
  facet normal -6.087614e-01 -7.933533e-01 -0.000000e+00
    outer loop
      vertex   -2.503450e+02 2.268660e+02 -1.454545e+01
      vertex   -2.503450e+02 2.268660e+02 -2.000000e+01
      vertex   -2.501379e+02 2.267071e+02 -1.454545e+01
    endloop
  endfacet
  facet normal -6.087614e-01 -7.933533e-01 -0.000000e+00
    outer loop
      vertex   -2.501379e+02 2.267071e+02 -1.454545e+01
      vertex   -2.503450e+02 2.268660e+02 -2.000000e+01
      vertex   -2.501379e+02 2.267071e+02 -2.000000e+01
    endloop
  endfacet
  facet normal -7.933533e-01 -6.087614e-01 -0.000000e+00
    outer loop
      vertex   -2.501379e+02 2.267071e+02 -1.454545e+01
      vertex   -2.501379e+02 2.267071e+02 -2.000000e+01
      vertex   -2.499790e+02 2.265000e+02 -1.454545e+01
    endloop
  endfacet
  facet normal -7.933533e-01 -6.087614e-01 -0.000000e+00
    outer loop
      vertex   -2.499790e+02 2.265000e+02 -1.454545e+01
      vertex   -2.501379e+02 2.267071e+02 -2.000000e+01
      vertex   -2.499790e+02 2.265000e+02 -2.000000e+01
    endloop
  endfacet
  facet normal -9.238795e-01 -3.826834e-01 -0.000000e+00
    outer loop
      vertex   -2.499790e+02 2.265000e+02 -1.454545e+01
      vertex   -2.499790e+02 2.265000e+02 -2.000000e+01
      vertex   -2.498791e+02 2.262588e+02 -1.454545e+01
    endloop
  endfacet
  facet normal -9.238795e-01 -3.826834e-01 4.814010e-15
    outer loop
      vertex   -2.498791e+02 2.262588e+02 -1.454545e+01
      vertex   -2.499790e+02 2.265000e+02 -2.000000e+01
      vertex   -2.498791e+02 2.262588e+02 -2.000000e+01
    endloop
  endfacet
  facet normal -9.914449e-01 -1.305262e-01 5.166069e-15
    outer loop
      vertex   -2.498791e+02 2.262588e+02 -1.454545e+01
      vertex   -2.498791e+02 2.262588e+02 -2.000000e+01
      vertex   -2.498450e+02 2.260000e+02 -1.454545e+01
    endloop
  endfacet
  facet normal -9.914449e-01 -1.305262e-01 -0.000000e+00
    outer loop
      vertex   -2.498450e+02 2.260000e+02 -1.454545e+01
      vertex   -2.498791e+02 2.262588e+02 -2.000000e+01
      vertex   -2.498450e+02 2.260000e+02 -2.000000e+01
    endloop
  endfacet
  facet normal -9.914449e-01 1.305262e-01 0.000000e+00
    outer loop
      vertex   -2.498450e+02 2.260000e+02 -1.454545e+01
      vertex   -2.498450e+02 2.260000e+02 -2.000000e+01
      vertex   -2.498791e+02 2.257412e+02 -1.454545e+01
    endloop
  endfacet
  facet normal -9.914449e-01 1.305262e-01 0.000000e+00
    outer loop
      vertex   -2.498791e+02 2.257412e+02 -1.454545e+01
      vertex   -2.498450e+02 2.260000e+02 -2.000000e+01
      vertex   -2.498791e+02 2.257412e+02 -2.000000e+01
    endloop
  endfacet
  facet normal -9.238795e-01 3.826834e-01 0.000000e+00
    outer loop
      vertex   -2.498791e+02 2.257412e+02 -1.454545e+01
      vertex   -2.498791e+02 2.257412e+02 -2.000000e+01
      vertex   -2.499790e+02 2.255000e+02 -2.000000e+01
    endloop
  endfacet
  facet normal -9.238795e-01 3.826834e-01 0.000000e+00
    outer loop
      vertex   -2.499790e+02 2.255000e+02 4.000000e+01
      vertex   -2.498791e+02 2.257412e+02 7.272727e+00
      vertex   -2.499790e+02 2.255000e+02 -2.000000e+01
    endloop
  endfacet
  facet normal -9.238795e-01 3.826834e-01 -3.045431e-19
    outer loop
      vertex   -2.499790e+02 2.255000e+02 -2.000000e+01
      vertex   -2.498791e+02 2.257412e+02 7.272727e+00
      vertex   -2.498791e+02 2.257412e+02 1.818182e+00
    endloop
  endfacet
  facet normal -9.238795e-01 3.826834e-01 -3.045431e-19
    outer loop
      vertex   -2.499790e+02 2.255000e+02 -2.000000e+01
      vertex   -2.498791e+02 2.257412e+02 1.818182e+00
      vertex   -2.498791e+02 2.257412e+02 -3.636364e+00
    endloop
  endfacet
  facet normal -9.914449e-01 1.305262e-01 0.000000e+00
    outer loop
      vertex   -2.498791e+02 2.257412e+02 -3.636364e+00
      vertex   -2.498791e+02 2.257412e+02 1.818182e+00
      vertex   -2.498450e+02 2.260000e+02 -3.636364e+00
    endloop
  endfacet
  facet normal -9.914449e-01 1.305262e-01 -2.733448e-19
    outer loop
      vertex   -2.498791e+02 2.257412e+02 -3.636364e+00
      vertex   -2.498450e+02 2.260000e+02 -3.636364e+00
      vertex   -2.498450e+02 2.260000e+02 -9.090909e+00
    endloop
  endfacet
  facet normal -9.914449e-01 -1.305262e-01 0.000000e+00
    outer loop
      vertex   -2.498450e+02 2.260000e+02 -9.090909e+00
      vertex   -2.498450e+02 2.260000e+02 -3.636364e+00
      vertex   -2.498791e+02 2.262588e+02 -9.090909e+00
    endloop
  endfacet
  facet normal -9.914449e-01 -1.305262e-01 -5.712600e-20
    outer loop
      vertex   -2.498450e+02 2.260000e+02 -9.090909e+00
      vertex   -2.498791e+02 2.262588e+02 -9.090909e+00
      vertex   -2.498791e+02 2.262588e+02 -1.454545e+01
    endloop
  endfacet
  facet normal -9.238795e-01 -3.826834e-01 0.000000e+00
    outer loop
      vertex   -2.498791e+02 2.262588e+02 -1.454545e+01
      vertex   -2.498791e+02 2.262588e+02 -9.090909e+00
      vertex   -2.499790e+02 2.265000e+02 -1.454545e+01
    endloop
  endfacet
  facet normal -1.305262e-01 -9.914449e-01 0.000000e+00
    outer loop
      vertex   -2.508450e+02 2.270000e+02 -2.000000e+01
      vertex   -2.505862e+02 2.269659e+02 1.272727e+01
      vertex   -2.508450e+02 2.270000e+02 4.000000e+01
    endloop
  endfacet
  facet normal -1.305262e-01 -9.914449e-01 -3.464691e-19
    outer loop
      vertex   -2.508450e+02 2.270000e+02 4.000000e+01
      vertex   -2.505862e+02 2.269659e+02 1.272727e+01
      vertex   -2.505862e+02 2.269659e+02 1.818182e+01
    endloop
  endfacet
  facet normal -1.305262e-01 -9.914449e-01 -3.464691e-19
    outer loop
      vertex   -2.508450e+02 2.270000e+02 4.000000e+01
      vertex   -2.505862e+02 2.269659e+02 1.818182e+01
      vertex   -2.505862e+02 2.269659e+02 2.363636e+01
    endloop
  endfacet
  facet normal -3.826834e-01 -9.238795e-01 -0.000000e+00
    outer loop
      vertex   -2.505862e+02 2.269659e+02 2.363636e+01
      vertex   -2.505862e+02 2.269659e+02 1.818182e+01
      vertex   -2.503450e+02 2.268660e+02 2.363636e+01
    endloop
  endfacet
  facet normal -3.826834e-01 -9.238795e-01 -6.317256e-19
    outer loop
      vertex   -2.505862e+02 2.269659e+02 2.363636e+01
      vertex   -2.503450e+02 2.268660e+02 2.363636e+01
      vertex   -2.503450e+02 2.268660e+02 2.909091e+01
    endloop
  endfacet
  facet normal -6.087614e-01 -7.933533e-01 -0.000000e+00
    outer loop
      vertex   -2.503450e+02 2.268660e+02 2.909091e+01
      vertex   -2.503450e+02 2.268660e+02 2.363636e+01
      vertex   -2.501379e+02 2.267071e+02 2.909091e+01
    endloop
  endfacet
  facet normal -6.087614e-01 -7.933533e-01 -1.456065e-18
    outer loop
      vertex   -2.503450e+02 2.268660e+02 2.909091e+01
      vertex   -2.501379e+02 2.267071e+02 2.909091e+01
      vertex   -2.501379e+02 2.267071e+02 3.454545e+01
    endloop
  endfacet
  facet normal -7.933533e-01 -6.087614e-01 -0.000000e+00
    outer loop
      vertex   -2.501379e+02 2.267071e+02 3.454545e+01
      vertex   -2.501379e+02 2.267071e+02 2.909091e+01
      vertex   -2.499790e+02 2.265000e+02 3.454545e+01
    endloop
  endfacet
  facet normal -3.826834e-01 -9.238795e-01 -0.000000e+00
    outer loop
      vertex   -2.505862e+02 2.269659e+02 -9.090909e+00
      vertex   -2.505862e+02 2.269659e+02 -1.454545e+01
      vertex   -2.503450e+02 2.268660e+02 -9.090909e+00
    endloop
  endfacet
  facet normal -3.826834e-01 -9.238795e-01 -0.000000e+00
    outer loop
      vertex   -2.503450e+02 2.268660e+02 -9.090909e+00
      vertex   -2.505862e+02 2.269659e+02 -1.454545e+01
      vertex   -2.503450e+02 2.268660e+02 -1.454545e+01
    endloop
  endfacet
  facet normal -6.087614e-01 -7.933533e-01 -0.000000e+00
    outer loop
      vertex   -2.503450e+02 2.268660e+02 -9.090909e+00
      vertex   -2.503450e+02 2.268660e+02 -1.454545e+01
      vertex   -2.501379e+02 2.267071e+02 -9.090909e+00
    endloop
  endfacet
  facet normal -6.087614e-01 -7.933533e-01 -0.000000e+00
    outer loop
      vertex   -2.501379e+02 2.267071e+02 -9.090909e+00
      vertex   -2.503450e+02 2.268660e+02 -1.454545e+01
      vertex   -2.501379e+02 2.267071e+02 -1.454545e+01
    endloop
  endfacet
  facet normal -7.933533e-01 -6.087614e-01 -0.000000e+00
    outer loop
      vertex   -2.501379e+02 2.267071e+02 -9.090909e+00
      vertex   -2.501379e+02 2.267071e+02 -1.454545e+01
      vertex   -2.499790e+02 2.265000e+02 -9.090909e+00
    endloop
  endfacet
  facet normal -7.933533e-01 -6.087614e-01 -0.000000e+00
    outer loop
      vertex   -2.499790e+02 2.265000e+02 -9.090909e+00
      vertex   -2.501379e+02 2.267071e+02 -1.454545e+01
      vertex   -2.499790e+02 2.265000e+02 -1.454545e+01
    endloop
  endfacet
  facet normal -9.238795e-01 -3.826834e-01 -0.000000e+00
    outer loop
      vertex   -2.499790e+02 2.265000e+02 -9.090909e+00
      vertex   -2.499790e+02 2.265000e+02 -1.454545e+01
      vertex   -2.498791e+02 2.262588e+02 -9.090909e+00
    endloop
  endfacet
  facet normal -1.305262e-01 -9.914449e-01 0.000000e+00
    outer loop
      vertex   -2.505862e+02 2.269659e+02 -3.636364e+00
      vertex   -2.505862e+02 2.269659e+02 1.818182e+00
      vertex   -2.508450e+02 2.270000e+02 -2.000000e+01
    endloop
  endfacet
  facet normal -1.305262e-01 -9.914449e-01 -3.464691e-19
    outer loop
      vertex   -2.508450e+02 2.270000e+02 -2.000000e+01
      vertex   -2.505862e+02 2.269659e+02 1.818182e+00
      vertex   -2.505862e+02 2.269659e+02 7.272727e+00
    endloop
  endfacet
  facet normal -1.305262e-01 -9.914449e-01 -3.464691e-19
    outer loop
      vertex   -2.508450e+02 2.270000e+02 -2.000000e+01
      vertex   -2.505862e+02 2.269659e+02 7.272727e+00
      vertex   -2.505862e+02 2.269659e+02 1.272727e+01
    endloop
  endfacet
  facet normal -3.826834e-01 -9.238795e-01 -0.000000e+00
    outer loop
      vertex   -2.505862e+02 2.269659e+02 1.272727e+01
      vertex   -2.505862e+02 2.269659e+02 7.272727e+00
      vertex   -2.503450e+02 2.268660e+02 1.272727e+01
    endloop
  endfacet
  facet normal -3.826834e-01 -9.238795e-01 -6.317256e-19
    outer loop
      vertex   -2.505862e+02 2.269659e+02 1.272727e+01
      vertex   -2.503450e+02 2.268660e+02 1.272727e+01
      vertex   -2.503450e+02 2.268660e+02 1.818182e+01
    endloop
  endfacet
  facet normal -6.087614e-01 -7.933533e-01 -0.000000e+00
    outer loop
      vertex   -2.503450e+02 2.268660e+02 1.818182e+01
      vertex   -2.503450e+02 2.268660e+02 1.272727e+01
      vertex   -2.501379e+02 2.267071e+02 1.818182e+01
    endloop
  endfacet
  facet normal -6.087614e-01 -7.933533e-01 -1.456065e-18
    outer loop
      vertex   -2.503450e+02 2.268660e+02 1.818182e+01
      vertex   -2.501379e+02 2.267071e+02 1.818182e+01
      vertex   -2.501379e+02 2.267071e+02 2.363636e+01
    endloop
  endfacet
  facet normal -7.933533e-01 -6.087614e-01 -0.000000e+00
    outer loop
      vertex   -2.501379e+02 2.267071e+02 2.363636e+01
      vertex   -2.501379e+02 2.267071e+02 1.818182e+01
      vertex   -2.499790e+02 2.265000e+02 2.363636e+01
    endloop
  endfacet
  facet normal -7.933533e-01 -6.087614e-01 2.247217e-18
    outer loop
      vertex   -2.501379e+02 2.267071e+02 2.363636e+01
      vertex   -2.499790e+02 2.265000e+02 2.363636e+01
      vertex   -2.499790e+02 2.265000e+02 2.909091e+01
    endloop
  endfacet
  facet normal -9.238795e-01 -3.826834e-01 -0.000000e+00
    outer loop
      vertex   -2.499790e+02 2.265000e+02 2.909091e+01
      vertex   -2.499790e+02 2.265000e+02 2.363636e+01
      vertex   -2.498791e+02 2.262588e+02 2.909091e+01
    endloop
  endfacet
  facet normal -9.238795e-01 -3.826834e-01 6.423544e-19
    outer loop
      vertex   -2.499790e+02 2.265000e+02 2.909091e+01
      vertex   -2.498791e+02 2.262588e+02 2.909091e+01
      vertex   -2.498791e+02 2.262588e+02 3.454545e+01
    endloop
  endfacet
  facet normal -9.914449e-01 -1.305262e-01 -0.000000e+00
    outer loop
      vertex   -2.498791e+02 2.262588e+02 3.454545e+01
      vertex   -2.498791e+02 2.262588e+02 2.909091e+01
      vertex   -2.498450e+02 2.260000e+02 3.454545e+01
    endloop
  endfacet
  facet normal -3.826834e-01 -9.238795e-01 0.000000e+00
    outer loop
      vertex   -2.505862e+02 2.269659e+02 -3.636364e+00
      vertex   -2.503450e+02 2.268660e+02 1.818182e+00
      vertex   -2.505862e+02 2.269659e+02 1.818182e+00
    endloop
  endfacet
  facet normal -3.826834e-01 -9.238795e-01 -6.317256e-19
    outer loop
      vertex   -2.505862e+02 2.269659e+02 1.818182e+00
      vertex   -2.503450e+02 2.268660e+02 1.818182e+00
      vertex   -2.503450e+02 2.268660e+02 7.272727e+00
    endloop
  endfacet
  facet normal -3.826834e-01 -9.238795e-01 0.000000e+00
    outer loop
      vertex   -2.505862e+02 2.269659e+02 1.818182e+00
      vertex   -2.503450e+02 2.268660e+02 7.272727e+00
      vertex   -2.505862e+02 2.269659e+02 7.272727e+00
    endloop
  endfacet
  facet normal -3.826834e-01 -9.238795e-01 -6.317256e-19
    outer loop
      vertex   -2.505862e+02 2.269659e+02 7.272727e+00
      vertex   -2.503450e+02 2.268660e+02 7.272727e+00
      vertex   -2.503450e+02 2.268660e+02 1.272727e+01
    endloop
  endfacet
  facet normal -3.826834e-01 -9.238795e-01 -0.000000e+00
    outer loop
      vertex   -2.503450e+02 2.268660e+02 2.363636e+01
      vertex   -2.505862e+02 2.269659e+02 1.818182e+01
      vertex   -2.503450e+02 2.268660e+02 1.818182e+01
    endloop
  endfacet
  facet normal -3.826834e-01 -9.238795e-01 -6.317256e-19
    outer loop
      vertex   -2.503450e+02 2.268660e+02 1.818182e+01
      vertex   -2.505862e+02 2.269659e+02 1.818182e+01
      vertex   -2.505862e+02 2.269659e+02 1.272727e+01
    endloop
  endfacet
  facet normal -1.305262e-01 -9.914449e-01 -0.000000e+00
    outer loop
      vertex   -2.505862e+02 2.269659e+02 3.454545e+01
      vertex   -2.508450e+02 2.270000e+02 4.000000e+01
      vertex   -2.505862e+02 2.269659e+02 2.909091e+01
    endloop
  endfacet
  facet normal -1.305262e-01 -9.914449e-01 -0.000000e+00
    outer loop
      vertex   -2.505862e+02 2.269659e+02 2.909091e+01
      vertex   -2.508450e+02 2.270000e+02 4.000000e+01
      vertex   -2.505862e+02 2.269659e+02 2.363636e+01
    endloop
  endfacet
  facet normal -3.826834e-01 -9.238795e-01 -0.000000e+00
    outer loop
      vertex   -2.505862e+02 2.269659e+02 2.909091e+01
      vertex   -2.505862e+02 2.269659e+02 2.363636e+01
      vertex   -2.503450e+02 2.268660e+02 2.909091e+01
    endloop
  endfacet
  facet normal -3.826834e-01 -9.238795e-01 -6.317256e-19
    outer loop
      vertex   -2.503450e+02 2.268660e+02 3.454545e+01
      vertex   -2.505862e+02 2.269659e+02 3.454545e+01
      vertex   -2.505862e+02 2.269659e+02 2.909091e+01
    endloop
  endfacet
  facet normal -3.826834e-01 -9.238795e-01 -0.000000e+00
    outer loop
      vertex   -2.503450e+02 2.268660e+02 3.454545e+01
      vertex   -2.505862e+02 2.269659e+02 2.909091e+01
      vertex   -2.503450e+02 2.268660e+02 2.909091e+01
    endloop
  endfacet
  facet normal -3.826834e-01 -9.238795e-01 -6.317256e-19
    outer loop
      vertex   -2.505862e+02 2.269659e+02 -9.090909e+00
      vertex   -2.503450e+02 2.268660e+02 -9.090909e+00
      vertex   -2.503450e+02 2.268660e+02 -3.636364e+00
    endloop
  endfacet
  facet normal -6.087614e-01 -7.933533e-01 -0.000000e+00
    outer loop
      vertex   -2.503450e+02 2.268660e+02 -3.636364e+00
      vertex   -2.503450e+02 2.268660e+02 -9.090909e+00
      vertex   -2.501379e+02 2.267071e+02 -3.636364e+00
    endloop
  endfacet
  facet normal -6.087614e-01 -7.933533e-01 -1.456065e-18
    outer loop
      vertex   -2.503450e+02 2.268660e+02 -3.636364e+00
      vertex   -2.501379e+02 2.267071e+02 -3.636364e+00
      vertex   -2.501379e+02 2.267071e+02 1.818182e+00
    endloop
  endfacet
  facet normal -7.933533e-01 -6.087614e-01 -0.000000e+00
    outer loop
      vertex   -2.501379e+02 2.267071e+02 1.818182e+00
      vertex   -2.501379e+02 2.267071e+02 -3.636364e+00
      vertex   -2.499790e+02 2.265000e+02 1.818182e+00
    endloop
  endfacet
  facet normal -7.933533e-01 -6.087614e-01 2.247217e-18
    outer loop
      vertex   -2.501379e+02 2.267071e+02 1.818182e+00
      vertex   -2.499790e+02 2.265000e+02 1.818182e+00
      vertex   -2.499790e+02 2.265000e+02 7.272727e+00
    endloop
  endfacet
  facet normal -9.238795e-01 -3.826834e-01 -0.000000e+00
    outer loop
      vertex   -2.499790e+02 2.265000e+02 7.272727e+00
      vertex   -2.499790e+02 2.265000e+02 1.818182e+00
      vertex   -2.498791e+02 2.262588e+02 7.272727e+00
    endloop
  endfacet
  facet normal -9.238795e-01 -3.826834e-01 -1.195731e-18
    outer loop
      vertex   -2.499790e+02 2.265000e+02 7.272727e+00
      vertex   -2.498791e+02 2.262588e+02 7.272727e+00
      vertex   -2.498791e+02 2.262588e+02 1.272727e+01
    endloop
  endfacet
  facet normal -9.914449e-01 -1.305262e-01 -0.000000e+00
    outer loop
      vertex   -2.498791e+02 2.262588e+02 1.272727e+01
      vertex   -2.498791e+02 2.262588e+02 7.272727e+00
      vertex   -2.498450e+02 2.260000e+02 1.272727e+01
    endloop
  endfacet
  facet normal -9.914449e-01 -1.305262e-01 -5.712600e-20
    outer loop
      vertex   -2.498791e+02 2.262588e+02 1.272727e+01
      vertex   -2.498450e+02 2.260000e+02 1.272727e+01
      vertex   -2.498450e+02 2.260000e+02 1.818182e+01
    endloop
  endfacet
  facet normal -9.914449e-01 1.305262e-01 0.000000e+00
    outer loop
      vertex   -2.498450e+02 2.260000e+02 1.818182e+01
      vertex   -2.498450e+02 2.260000e+02 1.272727e+01
      vertex   -2.498791e+02 2.257412e+02 1.818182e+01
    endloop
  endfacet
  facet normal -9.914449e-01 1.305262e-01 -2.733448e-19
    outer loop
      vertex   -2.498450e+02 2.260000e+02 1.818182e+01
      vertex   -2.498791e+02 2.257412e+02 1.818182e+01
      vertex   -2.498791e+02 2.257412e+02 2.363636e+01
    endloop
  endfacet
  facet normal -9.238795e-01 3.826834e-01 0.000000e+00
    outer loop
      vertex   -2.498791e+02 2.257412e+02 2.363636e+01
      vertex   -2.498791e+02 2.257412e+02 1.818182e+01
      vertex   -2.499790e+02 2.255000e+02 4.000000e+01
    endloop
  endfacet
  facet normal -6.087614e-01 -7.933533e-01 -0.000000e+00
    outer loop
      vertex   -2.501379e+02 2.267071e+02 -3.636364e+00
      vertex   -2.503450e+02 2.268660e+02 -9.090909e+00
      vertex   -2.501379e+02 2.267071e+02 -9.090909e+00
    endloop
  endfacet
  facet normal -6.087614e-01 -7.933533e-01 0.000000e+00
    outer loop
      vertex   -2.503450e+02 2.268660e+02 1.818182e+00
      vertex   -2.501379e+02 2.267071e+02 7.272727e+00
      vertex   -2.503450e+02 2.268660e+02 7.272727e+00
    endloop
  endfacet
  facet normal -6.087614e-01 -7.933533e-01 -1.456065e-18
    outer loop
      vertex   -2.503450e+02 2.268660e+02 7.272727e+00
      vertex   -2.501379e+02 2.267071e+02 7.272727e+00
      vertex   -2.501379e+02 2.267071e+02 1.272727e+01
    endloop
  endfacet
  facet normal -6.087614e-01 -7.933533e-01 0.000000e+00
    outer loop
      vertex   -2.503450e+02 2.268660e+02 7.272727e+00
      vertex   -2.501379e+02 2.267071e+02 1.272727e+01
      vertex   -2.503450e+02 2.268660e+02 1.272727e+01
    endloop
  endfacet
  facet normal -6.087614e-01 -7.933533e-01 -1.456065e-18
    outer loop
      vertex   -2.503450e+02 2.268660e+02 1.272727e+01
      vertex   -2.501379e+02 2.267071e+02 1.272727e+01
      vertex   -2.501379e+02 2.267071e+02 1.818182e+01
    endloop
  endfacet
  facet normal -6.087614e-01 -7.933533e-01 -0.000000e+00
    outer loop
      vertex   -2.501379e+02 2.267071e+02 2.909091e+01
      vertex   -2.503450e+02 2.268660e+02 2.363636e+01
      vertex   -2.501379e+02 2.267071e+02 2.363636e+01
    endloop
  endfacet
  facet normal -6.087614e-01 -7.933533e-01 -1.456065e-18
    outer loop
      vertex   -2.501379e+02 2.267071e+02 2.363636e+01
      vertex   -2.503450e+02 2.268660e+02 2.363636e+01
      vertex   -2.503450e+02 2.268660e+02 1.818182e+01
    endloop
  endfacet
  facet normal -6.087614e-01 -7.933533e-01 -1.456065e-18
    outer loop
      vertex   -2.501379e+02 2.267071e+02 3.454545e+01
      vertex   -2.503450e+02 2.268660e+02 3.454545e+01
      vertex   -2.503450e+02 2.268660e+02 2.909091e+01
    endloop
  endfacet
  facet normal -7.933533e-01 -6.087614e-01 -0.000000e+00
    outer loop
      vertex   -2.501379e+02 2.267071e+02 -3.636364e+00
      vertex   -2.501379e+02 2.267071e+02 -9.090909e+00
      vertex   -2.499790e+02 2.265000e+02 -3.636364e+00
    endloop
  endfacet
  facet normal -7.933533e-01 -6.087614e-01 -0.000000e+00
    outer loop
      vertex   -2.499790e+02 2.265000e+02 -3.636364e+00
      vertex   -2.501379e+02 2.267071e+02 -9.090909e+00
      vertex   -2.499790e+02 2.265000e+02 -9.090909e+00
    endloop
  endfacet
  facet normal -9.238795e-01 -3.826834e-01 -0.000000e+00
    outer loop
      vertex   -2.499790e+02 2.265000e+02 -3.636364e+00
      vertex   -2.499790e+02 2.265000e+02 -9.090909e+00
      vertex   -2.498791e+02 2.262588e+02 -3.636364e+00
    endloop
  endfacet
  facet normal -9.238795e-01 -3.826834e-01 -0.000000e+00
    outer loop
      vertex   -2.498791e+02 2.262588e+02 -3.636364e+00
      vertex   -2.499790e+02 2.265000e+02 -9.090909e+00
      vertex   -2.498791e+02 2.262588e+02 -9.090909e+00
    endloop
  endfacet
  facet normal -9.914449e-01 -1.305262e-01 -0.000000e+00
    outer loop
      vertex   -2.498791e+02 2.262588e+02 -3.636364e+00
      vertex   -2.498791e+02 2.262588e+02 -9.090909e+00
      vertex   -2.498450e+02 2.260000e+02 -3.636364e+00
    endloop
  endfacet
  facet normal -7.933533e-01 -6.087614e-01 0.000000e+00
    outer loop
      vertex   -2.501379e+02 2.267071e+02 7.272727e+00
      vertex   -2.499790e+02 2.265000e+02 1.272727e+01
      vertex   -2.501379e+02 2.267071e+02 1.272727e+01
    endloop
  endfacet
  facet normal -7.933533e-01 -6.087614e-01 2.247217e-18
    outer loop
      vertex   -2.501379e+02 2.267071e+02 1.272727e+01
      vertex   -2.499790e+02 2.265000e+02 1.272727e+01
      vertex   -2.499790e+02 2.265000e+02 1.818182e+01
    endloop
  endfacet
  facet normal -7.933533e-01 -6.087614e-01 0.000000e+00
    outer loop
      vertex   -2.501379e+02 2.267071e+02 1.272727e+01
      vertex   -2.499790e+02 2.265000e+02 1.818182e+01
      vertex   -2.501379e+02 2.267071e+02 1.818182e+01
    endloop
  endfacet
  facet normal -7.933533e-01 -6.087614e-01 2.247217e-18
    outer loop
      vertex   -2.501379e+02 2.267071e+02 1.818182e+01
      vertex   -2.499790e+02 2.265000e+02 1.818182e+01
      vertex   -2.499790e+02 2.265000e+02 2.363636e+01
    endloop
  endfacet
  facet normal -7.933533e-01 -6.087614e-01 -0.000000e+00
    outer loop
      vertex   -2.499790e+02 2.265000e+02 3.454545e+01
      vertex   -2.501379e+02 2.267071e+02 2.909091e+01
      vertex   -2.499790e+02 2.265000e+02 2.909091e+01
    endloop
  endfacet
  facet normal -7.933533e-01 -6.087614e-01 2.247217e-18
    outer loop
      vertex   -2.499790e+02 2.265000e+02 2.909091e+01
      vertex   -2.501379e+02 2.267071e+02 2.909091e+01
      vertex   -2.501379e+02 2.267071e+02 2.363636e+01
    endloop
  endfacet
  facet normal -7.933533e-01 -6.087614e-01 2.247217e-18
    outer loop
      vertex   -2.501379e+02 2.267071e+02 -3.636364e+00
      vertex   -2.499790e+02 2.265000e+02 -3.636364e+00
      vertex   -2.499790e+02 2.265000e+02 1.818182e+00
    endloop
  endfacet
  facet normal -9.238795e-01 -3.826834e-01 -0.000000e+00
    outer loop
      vertex   -2.499790e+02 2.265000e+02 1.818182e+00
      vertex   -2.499790e+02 2.265000e+02 -3.636364e+00
      vertex   -2.498791e+02 2.262588e+02 1.818182e+00
    endloop
  endfacet
  facet normal -9.238795e-01 -3.826834e-01 -1.195731e-18
    outer loop
      vertex   -2.499790e+02 2.265000e+02 1.818182e+00
      vertex   -2.498791e+02 2.262588e+02 1.818182e+00
      vertex   -2.498791e+02 2.262588e+02 7.272727e+00
    endloop
  endfacet
  facet normal -9.914449e-01 -1.305262e-01 -0.000000e+00
    outer loop
      vertex   -2.498791e+02 2.262588e+02 7.272727e+00
      vertex   -2.498791e+02 2.262588e+02 1.818182e+00
      vertex   -2.498450e+02 2.260000e+02 7.272727e+00
    endloop
  endfacet
  facet normal -9.914449e-01 -1.305262e-01 -5.712600e-20
    outer loop
      vertex   -2.498791e+02 2.262588e+02 7.272727e+00
      vertex   -2.498450e+02 2.260000e+02 7.272727e+00
      vertex   -2.498450e+02 2.260000e+02 1.272727e+01
    endloop
  endfacet
  facet normal -9.914449e-01 1.305262e-01 0.000000e+00
    outer loop
      vertex   -2.498450e+02 2.260000e+02 1.272727e+01
      vertex   -2.498450e+02 2.260000e+02 7.272727e+00
      vertex   -2.498791e+02 2.257412e+02 1.272727e+01
    endloop
  endfacet
  facet normal -9.914449e-01 1.305262e-01 -2.733448e-19
    outer loop
      vertex   -2.498450e+02 2.260000e+02 1.272727e+01
      vertex   -2.498791e+02 2.257412e+02 1.272727e+01
      vertex   -2.498791e+02 2.257412e+02 1.818182e+01
    endloop
  endfacet
  facet normal -9.238795e-01 3.826834e-01 0.000000e+00
    outer loop
      vertex   -2.498791e+02 2.257412e+02 1.818182e+01
      vertex   -2.498791e+02 2.257412e+02 1.272727e+01
      vertex   -2.499790e+02 2.255000e+02 4.000000e+01
    endloop
  endfacet
  facet normal -9.238795e-01 -3.826834e-01 -0.000000e+00
    outer loop
      vertex   -2.498791e+02 2.262588e+02 1.818182e+00
      vertex   -2.499790e+02 2.265000e+02 -3.636364e+00
      vertex   -2.498791e+02 2.262588e+02 -3.636364e+00
    endloop
  endfacet
  facet normal -9.238795e-01 -3.826834e-01 0.000000e+00
    outer loop
      vertex   -2.499790e+02 2.265000e+02 1.272727e+01
      vertex   -2.498791e+02 2.262588e+02 1.818182e+01
      vertex   -2.499790e+02 2.265000e+02 1.818182e+01
    endloop
  endfacet
  facet normal -9.238795e-01 -3.826834e-01 -4.813368e-15
    outer loop
      vertex   -2.499790e+02 2.265000e+02 1.818182e+01
      vertex   -2.498791e+02 2.262588e+02 1.818182e+01
      vertex   -2.498791e+02 2.262588e+02 2.363636e+01
    endloop
  endfacet
  facet normal -9.238795e-01 -3.826834e-01 0.000000e+00
    outer loop
      vertex   -2.499790e+02 2.265000e+02 1.818182e+01
      vertex   -2.498791e+02 2.262588e+02 2.363636e+01
      vertex   -2.499790e+02 2.265000e+02 2.363636e+01
    endloop
  endfacet
  facet normal -9.238795e-01 -3.826834e-01 6.423544e-19
    outer loop
      vertex   -2.499790e+02 2.265000e+02 2.363636e+01
      vertex   -2.498791e+02 2.262588e+02 2.363636e+01
      vertex   -2.498791e+02 2.262588e+02 2.909091e+01
    endloop
  endfacet
  facet normal -9.238795e-01 -3.826834e-01 6.423544e-19
    outer loop
      vertex   -2.498791e+02 2.262588e+02 3.454545e+01
      vertex   -2.499790e+02 2.265000e+02 3.454545e+01
      vertex   -2.499790e+02 2.265000e+02 2.909091e+01
    endloop
  endfacet
  facet normal -9.914449e-01 -1.305262e-01 -0.000000e+00
    outer loop
      vertex   -2.498450e+02 2.260000e+02 -9.090909e+00
      vertex   -2.498791e+02 2.262588e+02 -1.454545e+01
      vertex   -2.498450e+02 2.260000e+02 -1.454545e+01
    endloop
  endfacet
  facet normal -9.914449e-01 -1.305262e-01 -0.000000e+00
    outer loop
      vertex   -2.498791e+02 2.262588e+02 1.818182e+00
      vertex   -2.498791e+02 2.262588e+02 -3.636364e+00
      vertex   -2.498450e+02 2.260000e+02 1.818182e+00
    endloop
  endfacet
  facet normal -9.914449e-01 -1.305262e-01 -0.000000e+00
    outer loop
      vertex   -2.498450e+02 2.260000e+02 1.818182e+00
      vertex   -2.498791e+02 2.262588e+02 -3.636364e+00
      vertex   -2.498450e+02 2.260000e+02 -3.636364e+00
    endloop
  endfacet
  facet normal -9.914449e-01 1.305262e-01 0.000000e+00
    outer loop
      vertex   -2.498450e+02 2.260000e+02 1.818182e+00
      vertex   -2.498450e+02 2.260000e+02 -3.636364e+00
      vertex   -2.498791e+02 2.257412e+02 1.818182e+00
    endloop
  endfacet
  facet normal -9.914449e-01 -1.305262e-01 -5.166069e-15
    outer loop
      vertex   -2.498791e+02 2.262588e+02 1.818182e+01
      vertex   -2.498450e+02 2.260000e+02 2.363636e+01
      vertex   -2.498791e+02 2.262588e+02 2.363636e+01
    endloop
  endfacet
  facet normal -9.914449e-01 -1.305262e-01 5.626879e-19
    outer loop
      vertex   -2.498791e+02 2.262588e+02 2.363636e+01
      vertex   -2.498450e+02 2.260000e+02 2.363636e+01
      vertex   -2.498450e+02 2.260000e+02 2.909091e+01
    endloop
  endfacet
  facet normal -9.914449e-01 -1.305262e-01 0.000000e+00
    outer loop
      vertex   -2.498791e+02 2.262588e+02 2.363636e+01
      vertex   -2.498450e+02 2.260000e+02 2.909091e+01
      vertex   -2.498791e+02 2.262588e+02 2.909091e+01
    endloop
  endfacet
  facet normal -9.914449e-01 -1.305262e-01 5.626879e-19
    outer loop
      vertex   -2.498791e+02 2.262588e+02 2.909091e+01
      vertex   -2.498450e+02 2.260000e+02 2.909091e+01
      vertex   -2.498450e+02 2.260000e+02 3.454545e+01
    endloop
  endfacet
  facet normal -9.914449e-01 1.305262e-01 0.000000e+00
    outer loop
      vertex   -2.498450e+02 2.260000e+02 -9.090909e+00
      vertex   -2.498450e+02 2.260000e+02 -1.454545e+01
      vertex   -2.498791e+02 2.257412e+02 -9.090909e+00
    endloop
  endfacet
  facet normal -9.914449e-01 1.305262e-01 0.000000e+00
    outer loop
      vertex   -2.498791e+02 2.257412e+02 -9.090909e+00
      vertex   -2.498450e+02 2.260000e+02 -1.454545e+01
      vertex   -2.498791e+02 2.257412e+02 -1.454545e+01
    endloop
  endfacet
  facet normal -9.238795e-01 3.826834e-01 0.000000e+00
    outer loop
      vertex   -2.498791e+02 2.257412e+02 -9.090909e+00
      vertex   -2.498791e+02 2.257412e+02 -1.454545e+01
      vertex   -2.499790e+02 2.255000e+02 -2.000000e+01
    endloop
  endfacet
  facet normal -9.914449e-01 -1.305262e-01 -5.712600e-20
    outer loop
      vertex   -2.498791e+02 2.262588e+02 1.818182e+00
      vertex   -2.498450e+02 2.260000e+02 1.818182e+00
      vertex   -2.498450e+02 2.260000e+02 7.272727e+00
    endloop
  endfacet
  facet normal -9.914449e-01 1.305262e-01 0.000000e+00
    outer loop
      vertex   -2.498450e+02 2.260000e+02 7.272727e+00
      vertex   -2.498450e+02 2.260000e+02 1.818182e+00
      vertex   -2.498791e+02 2.257412e+02 7.272727e+00
    endloop
  endfacet
  facet normal -9.914449e-01 1.305262e-01 -2.733448e-19
    outer loop
      vertex   -2.498450e+02 2.260000e+02 7.272727e+00
      vertex   -2.498791e+02 2.257412e+02 7.272727e+00
      vertex   -2.498791e+02 2.257412e+02 1.272727e+01
    endloop
  endfacet
  facet normal -9.238795e-01 3.826834e-01 0.000000e+00
    outer loop
      vertex   -2.498791e+02 2.257412e+02 1.272727e+01
      vertex   -2.498791e+02 2.257412e+02 7.272727e+00
      vertex   -2.499790e+02 2.255000e+02 4.000000e+01
    endloop
  endfacet
  facet normal -9.914449e-01 1.305262e-01 0.000000e+00
    outer loop
      vertex   -2.498791e+02 2.257412e+02 7.272727e+00
      vertex   -2.498450e+02 2.260000e+02 1.818182e+00
      vertex   -2.498791e+02 2.257412e+02 1.818182e+00
    endloop
  endfacet
  facet normal -9.914449e-01 1.305262e-01 -2.733448e-19
    outer loop
      vertex   -2.498791e+02 2.257412e+02 3.454545e+01
      vertex   -2.498450e+02 2.260000e+02 3.454545e+01
      vertex   -2.498450e+02 2.260000e+02 2.909091e+01
    endloop
  endfacet
  facet normal -9.914449e-01 1.305262e-01 0.000000e+00
    outer loop
      vertex   -2.498791e+02 2.257412e+02 3.454545e+01
      vertex   -2.498450e+02 2.260000e+02 2.909091e+01
      vertex   -2.498791e+02 2.257412e+02 2.909091e+01
    endloop
  endfacet
  facet normal -9.914449e-01 1.305262e-01 -2.733448e-19
    outer loop
      vertex   -2.498791e+02 2.257412e+02 2.909091e+01
      vertex   -2.498450e+02 2.260000e+02 2.909091e+01
      vertex   -2.498450e+02 2.260000e+02 2.363636e+01
    endloop
  endfacet
  facet normal -9.238795e-01 3.826834e-01 -3.045431e-19
    outer loop
      vertex   -2.499790e+02 2.255000e+02 -2.000000e+01
      vertex   -2.498791e+02 2.257412e+02 -3.636364e+00
      vertex   -2.498791e+02 2.257412e+02 -9.090909e+00
    endloop
  endfacet
  facet normal -9.914449e-01 1.305262e-01 0.000000e+00
    outer loop
      vertex   -2.498791e+02 2.257412e+02 -9.090909e+00
      vertex   -2.498791e+02 2.257412e+02 -3.636364e+00
      vertex   -2.498450e+02 2.260000e+02 -9.090909e+00
    endloop
  endfacet
  facet normal -1.274322e-01 -2.825104e-02 -9.914449e-01
    outer loop
      vertex   -2.379574e+02 3.542585e+02 2.269927e+00
      vertex   -2.370916e+02 3.503534e+02 2.269927e+00
      vertex   -2.384627e+02 3.541465e+02 2.338075e+00
    endloop
  endfacet
  facet normal -1.274322e-01 -2.825104e-02 -9.914449e-01
    outer loop
      vertex   -2.384627e+02 3.541465e+02 2.338075e+00
      vertex   -2.370916e+02 3.503534e+02 2.269927e+00
      vertex   -2.375970e+02 3.502413e+02 2.338075e+00
    endloop
  endfacet
  facet normal 1.274322e-01 2.825104e-02 -9.914449e-01
    outer loop
      vertex   -2.384627e+02 3.541465e+02 2.338075e+00
      vertex   -2.375970e+02 3.502413e+02 2.338075e+00
      vertex   -2.389681e+02 3.540345e+02 2.269927e+00
    endloop
  endfacet
  facet normal 1.274322e-01 2.825104e-02 -9.914449e-01
    outer loop
      vertex   -2.389681e+02 3.540345e+02 2.269927e+00
      vertex   -2.375970e+02 3.502413e+02 2.338075e+00
      vertex   -2.381024e+02 3.501293e+02 2.269927e+00
    endloop
  endfacet
  facet normal 3.736123e-01 8.282785e-02 -9.238795e-01
    outer loop
      vertex   -2.389681e+02 3.540345e+02 2.269927e+00
      vertex   -2.381024e+02 3.501293e+02 2.269927e+00
      vertex   -2.394390e+02 3.539301e+02 2.070126e+00
    endloop
  endfacet
  facet normal 3.736123e-01 8.282785e-02 -9.238795e-01
    outer loop
      vertex   -2.394390e+02 3.539301e+02 2.070126e+00
      vertex   -2.381024e+02 3.501293e+02 2.269927e+00
      vertex   -2.385733e+02 3.500249e+02 2.070126e+00
    endloop
  endfacet
  facet normal 5.943314e-01 1.317601e-01 -7.933533e-01
    outer loop
      vertex   -2.394390e+02 3.539301e+02 2.070126e+00
      vertex   -2.385733e+02 3.500249e+02 2.070126e+00
      vertex   -2.398434e+02 3.538404e+02 1.752289e+00
    endloop
  endfacet
  facet normal 5.943314e-01 1.317601e-01 -7.933533e-01
    outer loop
      vertex   -2.398434e+02 3.538404e+02 1.752289e+00
      vertex   -2.385733e+02 3.500249e+02 2.070126e+00
      vertex   -2.389777e+02 3.499352e+02 1.752289e+00
    endloop
  endfacet
  facet normal 7.745477e-01 1.717131e-01 -6.087614e-01
    outer loop
      vertex   -2.398434e+02 3.538404e+02 1.752289e+00
      vertex   -2.389777e+02 3.499352e+02 1.752289e+00
      vertex   -2.401537e+02 3.537716e+02 1.338075e+00
    endloop
  endfacet
  facet normal 7.745477e-01 1.717131e-01 -6.087614e-01
    outer loop
      vertex   -2.401537e+02 3.537716e+02 1.338075e+00
      vertex   -2.389777e+02 3.499352e+02 1.752289e+00
      vertex   -2.392880e+02 3.498664e+02 1.338075e+00
    endloop
  endfacet
  facet normal 9.019799e-01 1.999641e-01 -3.826834e-01
    outer loop
      vertex   -2.401537e+02 3.537716e+02 1.338075e+00
      vertex   -2.392880e+02 3.498664e+02 1.338075e+00
      vertex   -2.403488e+02 3.537284e+02 8.557132e-01
    endloop
  endfacet
  facet normal 9.019799e-01 1.999641e-01 -3.826834e-01
    outer loop
      vertex   -2.403488e+02 3.537284e+02 8.557132e-01
      vertex   -2.392880e+02 3.498664e+02 1.338075e+00
      vertex   -2.394830e+02 3.498232e+02 8.557132e-01
    endloop
  endfacet
  facet normal 9.679437e-01 2.145879e-01 -1.305262e-01
    outer loop
      vertex   -2.403488e+02 3.537284e+02 8.557132e-01
      vertex   -2.394830e+02 3.498232e+02 8.557132e-01
      vertex   -2.404153e+02 3.537136e+02 3.380751e-01
    endloop
  endfacet
  facet normal 9.679437e-01 2.145879e-01 -1.305262e-01
    outer loop
      vertex   -2.404153e+02 3.537136e+02 3.380751e-01
      vertex   -2.394830e+02 3.498232e+02 8.557132e-01
      vertex   -2.395496e+02 3.498084e+02 3.380751e-01
    endloop
  endfacet
  facet normal 9.679437e-01 2.145879e-01 1.305262e-01
    outer loop
      vertex   -2.404153e+02 3.537136e+02 3.380751e-01
      vertex   -2.395496e+02 3.498084e+02 3.380751e-01
      vertex   -2.403488e+02 3.537284e+02 -1.795630e-01
    endloop
  endfacet
  facet normal 9.679437e-01 2.145879e-01 1.305262e-01
    outer loop
      vertex   -2.403488e+02 3.537284e+02 -1.795630e-01
      vertex   -2.395496e+02 3.498084e+02 3.380751e-01
      vertex   -2.394830e+02 3.498232e+02 -1.795630e-01
    endloop
  endfacet
  facet normal 9.019799e-01 1.999641e-01 3.826834e-01
    outer loop
      vertex   -2.403488e+02 3.537284e+02 -1.795630e-01
      vertex   -2.394830e+02 3.498232e+02 -1.795630e-01
      vertex   -2.401537e+02 3.537716e+02 -6.619249e-01
    endloop
  endfacet
  facet normal 9.019799e-01 1.999641e-01 3.826834e-01
    outer loop
      vertex   -2.401537e+02 3.537716e+02 -6.619249e-01
      vertex   -2.394830e+02 3.498232e+02 -1.795630e-01
      vertex   -2.392880e+02 3.498664e+02 -6.619249e-01
    endloop
  endfacet
  facet normal 7.745477e-01 1.717131e-01 6.087614e-01
    outer loop
      vertex   -2.401537e+02 3.537716e+02 -6.619249e-01
      vertex   -2.392880e+02 3.498664e+02 -6.619249e-01
      vertex   -2.398434e+02 3.538404e+02 -1.076138e+00
    endloop
  endfacet
  facet normal 7.745477e-01 1.717131e-01 6.087614e-01
    outer loop
      vertex   -2.398434e+02 3.538404e+02 -1.076138e+00
      vertex   -2.392880e+02 3.498664e+02 -6.619249e-01
      vertex   -2.389777e+02 3.499352e+02 -1.076138e+00
    endloop
  endfacet
  facet normal 5.943314e-01 1.317601e-01 7.933533e-01
    outer loop
      vertex   -2.398434e+02 3.538404e+02 -1.076138e+00
      vertex   -2.389777e+02 3.499352e+02 -1.076138e+00
      vertex   -2.394390e+02 3.539301e+02 -1.393976e+00
    endloop
  endfacet
  facet normal 5.943314e-01 1.317601e-01 7.933533e-01
    outer loop
      vertex   -2.394390e+02 3.539301e+02 -1.393976e+00
      vertex   -2.389777e+02 3.499352e+02 -1.076138e+00
      vertex   -2.385733e+02 3.500249e+02 -1.393976e+00
    endloop
  endfacet
  facet normal 3.736123e-01 8.282785e-02 9.238795e-01
    outer loop
      vertex   -2.394390e+02 3.539301e+02 -1.393976e+00
      vertex   -2.385733e+02 3.500249e+02 -1.393976e+00
      vertex   -2.389681e+02 3.540345e+02 -1.593777e+00
    endloop
  endfacet
  facet normal 3.736123e-01 8.282785e-02 9.238795e-01
    outer loop
      vertex   -2.389681e+02 3.540345e+02 -1.593777e+00
      vertex   -2.385733e+02 3.500249e+02 -1.393976e+00
      vertex   -2.381024e+02 3.501293e+02 -1.593777e+00
    endloop
  endfacet
  facet normal 1.274322e-01 2.825104e-02 9.914449e-01
    outer loop
      vertex   -2.389681e+02 3.540345e+02 -1.593777e+00
      vertex   -2.381024e+02 3.501293e+02 -1.593777e+00
      vertex   -2.384627e+02 3.541465e+02 -1.661925e+00
    endloop
  endfacet
  facet normal 1.274322e-01 2.825104e-02 9.914449e-01
    outer loop
      vertex   -2.384627e+02 3.541465e+02 -1.661925e+00
      vertex   -2.381024e+02 3.501293e+02 -1.593777e+00
      vertex   -2.375970e+02 3.502413e+02 -1.661925e+00
    endloop
  endfacet
  facet normal -1.274322e-01 -2.825104e-02 9.914449e-01
    outer loop
      vertex   -2.384627e+02 3.541465e+02 -1.661925e+00
      vertex   -2.375970e+02 3.502413e+02 -1.661925e+00
      vertex   -2.379574e+02 3.542585e+02 -1.593777e+00
    endloop
  endfacet
  facet normal -1.274322e-01 -2.825104e-02 9.914449e-01
    outer loop
      vertex   -2.379574e+02 3.542585e+02 -1.593777e+00
      vertex   -2.375970e+02 3.502413e+02 -1.661925e+00
      vertex   -2.370916e+02 3.503534e+02 -1.593777e+00
    endloop
  endfacet
  facet normal -3.736123e-01 -8.282785e-02 9.238795e-01
    outer loop
      vertex   -2.379574e+02 3.542585e+02 -1.593777e+00
      vertex   -2.370916e+02 3.503534e+02 -1.593777e+00
      vertex   -2.374864e+02 3.543629e+02 -1.393976e+00
    endloop
  endfacet
  facet normal -3.736123e-01 -8.282785e-02 9.238795e-01
    outer loop
      vertex   -2.374864e+02 3.543629e+02 -1.393976e+00
      vertex   -2.370916e+02 3.503534e+02 -1.593777e+00
      vertex   -2.366207e+02 3.504578e+02 -1.393976e+00
    endloop
  endfacet
  facet normal -5.943314e-01 -1.317601e-01 7.933533e-01
    outer loop
      vertex   -2.374864e+02 3.543629e+02 -1.393976e+00
      vertex   -2.366207e+02 3.504578e+02 -1.393976e+00
      vertex   -2.370821e+02 3.544526e+02 -1.076138e+00
    endloop
  endfacet
  facet normal -5.943314e-01 -1.317601e-01 7.933533e-01
    outer loop
      vertex   -2.370821e+02 3.544526e+02 -1.076138e+00
      vertex   -2.366207e+02 3.504578e+02 -1.393976e+00
      vertex   -2.362163e+02 3.505474e+02 -1.076138e+00
    endloop
  endfacet
  facet normal -7.745477e-01 -1.717131e-01 6.087614e-01
    outer loop
      vertex   -2.370821e+02 3.544526e+02 -1.076138e+00
      vertex   -2.362163e+02 3.505474e+02 -1.076138e+00
      vertex   -2.367717e+02 3.545214e+02 -6.619249e-01
    endloop
  endfacet
  facet normal -7.745477e-01 -1.717131e-01 6.087614e-01
    outer loop
      vertex   -2.367717e+02 3.545214e+02 -6.619249e-01
      vertex   -2.362163e+02 3.505474e+02 -1.076138e+00
      vertex   -2.359060e+02 3.506162e+02 -6.619249e-01
    endloop
  endfacet
  facet normal -9.019799e-01 -1.999641e-01 3.826834e-01
    outer loop
      vertex   -2.367717e+02 3.545214e+02 -6.619249e-01
      vertex   -2.359060e+02 3.506162e+02 -6.619249e-01
      vertex   -2.365767e+02 3.545646e+02 -1.795630e-01
    endloop
  endfacet
  facet normal -9.019799e-01 -1.999641e-01 3.826834e-01
    outer loop
      vertex   -2.365767e+02 3.545646e+02 -1.795630e-01
      vertex   -2.359060e+02 3.506162e+02 -6.619249e-01
      vertex   -2.357109e+02 3.506594e+02 -1.795630e-01
    endloop
  endfacet
  facet normal -9.679437e-01 -2.145879e-01 1.305262e-01
    outer loop
      vertex   -2.365767e+02 3.545646e+02 -1.795630e-01
      vertex   -2.357109e+02 3.506594e+02 -1.795630e-01
      vertex   -2.365102e+02 3.545794e+02 3.380751e-01
    endloop
  endfacet
  facet normal -9.679437e-01 -2.145879e-01 1.305262e-01
    outer loop
      vertex   -2.365102e+02 3.545794e+02 3.380751e-01
      vertex   -2.357109e+02 3.506594e+02 -1.795630e-01
      vertex   -2.356444e+02 3.506742e+02 3.380751e-01
    endloop
  endfacet
  facet normal -9.679437e-01 -2.145879e-01 -1.305262e-01
    outer loop
      vertex   -2.365102e+02 3.545794e+02 3.380751e-01
      vertex   -2.356444e+02 3.506742e+02 3.380751e-01
      vertex   -2.365767e+02 3.545646e+02 8.557132e-01
    endloop
  endfacet
  facet normal -9.679437e-01 -2.145879e-01 -1.305262e-01
    outer loop
      vertex   -2.365767e+02 3.545646e+02 8.557132e-01
      vertex   -2.356444e+02 3.506742e+02 3.380751e-01
      vertex   -2.357109e+02 3.506594e+02 8.557132e-01
    endloop
  endfacet
  facet normal -9.019799e-01 -1.999641e-01 -3.826834e-01
    outer loop
      vertex   -2.365767e+02 3.545646e+02 8.557132e-01
      vertex   -2.357109e+02 3.506594e+02 8.557132e-01
      vertex   -2.367717e+02 3.545214e+02 1.338075e+00
    endloop
  endfacet
  facet normal -9.019799e-01 -1.999641e-01 -3.826834e-01
    outer loop
      vertex   -2.367717e+02 3.545214e+02 1.338075e+00
      vertex   -2.357109e+02 3.506594e+02 8.557132e-01
      vertex   -2.359060e+02 3.506162e+02 1.338075e+00
    endloop
  endfacet
  facet normal -7.745477e-01 -1.717131e-01 -6.087614e-01
    outer loop
      vertex   -2.367717e+02 3.545214e+02 1.338075e+00
      vertex   -2.359060e+02 3.506162e+02 1.338075e+00
      vertex   -2.370821e+02 3.544526e+02 1.752289e+00
    endloop
  endfacet
  facet normal -7.745477e-01 -1.717131e-01 -6.087614e-01
    outer loop
      vertex   -2.370821e+02 3.544526e+02 1.752289e+00
      vertex   -2.359060e+02 3.506162e+02 1.338075e+00
      vertex   -2.362163e+02 3.505474e+02 1.752289e+00
    endloop
  endfacet
  facet normal -5.943314e-01 -1.317601e-01 -7.933533e-01
    outer loop
      vertex   -2.370821e+02 3.544526e+02 1.752289e+00
      vertex   -2.362163e+02 3.505474e+02 1.752289e+00
      vertex   -2.374864e+02 3.543629e+02 2.070126e+00
    endloop
  endfacet
  facet normal -5.943314e-01 -1.317601e-01 -7.933533e-01
    outer loop
      vertex   -2.374864e+02 3.543629e+02 2.070126e+00
      vertex   -2.362163e+02 3.505474e+02 1.752289e+00
      vertex   -2.366207e+02 3.504578e+02 2.070126e+00
    endloop
  endfacet
  facet normal -3.736123e-01 -8.282785e-02 -9.238795e-01
    outer loop
      vertex   -2.374864e+02 3.543629e+02 2.070126e+00
      vertex   -2.366207e+02 3.504578e+02 2.070126e+00
      vertex   -2.379574e+02 3.542585e+02 2.269927e+00
    endloop
  endfacet
  facet normal -3.736123e-01 -8.282785e-02 -9.238795e-01
    outer loop
      vertex   -2.379574e+02 3.542585e+02 2.269927e+00
      vertex   -2.366207e+02 3.504578e+02 2.070126e+00
      vertex   -2.370916e+02 3.503534e+02 2.269927e+00
    endloop
  endfacet
  facet normal -1.274322e-01 -2.825104e-02 -9.914449e-01
    outer loop
      vertex   -1.895331e+02 3.649939e+02 2.269927e+00
      vertex   -1.886673e+02 3.610888e+02 2.269927e+00
      vertex   -1.900385e+02 3.648819e+02 2.338075e+00
    endloop
  endfacet
  facet normal -1.274322e-01 -2.825104e-02 -9.914449e-01
    outer loop
      vertex   -1.900385e+02 3.648819e+02 2.338075e+00
      vertex   -1.886673e+02 3.610888e+02 2.269927e+00
      vertex   -1.891727e+02 3.609767e+02 2.338075e+00
    endloop
  endfacet
  facet normal 1.274322e-01 2.825104e-02 -9.914449e-01
    outer loop
      vertex   -1.900385e+02 3.648819e+02 2.338075e+00
      vertex   -1.891727e+02 3.609767e+02 2.338075e+00
      vertex   -1.905438e+02 3.647699e+02 2.269927e+00
    endloop
  endfacet
  facet normal 1.274322e-01 2.825104e-02 -9.914449e-01
    outer loop
      vertex   -1.905438e+02 3.647699e+02 2.269927e+00
      vertex   -1.891727e+02 3.609767e+02 2.338075e+00
      vertex   -1.896781e+02 3.608647e+02 2.269927e+00
    endloop
  endfacet
  facet normal 3.736123e-01 8.282785e-02 -9.238795e-01
    outer loop
      vertex   -1.905438e+02 3.647699e+02 2.269927e+00
      vertex   -1.896781e+02 3.608647e+02 2.269927e+00
      vertex   -1.910148e+02 3.646655e+02 2.070126e+00
    endloop
  endfacet
  facet normal 3.736123e-01 8.282785e-02 -9.238795e-01
    outer loop
      vertex   -1.910148e+02 3.646655e+02 2.070126e+00
      vertex   -1.896781e+02 3.608647e+02 2.269927e+00
      vertex   -1.901490e+02 3.607603e+02 2.070126e+00
    endloop
  endfacet
  facet normal 5.943314e-01 1.317601e-01 -7.933533e-01
    outer loop
      vertex   -1.910148e+02 3.646655e+02 2.070126e+00
      vertex   -1.901490e+02 3.607603e+02 2.070126e+00
      vertex   -1.914192e+02 3.645758e+02 1.752289e+00
    endloop
  endfacet
  facet normal 5.943314e-01 1.317601e-01 -7.933533e-01
    outer loop
      vertex   -1.914192e+02 3.645758e+02 1.752289e+00
      vertex   -1.901490e+02 3.607603e+02 2.070126e+00
      vertex   -1.905534e+02 3.606706e+02 1.752289e+00
    endloop
  endfacet
  facet normal 7.745477e-01 1.717131e-01 -6.087614e-01
    outer loop
      vertex   -1.914192e+02 3.645758e+02 1.752289e+00
      vertex   -1.905534e+02 3.606706e+02 1.752289e+00
      vertex   -1.917295e+02 3.645070e+02 1.338075e+00
    endloop
  endfacet
  facet normal 7.745477e-01 1.717131e-01 -6.087614e-01
    outer loop
      vertex   -1.917295e+02 3.645070e+02 1.338075e+00
      vertex   -1.905534e+02 3.606706e+02 1.752289e+00
      vertex   -1.908637e+02 3.606018e+02 1.338075e+00
    endloop
  endfacet
  facet normal 9.019799e-01 1.999641e-01 -3.826834e-01
    outer loop
      vertex   -1.917295e+02 3.645070e+02 1.338075e+00
      vertex   -1.908637e+02 3.606018e+02 1.338075e+00
      vertex   -1.919245e+02 3.644638e+02 8.557132e-01
    endloop
  endfacet
  facet normal 9.019799e-01 1.999641e-01 -3.826834e-01
    outer loop
      vertex   -1.919245e+02 3.644638e+02 8.557132e-01
      vertex   -1.908637e+02 3.606018e+02 1.338075e+00
      vertex   -1.910588e+02 3.605586e+02 8.557132e-01
    endloop
  endfacet
  facet normal 9.679437e-01 2.145879e-01 -1.305262e-01
    outer loop
      vertex   -1.919245e+02 3.644638e+02 8.557132e-01
      vertex   -1.910588e+02 3.605586e+02 8.557132e-01
      vertex   -1.919911e+02 3.644490e+02 3.380751e-01
    endloop
  endfacet
  facet normal 9.679437e-01 2.145879e-01 -1.305262e-01
    outer loop
      vertex   -1.919911e+02 3.644490e+02 3.380751e-01
      vertex   -1.910588e+02 3.605586e+02 8.557132e-01
      vertex   -1.911253e+02 3.605438e+02 3.380751e-01
    endloop
  endfacet
  facet normal 9.679437e-01 2.145879e-01 1.305262e-01
    outer loop
      vertex   -1.919911e+02 3.644490e+02 3.380751e-01
      vertex   -1.911253e+02 3.605438e+02 3.380751e-01
      vertex   -1.919245e+02 3.644638e+02 -1.795630e-01
    endloop
  endfacet
  facet normal 9.679437e-01 2.145879e-01 1.305262e-01
    outer loop
      vertex   -1.919245e+02 3.644638e+02 -1.795630e-01
      vertex   -1.911253e+02 3.605438e+02 3.380751e-01
      vertex   -1.910588e+02 3.605586e+02 -1.795630e-01
    endloop
  endfacet
  facet normal 9.019799e-01 1.999641e-01 3.826834e-01
    outer loop
      vertex   -1.919245e+02 3.644638e+02 -1.795630e-01
      vertex   -1.910588e+02 3.605586e+02 -1.795630e-01
      vertex   -1.917295e+02 3.645070e+02 -6.619249e-01
    endloop
  endfacet
  facet normal 9.019799e-01 1.999641e-01 3.826834e-01
    outer loop
      vertex   -1.917295e+02 3.645070e+02 -6.619249e-01
      vertex   -1.910588e+02 3.605586e+02 -1.795630e-01
      vertex   -1.908637e+02 3.606018e+02 -6.619249e-01
    endloop
  endfacet
  facet normal 7.745477e-01 1.717131e-01 6.087614e-01
    outer loop
      vertex   -1.917295e+02 3.645070e+02 -6.619249e-01
      vertex   -1.908637e+02 3.606018e+02 -6.619249e-01
      vertex   -1.914192e+02 3.645758e+02 -1.076138e+00
    endloop
  endfacet
  facet normal 7.745477e-01 1.717131e-01 6.087614e-01
    outer loop
      vertex   -1.914192e+02 3.645758e+02 -1.076138e+00
      vertex   -1.908637e+02 3.606018e+02 -6.619249e-01
      vertex   -1.905534e+02 3.606706e+02 -1.076138e+00
    endloop
  endfacet
  facet normal 5.943314e-01 1.317601e-01 7.933533e-01
    outer loop
      vertex   -1.914192e+02 3.645758e+02 -1.076138e+00
      vertex   -1.905534e+02 3.606706e+02 -1.076138e+00
      vertex   -1.910148e+02 3.646655e+02 -1.393976e+00
    endloop
  endfacet
  facet normal 5.943314e-01 1.317601e-01 7.933533e-01
    outer loop
      vertex   -1.910148e+02 3.646655e+02 -1.393976e+00
      vertex   -1.905534e+02 3.606706e+02 -1.076138e+00
      vertex   -1.901490e+02 3.607603e+02 -1.393976e+00
    endloop
  endfacet
  facet normal 3.736123e-01 8.282785e-02 9.238795e-01
    outer loop
      vertex   -1.910148e+02 3.646655e+02 -1.393976e+00
      vertex   -1.901490e+02 3.607603e+02 -1.393976e+00
      vertex   -1.905438e+02 3.647699e+02 -1.593777e+00
    endloop
  endfacet
  facet normal 3.736123e-01 8.282785e-02 9.238795e-01
    outer loop
      vertex   -1.905438e+02 3.647699e+02 -1.593777e+00
      vertex   -1.901490e+02 3.607603e+02 -1.393976e+00
      vertex   -1.896781e+02 3.608647e+02 -1.593777e+00
    endloop
  endfacet
  facet normal 1.274322e-01 2.825104e-02 9.914449e-01
    outer loop
      vertex   -1.905438e+02 3.647699e+02 -1.593777e+00
      vertex   -1.896781e+02 3.608647e+02 -1.593777e+00
      vertex   -1.900385e+02 3.648819e+02 -1.661925e+00
    endloop
  endfacet
  facet normal 1.274322e-01 2.825104e-02 9.914449e-01
    outer loop
      vertex   -1.900385e+02 3.648819e+02 -1.661925e+00
      vertex   -1.896781e+02 3.608647e+02 -1.593777e+00
      vertex   -1.891727e+02 3.609767e+02 -1.661925e+00
    endloop
  endfacet
  facet normal -1.274322e-01 -2.825104e-02 9.914449e-01
    outer loop
      vertex   -1.900385e+02 3.648819e+02 -1.661925e+00
      vertex   -1.891727e+02 3.609767e+02 -1.661925e+00
      vertex   -1.895331e+02 3.649939e+02 -1.593777e+00
    endloop
  endfacet
  facet normal -1.274322e-01 -2.825104e-02 9.914449e-01
    outer loop
      vertex   -1.895331e+02 3.649939e+02 -1.593777e+00
      vertex   -1.891727e+02 3.609767e+02 -1.661925e+00
      vertex   -1.886673e+02 3.610888e+02 -1.593777e+00
    endloop
  endfacet
  facet normal -3.736123e-01 -8.282785e-02 9.238795e-01
    outer loop
      vertex   -1.895331e+02 3.649939e+02 -1.593777e+00
      vertex   -1.886673e+02 3.610888e+02 -1.593777e+00
      vertex   -1.890622e+02 3.650983e+02 -1.393976e+00
    endloop
  endfacet
  facet normal -3.736123e-01 -8.282785e-02 9.238795e-01
    outer loop
      vertex   -1.890622e+02 3.650983e+02 -1.393976e+00
      vertex   -1.886673e+02 3.610888e+02 -1.593777e+00
      vertex   -1.881964e+02 3.611932e+02 -1.393976e+00
    endloop
  endfacet
  facet normal -5.943314e-01 -1.317601e-01 7.933533e-01
    outer loop
      vertex   -1.890622e+02 3.650983e+02 -1.393976e+00
      vertex   -1.881964e+02 3.611932e+02 -1.393976e+00
      vertex   -1.886578e+02 3.651880e+02 -1.076138e+00
    endloop
  endfacet
  facet normal -5.943314e-01 -1.317601e-01 7.933533e-01
    outer loop
      vertex   -1.886578e+02 3.651880e+02 -1.076138e+00
      vertex   -1.881964e+02 3.611932e+02 -1.393976e+00
      vertex   -1.877920e+02 3.612828e+02 -1.076138e+00
    endloop
  endfacet
  facet normal -7.745477e-01 -1.717131e-01 6.087614e-01
    outer loop
      vertex   -1.886578e+02 3.651880e+02 -1.076138e+00
      vertex   -1.877920e+02 3.612828e+02 -1.076138e+00
      vertex   -1.883475e+02 3.652568e+02 -6.619249e-01
    endloop
  endfacet
  facet normal -7.745477e-01 -1.717131e-01 6.087614e-01
    outer loop
      vertex   -1.883475e+02 3.652568e+02 -6.619249e-01
      vertex   -1.877920e+02 3.612828e+02 -1.076138e+00
      vertex   -1.874817e+02 3.613516e+02 -6.619249e-01
    endloop
  endfacet
  facet normal -9.019799e-01 -1.999641e-01 3.826834e-01
    outer loop
      vertex   -1.883475e+02 3.652568e+02 -6.619249e-01
      vertex   -1.874817e+02 3.613516e+02 -6.619249e-01
      vertex   -1.881524e+02 3.653000e+02 -1.795630e-01
    endloop
  endfacet
  facet normal -9.019799e-01 -1.999641e-01 3.826834e-01
    outer loop
      vertex   -1.881524e+02 3.653000e+02 -1.795630e-01
      vertex   -1.874817e+02 3.613516e+02 -6.619249e-01
      vertex   -1.872866e+02 3.613948e+02 -1.795630e-01
    endloop
  endfacet
  facet normal -9.679437e-01 -2.145879e-01 1.305262e-01
    outer loop
      vertex   -1.881524e+02 3.653000e+02 -1.795630e-01
      vertex   -1.872866e+02 3.613948e+02 -1.795630e-01
      vertex   -1.880859e+02 3.653148e+02 3.380751e-01
    endloop
  endfacet
  facet normal -9.679437e-01 -2.145879e-01 1.305262e-01
    outer loop
      vertex   -1.880859e+02 3.653148e+02 3.380751e-01
      vertex   -1.872866e+02 3.613948e+02 -1.795630e-01
      vertex   -1.872201e+02 3.614096e+02 3.380751e-01
    endloop
  endfacet
  facet normal -9.679437e-01 -2.145879e-01 -1.305262e-01
    outer loop
      vertex   -1.880859e+02 3.653148e+02 3.380751e-01
      vertex   -1.872201e+02 3.614096e+02 3.380751e-01
      vertex   -1.881524e+02 3.653000e+02 8.557132e-01
    endloop
  endfacet
  facet normal -9.679437e-01 -2.145879e-01 -1.305262e-01
    outer loop
      vertex   -1.881524e+02 3.653000e+02 8.557132e-01
      vertex   -1.872201e+02 3.614096e+02 3.380751e-01
      vertex   -1.872866e+02 3.613948e+02 8.557132e-01
    endloop
  endfacet
  facet normal -9.019799e-01 -1.999641e-01 -3.826834e-01
    outer loop
      vertex   -1.881524e+02 3.653000e+02 8.557132e-01
      vertex   -1.872866e+02 3.613948e+02 8.557132e-01
      vertex   -1.883475e+02 3.652568e+02 1.338075e+00
    endloop
  endfacet
  facet normal -9.019799e-01 -1.999641e-01 -3.826834e-01
    outer loop
      vertex   -1.883475e+02 3.652568e+02 1.338075e+00
      vertex   -1.872866e+02 3.613948e+02 8.557132e-01
      vertex   -1.874817e+02 3.613516e+02 1.338075e+00
    endloop
  endfacet
  facet normal -7.745477e-01 -1.717131e-01 -6.087614e-01
    outer loop
      vertex   -1.883475e+02 3.652568e+02 1.338075e+00
      vertex   -1.874817e+02 3.613516e+02 1.338075e+00
      vertex   -1.886578e+02 3.651880e+02 1.752289e+00
    endloop
  endfacet
  facet normal -7.745477e-01 -1.717131e-01 -6.087614e-01
    outer loop
      vertex   -1.886578e+02 3.651880e+02 1.752289e+00
      vertex   -1.874817e+02 3.613516e+02 1.338075e+00
      vertex   -1.877920e+02 3.612828e+02 1.752289e+00
    endloop
  endfacet
  facet normal -5.943314e-01 -1.317601e-01 -7.933533e-01
    outer loop
      vertex   -1.886578e+02 3.651880e+02 1.752289e+00
      vertex   -1.877920e+02 3.612828e+02 1.752289e+00
      vertex   -1.890622e+02 3.650983e+02 2.070126e+00
    endloop
  endfacet
  facet normal -5.943314e-01 -1.317601e-01 -7.933533e-01
    outer loop
      vertex   -1.890622e+02 3.650983e+02 2.070126e+00
      vertex   -1.877920e+02 3.612828e+02 1.752289e+00
      vertex   -1.881964e+02 3.611932e+02 2.070126e+00
    endloop
  endfacet
  facet normal -3.736123e-01 -8.282785e-02 -9.238795e-01
    outer loop
      vertex   -1.890622e+02 3.650983e+02 2.070126e+00
      vertex   -1.881964e+02 3.611932e+02 2.070126e+00
      vertex   -1.895331e+02 3.649939e+02 2.269927e+00
    endloop
  endfacet
  facet normal -3.736123e-01 -8.282785e-02 -9.238795e-01
    outer loop
      vertex   -1.895331e+02 3.649939e+02 2.269927e+00
      vertex   -1.881964e+02 3.611932e+02 2.070126e+00
      vertex   -1.886673e+02 3.610888e+02 2.269927e+00
    endloop
  endfacet
  facet normal -9.569374e-02 -2.121479e-02 9.951847e-01
    outer loop
      vertex   -2.086477e+02 3.607563e+02 -7.661925e+00
      vertex   -2.084313e+02 3.597800e+02 -7.661925e+00
      vertex   -2.071240e+02 3.610941e+02 -7.508207e+00
    endloop
  endfacet
  facet normal -9.569374e-02 -2.121479e-02 9.951847e-01
    outer loop
      vertex   -2.071240e+02 3.610941e+02 -7.508207e+00
      vertex   -2.084313e+02 3.597800e+02 -7.661925e+00
      vertex   -2.069075e+02 3.601178e+02 -7.508207e+00
    endloop
  endfacet
  facet normal -2.834038e-01 -6.282910e-02 9.569403e-01
    outer loop
      vertex   -2.071240e+02 3.610941e+02 -7.508207e+00
      vertex   -2.069075e+02 3.601178e+02 -7.508207e+00
      vertex   -2.056588e+02 3.614190e+02 -7.052961e+00
    endloop
  endfacet
  facet normal -2.834038e-01 -6.282910e-02 9.569403e-01
    outer loop
      vertex   -2.056588e+02 3.614190e+02 -7.052961e+00
      vertex   -2.069075e+02 3.601178e+02 -7.508207e+00
      vertex   -2.054424e+02 3.604427e+02 -7.052961e+00
    endloop
  endfacet
  facet normal -4.602228e-01 -1.020289e-01 8.819213e-01
    outer loop
      vertex   -2.056588e+02 3.614190e+02 -7.052961e+00
      vertex   -2.054424e+02 3.604427e+02 -7.052961e+00
      vertex   -2.043085e+02 3.617183e+02 -6.313682e+00
    endloop
  endfacet
  facet normal -4.602228e-01 -1.020289e-01 8.819213e-01
    outer loop
      vertex   -2.043085e+02 3.617183e+02 -6.313682e+00
      vertex   -2.054424e+02 3.604427e+02 -7.052961e+00
      vertex   -2.040920e+02 3.607420e+02 -6.313682e+00
    endloop
  endfacet
  facet normal -6.193556e-01 -1.373078e-01 7.730105e-01
    outer loop
      vertex   -2.043085e+02 3.617183e+02 -6.313682e+00
      vertex   -2.040920e+02 3.607420e+02 -6.313682e+00
      vertex   -2.031249e+02 3.619807e+02 -5.318779e+00
    endloop
  endfacet
  facet normal -6.193556e-01 -1.373078e-01 7.730105e-01
    outer loop
      vertex   -2.031249e+02 3.619807e+02 -5.318779e+00
      vertex   -2.040920e+02 3.607420e+02 -6.313682e+00
      vertex   -2.029085e+02 3.610044e+02 -5.318779e+00
    endloop
  endfacet
  facet normal -7.546870e-01 -1.673101e-01 6.343933e-01
    outer loop
      vertex   -2.031249e+02 3.619807e+02 -5.318779e+00
      vertex   -2.029085e+02 3.610044e+02 -5.318779e+00
      vertex   -2.021536e+02 3.621960e+02 -4.106487e+00
    endloop
  endfacet
  facet normal -7.546870e-01 -1.673101e-01 6.343933e-01
    outer loop
      vertex   -2.021536e+02 3.621960e+02 -4.106487e+00
      vertex   -2.029085e+02 3.610044e+02 -5.318779e+00
      vertex   -2.019372e+02 3.612197e+02 -4.106487e+00
    endloop
  endfacet
  facet normal -8.610162e-01 -1.908827e-01 4.713967e-01
    outer loop
      vertex   -2.021536e+02 3.621960e+02 -4.106487e+00
      vertex   -2.019372e+02 3.612197e+02 -4.106487e+00
      vertex   -2.014319e+02 3.623561e+02 -2.723392e+00
    endloop
  endfacet
  facet normal -8.610162e-01 -1.908827e-01 4.713967e-01
    outer loop
      vertex   -2.014319e+02 3.623561e+02 -2.723392e+00
      vertex   -2.019372e+02 3.612197e+02 -4.106487e+00
      vertex   -2.012154e+02 3.613798e+02 -2.723392e+00
    endloop
  endfacet
  facet normal -9.342570e-01 -2.071198e-01 2.902847e-01
    outer loop
      vertex   -2.014319e+02 3.623561e+02 -2.723392e+00
      vertex   -2.012154e+02 3.613798e+02 -2.723392e+00
      vertex   -2.009874e+02 3.624546e+02 -1.222647e+00
    endloop
  endfacet
  facet normal -9.342570e-01 -2.071198e-01 2.902847e-01
    outer loop
      vertex   -2.009874e+02 3.624546e+02 -1.222647e+00
      vertex   -2.012154e+02 3.613798e+02 -2.723392e+00
      vertex   -2.007710e+02 3.614783e+02 -1.222647e+00
    endloop
  endfacet
  facet normal -9.715949e-01 -2.153974e-01 9.801714e-02
    outer loop
      vertex   -2.009874e+02 3.624546e+02 -1.222647e+00
      vertex   -2.007710e+02 3.614783e+02 -1.222647e+00
      vertex   -2.008373e+02 3.624879e+02 3.380751e-01
    endloop
  endfacet
  facet normal -9.715949e-01 -2.153974e-01 9.801714e-02
    outer loop
      vertex   -2.008373e+02 3.624879e+02 3.380751e-01
      vertex   -2.007710e+02 3.614783e+02 -1.222647e+00
      vertex   -2.006209e+02 3.615116e+02 3.380751e-01
    endloop
  endfacet
  facet normal -9.715949e-01 -2.153974e-01 -9.801714e-02
    outer loop
      vertex   -2.008373e+02 3.624879e+02 3.380751e-01
      vertex   -2.006209e+02 3.615116e+02 3.380751e-01
      vertex   -2.009874e+02 3.624546e+02 1.898798e+00
    endloop
  endfacet
  facet normal -9.715949e-01 -2.153974e-01 -9.801714e-02
    outer loop
      vertex   -2.009874e+02 3.624546e+02 1.898798e+00
      vertex   -2.006209e+02 3.615116e+02 3.380751e-01
      vertex   -2.007710e+02 3.614783e+02 1.898798e+00
    endloop
  endfacet
  facet normal -9.342570e-01 -2.071198e-01 -2.902847e-01
    outer loop
      vertex   -2.009874e+02 3.624546e+02 1.898798e+00
      vertex   -2.007710e+02 3.614783e+02 1.898798e+00
      vertex   -2.014319e+02 3.623561e+02 3.399543e+00
    endloop
  endfacet
  facet normal -9.342570e-01 -2.071198e-01 -2.902847e-01
    outer loop
      vertex   -2.014319e+02 3.623561e+02 3.399543e+00
      vertex   -2.007710e+02 3.614783e+02 1.898798e+00
      vertex   -2.012154e+02 3.613798e+02 3.399543e+00
    endloop
  endfacet
  facet normal -8.610162e-01 -1.908827e-01 -4.713967e-01
    outer loop
      vertex   -2.014319e+02 3.623561e+02 3.399543e+00
      vertex   -2.012154e+02 3.613798e+02 3.399543e+00
      vertex   -2.021536e+02 3.621960e+02 4.782637e+00
    endloop
  endfacet
  facet normal -8.610162e-01 -1.908827e-01 -4.713967e-01
    outer loop
      vertex   -2.021536e+02 3.621960e+02 4.782637e+00
      vertex   -2.012154e+02 3.613798e+02 3.399543e+00
      vertex   -2.019372e+02 3.612197e+02 4.782637e+00
    endloop
  endfacet
  facet normal -7.546870e-01 -1.673101e-01 -6.343933e-01
    outer loop
      vertex   -2.021536e+02 3.621960e+02 4.782637e+00
      vertex   -2.019372e+02 3.612197e+02 4.782637e+00
      vertex   -2.031249e+02 3.619807e+02 5.994929e+00
    endloop
  endfacet
  facet normal -7.546870e-01 -1.673101e-01 -6.343933e-01
    outer loop
      vertex   -2.031249e+02 3.619807e+02 5.994929e+00
      vertex   -2.019372e+02 3.612197e+02 4.782637e+00
      vertex   -2.029085e+02 3.610044e+02 5.994929e+00
    endloop
  endfacet
  facet normal -6.193556e-01 -1.373078e-01 -7.730105e-01
    outer loop
      vertex   -2.031249e+02 3.619807e+02 5.994929e+00
      vertex   -2.029085e+02 3.610044e+02 5.994929e+00
      vertex   -2.043085e+02 3.617183e+02 6.989832e+00
    endloop
  endfacet
  facet normal -6.193556e-01 -1.373078e-01 -7.730105e-01
    outer loop
      vertex   -2.043085e+02 3.617183e+02 6.989832e+00
      vertex   -2.029085e+02 3.610044e+02 5.994929e+00
      vertex   -2.040920e+02 3.607420e+02 6.989832e+00
    endloop
  endfacet
  facet normal -4.602228e-01 -1.020289e-01 -8.819213e-01
    outer loop
      vertex   -2.043085e+02 3.617183e+02 6.989832e+00
      vertex   -2.040920e+02 3.607420e+02 6.989832e+00
      vertex   -2.056588e+02 3.614190e+02 7.729111e+00
    endloop
  endfacet
  facet normal -4.602228e-01 -1.020289e-01 -8.819213e-01
    outer loop
      vertex   -2.056588e+02 3.614190e+02 7.729111e+00
      vertex   -2.040920e+02 3.607420e+02 6.989832e+00
      vertex   -2.054424e+02 3.604427e+02 7.729111e+00
    endloop
  endfacet
  facet normal -2.834038e-01 -6.282910e-02 -9.569403e-01
    outer loop
      vertex   -2.056588e+02 3.614190e+02 7.729111e+00
      vertex   -2.054424e+02 3.604427e+02 7.729111e+00
      vertex   -2.071240e+02 3.610941e+02 8.184357e+00
    endloop
  endfacet
  facet normal -2.834038e-01 -6.282910e-02 -9.569403e-01
    outer loop
      vertex   -2.071240e+02 3.610941e+02 8.184357e+00
      vertex   -2.054424e+02 3.604427e+02 7.729111e+00
      vertex   -2.069075e+02 3.601178e+02 8.184357e+00
    endloop
  endfacet
  facet normal -9.569374e-02 -2.121479e-02 -9.951847e-01
    outer loop
      vertex   -2.071240e+02 3.610941e+02 8.184357e+00
      vertex   -2.069075e+02 3.601178e+02 8.184357e+00
      vertex   -2.086477e+02 3.607563e+02 8.338075e+00
    endloop
  endfacet
  facet normal -9.569374e-02 -2.121479e-02 -9.951847e-01
    outer loop
      vertex   -2.086477e+02 3.607563e+02 8.338075e+00
      vertex   -2.069075e+02 3.601178e+02 8.184357e+00
      vertex   -2.084313e+02 3.597800e+02 8.338075e+00
    endloop
  endfacet
  facet normal 7.226042e-17 1.601975e-17 1.000000e+00
    outer loop
      vertex   -2.201468e+02 3.571828e+02 -7.661925e+00
      vertex   -2.084313e+02 3.597800e+02 -7.661925e+00
      vertex   -2.203632e+02 3.581591e+02 -7.661925e+00
    endloop
  endfacet
  facet normal 7.226042e-17 1.601975e-17 1.000000e+00
    outer loop
      vertex   -2.203632e+02 3.581591e+02 -7.661925e+00
      vertex   -2.084313e+02 3.597800e+02 -7.661925e+00
      vertex   -2.086477e+02 3.607563e+02 -7.661925e+00
    endloop
  endfacet
  facet normal 9.569374e-02 2.121479e-02 -9.951847e-01
    outer loop
      vertex   -2.203632e+02 3.581591e+02 8.338075e+00
      vertex   -2.201468e+02 3.571828e+02 8.338075e+00
      vertex   -2.218870e+02 3.578213e+02 8.184357e+00
    endloop
  endfacet
  facet normal 9.569374e-02 2.121479e-02 -9.951847e-01
    outer loop
      vertex   -2.218870e+02 3.578213e+02 8.184357e+00
      vertex   -2.201468e+02 3.571828e+02 8.338075e+00
      vertex   -2.216705e+02 3.568450e+02 8.184357e+00
    endloop
  endfacet
  facet normal 2.834038e-01 6.282910e-02 -9.569403e-01
    outer loop
      vertex   -2.218870e+02 3.578213e+02 8.184357e+00
      vertex   -2.216705e+02 3.568450e+02 8.184357e+00
      vertex   -2.233521e+02 3.574964e+02 7.729111e+00
    endloop
  endfacet
  facet normal 2.834038e-01 6.282910e-02 -9.569403e-01
    outer loop
      vertex   -2.233521e+02 3.574964e+02 7.729111e+00
      vertex   -2.216705e+02 3.568450e+02 8.184357e+00
      vertex   -2.231357e+02 3.565201e+02 7.729111e+00
    endloop
  endfacet
  facet normal 4.602228e-01 1.020289e-01 -8.819213e-01
    outer loop
      vertex   -2.233521e+02 3.574964e+02 7.729111e+00
      vertex   -2.231357e+02 3.565201e+02 7.729111e+00
      vertex   -2.247025e+02 3.571971e+02 6.989832e+00
    endloop
  endfacet
  facet normal 4.602228e-01 1.020289e-01 -8.819213e-01
    outer loop
      vertex   -2.247025e+02 3.571971e+02 6.989832e+00
      vertex   -2.231357e+02 3.565201e+02 7.729111e+00
      vertex   -2.244860e+02 3.562208e+02 6.989832e+00
    endloop
  endfacet
  facet normal 6.193556e-01 1.373078e-01 -7.730105e-01
    outer loop
      vertex   -2.247025e+02 3.571971e+02 6.989832e+00
      vertex   -2.244860e+02 3.562208e+02 6.989832e+00
      vertex   -2.258860e+02 3.569347e+02 5.994929e+00
    endloop
  endfacet
  facet normal 6.193556e-01 1.373078e-01 -7.730105e-01
    outer loop
      vertex   -2.258860e+02 3.569347e+02 5.994929e+00
      vertex   -2.244860e+02 3.562208e+02 6.989832e+00
      vertex   -2.256696e+02 3.559584e+02 5.994929e+00
    endloop
  endfacet
  facet normal 7.546870e-01 1.673101e-01 -6.343933e-01
    outer loop
      vertex   -2.258860e+02 3.569347e+02 5.994929e+00
      vertex   -2.256696e+02 3.559584e+02 5.994929e+00
      vertex   -2.268573e+02 3.567194e+02 4.782637e+00
    endloop
  endfacet
  facet normal 7.546870e-01 1.673101e-01 -6.343933e-01
    outer loop
      vertex   -2.268573e+02 3.567194e+02 4.782637e+00
      vertex   -2.256696e+02 3.559584e+02 5.994929e+00
      vertex   -2.266409e+02 3.557431e+02 4.782637e+00
    endloop
  endfacet
  facet normal 8.610162e-01 1.908827e-01 -4.713967e-01
    outer loop
      vertex   -2.268573e+02 3.567194e+02 4.782637e+00
      vertex   -2.266409e+02 3.557431e+02 4.782637e+00
      vertex   -2.275791e+02 3.565593e+02 3.399543e+00
    endloop
  endfacet
  facet normal 8.610162e-01 1.908827e-01 -4.713967e-01
    outer loop
      vertex   -2.275791e+02 3.565593e+02 3.399543e+00
      vertex   -2.266409e+02 3.557431e+02 4.782637e+00
      vertex   -2.273626e+02 3.555831e+02 3.399543e+00
    endloop
  endfacet
  facet normal 9.342570e-01 2.071198e-01 -2.902847e-01
    outer loop
      vertex   -2.275791e+02 3.565593e+02 3.399543e+00
      vertex   -2.273626e+02 3.555831e+02 3.399543e+00
      vertex   -2.280235e+02 3.564608e+02 1.898798e+00
    endloop
  endfacet
  facet normal 9.342570e-01 2.071198e-01 -2.902847e-01
    outer loop
      vertex   -2.280235e+02 3.564608e+02 1.898798e+00
      vertex   -2.273626e+02 3.555831e+02 3.399543e+00
      vertex   -2.278071e+02 3.554845e+02 1.898798e+00
    endloop
  endfacet
  facet normal 9.715949e-01 2.153974e-01 -9.801714e-02
    outer loop
      vertex   -2.280235e+02 3.564608e+02 1.898798e+00
      vertex   -2.278071e+02 3.554845e+02 1.898798e+00
      vertex   -2.281736e+02 3.564275e+02 3.380751e-01
    endloop
  endfacet
  facet normal 9.715949e-01 2.153974e-01 -9.801714e-02
    outer loop
      vertex   -2.281736e+02 3.564275e+02 3.380751e-01
      vertex   -2.278071e+02 3.554845e+02 1.898798e+00
      vertex   -2.279572e+02 3.554512e+02 3.380751e-01
    endloop
  endfacet
  facet normal 9.715949e-01 2.153974e-01 9.801714e-02
    outer loop
      vertex   -2.281736e+02 3.564275e+02 3.380751e-01
      vertex   -2.279572e+02 3.554512e+02 3.380751e-01
      vertex   -2.280235e+02 3.564608e+02 -1.222647e+00
    endloop
  endfacet
  facet normal 9.715949e-01 2.153974e-01 9.801714e-02
    outer loop
      vertex   -2.280235e+02 3.564608e+02 -1.222647e+00
      vertex   -2.279572e+02 3.554512e+02 3.380751e-01
      vertex   -2.278071e+02 3.554845e+02 -1.222647e+00
    endloop
  endfacet
  facet normal 9.342570e-01 2.071198e-01 2.902847e-01
    outer loop
      vertex   -2.280235e+02 3.564608e+02 -1.222647e+00
      vertex   -2.278071e+02 3.554845e+02 -1.222647e+00
      vertex   -2.275791e+02 3.565593e+02 -2.723392e+00
    endloop
  endfacet
  facet normal 9.342570e-01 2.071198e-01 2.902847e-01
    outer loop
      vertex   -2.275791e+02 3.565593e+02 -2.723392e+00
      vertex   -2.278071e+02 3.554845e+02 -1.222647e+00
      vertex   -2.273626e+02 3.555831e+02 -2.723392e+00
    endloop
  endfacet
  facet normal 8.610162e-01 1.908827e-01 4.713967e-01
    outer loop
      vertex   -2.275791e+02 3.565593e+02 -2.723392e+00
      vertex   -2.273626e+02 3.555831e+02 -2.723392e+00
      vertex   -2.268573e+02 3.567194e+02 -4.106487e+00
    endloop
  endfacet
  facet normal 8.610162e-01 1.908827e-01 4.713967e-01
    outer loop
      vertex   -2.268573e+02 3.567194e+02 -4.106487e+00
      vertex   -2.273626e+02 3.555831e+02 -2.723392e+00
      vertex   -2.266409e+02 3.557431e+02 -4.106487e+00
    endloop
  endfacet
  facet normal 7.546870e-01 1.673101e-01 6.343933e-01
    outer loop
      vertex   -2.268573e+02 3.567194e+02 -4.106487e+00
      vertex   -2.266409e+02 3.557431e+02 -4.106487e+00
      vertex   -2.258860e+02 3.569347e+02 -5.318779e+00
    endloop
  endfacet
  facet normal 7.546870e-01 1.673101e-01 6.343933e-01
    outer loop
      vertex   -2.258860e+02 3.569347e+02 -5.318779e+00
      vertex   -2.266409e+02 3.557431e+02 -4.106487e+00
      vertex   -2.256696e+02 3.559584e+02 -5.318779e+00
    endloop
  endfacet
  facet normal 6.193556e-01 1.373078e-01 7.730105e-01
    outer loop
      vertex   -2.258860e+02 3.569347e+02 -5.318779e+00
      vertex   -2.256696e+02 3.559584e+02 -5.318779e+00
      vertex   -2.247025e+02 3.571971e+02 -6.313682e+00
    endloop
  endfacet
  facet normal 6.193556e-01 1.373078e-01 7.730105e-01
    outer loop
      vertex   -2.247025e+02 3.571971e+02 -6.313682e+00
      vertex   -2.256696e+02 3.559584e+02 -5.318779e+00
      vertex   -2.244860e+02 3.562208e+02 -6.313682e+00
    endloop
  endfacet
  facet normal 4.602228e-01 1.020289e-01 8.819213e-01
    outer loop
      vertex   -2.247025e+02 3.571971e+02 -6.313682e+00
      vertex   -2.244860e+02 3.562208e+02 -6.313682e+00
      vertex   -2.233521e+02 3.574964e+02 -7.052961e+00
    endloop
  endfacet
  facet normal 4.602228e-01 1.020289e-01 8.819213e-01
    outer loop
      vertex   -2.233521e+02 3.574964e+02 -7.052961e+00
      vertex   -2.244860e+02 3.562208e+02 -6.313682e+00
      vertex   -2.231357e+02 3.565201e+02 -7.052961e+00
    endloop
  endfacet
  facet normal 2.834038e-01 6.282910e-02 9.569403e-01
    outer loop
      vertex   -2.233521e+02 3.574964e+02 -7.052961e+00
      vertex   -2.231357e+02 3.565201e+02 -7.052961e+00
      vertex   -2.218870e+02 3.578213e+02 -7.508207e+00
    endloop
  endfacet
  facet normal 2.834038e-01 6.282910e-02 9.569403e-01
    outer loop
      vertex   -2.218870e+02 3.578213e+02 -7.508207e+00
      vertex   -2.231357e+02 3.565201e+02 -7.052961e+00
      vertex   -2.216705e+02 3.568450e+02 -7.508207e+00
    endloop
  endfacet
  facet normal 9.569374e-02 2.121479e-02 9.951847e-01
    outer loop
      vertex   -2.218870e+02 3.578213e+02 -7.508207e+00
      vertex   -2.216705e+02 3.568450e+02 -7.508207e+00
      vertex   -2.203632e+02 3.581591e+02 -7.661925e+00
    endloop
  endfacet
  facet normal 9.569374e-02 2.121479e-02 9.951847e-01
    outer loop
      vertex   -2.203632e+02 3.581591e+02 -7.661925e+00
      vertex   -2.216705e+02 3.568450e+02 -7.508207e+00
      vertex   -2.201468e+02 3.571828e+02 -7.661925e+00
    endloop
  endfacet
  facet normal -1.445208e-16 -3.203950e-17 -1.000000e+00
    outer loop
      vertex   -2.084313e+02 3.597800e+02 8.338075e+00
      vertex   -2.201468e+02 3.571828e+02 8.338075e+00
      vertex   -2.086477e+02 3.607563e+02 8.338075e+00
    endloop
  endfacet
  facet normal -1.445208e-16 -3.203950e-17 -1.000000e+00
    outer loop
      vertex   -2.086477e+02 3.607563e+02 8.338075e+00
      vertex   -2.201468e+02 3.571828e+02 8.338075e+00
      vertex   -2.203632e+02 3.581591e+02 8.338075e+00
    endloop
  endfacet
  facet normal -1.000000e+00 -0.000000e+00 -0.000000e+00
    outer loop
      vertex   -2.549997e+02 3.556624e+02 -1.665182e+01
      vertex   -2.549997e+02 3.556624e+02 -2.000000e+01
      vertex   -2.549997e+02 3.494803e+02 -9.458925e+00
    endloop
  endfacet
  facet normal -1.000000e+00 9.795185e-16 5.744649e-16
    outer loop
      vertex   -2.549997e+02 3.494803e+02 -9.458925e+00
      vertex   -2.549997e+02 3.556624e+02 -2.000000e+01
      vertex   -2.549997e+02 2.915000e+02 -9.547005e+00
    endloop
  endfacet
  facet normal -1.000000e+00 9.829776e-16 -1.702567e-15
    outer loop
      vertex   -2.549997e+02 3.494803e+02 -9.458925e+00
      vertex   -2.549997e+02 2.915000e+02 -9.547005e+00
      vertex   -2.549997e+02 3.015000e+02 -3.773503e+00
    endloop
  endfacet
  facet normal -1.000000e+00 4.418027e-16 -2.726135e-15
    outer loop
      vertex   -2.549997e+02 3.556624e+02 -2.000000e+01
      vertex   -2.549997e+02 2.270000e+02 -2.000000e+01
      vertex   -2.549997e+02 2.915000e+02 -9.547005e+00
    endloop
  endfacet
  facet normal -1.000000e+00 0.000000e+00 0.000000e+00
    outer loop
      vertex   -2.549997e+02 2.915000e+02 -9.547005e+00
      vertex   -2.549997e+02 2.270000e+02 -2.000000e+01
      vertex   -2.549997e+02 2.690000e+02 -9.547005e+00
    endloop
  endfacet
  facet normal -1.000000e+00 -0.000000e+00 0.000000e+00
    outer loop
      vertex   -2.549997e+02 2.915000e+02 -9.547005e+00
      vertex   -2.549997e+02 2.690000e+02 -9.547005e+00
      vertex   -2.549997e+02 2.815000e+02 -3.773503e+00
    endloop
  endfacet
  facet normal -1.000000e+00 -0.000000e+00 0.000000e+00
    outer loop
      vertex   -2.549997e+02 2.815000e+02 -3.773503e+00
      vertex   -2.549997e+02 2.690000e+02 -9.547005e+00
      vertex   -2.549997e+02 2.790000e+02 -3.773503e+00
    endloop
  endfacet
  facet normal -1.000000e+00 0.000000e+00 0.000000e+00
    outer loop
      vertex   -2.549997e+02 2.815000e+02 -3.773503e+00
      vertex   -2.549997e+02 2.790000e+02 -3.773503e+00
      vertex   -2.549997e+02 2.810000e+02 1.045299e+01
    endloop
  endfacet
  facet normal -1.000000e+00 -0.000000e+00 0.000000e+00
    outer loop
      vertex   -2.549997e+02 2.810000e+02 1.045299e+01
      vertex   -2.549997e+02 2.790000e+02 -3.773503e+00
      vertex   -2.549997e+02 2.690000e+02 1.354701e+01
    endloop
  endfacet
  facet normal -1.000000e+00 0.000000e+00 0.000000e+00
    outer loop
      vertex   -2.549997e+02 2.810000e+02 1.045299e+01
      vertex   -2.549997e+02 2.690000e+02 1.354701e+01
      vertex   -2.549997e+02 2.710000e+02 1.622650e+01
    endloop
  endfacet
  facet normal -1.000000e+00 0.000000e+00 0.000000e+00
    outer loop
      vertex   -2.549997e+02 2.710000e+02 1.622650e+01
      vertex   -2.549997e+02 2.690000e+02 1.354701e+01
      vertex   -2.549997e+02 2.638038e+02 1.322650e+01
    endloop
  endfacet
  facet normal -1.000000e+00 -0.000000e+00 0.000000e+00
    outer loop
      vertex   -2.549997e+02 2.710000e+02 1.622650e+01
      vertex   -2.549997e+02 2.638038e+02 1.322650e+01
      vertex   -2.549997e+02 2.660000e+02 2.142265e+01
    endloop
  endfacet
  facet normal -1.000000e+00 0.000000e+00 0.000000e+00
    outer loop
      vertex   -2.549997e+02 2.270000e+02 4.400000e+01
      vertex   -2.549997e+02 2.490000e+02 1.622650e+01
      vertex   -2.549997e+02 2.270000e+02 -2.000000e+01
    endloop
  endfacet
  facet normal -1.000000e+00 0.000000e+00 0.000000e+00
    outer loop
      vertex   -2.549997e+02 2.270000e+02 -2.000000e+01
      vertex   -2.549997e+02 2.490000e+02 1.622650e+01
      vertex   -2.549997e+02 2.590000e+02 -3.773503e+00
    endloop
  endfacet
  facet normal -1.000000e+00 0.000000e+00 0.000000e+00
    outer loop
      vertex   -2.549997e+02 2.270000e+02 -2.000000e+01
      vertex   -2.549997e+02 2.590000e+02 -3.773503e+00
      vertex   -2.549997e+02 2.690000e+02 -9.547005e+00
    endloop
  endfacet
  facet normal -1.000000e+00 4.641024e-16 2.397545e-15
    outer loop
      vertex   -2.549997e+02 3.494803e+02 4.400000e+01
      vertex   -2.549997e+02 2.810000e+02 3.354701e+01
      vertex   -2.549997e+02 2.270000e+02 4.400000e+01
    endloop
  endfacet
  facet normal -1.000000e+00 0.000000e+00 0.000000e+00
    outer loop
      vertex   -2.549997e+02 2.270000e+02 4.400000e+01
      vertex   -2.549997e+02 2.810000e+02 3.354701e+01
      vertex   -2.549997e+02 2.590000e+02 3.354701e+01
    endloop
  endfacet
  facet normal -1.000000e+00 0.000000e+00 0.000000e+00
    outer loop
      vertex   -2.549997e+02 2.270000e+02 4.400000e+01
      vertex   -2.549997e+02 2.590000e+02 3.354701e+01
      vertex   -2.549997e+02 2.490000e+02 2.777350e+01
    endloop
  endfacet
  facet normal -1.000000e+00 0.000000e+00 0.000000e+00
    outer loop
      vertex   -2.549997e+02 3.494803e+02 -9.458925e+00
      vertex   -2.549997e+02 3.130000e+02 1.622650e+01
      vertex   -2.549997e+02 3.494803e+02 4.400000e+01
    endloop
  endfacet
  facet normal -1.000000e+00 0.000000e+00 0.000000e+00
    outer loop
      vertex   -2.549997e+02 3.494803e+02 4.400000e+01
      vertex   -2.549997e+02 3.130000e+02 1.622650e+01
      vertex   -2.549997e+02 3.130000e+02 2.777350e+01
    endloop
  endfacet
  facet normal -1.000000e+00 2.473608e-15 -5.561155e-15
    outer loop
      vertex   -2.549997e+02 3.494803e+02 4.400000e+01
      vertex   -2.549997e+02 3.130000e+02 2.777350e+01
      vertex   -2.549997e+02 3.030000e+02 3.354701e+01
    endloop
  endfacet
  facet normal -1.000000e+00 0.000000e+00 0.000000e+00
    outer loop
      vertex   -2.549997e+02 2.815000e+02 -3.773503e+00
      vertex   -2.549997e+02 2.810000e+02 1.045299e+01
      vertex   -2.549997e+02 2.915000e+02 1.354701e+01
    endloop
  endfacet
  facet normal -1.000000e+00 -0.000000e+00 0.000000e+00
    outer loop
      vertex   -2.549997e+02 2.915000e+02 1.354701e+01
      vertex   -2.549997e+02 2.810000e+02 1.045299e+01
      vertex   -2.549997e+02 2.910000e+02 1.622650e+01
    endloop
  endfacet
  facet normal -1.000000e+00 0.000000e+00 0.000000e+00
    outer loop
      vertex   -2.549997e+02 2.915000e+02 1.354701e+01
      vertex   -2.549997e+02 2.910000e+02 1.622650e+01
      vertex   -2.549997e+02 2.981962e+02 1.322650e+01
    endloop
  endfacet
  facet normal -1.000000e+00 0.000000e+00 0.000000e+00
    outer loop
      vertex   -2.549997e+02 2.981962e+02 1.322650e+01
      vertex   -2.549997e+02 2.910000e+02 1.622650e+01
      vertex   -2.549997e+02 2.960000e+02 2.142265e+01
    endloop
  endfacet
  facet normal -1.000000e+00 -0.000000e+00 0.000000e+00
    outer loop
      vertex   -2.549997e+02 2.960000e+02 2.142265e+01
      vertex   -2.549997e+02 2.910000e+02 1.622650e+01
      vertex   -2.549997e+02 2.910000e+02 2.777350e+01
    endloop
  endfacet
  facet normal -1.000000e+00 0.000000e+00 0.000000e+00
    outer loop
      vertex   -2.549997e+02 2.960000e+02 2.142265e+01
      vertex   -2.549997e+02 2.910000e+02 2.777350e+01
      vertex   -2.549997e+02 3.030000e+02 3.354701e+01
    endloop
  endfacet
  facet normal -1.000000e+00 0.000000e+00 0.000000e+00
    outer loop
      vertex   -2.549997e+02 3.030000e+02 3.354701e+01
      vertex   -2.549997e+02 2.910000e+02 2.777350e+01
      vertex   -2.549997e+02 2.810000e+02 3.354701e+01
    endloop
  endfacet
  facet normal -1.000000e+00 -1.756334e-30 5.438003e-15
    outer loop
      vertex   -2.549997e+02 3.030000e+02 3.354701e+01
      vertex   -2.549997e+02 2.810000e+02 3.354701e+01
      vertex   -2.549997e+02 3.494803e+02 4.400000e+01
    endloop
  endfacet
  facet normal -1.000000e+00 1.170104e-15 -1.233723e-16
    outer loop
      vertex   -2.549997e+02 3.494803e+02 -9.458925e+00
      vertex   -2.549997e+02 3.015000e+02 -3.773503e+00
      vertex   -2.549997e+02 3.030000e+02 1.045299e+01
    endloop
  endfacet
  facet normal -1.000000e+00 -0.000000e+00 0.000000e+00
    outer loop
      vertex   -2.549997e+02 3.030000e+02 1.045299e+01
      vertex   -2.549997e+02 3.015000e+02 -3.773503e+00
      vertex   -2.549997e+02 2.915000e+02 1.354701e+01
    endloop
  endfacet
  facet normal -1.000000e+00 0.000000e+00 0.000000e+00
    outer loop
      vertex   -2.549997e+02 3.030000e+02 1.045299e+01
      vertex   -2.549997e+02 2.915000e+02 1.354701e+01
      vertex   -2.549997e+02 2.981962e+02 1.322650e+01
    endloop
  endfacet
  facet normal -1.000000e+00 -0.000000e+00 0.000000e+00
    outer loop
      vertex   -2.549997e+02 2.810000e+02 3.354701e+01
      vertex   -2.549997e+02 2.710000e+02 2.777350e+01
      vertex   -2.549997e+02 2.590000e+02 3.354701e+01
    endloop
  endfacet
  facet normal -1.000000e+00 0.000000e+00 0.000000e+00
    outer loop
      vertex   -2.549997e+02 2.590000e+02 3.354701e+01
      vertex   -2.549997e+02 2.710000e+02 2.777350e+01
      vertex   -2.549997e+02 2.660000e+02 2.142265e+01
    endloop
  endfacet
  facet normal -1.000000e+00 0.000000e+00 0.000000e+00
    outer loop
      vertex   -2.549997e+02 2.660000e+02 2.142265e+01
      vertex   -2.549997e+02 2.710000e+02 2.777350e+01
      vertex   -2.549997e+02 2.710000e+02 1.622650e+01
    endloop
  endfacet
  facet normal -1.000000e+00 3.123272e-15 4.435903e-15
    outer loop
      vertex   -2.549997e+02 3.030000e+02 1.045299e+01
      vertex   -2.549997e+02 3.130000e+02 1.622650e+01
      vertex   -2.549997e+02 3.494803e+02 -9.458925e+00
    endloop
  endfacet
  facet normal -1.000000e+00 0.000000e+00 -0.000000e+00
    outer loop
      vertex   -2.549997e+02 2.638038e+02 1.322650e+01
      vertex   -2.549997e+02 2.690000e+02 1.354701e+01
      vertex   -2.549997e+02 2.590000e+02 1.045299e+01
    endloop
  endfacet
  facet normal -1.000000e+00 0.000000e+00 0.000000e+00
    outer loop
      vertex   -2.549997e+02 2.590000e+02 1.045299e+01
      vertex   -2.549997e+02 2.690000e+02 1.354701e+01
      vertex   -2.549997e+02 2.590000e+02 -3.773503e+00
    endloop
  endfacet
  facet normal -1.000000e+00 -0.000000e+00 -0.000000e+00
    outer loop
      vertex   -2.549997e+02 2.590000e+02 1.045299e+01
      vertex   -2.549997e+02 2.590000e+02 -3.773503e+00
      vertex   -2.549997e+02 2.490000e+02 1.622650e+01
    endloop
  endfacet
  facet normal -1.000000e+00 -0.000000e+00 -0.000000e+00
    outer loop
      vertex   -2.549997e+02 2.490000e+02 2.777350e+01
      vertex   -2.549997e+02 2.490000e+02 1.622650e+01
      vertex   -2.549997e+02 2.270000e+02 4.400000e+01
    endloop
  endfacet
  facet normal -1.000000e+00 0.000000e+00 0.000000e+00
    outer loop
      vertex   -2.439997e+02 3.539190e+02 2.806453e+01
      vertex   -2.439997e+02 3.539190e+02 4.000000e+01
      vertex   -2.439997e+02 3.596011e+02 3.361194e+01
    endloop
  endfacet
  facet normal -1.000000e+00 0.000000e+00 0.000000e+00
    outer loop
      vertex   -2.439997e+02 3.596011e+02 3.361194e+01
      vertex   -2.439997e+02 3.539190e+02 4.000000e+01
      vertex   -2.439997e+02 3.596011e+02 4.000000e+01
    endloop
  endfacet
  facet normal -7.277944e-15 0.000000e+00 1.000000e+00
    outer loop
      vertex   -2.439997e+02 3.596011e+02 4.000000e+01
      vertex   -2.439997e+02 3.539190e+02 4.000000e+01
      vertex   -2.430234e+02 3.608175e+02 4.000000e+01
    endloop
  endfacet
  facet normal -2.489642e-15 -6.776510e-16 1.000000e+00
    outer loop
      vertex   -2.430234e+02 3.608175e+02 4.000000e+01
      vertex   -2.439997e+02 3.539190e+02 4.000000e+01
      vertex   -2.399997e+02 3.497086e+02 4.000000e+01
    endloop
  endfacet
  facet normal -0.000000e+00 0.000000e+00 1.000000e+00
    outer loop
      vertex   -2.430234e+02 3.608175e+02 4.000000e+01
      vertex   -2.399997e+02 3.497086e+02 4.000000e+01
      vertex   -1.010750e+02 3.805075e+02 4.000000e+01
    endloop
  endfacet
  facet normal 2.369902e-15 3.939120e-15 1.000000e+00
    outer loop
      vertex   -2.439997e+02 3.539190e+02 4.000000e+01
      vertex   -2.449760e+02 3.527025e+02 4.000000e+01
      vertex   -2.399997e+02 3.497086e+02 4.000000e+01
    endloop
  endfacet
  facet normal 0.000000e+00 0.000000e+00 1.000000e+00
    outer loop
      vertex   -2.399997e+02 3.497086e+02 4.000000e+01
      vertex   -2.449760e+02 3.527025e+02 4.000000e+01
      vertex   -2.439997e+02 3.471906e+02 4.000000e+01
    endloop
  endfacet
  facet normal 1.642896e-16 -2.609758e-16 1.000000e+00
    outer loop
      vertex   -2.399997e+02 3.497086e+02 4.000000e+01
      vertex   -2.439997e+02 3.471906e+02 4.000000e+01
      vertex   -2.431090e+02 3.205249e+02 4.000000e+01
    endloop
  endfacet
  facet normal -1.054984e-16 -2.699879e-16 1.000000e+00
    outer loop
      vertex   -2.431090e+02 3.205249e+02 4.000000e+01
      vertex   -2.439997e+02 3.471906e+02 4.000000e+01
      vertex   -2.439997e+02 3.208730e+02 4.000000e+01
    endloop
  endfacet
  facet normal 0.000000e+00 0.000000e+00 1.000000e+00
    outer loop
      vertex   -2.439997e+02 3.471906e+02 4.000000e+01
      vertex   -2.449760e+02 3.527025e+02 4.000000e+01
      vertex   -2.489997e+02 3.471906e+02 4.000000e+01
    endloop
  endfacet
  facet normal 0.000000e+00 -0.000000e+00 1.000000e+00
    outer loop
      vertex   -2.489997e+02 3.471906e+02 4.000000e+01
      vertex   -2.449760e+02 3.527025e+02 4.000000e+01
      vertex   -2.508450e+02 3.514014e+02 4.000000e+01
    endloop
  endfacet
  facet normal -3.236659e-16 -1.418383e-16 1.000000e+00
    outer loop
      vertex   -2.489997e+02 3.471906e+02 4.000000e+01
      vertex   -2.508450e+02 3.514014e+02 4.000000e+01
      vertex   -2.489997e+02 2.470000e+02 4.000000e+01
    endloop
  endfacet
  facet normal 1.238107e-15 -1.142339e-16 1.000000e+00
    outer loop
      vertex   -2.489997e+02 2.470000e+02 4.000000e+01
      vertex   -2.508450e+02 3.514014e+02 4.000000e+01
      vertex   -2.508450e+02 2.270000e+02 4.000000e+01
    endloop
  endfacet
  facet normal 0.000000e+00 0.000000e+00 1.000000e+00
    outer loop
      vertex   -2.489997e+02 2.470000e+02 4.000000e+01
      vertex   -2.508450e+02 2.270000e+02 4.000000e+01
      vertex   -2.489997e+02 2.350000e+02 4.000000e+01
    endloop
  endfacet
  facet normal 0.000000e+00 0.000000e+00 1.000000e+00
    outer loop
      vertex   -2.489997e+02 2.350000e+02 4.000000e+01
      vertex   -2.508450e+02 2.270000e+02 4.000000e+01
      vertex   -2.488634e+02 2.339647e+02 4.000000e+01
    endloop
  endfacet
  facet normal 0.000000e+00 0.000000e+00 1.000000e+00
    outer loop
      vertex   -2.488634e+02 2.339647e+02 4.000000e+01
      vertex   -2.508450e+02 2.270000e+02 4.000000e+01
      vertex   -2.484638e+02 2.330000e+02 4.000000e+01
    endloop
  endfacet
  facet normal 0.000000e+00 0.000000e+00 1.000000e+00
    outer loop
      vertex   -2.484638e+02 2.330000e+02 4.000000e+01
      vertex   -2.508450e+02 2.270000e+02 4.000000e+01
      vertex   -2.478281e+02 2.321716e+02 4.000000e+01
    endloop
  endfacet
  facet normal 0.000000e+00 0.000000e+00 1.000000e+00
    outer loop
      vertex   -2.478281e+02 2.321716e+02 4.000000e+01
      vertex   -2.508450e+02 2.270000e+02 4.000000e+01
      vertex   -2.505862e+02 2.269659e+02 4.000000e+01
    endloop
  endfacet
  facet normal 0.000000e+00 0.000000e+00 1.000000e+00
    outer loop
      vertex   -2.478281e+02 2.321716e+02 4.000000e+01
      vertex   -2.505862e+02 2.269659e+02 4.000000e+01
      vertex   -2.503450e+02 2.268660e+02 4.000000e+01
    endloop
  endfacet
  facet normal 0.000000e+00 0.000000e+00 1.000000e+00
    outer loop
      vertex   -2.478281e+02 2.321716e+02 4.000000e+01
      vertex   -2.503450e+02 2.268660e+02 4.000000e+01
      vertex   -2.469997e+02 2.315359e+02 4.000000e+01
    endloop
  endfacet
  facet normal 0.000000e+00 0.000000e+00 1.000000e+00
    outer loop
      vertex   -2.469997e+02 2.315359e+02 4.000000e+01
      vertex   -2.503450e+02 2.268660e+02 4.000000e+01
      vertex   -2.501379e+02 2.267071e+02 4.000000e+01
    endloop
  endfacet
  facet normal 0.000000e+00 0.000000e+00 1.000000e+00
    outer loop
      vertex   -2.469997e+02 2.315359e+02 4.000000e+01
      vertex   -2.501379e+02 2.267071e+02 4.000000e+01
      vertex   -2.460350e+02 2.311363e+02 4.000000e+01
    endloop
  endfacet
  facet normal 0.000000e+00 0.000000e+00 1.000000e+00
    outer loop
      vertex   -2.460350e+02 2.311363e+02 4.000000e+01
      vertex   -2.501379e+02 2.267071e+02 4.000000e+01
      vertex   -2.499790e+02 2.265000e+02 4.000000e+01
    endloop
  endfacet
  facet normal 0.000000e+00 0.000000e+00 1.000000e+00
    outer loop
      vertex   -2.460350e+02 2.311363e+02 4.000000e+01
      vertex   -2.499790e+02 2.265000e+02 4.000000e+01
      vertex   -2.498791e+02 2.262588e+02 4.000000e+01
    endloop
  endfacet
  facet normal 0.000000e+00 0.000000e+00 1.000000e+00
    outer loop
      vertex   -2.460350e+02 2.311363e+02 4.000000e+01
      vertex   -2.498791e+02 2.262588e+02 4.000000e+01
      vertex   -2.449997e+02 2.310000e+02 4.000000e+01
    endloop
  endfacet
  facet normal 0.000000e+00 0.000000e+00 1.000000e+00
    outer loop
      vertex   -2.449997e+02 2.310000e+02 4.000000e+01
      vertex   -2.498791e+02 2.262588e+02 4.000000e+01
      vertex   -2.498450e+02 2.260000e+02 4.000000e+01
    endloop
  endfacet
  facet normal 0.000000e+00 0.000000e+00 1.000000e+00
    outer loop
      vertex   -2.449997e+02 2.310000e+02 4.000000e+01
      vertex   -2.498450e+02 2.260000e+02 4.000000e+01
      vertex   -2.401544e+02 2.260000e+02 4.000000e+01
    endloop
  endfacet
  facet normal 0.000000e+00 0.000000e+00 1.000000e+00
    outer loop
      vertex   -2.401544e+02 2.260000e+02 4.000000e+01
      vertex   -2.498450e+02 2.260000e+02 4.000000e+01
      vertex   -2.401203e+02 2.257412e+02 4.000000e+01
    endloop
  endfacet
  facet normal 0.000000e+00 0.000000e+00 1.000000e+00
    outer loop
      vertex   -2.401203e+02 2.257412e+02 4.000000e+01
      vertex   -2.498450e+02 2.260000e+02 4.000000e+01
      vertex   -2.498791e+02 2.257412e+02 4.000000e+01
    endloop
  endfacet
  facet normal 0.000000e+00 0.000000e+00 1.000000e+00
    outer loop
      vertex   -2.401203e+02 2.257412e+02 4.000000e+01
      vertex   -2.498791e+02 2.257412e+02 4.000000e+01
      vertex   -2.400204e+02 2.255000e+02 4.000000e+01
    endloop
  endfacet
  facet normal 0.000000e+00 0.000000e+00 1.000000e+00
    outer loop
      vertex   -2.400204e+02 2.255000e+02 4.000000e+01
      vertex   -2.498791e+02 2.257412e+02 4.000000e+01
      vertex   -2.499790e+02 2.255000e+02 4.000000e+01
    endloop
  endfacet
  facet normal 0.000000e+00 0.000000e+00 1.000000e+00
    outer loop
      vertex   -2.400204e+02 2.255000e+02 4.000000e+01
      vertex   -2.499790e+02 2.255000e+02 4.000000e+01
      vertex   -2.397318e+02 2.220000e+02 4.000000e+01
    endloop
  endfacet
  facet normal 0.000000e+00 0.000000e+00 1.000000e+00
    outer loop
      vertex   -2.397318e+02 2.220000e+02 4.000000e+01
      vertex   -2.499790e+02 2.255000e+02 4.000000e+01
      vertex   -2.502676e+02 2.220000e+02 4.000000e+01
    endloop
  endfacet
  facet normal 0.000000e+00 -0.000000e+00 1.000000e+00
    outer loop
      vertex   -2.502676e+02 2.220000e+02 4.000000e+01
      vertex   -2.499790e+02 2.255000e+02 4.000000e+01
      vertex   -2.511337e+02 2.235000e+02 4.000000e+01
    endloop
  endfacet
  facet normal 0.000000e+00 0.000000e+00 1.000000e+00
    outer loop
      vertex   -2.502676e+02 2.220000e+02 4.000000e+01
      vertex   -2.511337e+02 2.235000e+02 4.000000e+01
      vertex   -2.505265e+02 2.220341e+02 4.000000e+01
    endloop
  endfacet
  facet normal 0.000000e+00 0.000000e+00 1.000000e+00
    outer loop
      vertex   -2.505265e+02 2.220341e+02 4.000000e+01
      vertex   -2.511337e+02 2.235000e+02 4.000000e+01
      vertex   -2.507676e+02 2.221340e+02 4.000000e+01
    endloop
  endfacet
  facet normal 0.000000e+00 0.000000e+00 1.000000e+00
    outer loop
      vertex   -2.507676e+02 2.221340e+02 4.000000e+01
      vertex   -2.511337e+02 2.235000e+02 4.000000e+01
      vertex   -2.509748e+02 2.222929e+02 4.000000e+01
    endloop
  endfacet
  facet normal 0.000000e+00 0.000000e+00 1.000000e+00
    outer loop
      vertex   -2.509748e+02 2.222929e+02 4.000000e+01
      vertex   -2.511337e+02 2.235000e+02 4.000000e+01
      vertex   -2.511337e+02 2.225000e+02 4.000000e+01
    endloop
  endfacet
  facet normal 0.000000e+00 -0.000000e+00 1.000000e+00
    outer loop
      vertex   -2.511337e+02 2.225000e+02 4.000000e+01
      vertex   -2.511337e+02 2.235000e+02 4.000000e+01
      vertex   -2.512336e+02 2.232588e+02 4.000000e+01
    endloop
  endfacet
  facet normal 0.000000e+00 0.000000e+00 1.000000e+00
    outer loop
      vertex   -2.511337e+02 2.225000e+02 4.000000e+01
      vertex   -2.512336e+02 2.232588e+02 4.000000e+01
      vertex   -2.512336e+02 2.227412e+02 4.000000e+01
    endloop
  endfacet
  facet normal 0.000000e+00 -0.000000e+00 1.000000e+00
    outer loop
      vertex   -2.512336e+02 2.227412e+02 4.000000e+01
      vertex   -2.512336e+02 2.232588e+02 4.000000e+01
      vertex   -2.512676e+02 2.230000e+02 4.000000e+01
    endloop
  endfacet
  facet normal 0.000000e+00 0.000000e+00 1.000000e+00
    outer loop
      vertex   -2.400204e+02 2.255000e+02 4.000000e+01
      vertex   -2.397318e+02 2.220000e+02 4.000000e+01
      vertex   -2.388657e+02 2.235000e+02 4.000000e+01
    endloop
  endfacet
  facet normal 0.000000e+00 0.000000e+00 1.000000e+00
    outer loop
      vertex   -2.388657e+02 2.235000e+02 4.000000e+01
      vertex   -2.397318e+02 2.220000e+02 4.000000e+01
      vertex   -2.394729e+02 2.220341e+02 4.000000e+01
    endloop
  endfacet
  facet normal 0.000000e+00 0.000000e+00 1.000000e+00
    outer loop
      vertex   -2.388657e+02 2.235000e+02 4.000000e+01
      vertex   -2.394729e+02 2.220341e+02 4.000000e+01
      vertex   -2.392318e+02 2.221340e+02 4.000000e+01
    endloop
  endfacet
  facet normal 0.000000e+00 0.000000e+00 1.000000e+00
    outer loop
      vertex   -2.392318e+02 2.221340e+02 4.000000e+01
      vertex   -2.390246e+02 2.222929e+02 4.000000e+01
      vertex   -2.388657e+02 2.235000e+02 4.000000e+01
    endloop
  endfacet
  facet normal 0.000000e+00 0.000000e+00 1.000000e+00
    outer loop
      vertex   -2.388657e+02 2.235000e+02 4.000000e+01
      vertex   -2.390246e+02 2.222929e+02 4.000000e+01
      vertex   -2.388657e+02 2.225000e+02 4.000000e+01
    endloop
  endfacet
  facet normal 0.000000e+00 0.000000e+00 1.000000e+00
    outer loop
      vertex   -2.388657e+02 2.235000e+02 4.000000e+01
      vertex   -2.388657e+02 2.225000e+02 4.000000e+01
      vertex   -2.387658e+02 2.232588e+02 4.000000e+01
    endloop
  endfacet
  facet normal 0.000000e+00 0.000000e+00 1.000000e+00
    outer loop
      vertex   -2.387658e+02 2.232588e+02 4.000000e+01
      vertex   -2.388657e+02 2.225000e+02 4.000000e+01
      vertex   -2.387658e+02 2.227412e+02 4.000000e+01
    endloop
  endfacet
  facet normal 0.000000e+00 0.000000e+00 1.000000e+00
    outer loop
      vertex   -2.387658e+02 2.232588e+02 4.000000e+01
      vertex   -2.387658e+02 2.227412e+02 4.000000e+01
      vertex   -2.387318e+02 2.230000e+02 4.000000e+01
    endloop
  endfacet
  facet normal 0.000000e+00 -0.000000e+00 1.000000e+00
    outer loop
      vertex   -2.401544e+02 2.260000e+02 4.000000e+01
      vertex   -2.401203e+02 2.262588e+02 4.000000e+01
      vertex   -2.449997e+02 2.310000e+02 4.000000e+01
    endloop
  endfacet
  facet normal -0.000000e+00 0.000000e+00 1.000000e+00
    outer loop
      vertex   -2.449997e+02 2.310000e+02 4.000000e+01
      vertex   -2.401203e+02 2.262588e+02 4.000000e+01
      vertex   -2.439644e+02 2.311363e+02 4.000000e+01
    endloop
  endfacet
  facet normal 0.000000e+00 0.000000e+00 1.000000e+00
    outer loop
      vertex   -2.439644e+02 2.311363e+02 4.000000e+01
      vertex   -2.401203e+02 2.262588e+02 4.000000e+01
      vertex   -2.400204e+02 2.265000e+02 4.000000e+01
    endloop
  endfacet
  facet normal 0.000000e+00 0.000000e+00 1.000000e+00
    outer loop
      vertex   -2.439644e+02 2.311363e+02 4.000000e+01
      vertex   -2.400204e+02 2.265000e+02 4.000000e+01
      vertex   -2.398615e+02 2.267071e+02 4.000000e+01
    endloop
  endfacet
  facet normal -0.000000e+00 0.000000e+00 1.000000e+00
    outer loop
      vertex   -2.439644e+02 2.311363e+02 4.000000e+01
      vertex   -2.398615e+02 2.267071e+02 4.000000e+01
      vertex   -2.429997e+02 2.315359e+02 4.000000e+01
    endloop
  endfacet
  facet normal 0.000000e+00 0.000000e+00 1.000000e+00
    outer loop
      vertex   -2.429997e+02 2.315359e+02 4.000000e+01
      vertex   -2.398615e+02 2.267071e+02 4.000000e+01
      vertex   -2.396544e+02 2.268660e+02 4.000000e+01
    endloop
  endfacet
  facet normal -0.000000e+00 0.000000e+00 1.000000e+00
    outer loop
      vertex   -2.429997e+02 2.315359e+02 4.000000e+01
      vertex   -2.396544e+02 2.268660e+02 4.000000e+01
      vertex   -2.421713e+02 2.321716e+02 4.000000e+01
    endloop
  endfacet
  facet normal 0.000000e+00 0.000000e+00 1.000000e+00
    outer loop
      vertex   -2.421713e+02 2.321716e+02 4.000000e+01
      vertex   -2.396544e+02 2.268660e+02 4.000000e+01
      vertex   -2.394132e+02 2.269659e+02 4.000000e+01
    endloop
  endfacet
  facet normal 0.000000e+00 0.000000e+00 1.000000e+00
    outer loop
      vertex   -2.421713e+02 2.321716e+02 4.000000e+01
      vertex   -2.394132e+02 2.269659e+02 4.000000e+01
      vertex   -2.391544e+02 2.270000e+02 4.000000e+01
    endloop
  endfacet
  facet normal -0.000000e+00 0.000000e+00 1.000000e+00
    outer loop
      vertex   -2.421713e+02 2.321716e+02 4.000000e+01
      vertex   -2.391544e+02 2.270000e+02 4.000000e+01
      vertex   -2.415356e+02 2.330000e+02 4.000000e+01
    endloop
  endfacet
  facet normal 0.000000e+00 0.000000e+00 1.000000e+00
    outer loop
      vertex   -2.415356e+02 2.330000e+02 4.000000e+01
      vertex   -2.391544e+02 2.270000e+02 4.000000e+01
      vertex   -2.349997e+02 2.270000e+02 4.000000e+01
    endloop
  endfacet
  facet normal -0.000000e+00 0.000000e+00 1.000000e+00
    outer loop
      vertex   -2.415356e+02 2.330000e+02 4.000000e+01
      vertex   -2.349997e+02 2.270000e+02 4.000000e+01
      vertex   -2.411360e+02 2.339647e+02 4.000000e+01
    endloop
  endfacet
  facet normal -0.000000e+00 0.000000e+00 1.000000e+00
    outer loop
      vertex   -2.411360e+02 2.339647e+02 4.000000e+01
      vertex   -2.349997e+02 2.270000e+02 4.000000e+01
      vertex   -2.349997e+02 2.370000e+02 4.000000e+01
    endloop
  endfacet
  facet normal 0.000000e+00 0.000000e+00 1.000000e+00
    outer loop
      vertex   -2.411360e+02 2.339647e+02 4.000000e+01
      vertex   -2.349997e+02 2.370000e+02 4.000000e+01
      vertex   -2.409997e+02 2.350000e+02 4.000000e+01
    endloop
  endfacet
  facet normal 0.000000e+00 -0.000000e+00 1.000000e+00
    outer loop
      vertex   -2.409997e+02 2.350000e+02 4.000000e+01
      vertex   -2.349997e+02 2.370000e+02 4.000000e+01
      vertex   -2.411360e+02 2.360353e+02 4.000000e+01
    endloop
  endfacet
  facet normal 0.000000e+00 -0.000000e+00 1.000000e+00
    outer loop
      vertex   -2.411360e+02 2.360353e+02 4.000000e+01
      vertex   -2.349997e+02 2.370000e+02 4.000000e+01
      vertex   -2.415356e+02 2.370000e+02 4.000000e+01
    endloop
  endfacet
  facet normal -0.000000e+00 -0.000000e+00 1.000000e+00
    outer loop
      vertex   -2.415356e+02 2.370000e+02 4.000000e+01
      vertex   -2.349997e+02 2.370000e+02 4.000000e+01
      vertex   -2.421713e+02 2.378284e+02 4.000000e+01
    endloop
  endfacet
  facet normal -0.000000e+00 0.000000e+00 1.000000e+00
    outer loop
      vertex   -2.421713e+02 2.378284e+02 4.000000e+01
      vertex   -2.349997e+02 2.370000e+02 4.000000e+01
      vertex   -2.399997e+02 2.456603e+02 4.000000e+01
    endloop
  endfacet
  facet normal 0.000000e+00 -0.000000e+00 1.000000e+00
    outer loop
      vertex   -2.421713e+02 2.378284e+02 4.000000e+01
      vertex   -2.399997e+02 2.456603e+02 4.000000e+01
      vertex   -2.429997e+02 2.384641e+02 4.000000e+01
    endloop
  endfacet
  facet normal 0.000000e+00 -0.000000e+00 1.000000e+00
    outer loop
      vertex   -2.429997e+02 2.384641e+02 4.000000e+01
      vertex   -2.399997e+02 2.456603e+02 4.000000e+01
      vertex   -2.439644e+02 2.388637e+02 4.000000e+01
    endloop
  endfacet
  facet normal 0.000000e+00 -0.000000e+00 1.000000e+00
    outer loop
      vertex   -2.439644e+02 2.388637e+02 4.000000e+01
      vertex   -2.399997e+02 2.456603e+02 4.000000e+01
      vertex   -2.439997e+02 2.470000e+02 4.000000e+01
    endloop
  endfacet
  facet normal 0.000000e+00 0.000000e+00 1.000000e+00
    outer loop
      vertex   -2.439644e+02 2.388637e+02 4.000000e+01
      vertex   -2.439997e+02 2.470000e+02 4.000000e+01
      vertex   -2.449997e+02 2.390000e+02 4.000000e+01
    endloop
  endfacet
  facet normal 0.000000e+00 -0.000000e+00 1.000000e+00
    outer loop
      vertex   -2.449997e+02 2.390000e+02 4.000000e+01
      vertex   -2.439997e+02 2.470000e+02 4.000000e+01
      vertex   -2.460350e+02 2.388637e+02 4.000000e+01
    endloop
  endfacet
  facet normal 0.000000e+00 -0.000000e+00 1.000000e+00
    outer loop
      vertex   -2.460350e+02 2.388637e+02 4.000000e+01
      vertex   -2.439997e+02 2.470000e+02 4.000000e+01
      vertex   -2.489997e+02 2.470000e+02 4.000000e+01
    endloop
  endfacet
  facet normal 0.000000e+00 0.000000e+00 1.000000e+00
    outer loop
      vertex   -2.460350e+02 2.388637e+02 4.000000e+01
      vertex   -2.489997e+02 2.470000e+02 4.000000e+01
      vertex   -2.469997e+02 2.384641e+02 4.000000e+01
    endloop
  endfacet
  facet normal 0.000000e+00 0.000000e+00 1.000000e+00
    outer loop
      vertex   -2.469997e+02 2.384641e+02 4.000000e+01
      vertex   -2.489997e+02 2.470000e+02 4.000000e+01
      vertex   -2.478281e+02 2.378284e+02 4.000000e+01
    endloop
  endfacet
  facet normal 0.000000e+00 0.000000e+00 1.000000e+00
    outer loop
      vertex   -2.478281e+02 2.378284e+02 4.000000e+01
      vertex   -2.489997e+02 2.470000e+02 4.000000e+01
      vertex   -2.484638e+02 2.370000e+02 4.000000e+01
    endloop
  endfacet
  facet normal 0.000000e+00 0.000000e+00 1.000000e+00
    outer loop
      vertex   -2.484638e+02 2.370000e+02 4.000000e+01
      vertex   -2.489997e+02 2.470000e+02 4.000000e+01
      vertex   -2.488634e+02 2.360353e+02 4.000000e+01
    endloop
  endfacet
  facet normal 0.000000e+00 0.000000e+00 1.000000e+00
    outer loop
      vertex   -2.488634e+02 2.360353e+02 4.000000e+01
      vertex   -2.489997e+02 2.470000e+02 4.000000e+01
      vertex   -2.489997e+02 2.350000e+02 4.000000e+01
    endloop
  endfacet
  facet normal -2.501057e-15 -1.365793e-16 1.000000e+00
    outer loop
      vertex   -2.399997e+02 3.497086e+02 4.000000e+01
      vertex   -2.410284e+02 3.165218e+02 4.000000e+01
      vertex   -2.399997e+02 2.456603e+02 4.000000e+01
    endloop
  endfacet
  facet normal 3.873440e-16 -9.464894e-17 1.000000e+00
    outer loop
      vertex   -2.399997e+02 2.456603e+02 4.000000e+01
      vertex   -2.410284e+02 3.165218e+02 4.000000e+01
      vertex   -2.412554e+02 3.155928e+02 4.000000e+01
    endloop
  endfacet
  facet normal 1.889617e-16 -9.821103e-17 1.000000e+00
    outer loop
      vertex   -2.399997e+02 2.456603e+02 4.000000e+01
      vertex   -2.412554e+02 3.155928e+02 4.000000e+01
      vertex   -2.416964e+02 3.147443e+02 4.000000e+01
    endloop
  endfacet
  facet normal 0.000000e+00 -0.000000e+00 1.000000e+00
    outer loop
      vertex   -9.499976e+01 3.770000e+02 4.000000e+01
      vertex   -9.499976e+01 3.835359e+02 4.000000e+01
      vertex   -1.010750e+02 3.805075e+02 4.000000e+01
    endloop
  endfacet
  facet normal 0.000000e+00 0.000000e+00 1.000000e+00
    outer loop
      vertex   -1.010750e+02 3.805075e+02 4.000000e+01
      vertex   -9.499976e+01 3.835359e+02 4.000000e+01
      vertex   -9.582818e+01 3.841716e+02 4.000000e+01
    endloop
  endfacet
  facet normal 0.000000e+00 0.000000e+00 1.000000e+00
    outer loop
      vertex   -1.010750e+02 3.805075e+02 4.000000e+01
      vertex   -9.582818e+01 3.841716e+02 4.000000e+01
      vertex   -9.646386e+01 3.850000e+02 4.000000e+01
    endloop
  endfacet
  facet normal 0.000000e+00 0.000000e+00 1.000000e+00
    outer loop
      vertex   -8.499976e+01 3.770000e+02 4.000000e+01
      vertex   -9.196448e+01 3.831363e+02 4.000000e+01
      vertex   -9.499976e+01 3.770000e+02 4.000000e+01
    endloop
  endfacet
  facet normal 0.000000e+00 0.000000e+00 1.000000e+00
    outer loop
      vertex   -9.499976e+01 3.770000e+02 4.000000e+01
      vertex   -9.196448e+01 3.831363e+02 4.000000e+01
      vertex   -9.299976e+01 3.830000e+02 4.000000e+01
    endloop
  endfacet
  facet normal 0.000000e+00 0.000000e+00 1.000000e+00
    outer loop
      vertex   -9.499976e+01 3.770000e+02 4.000000e+01
      vertex   -9.299976e+01 3.830000e+02 4.000000e+01
      vertex   -9.403503e+01 3.831363e+02 4.000000e+01
    endloop
  endfacet
  facet normal -0.000000e+00 0.000000e+00 1.000000e+00
    outer loop
      vertex   -9.196448e+01 3.831363e+02 4.000000e+01
      vertex   -8.499976e+01 3.770000e+02 4.000000e+01
      vertex   -9.099976e+01 3.835359e+02 4.000000e+01
    endloop
  endfacet
  facet normal 0.000000e+00 0.000000e+00 1.000000e+00
    outer loop
      vertex   -9.099976e+01 3.835359e+02 4.000000e+01
      vertex   -8.499976e+01 3.770000e+02 4.000000e+01
      vertex   -8.499976e+01 3.811547e+02 4.000000e+01
    endloop
  endfacet
  facet normal -0.000000e+00 0.000000e+00 1.000000e+00
    outer loop
      vertex   -9.099976e+01 3.835359e+02 4.000000e+01
      vertex   -8.499976e+01 3.811547e+02 4.000000e+01
      vertex   -9.017133e+01 3.841716e+02 4.000000e+01
    endloop
  endfacet
  facet normal 0.000000e+00 0.000000e+00 1.000000e+00
    outer loop
      vertex   -9.017133e+01 3.841716e+02 4.000000e+01
      vertex   -8.499976e+01 3.811547e+02 4.000000e+01
      vertex   -8.496568e+01 3.814135e+02 4.000000e+01
    endloop
  endfacet
  facet normal 0.000000e+00 0.000000e+00 1.000000e+00
    outer loop
      vertex   -9.017133e+01 3.841716e+02 4.000000e+01
      vertex   -8.496568e+01 3.814135e+02 4.000000e+01
      vertex   -8.486578e+01 3.816547e+02 4.000000e+01
    endloop
  endfacet
  facet normal -0.000000e+00 0.000000e+00 1.000000e+00
    outer loop
      vertex   -9.017133e+01 3.841716e+02 4.000000e+01
      vertex   -8.486578e+01 3.816547e+02 4.000000e+01
      vertex   -8.953566e+01 3.850000e+02 4.000000e+01
    endloop
  endfacet
  facet normal 0.000000e+00 0.000000e+00 1.000000e+00
    outer loop
      vertex   -8.953566e+01 3.850000e+02 4.000000e+01
      vertex   -8.486578e+01 3.816547e+02 4.000000e+01
      vertex   -8.470686e+01 3.818618e+02 4.000000e+01
    endloop
  endfacet
  facet normal -0.000000e+00 0.000000e+00 1.000000e+00
    outer loop
      vertex   -8.953566e+01 3.850000e+02 4.000000e+01
      vertex   -8.470686e+01 3.818618e+02 4.000000e+01
      vertex   -8.913605e+01 3.859647e+02 4.000000e+01
    endloop
  endfacet
  facet normal 0.000000e+00 0.000000e+00 1.000000e+00
    outer loop
      vertex   -8.913605e+01 3.859647e+02 4.000000e+01
      vertex   -8.470686e+01 3.818618e+02 4.000000e+01
      vertex   -8.449976e+01 3.820207e+02 4.000000e+01
    endloop
  endfacet
  facet normal 0.000000e+00 0.000000e+00 1.000000e+00
    outer loop
      vertex   -8.913605e+01 3.859647e+02 4.000000e+01
      vertex   -8.449976e+01 3.820207e+02 4.000000e+01
      vertex   -8.425858e+01 3.821206e+02 4.000000e+01
    endloop
  endfacet
  facet normal -0.000000e+00 0.000000e+00 1.000000e+00
    outer loop
      vertex   -8.913605e+01 3.859647e+02 4.000000e+01
      vertex   -8.425858e+01 3.821206e+02 4.000000e+01
      vertex   -8.899976e+01 3.870000e+02 4.000000e+01
    endloop
  endfacet
  facet normal 0.000000e+00 0.000000e+00 1.000000e+00
    outer loop
      vertex   -8.899976e+01 3.870000e+02 4.000000e+01
      vertex   -8.425858e+01 3.821206e+02 4.000000e+01
      vertex   -8.399976e+01 3.821547e+02 4.000000e+01
    endloop
  endfacet
  facet normal -0.000000e+00 0.000000e+00 1.000000e+00
    outer loop
      vertex   -8.899976e+01 3.870000e+02 4.000000e+01
      vertex   -8.399976e+01 3.821547e+02 4.000000e+01
      vertex   -8.399976e+01 3.918453e+02 4.000000e+01
    endloop
  endfacet
  facet normal 0.000000e+00 0.000000e+00 1.000000e+00
    outer loop
      vertex   -8.399976e+01 3.918453e+02 4.000000e+01
      vertex   -8.399976e+01 3.821547e+02 4.000000e+01
      vertex   -8.374094e+01 3.821206e+02 4.000000e+01
    endloop
  endfacet
  facet normal -0.000000e+00 0.000000e+00 1.000000e+00
    outer loop
      vertex   -8.399976e+01 3.918453e+02 4.000000e+01
      vertex   -8.374094e+01 3.821206e+02 4.000000e+01
      vertex   -8.374094e+01 3.918794e+02 4.000000e+01
    endloop
  endfacet
  facet normal 0.000000e+00 0.000000e+00 1.000000e+00
    outer loop
      vertex   -8.374094e+01 3.918794e+02 4.000000e+01
      vertex   -8.374094e+01 3.821206e+02 4.000000e+01
      vertex   -8.349976e+01 3.820207e+02 4.000000e+01
    endloop
  endfacet
  facet normal -0.000000e+00 0.000000e+00 1.000000e+00
    outer loop
      vertex   -8.374094e+01 3.918794e+02 4.000000e+01
      vertex   -8.349976e+01 3.820207e+02 4.000000e+01
      vertex   -8.349976e+01 3.919793e+02 4.000000e+01
    endloop
  endfacet
  facet normal -0.000000e+00 0.000000e+00 1.000000e+00
    outer loop
      vertex   -8.349976e+01 3.919793e+02 4.000000e+01
      vertex   -8.349976e+01 3.820207e+02 4.000000e+01
      vertex   -7.999976e+01 3.922679e+02 4.000000e+01
    endloop
  endfacet
  facet normal 0.000000e+00 0.000000e+00 1.000000e+00
    outer loop
      vertex   -8.349976e+01 3.919793e+02 4.000000e+01
      vertex   -7.999976e+01 3.922679e+02 4.000000e+01
      vertex   -8.149976e+01 3.931340e+02 4.000000e+01
    endloop
  endfacet
  facet normal -0.000000e+00 0.000000e+00 1.000000e+00
    outer loop
      vertex   -8.149976e+01 3.931340e+02 4.000000e+01
      vertex   -7.999976e+01 3.922679e+02 4.000000e+01
      vertex   -8.125858e+01 3.932339e+02 4.000000e+01
    endloop
  endfacet
  facet normal -0.000000e+00 0.000000e+00 1.000000e+00
    outer loop
      vertex   -8.125858e+01 3.932339e+02 4.000000e+01
      vertex   -7.999976e+01 3.922679e+02 4.000000e+01
      vertex   -8.099976e+01 3.932679e+02 4.000000e+01
    endloop
  endfacet
  facet normal 0.000000e+00 0.000000e+00 1.000000e+00
    outer loop
      vertex   -8.099976e+01 3.932679e+02 4.000000e+01
      vertex   -7.999976e+01 3.922679e+02 4.000000e+01
      vertex   -8.074094e+01 3.932339e+02 4.000000e+01
    endloop
  endfacet
  facet normal 0.000000e+00 0.000000e+00 1.000000e+00
    outer loop
      vertex   -8.074094e+01 3.932339e+02 4.000000e+01
      vertex   -7.999976e+01 3.922679e+02 4.000000e+01
      vertex   -8.049976e+01 3.931340e+02 4.000000e+01
    endloop
  endfacet
  facet normal 0.000000e+00 0.000000e+00 1.000000e+00
    outer loop
      vertex   -8.049976e+01 3.931340e+02 4.000000e+01
      vertex   -7.999976e+01 3.922679e+02 4.000000e+01
      vertex   -8.029265e+01 3.929751e+02 4.000000e+01
    endloop
  endfacet
  facet normal 0.000000e+00 0.000000e+00 1.000000e+00
    outer loop
      vertex   -8.029265e+01 3.929751e+02 4.000000e+01
      vertex   -7.999976e+01 3.922679e+02 4.000000e+01
      vertex   -8.013373e+01 3.927679e+02 4.000000e+01
    endloop
  endfacet
  facet normal 0.000000e+00 0.000000e+00 1.000000e+00
    outer loop
      vertex   -8.013373e+01 3.927679e+02 4.000000e+01
      vertex   -7.999976e+01 3.922679e+02 4.000000e+01
      vertex   -8.003383e+01 3.925268e+02 4.000000e+01
    endloop
  endfacet
  facet normal 0.000000e+00 0.000000e+00 1.000000e+00
    outer loop
      vertex   -7.999976e+01 3.922679e+02 4.000000e+01
      vertex   -8.349976e+01 3.820207e+02 4.000000e+01
      vertex   -7.999976e+01 3.817321e+02 4.000000e+01
    endloop
  endfacet
  facet normal 0.000000e+00 0.000000e+00 1.000000e+00
    outer loop
      vertex   -7.999976e+01 3.817321e+02 4.000000e+01
      vertex   -8.349976e+01 3.820207e+02 4.000000e+01
      vertex   -8.149976e+01 3.808660e+02 4.000000e+01
    endloop
  endfacet
  facet normal 0.000000e+00 0.000000e+00 1.000000e+00
    outer loop
      vertex   -7.999976e+01 3.817321e+02 4.000000e+01
      vertex   -8.149976e+01 3.808660e+02 4.000000e+01
      vertex   -8.003383e+01 3.814732e+02 4.000000e+01
    endloop
  endfacet
  facet normal 0.000000e+00 0.000000e+00 1.000000e+00
    outer loop
      vertex   -8.003383e+01 3.814732e+02 4.000000e+01
      vertex   -8.149976e+01 3.808660e+02 4.000000e+01
      vertex   -8.013373e+01 3.812321e+02 4.000000e+01
    endloop
  endfacet
  facet normal 0.000000e+00 0.000000e+00 1.000000e+00
    outer loop
      vertex   -8.013373e+01 3.812321e+02 4.000000e+01
      vertex   -8.149976e+01 3.808660e+02 4.000000e+01
      vertex   -8.029265e+01 3.810249e+02 4.000000e+01
    endloop
  endfacet
  facet normal 0.000000e+00 0.000000e+00 1.000000e+00
    outer loop
      vertex   -8.029265e+01 3.810249e+02 4.000000e+01
      vertex   -8.149976e+01 3.808660e+02 4.000000e+01
      vertex   -8.049976e+01 3.808660e+02 4.000000e+01
    endloop
  endfacet
  facet normal 0.000000e+00 0.000000e+00 1.000000e+00
    outer loop
      vertex   -8.049976e+01 3.808660e+02 4.000000e+01
      vertex   -8.149976e+01 3.808660e+02 4.000000e+01
      vertex   -8.074094e+01 3.807661e+02 4.000000e+01
    endloop
  endfacet
  facet normal 0.000000e+00 0.000000e+00 1.000000e+00
    outer loop
      vertex   -8.074094e+01 3.807661e+02 4.000000e+01
      vertex   -8.149976e+01 3.808660e+02 4.000000e+01
      vertex   -8.099976e+01 3.807321e+02 4.000000e+01
    endloop
  endfacet
  facet normal 0.000000e+00 0.000000e+00 1.000000e+00
    outer loop
      vertex   -8.099976e+01 3.807321e+02 4.000000e+01
      vertex   -8.149976e+01 3.808660e+02 4.000000e+01
      vertex   -8.125858e+01 3.807661e+02 4.000000e+01
    endloop
  endfacet
  facet normal 0.000000e+00 0.000000e+00 1.000000e+00
    outer loop
      vertex   -8.399976e+01 3.918453e+02 4.000000e+01
      vertex   -8.425858e+01 3.918794e+02 4.000000e+01
      vertex   -8.899976e+01 3.870000e+02 4.000000e+01
    endloop
  endfacet
  facet normal 0.000000e+00 -0.000000e+00 1.000000e+00
    outer loop
      vertex   -8.899976e+01 3.870000e+02 4.000000e+01
      vertex   -8.425858e+01 3.918794e+02 4.000000e+01
      vertex   -8.913605e+01 3.880353e+02 4.000000e+01
    endloop
  endfacet
  facet normal 0.000000e+00 0.000000e+00 1.000000e+00
    outer loop
      vertex   -8.913605e+01 3.880353e+02 4.000000e+01
      vertex   -8.425858e+01 3.918794e+02 4.000000e+01
      vertex   -8.449976e+01 3.919793e+02 4.000000e+01
    endloop
  endfacet
  facet normal 0.000000e+00 0.000000e+00 1.000000e+00
    outer loop
      vertex   -8.913605e+01 3.880353e+02 4.000000e+01
      vertex   -8.449976e+01 3.919793e+02 4.000000e+01
      vertex   -8.470686e+01 3.921382e+02 4.000000e+01
    endloop
  endfacet
  facet normal 0.000000e+00 -0.000000e+00 1.000000e+00
    outer loop
      vertex   -8.913605e+01 3.880353e+02 4.000000e+01
      vertex   -8.470686e+01 3.921382e+02 4.000000e+01
      vertex   -8.953566e+01 3.890000e+02 4.000000e+01
    endloop
  endfacet
  facet normal 0.000000e+00 0.000000e+00 1.000000e+00
    outer loop
      vertex   -8.953566e+01 3.890000e+02 4.000000e+01
      vertex   -8.470686e+01 3.921382e+02 4.000000e+01
      vertex   -8.486578e+01 3.923453e+02 4.000000e+01
    endloop
  endfacet
  facet normal 0.000000e+00 -0.000000e+00 1.000000e+00
    outer loop
      vertex   -8.953566e+01 3.890000e+02 4.000000e+01
      vertex   -8.486578e+01 3.923453e+02 4.000000e+01
      vertex   -9.017133e+01 3.898284e+02 4.000000e+01
    endloop
  endfacet
  facet normal 0.000000e+00 0.000000e+00 1.000000e+00
    outer loop
      vertex   -9.017133e+01 3.898284e+02 4.000000e+01
      vertex   -8.486578e+01 3.923453e+02 4.000000e+01
      vertex   -8.496568e+01 3.925865e+02 4.000000e+01
    endloop
  endfacet
  facet normal 0.000000e+00 -0.000000e+00 1.000000e+00
    outer loop
      vertex   -9.017133e+01 3.898284e+02 4.000000e+01
      vertex   -8.496568e+01 3.925865e+02 4.000000e+01
      vertex   -9.055543e+01 3.928453e+02 4.000000e+01
    endloop
  endfacet
  facet normal 0.000000e+00 0.000000e+00 1.000000e+00
    outer loop
      vertex   -9.055543e+01 3.928453e+02 4.000000e+01
      vertex   -8.496568e+01 3.925865e+02 4.000000e+01
      vertex   -8.499976e+01 3.928453e+02 4.000000e+01
    endloop
  endfacet
  facet normal 0.000000e+00 0.000000e+00 1.000000e+00
    outer loop
      vertex   -9.074506e+01 3.945768e+02 4.000000e+01
      vertex   -9.299976e+01 3.910000e+02 4.000000e+01
      vertex   -9.055543e+01 3.928453e+02 4.000000e+01
    endloop
  endfacet
  facet normal 0.000000e+00 0.000000e+00 1.000000e+00
    outer loop
      vertex   -9.055543e+01 3.928453e+02 4.000000e+01
      vertex   -9.299976e+01 3.910000e+02 4.000000e+01
      vertex   -9.196448e+01 3.908637e+02 4.000000e+01
    endloop
  endfacet
  facet normal 0.000000e+00 0.000000e+00 1.000000e+00
    outer loop
      vertex   -9.055543e+01 3.928453e+02 4.000000e+01
      vertex   -9.196448e+01 3.908637e+02 4.000000e+01
      vertex   -9.099976e+01 3.904641e+02 4.000000e+01
    endloop
  endfacet
  facet normal 0.000000e+00 0.000000e+00 1.000000e+00
    outer loop
      vertex   -2.430234e+02 3.608175e+02 4.000000e+01
      vertex   -9.582818e+01 3.898284e+02 4.000000e+01
      vertex   -9.074506e+01 3.945768e+02 4.000000e+01
    endloop
  endfacet
  facet normal 0.000000e+00 0.000000e+00 1.000000e+00
    outer loop
      vertex   -9.074506e+01 3.945768e+02 4.000000e+01
      vertex   -9.582818e+01 3.898284e+02 4.000000e+01
      vertex   -9.499976e+01 3.904641e+02 4.000000e+01
    endloop
  endfacet
  facet normal 0.000000e+00 0.000000e+00 1.000000e+00
    outer loop
      vertex   -9.074506e+01 3.945768e+02 4.000000e+01
      vertex   -9.499976e+01 3.904641e+02 4.000000e+01
      vertex   -9.403503e+01 3.908637e+02 4.000000e+01
    endloop
  endfacet
  facet normal -1.590552e-16 -2.265264e-16 1.000000e+00
    outer loop
      vertex   -2.431090e+02 3.205249e+02 4.000000e+01
      vertex   -2.423263e+02 3.199754e+02 4.000000e+01
      vertex   -2.399997e+02 3.497086e+02 4.000000e+01
    endloop
  endfacet
  facet normal -2.506264e-16 -2.193611e-16 1.000000e+00
    outer loop
      vertex   -2.399997e+02 3.497086e+02 4.000000e+01
      vertex   -2.423263e+02 3.199754e+02 4.000000e+01
      vertex   -2.416964e+02 3.192557e+02 4.000000e+01
    endloop
  endfacet
  facet normal -4.054607e-16 -2.107343e-16 1.000000e+00
    outer loop
      vertex   -2.399997e+02 3.497086e+02 4.000000e+01
      vertex   -2.416964e+02 3.192557e+02 4.000000e+01
      vertex   -2.412554e+02 3.184072e+02 4.000000e+01
    endloop
  endfacet
  facet normal -7.979753e-16 -1.949882e-16 1.000000e+00
    outer loop
      vertex   -2.412554e+02 3.184072e+02 4.000000e+01
      vertex   -2.410284e+02 3.174782e+02 4.000000e+01
      vertex   -2.399997e+02 3.497086e+02 4.000000e+01
    endloop
  endfacet
  facet normal -6.907302e-15 0.000000e+00 1.000000e+00
    outer loop
      vertex   -2.399997e+02 3.497086e+02 4.000000e+01
      vertex   -2.410284e+02 3.174782e+02 4.000000e+01
      vertex   -2.410284e+02 3.165218e+02 4.000000e+01
    endloop
  endfacet
  facet normal 1.143039e-16 -1.000447e-16 1.000000e+00
    outer loop
      vertex   -2.416964e+02 3.147443e+02 4.000000e+01
      vertex   -2.423263e+02 3.140246e+02 4.000000e+01
      vertex   -2.399997e+02 2.456603e+02 4.000000e+01
    endloop
  endfacet
  facet normal 7.127442e-17 -1.015090e-16 1.000000e+00
    outer loop
      vertex   -2.399997e+02 2.456603e+02 4.000000e+01
      vertex   -2.423263e+02 3.140246e+02 4.000000e+01
      vertex   -2.431090e+02 3.134751e+02 4.000000e+01
    endloop
  endfacet
  facet normal 4.022124e-17 -1.029328e-16 1.000000e+00
    outer loop
      vertex   -2.399997e+02 2.456603e+02 4.000000e+01
      vertex   -2.431090e+02 3.134751e+02 4.000000e+01
      vertex   -2.439997e+02 3.131270e+02 4.000000e+01
    endloop
  endfacet
  facet normal -3.598933e-17 -1.074512e-16 1.000000e+00
    outer loop
      vertex   -2.439997e+02 3.131270e+02 4.000000e+01
      vertex   -2.439997e+02 2.470000e+02 4.000000e+01
      vertex   -2.399997e+02 2.456603e+02 4.000000e+01
    endloop
  endfacet
  facet normal 0.000000e+00 0.000000e+00 1.000000e+00
    outer loop
      vertex   -9.686346e+01 3.859647e+02 4.000000e+01
      vertex   -9.699976e+01 3.870000e+02 4.000000e+01
      vertex   -1.010750e+02 3.805075e+02 4.000000e+01
    endloop
  endfacet
  facet normal 0.000000e+00 0.000000e+00 1.000000e+00
    outer loop
      vertex   -1.010750e+02 3.805075e+02 4.000000e+01
      vertex   -9.699976e+01 3.870000e+02 4.000000e+01
      vertex   -9.686346e+01 3.880353e+02 4.000000e+01
    endloop
  endfacet
  facet normal 0.000000e+00 0.000000e+00 1.000000e+00
    outer loop
      vertex   -1.010750e+02 3.805075e+02 4.000000e+01
      vertex   -9.686346e+01 3.880353e+02 4.000000e+01
      vertex   -9.646386e+01 3.890000e+02 4.000000e+01
    endloop
  endfacet
  facet normal 0.000000e+00 -0.000000e+00 1.000000e+00
    outer loop
      vertex   -1.010750e+02 3.805075e+02 4.000000e+01
      vertex   -9.646386e+01 3.890000e+02 4.000000e+01
      vertex   -2.430234e+02 3.608175e+02 4.000000e+01
    endloop
  endfacet
  facet normal 0.000000e+00 0.000000e+00 1.000000e+00
    outer loop
      vertex   -2.430234e+02 3.608175e+02 4.000000e+01
      vertex   -9.646386e+01 3.890000e+02 4.000000e+01
      vertex   -9.582818e+01 3.898284e+02 4.000000e+01
    endloop
  endfacet
  facet normal 0.000000e+00 0.000000e+00 1.000000e+00
    outer loop
      vertex   -9.403503e+01 3.908637e+02 4.000000e+01
      vertex   -9.299976e+01 3.910000e+02 4.000000e+01
      vertex   -9.074506e+01 3.945768e+02 4.000000e+01
    endloop
  endfacet
  facet normal -0.000000e+00 0.000000e+00 1.000000e+00
    outer loop
      vertex   -9.099976e+01 3.904641e+02 4.000000e+01
      vertex   -9.017133e+01 3.898284e+02 4.000000e+01
      vertex   -9.055543e+01 3.928453e+02 4.000000e+01
    endloop
  endfacet
  facet normal 0.000000e+00 0.000000e+00 1.000000e+00
    outer loop
      vertex   -9.403503e+01 3.831363e+02 4.000000e+01
      vertex   -9.499976e+01 3.835359e+02 4.000000e+01
      vertex   -9.499976e+01 3.770000e+02 4.000000e+01
    endloop
  endfacet
  facet normal 0.000000e+00 0.000000e+00 1.000000e+00
    outer loop
      vertex   -9.646386e+01 3.850000e+02 4.000000e+01
      vertex   -9.686346e+01 3.859647e+02 4.000000e+01
      vertex   -1.010750e+02 3.805075e+02 4.000000e+01
    endloop
  endfacet
  facet normal 0.000000e+00 -1.000000e+00 0.000000e+00
    outer loop
      vertex   -2.549997e+02 2.270000e+02 4.400000e+01
      vertex   -2.549997e+02 2.270000e+02 -2.000000e+01
      vertex   -2.539997e+02 2.270000e+02 4.500000e+01
    endloop
  endfacet
  facet normal 0.000000e+00 -1.000000e+00 -0.000000e+00
    outer loop
      vertex   -2.539997e+02 2.270000e+02 4.500000e+01
      vertex   -2.549997e+02 2.270000e+02 -2.000000e+01
      vertex   -2.508450e+02 2.270000e+02 -2.000000e+01
    endloop
  endfacet
  facet normal 0.000000e+00 -1.000000e+00 0.000000e+00
    outer loop
      vertex   -2.539997e+02 2.270000e+02 4.500000e+01
      vertex   -2.508450e+02 2.270000e+02 -2.000000e+01
      vertex   -2.508450e+02 2.270000e+02 4.000000e+01
    endloop
  endfacet
  facet normal 0.000000e+00 -1.000000e+00 0.000000e+00
    outer loop
      vertex   -2.508450e+02 2.270000e+02 4.000000e+01
      vertex   -2.508450e+02 2.270000e+02 4.500000e+01
      vertex   -2.539997e+02 2.270000e+02 4.500000e+01
    endloop
  endfacet
  facet normal 2.553529e-17 -1.151822e-16 1.000000e+00
    outer loop
      vertex   -2.508450e+02 3.503771e+02 4.500000e+01
      vertex   -2.539997e+02 3.496778e+02 4.500000e+01
      vertex   -2.508450e+02 2.270000e+02 4.500000e+01
    endloop
  endfacet
  facet normal 0.000000e+00 -1.158389e-16 1.000000e+00
    outer loop
      vertex   -2.508450e+02 2.270000e+02 4.500000e+01
      vertex   -2.539997e+02 3.496778e+02 4.500000e+01
      vertex   -2.539997e+02 2.270000e+02 4.500000e+01
    endloop
  endfacet
  facet normal -7.071068e-01 2.461275e-16 7.071068e-01
    outer loop
      vertex   -2.549997e+02 3.494803e+02 4.400000e+01
      vertex   -2.549997e+02 2.270000e+02 4.400000e+01
      vertex   -2.545116e+02 3.500886e+02 4.448815e+01
    endloop
  endfacet
  facet normal -7.071068e-01 4.271209e-17 7.071068e-01
    outer loop
      vertex   -2.545116e+02 3.500886e+02 4.448815e+01
      vertex   -2.549997e+02 2.270000e+02 4.400000e+01
      vertex   -2.539997e+02 2.270000e+02 4.500000e+01
    endloop
  endfacet
  facet normal -7.071068e-01 8.220548e-17 7.071068e-01
    outer loop
      vertex   -2.545116e+02 3.500886e+02 4.448815e+01
      vertex   -2.539997e+02 2.270000e+02 4.500000e+01
      vertex   -2.539997e+02 3.496778e+02 4.500000e+01
    endloop
  endfacet
  facet normal 1.000000e+00 -4.607289e-16 -4.719152e-16
    outer loop
      vertex   -2.508450e+02 3.503771e+02 4.500000e+01
      vertex   -2.508450e+02 2.270000e+02 4.500000e+01
      vertex   -2.508450e+02 3.514014e+02 4.400000e+01
    endloop
  endfacet
  facet normal 1.000000e+00 -4.569355e-16 0.000000e+00
    outer loop
      vertex   -2.508450e+02 3.514014e+02 4.400000e+01
      vertex   -2.508450e+02 2.270000e+02 4.500000e+01
      vertex   -2.508450e+02 2.270000e+02 4.000000e+01
    endloop
  endfacet
  facet normal 1.000000e+00 -4.569355e-16 0.000000e+00
    outer loop
      vertex   -2.508450e+02 3.514014e+02 4.400000e+01
      vertex   -2.508450e+02 2.270000e+02 4.000000e+01
      vertex   -2.508450e+02 3.514014e+02 4.000000e+01
    endloop
  endfacet
endsolid
