solid ASCII
  facet normal 1.000000e+00 -0.000000e+00 0.000000e+00
    outer loop
      vertex   -3.000000e+00 -3.115192e+00 3.500000e+00
      vertex   -3.000000e+00 -3.176628e+00 3.308758e+00
      vertex   -3.000000e+00 3.115192e+00 3.500000e+00
    endloop
  endfacet
  facet normal 1.000000e+00 0.000000e+00 0.000000e+00
    outer loop
      vertex   -3.000000e+00 3.115192e+00 3.500000e+00
      vertex   -3.000000e+00 -3.176628e+00 3.308758e+00
      vertex   -3.000000e+00 3.176628e+00 3.308758e+00
    endloop
  endfacet
  facet normal 1.000000e+00 0.000000e+00 0.000000e+00
    outer loop
      vertex   -3.000000e+00 3.176628e+00 3.308758e+00
      vertex   -3.000000e+00 -3.176628e+00 3.308758e+00
      vertex   -3.000000e+00 -3.257412e+00 3.124850e+00
    endloop
  endfacet
  facet normal 1.000000e+00 0.000000e+00 0.000000e+00
    outer loop
      vertex   -3.000000e+00 3.176628e+00 3.308758e+00
      vertex   -3.000000e+00 -3.257412e+00 3.124850e+00
      vertex   -3.000000e+00 3.257412e+00 3.124850e+00
    endloop
  endfacet
  facet normal 1.000000e+00 0.000000e+00 0.000000e+00
    outer loop
      vertex   -3.000000e+00 3.257412e+00 3.124850e+00
      vertex   -3.000000e+00 -3.257412e+00 3.124850e+00
      vertex   -3.000000e+00 -3.356687e+00 2.950228e+00
    endloop
  endfacet
  facet normal 1.000000e+00 0.000000e+00 0.000000e+00
    outer loop
      vertex   -3.000000e+00 3.257412e+00 3.124850e+00
      vertex   -3.000000e+00 -3.356687e+00 2.950228e+00
      vertex   -3.000000e+00 3.356687e+00 2.950228e+00
    endloop
  endfacet
  facet normal 1.000000e+00 0.000000e+00 0.000000e+00
    outer loop
      vertex   -3.000000e+00 3.356687e+00 2.950228e+00
      vertex   -3.000000e+00 -3.356687e+00 2.950228e+00
      vertex   -3.000000e+00 -3.473398e+00 2.786746e+00
    endloop
  endfacet
  facet normal 1.000000e+00 0.000000e+00 0.000000e+00
    outer loop
      vertex   -3.000000e+00 3.356687e+00 2.950228e+00
      vertex   -3.000000e+00 -3.473398e+00 2.786746e+00
      vertex   -3.000000e+00 3.473398e+00 2.786746e+00
    endloop
  endfacet
  facet normal 1.000000e+00 0.000000e+00 0.000000e+00
    outer loop
      vertex   -3.000000e+00 3.473398e+00 2.786746e+00
      vertex   -3.000000e+00 -3.473398e+00 2.786746e+00
      vertex   -3.000000e+00 -3.606308e+00 2.636137e+00
    endloop
  endfacet
  facet normal 1.000000e+00 0.000000e+00 0.000000e+00
    outer loop
      vertex   -3.000000e+00 3.473398e+00 2.786746e+00
      vertex   -3.000000e+00 -3.606308e+00 2.636137e+00
      vertex   -3.000000e+00 3.606308e+00 2.636137e+00
    endloop
  endfacet
  facet normal 1.000000e+00 0.000000e+00 0.000000e+00
    outer loop
      vertex   -3.000000e+00 3.606308e+00 2.636137e+00
      vertex   -3.000000e+00 -3.606308e+00 2.636137e+00
      vertex   -3.000000e+00 -3.754006e+00 2.500000e+00
    endloop
  endfacet
  facet normal 1.000000e+00 0.000000e+00 0.000000e+00
    outer loop
      vertex   -3.000000e+00 3.606308e+00 2.636137e+00
      vertex   -3.000000e+00 -3.754006e+00 2.500000e+00
      vertex   -3.000000e+00 3.754006e+00 2.500000e+00
    endloop
  endfacet
  facet normal 1.000000e+00 0.000000e+00 0.000000e+00
    outer loop
      vertex   -3.000000e+00 -6.245994e+00 2.500000e+00
      vertex   -3.000000e+00 -6.393692e+00 2.636137e+00
      vertex   -3.000000e+00 -8.000000e+00 2.500000e+00
    endloop
  endfacet
  facet normal 1.000000e+00 0.000000e+00 0.000000e+00
    outer loop
      vertex   -3.000000e+00 -8.000000e+00 2.500000e+00
      vertex   -3.000000e+00 -6.393692e+00 2.636137e+00
      vertex   -3.000000e+00 -6.526602e+00 2.786746e+00
    endloop
  endfacet
  facet normal 1.000000e+00 0.000000e+00 0.000000e+00
    outer loop
      vertex   -3.000000e+00 -8.000000e+00 2.500000e+00
      vertex   -3.000000e+00 -6.526602e+00 2.786746e+00
      vertex   -3.000000e+00 -6.643313e+00 2.950228e+00
    endloop
  endfacet
  facet normal 1.000000e+00 0.000000e+00 0.000000e+00
    outer loop
      vertex   -3.000000e+00 -6.643313e+00 2.950228e+00
      vertex   -3.000000e+00 -6.742588e+00 3.124850e+00
      vertex   -3.000000e+00 -8.000000e+00 2.500000e+00
    endloop
  endfacet
  facet normal 1.000000e+00 0.000000e+00 0.000000e+00
    outer loop
      vertex   -3.000000e+00 -8.000000e+00 2.500000e+00
      vertex   -3.000000e+00 -6.742588e+00 3.124850e+00
      vertex   -3.000000e+00 -8.000000e+00 3.500000e+00
    endloop
  endfacet
  facet normal 1.000000e+00 0.000000e+00 0.000000e+00
    outer loop
      vertex   -3.000000e+00 -8.000000e+00 3.500000e+00
      vertex   -3.000000e+00 -6.742588e+00 3.124850e+00
      vertex   -3.000000e+00 -6.823372e+00 3.308758e+00
    endloop
  endfacet
  facet normal 1.000000e+00 -0.000000e+00 0.000000e+00
    outer loop
      vertex   -3.000000e+00 -8.000000e+00 3.500000e+00
      vertex   -3.000000e+00 -6.823372e+00 3.308758e+00
      vertex   -3.000000e+00 -6.884808e+00 3.500000e+00
    endloop
  endfacet
  facet normal 1.000000e+00 0.000000e+00 0.000000e+00
    outer loop
      vertex   -3.000000e+00 8.000000e+00 3.500000e+00
      vertex   -3.000000e+00 6.742588e+00 3.124850e+00
      vertex   -3.000000e+00 8.000000e+00 2.500000e+00
    endloop
  endfacet
  facet normal 1.000000e+00 0.000000e+00 0.000000e+00
    outer loop
      vertex   -3.000000e+00 8.000000e+00 2.500000e+00
      vertex   -3.000000e+00 6.742588e+00 3.124850e+00
      vertex   -3.000000e+00 6.643313e+00 2.950228e+00
    endloop
  endfacet
  facet normal 1.000000e+00 0.000000e+00 0.000000e+00
    outer loop
      vertex   -3.000000e+00 8.000000e+00 2.500000e+00
      vertex   -3.000000e+00 6.643313e+00 2.950228e+00
      vertex   -3.000000e+00 6.526602e+00 2.786746e+00
    endloop
  endfacet
  facet normal 1.000000e+00 -0.000000e+00 0.000000e+00
    outer loop
      vertex   -3.000000e+00 6.884808e+00 3.500000e+00
      vertex   -3.000000e+00 6.823372e+00 3.308758e+00
      vertex   -3.000000e+00 8.000000e+00 3.500000e+00
    endloop
  endfacet
  facet normal 1.000000e+00 0.000000e+00 0.000000e+00
    outer loop
      vertex   -3.000000e+00 8.000000e+00 3.500000e+00
      vertex   -3.000000e+00 6.823372e+00 3.308758e+00
      vertex   -3.000000e+00 6.742588e+00 3.124850e+00
    endloop
  endfacet
  facet normal 1.000000e+00 0.000000e+00 0.000000e+00
    outer loop
      vertex   -3.000000e+00 6.526602e+00 2.786746e+00
      vertex   -3.000000e+00 6.393692e+00 2.636137e+00
      vertex   -3.000000e+00 8.000000e+00 2.500000e+00
    endloop
  endfacet
  facet normal 1.000000e+00 0.000000e+00 0.000000e+00
    outer loop
      vertex   -3.000000e+00 8.000000e+00 2.500000e+00
      vertex   -3.000000e+00 6.393692e+00 2.636137e+00
      vertex   -3.000000e+00 6.245994e+00 2.500000e+00
    endloop
  endfacet
  facet normal -9.988401e-01 -1.830828e-03 -4.811516e-02
    outer loop
      vertex   -1.004541e+00 -3.092991e+00 3.593420e+00
      vertex   -1.013639e+00 -1.065814e-13 3.664595e+00
      vertex   -1.000000e+00 -3.115192e+00 3.500000e+00
    endloop
  endfacet
  facet normal -9.953756e-01 7.174104e-04 -9.605721e-02
    outer loop
      vertex   -1.000000e+00 -3.115192e+00 3.500000e+00
      vertex   -1.013639e+00 -1.065814e-13 3.664595e+00
      vertex   -1.004541e+00 3.092990e+00 3.593420e+00
    endloop
  endfacet
  facet normal -9.988208e-01 0.000000e+00 -4.854971e-02
    outer loop
      vertex   -1.000000e+00 -3.115192e+00 3.500000e+00
      vertex   -1.004541e+00 3.092990e+00 3.593420e+00
      vertex   -1.000000e+00 3.115192e+00 3.500000e+00
    endloop
  endfacet
  facet normal -9.897561e-01 3.740153e-04 -1.427681e-01
    outer loop
      vertex   -1.004541e+00 -3.092991e+00 3.593420e+00
      vertex   -1.018320e+00 -3.075194e+00 3.688991e+00
      vertex   -1.013639e+00 -1.065814e-13 3.664595e+00
    endloop
  endfacet
  facet normal -9.717875e-01 -3.918531e-04 -2.358579e-01
    outer loop
      vertex   -1.013639e+00 -1.065814e-13 3.664595e+00
      vertex   -1.018320e+00 -3.075194e+00 3.688991e+00
      vertex   -1.041572e+00 -3.062041e+00 3.784774e+00
    endloop
  endfacet
  facet normal -9.694000e-01 -7.914954e-04 -2.454854e-01
    outer loop
      vertex   -1.013639e+00 -1.065814e-13 3.664595e+00
      vertex   -1.041572e+00 -3.062041e+00 3.784774e+00
      vertex   -1.054183e+00 -1.065814e-13 3.824699e+00
    endloop
  endfacet
  facet normal -9.437155e-01 4.261430e-04 -3.307580e-01
    outer loop
      vertex   -1.054183e+00 -1.065814e-13 3.824699e+00
      vertex   -1.041572e+00 -3.062041e+00 3.784774e+00
      vertex   -1.074532e+00 -3.053769e+00 3.878827e+00
    endloop
  endfacet
  facet normal -9.157729e-01 -1.017402e-03 -4.016952e-01
    outer loop
      vertex   -1.054183e+00 -1.065814e-13 3.824699e+00
      vertex   -1.074532e+00 -3.053769e+00 3.878827e+00
      vertex   -1.120526e+00 -1.065814e-13 3.975947e+00
    endloop
  endfacet
  facet normal -9.046280e-01 -7.014421e-05 -4.262020e-01
    outer loop
      vertex   -1.120526e+00 -1.065814e-13 3.975947e+00
      vertex   -1.074532e+00 -3.053769e+00 3.878827e+00
      vertex   -1.117159e+00 -3.050301e+00 3.969302e+00
    endloop
  endfacet
  facet normal -8.578626e-01 1.725137e-04 -5.138791e-01
    outer loop
      vertex   -1.120526e+00 -1.065814e-13 3.975947e+00
      vertex   -1.117159e+00 -3.050301e+00 3.969302e+00
      vertex   -1.168339e+00 -3.050868e+00 4.054741e+00
    endloop
  endfacet
  facet normal -8.371661e-01 -1.005899e-03 -5.469479e-01
    outer loop
      vertex   -1.120526e+00 -1.065814e-13 3.975947e+00
      vertex   -1.168339e+00 -3.050868e+00 4.054741e+00
      vertex   -1.210859e+00 -1.065814e-13 4.114213e+00
    endloop
  endfacet
  facet normal -8.044860e-01 3.662110e-04 -5.939715e-01
    outer loop
      vertex   -1.210859e+00 -1.065814e-13 4.114213e+00
      vertex   -1.168339e+00 -3.050868e+00 4.054741e+00
      vertex   -1.226705e+00 -3.054646e+00 4.133790e+00
    endloop
  endfacet
  facet normal -7.432284e-01 -4.326603e-04 -6.690376e-01
    outer loop
      vertex   -1.210859e+00 -1.065814e-13 4.114213e+00
      vertex   -1.226705e+00 -3.054646e+00 4.133790e+00
      vertex   -1.290890e+00 -3.060816e+00 4.205097e+00
    endloop
  endfacet
  facet normal -7.357236e-01 -8.736632e-04 -6.772813e-01
    outer loop
      vertex   -1.210859e+00 -1.065814e-13 4.114213e+00
      vertex   -1.290890e+00 -3.060816e+00 4.205097e+00
      vertex   -1.322718e+00 -1.065814e-13 4.235724e+00
    endloop
  endfacet
  facet normal -6.732925e-01 3.968712e-04 -7.393761e-01
    outer loop
      vertex   -1.322718e+00 -1.065814e-13 4.235724e+00
      vertex   -1.290890e+00 -3.060816e+00 4.205097e+00
      vertex   -1.361880e+00 -3.068782e+00 4.269738e+00
    endloop
  endfacet
  facet normal -6.142125e-01 -9.086531e-04 -7.891402e-01
    outer loop
      vertex   -1.322718e+00 -1.065814e-13 4.235724e+00
      vertex   -1.361880e+00 -3.068782e+00 4.269738e+00
      vertex   -1.453052e+00 -1.065814e-13 4.337166e+00
    endloop
  endfacet
  facet normal -5.987947e-01 -1.921562e-04 -8.009025e-01
    outer loop
      vertex   -1.453052e+00 -1.065814e-13 4.337166e+00
      vertex   -1.361880e+00 -3.068782e+00 4.269738e+00
      vertex   -1.440468e+00 -3.077924e+00 4.328497e+00
    endloop
  endfacet
  facet normal -5.188174e-01 2.868726e-04 -8.548851e-01
    outer loop
      vertex   -1.453052e+00 -1.065814e-13 4.337166e+00
      vertex   -1.440468e+00 -3.077924e+00 4.328497e+00
      vertex   -1.525488e+00 -3.087429e+00 4.380091e+00
    endloop
  endfacet
  facet normal -4.759471e-01 -1.060786e-03 -8.794733e-01
    outer loop
      vertex   -1.453052e+00 -1.065814e-13 4.337166e+00
      vertex   -1.525488e+00 -3.087429e+00 4.380091e+00
      vertex   -1.598305e+00 -1.065814e-13 4.415773e+00
    endloop
  endfacet
  facet normal -4.312144e-01 2.574573e-04 -9.022494e-01
    outer loop
      vertex   -1.598305e+00 -1.065814e-13 4.415773e+00
      vertex   -1.525488e+00 -3.087429e+00 4.380091e+00
      vertex   -1.615774e+00 -3.096485e+00 4.423239e+00
    endloop
  endfacet
  facet normal -3.360585e-01 -3.748449e-04 -9.418410e-01
    outer loop
      vertex   -1.598305e+00 -1.065814e-13 4.415773e+00
      vertex   -1.615774e+00 -3.096485e+00 4.423239e+00
      vertex   -1.710070e+00 -3.104221e+00 4.456888e+00
    endloop
  endfacet
  facet normal -3.246994e-01 -8.364851e-04 -9.458169e-01
    outer loop
      vertex   -1.598305e+00 -1.065814e-13 4.415773e+00
      vertex   -1.710070e+00 -3.104221e+00 4.456888e+00
      vertex   -1.754515e+00 -1.065814e-13 4.469400e+00
    endloop
  endfacet
  facet normal -2.408460e-01 4.638199e-04 -9.705632e-01
    outer loop
      vertex   -1.754515e+00 -1.065814e-13 4.469400e+00
      vertex   -1.710070e+00 -3.104221e+00 4.456888e+00
      vertex   -1.806718e+00 -3.110117e+00 4.480868e+00
    endloop
  endfacet
  facet normal -1.645945e-01 -8.743254e-04 -9.863609e-01
    outer loop
      vertex   -1.754515e+00 -1.065814e-13 4.469400e+00
      vertex   -1.806718e+00 -3.110117e+00 4.480868e+00
      vertex   -1.917421e+00 -1.065814e-13 4.496584e+00
    endloop
  endfacet
  facet normal -1.460555e-01 -1.997096e-04 -9.892764e-01
    outer loop
      vertex   -1.917421e+00 -1.065814e-13 4.496584e+00
      vertex   -1.806718e+00 -3.110117e+00 4.480868e+00
      vertex   -1.903951e+00 -3.113874e+00 4.495224e+00
    endloop
  endfacet
  facet normal -4.966172e-02 2.214116e-04 -9.987661e-01
    outer loop
      vertex   -1.917421e+00 -1.065814e-13 4.496584e+00
      vertex   -1.903951e+00 -3.113874e+00 4.495224e+00
      vertex   -2.000000e+00 -3.115192e+00 4.500000e+00
    endloop
  endfacet
  facet normal -0.000000e+00 -1.096403e-03 -9.999994e-01
    outer loop
      vertex   -1.917421e+00 -1.065814e-13 4.496584e+00
      vertex   -2.000000e+00 -3.115192e+00 4.500000e+00
      vertex   -2.082579e+00 -1.065814e-13 4.496584e+00
    endloop
  endfacet
  facet normal 4.966172e-02 2.214116e-04 -9.987661e-01
    outer loop
      vertex   -2.082579e+00 -1.065814e-13 4.496584e+00
      vertex   -2.000000e+00 -3.115192e+00 4.500000e+00
      vertex   -2.096049e+00 -3.113874e+00 4.495224e+00
    endloop
  endfacet
  facet normal 1.460555e-01 -1.997096e-04 -9.892764e-01
    outer loop
      vertex   -2.082579e+00 -1.065814e-13 4.496584e+00
      vertex   -2.096049e+00 -3.113874e+00 4.495224e+00
      vertex   -2.193282e+00 -3.110117e+00 4.480868e+00
    endloop
  endfacet
  facet normal 1.645945e-01 -8.743254e-04 -9.863609e-01
    outer loop
      vertex   -2.082579e+00 -1.065814e-13 4.496584e+00
      vertex   -2.193282e+00 -3.110117e+00 4.480868e+00
      vertex   -2.245485e+00 -1.065814e-13 4.469400e+00
    endloop
  endfacet
  facet normal 2.408460e-01 4.638199e-04 -9.705632e-01
    outer loop
      vertex   -2.245485e+00 -1.065814e-13 4.469400e+00
      vertex   -2.193282e+00 -3.110117e+00 4.480868e+00
      vertex   -2.289930e+00 -3.104221e+00 4.456888e+00
    endloop
  endfacet
  facet normal 3.246994e-01 -8.364851e-04 -9.458169e-01
    outer loop
      vertex   -2.245485e+00 -1.065814e-13 4.469400e+00
      vertex   -2.289930e+00 -3.104221e+00 4.456888e+00
      vertex   -2.401695e+00 -1.065814e-13 4.415773e+00
    endloop
  endfacet
  facet normal 3.360585e-01 -3.748449e-04 -9.418410e-01
    outer loop
      vertex   -2.401695e+00 -1.065814e-13 4.415773e+00
      vertex   -2.289930e+00 -3.104221e+00 4.456888e+00
      vertex   -2.384226e+00 -3.096485e+00 4.423239e+00
    endloop
  endfacet
  facet normal 4.312144e-01 2.574573e-04 -9.022494e-01
    outer loop
      vertex   -2.401695e+00 -1.065814e-13 4.415773e+00
      vertex   -2.384226e+00 -3.096485e+00 4.423239e+00
      vertex   -2.474512e+00 -3.087429e+00 4.380091e+00
    endloop
  endfacet
  facet normal 4.759471e-01 -1.060786e-03 -8.794733e-01
    outer loop
      vertex   -2.401695e+00 -1.065814e-13 4.415773e+00
      vertex   -2.474512e+00 -3.087429e+00 4.380091e+00
      vertex   -2.546948e+00 -1.065814e-13 4.337166e+00
    endloop
  endfacet
  facet normal 5.188174e-01 2.868726e-04 -8.548851e-01
    outer loop
      vertex   -2.546948e+00 -1.065814e-13 4.337166e+00
      vertex   -2.474512e+00 -3.087429e+00 4.380091e+00
      vertex   -2.559532e+00 -3.077924e+00 4.328497e+00
    endloop
  endfacet
  facet normal 5.987947e-01 -1.921562e-04 -8.009025e-01
    outer loop
      vertex   -2.546948e+00 -1.065814e-13 4.337166e+00
      vertex   -2.559532e+00 -3.077924e+00 4.328497e+00
      vertex   -2.638120e+00 -3.068782e+00 4.269738e+00
    endloop
  endfacet
  facet normal 6.142125e-01 -9.086531e-04 -7.891402e-01
    outer loop
      vertex   -2.546948e+00 -1.065814e-13 4.337166e+00
      vertex   -2.638120e+00 -3.068782e+00 4.269738e+00
      vertex   -2.677282e+00 -1.065814e-13 4.235724e+00
    endloop
  endfacet
  facet normal 6.732925e-01 3.968712e-04 -7.393761e-01
    outer loop
      vertex   -2.677282e+00 -1.065814e-13 4.235724e+00
      vertex   -2.638120e+00 -3.068782e+00 4.269738e+00
      vertex   -2.709110e+00 -3.060816e+00 4.205097e+00
    endloop
  endfacet
  facet normal 7.357236e-01 -8.736632e-04 -6.772813e-01
    outer loop
      vertex   -2.677282e+00 -1.065814e-13 4.235724e+00
      vertex   -2.709110e+00 -3.060816e+00 4.205097e+00
      vertex   -2.789141e+00 -1.065814e-13 4.114213e+00
    endloop
  endfacet
  facet normal 7.432284e-01 -4.326603e-04 -6.690376e-01
    outer loop
      vertex   -2.789141e+00 -1.065814e-13 4.114213e+00
      vertex   -2.709110e+00 -3.060816e+00 4.205097e+00
      vertex   -2.773295e+00 -3.054646e+00 4.133790e+00
    endloop
  endfacet
  facet normal 8.044860e-01 3.662110e-04 -5.939715e-01
    outer loop
      vertex   -2.789141e+00 -1.065814e-13 4.114213e+00
      vertex   -2.773295e+00 -3.054646e+00 4.133790e+00
      vertex   -2.831661e+00 -3.050868e+00 4.054741e+00
    endloop
  endfacet
  facet normal 8.371661e-01 -1.005899e-03 -5.469479e-01
    outer loop
      vertex   -2.789141e+00 -1.065814e-13 4.114213e+00
      vertex   -2.831661e+00 -3.050868e+00 4.054741e+00
      vertex   -2.879474e+00 -1.065814e-13 3.975947e+00
    endloop
  endfacet
  facet normal 8.578626e-01 1.725137e-04 -5.138791e-01
    outer loop
      vertex   -2.879474e+00 -1.065814e-13 3.975947e+00
      vertex   -2.831661e+00 -3.050868e+00 4.054741e+00
      vertex   -2.882841e+00 -3.050301e+00 3.969302e+00
    endloop
  endfacet
  facet normal 9.046280e-01 -7.014421e-05 -4.262020e-01
    outer loop
      vertex   -2.879474e+00 -1.065814e-13 3.975947e+00
      vertex   -2.882841e+00 -3.050301e+00 3.969302e+00
      vertex   -2.925468e+00 -3.053769e+00 3.878827e+00
    endloop
  endfacet
  facet normal 9.157729e-01 -1.017402e-03 -4.016952e-01
    outer loop
      vertex   -2.879474e+00 -1.065814e-13 3.975947e+00
      vertex   -2.925468e+00 -3.053769e+00 3.878827e+00
      vertex   -2.945817e+00 -1.065814e-13 3.824699e+00
    endloop
  endfacet
  facet normal 9.437155e-01 4.261430e-04 -3.307580e-01
    outer loop
      vertex   -2.945817e+00 -1.065814e-13 3.824699e+00
      vertex   -2.925468e+00 -3.053769e+00 3.878827e+00
      vertex   -2.958428e+00 -3.062041e+00 3.784774e+00
    endloop
  endfacet
  facet normal 9.694000e-01 -7.914954e-04 -2.454854e-01
    outer loop
      vertex   -2.945817e+00 -1.065814e-13 3.824699e+00
      vertex   -2.958428e+00 -3.062041e+00 3.784774e+00
      vertex   -2.986361e+00 -1.065814e-13 3.664595e+00
    endloop
  endfacet
  facet normal 9.717875e-01 -3.918531e-04 -2.358579e-01
    outer loop
      vertex   -2.986361e+00 -1.065814e-13 3.664595e+00
      vertex   -2.958428e+00 -3.062041e+00 3.784774e+00
      vertex   -2.981680e+00 -3.075194e+00 3.688991e+00
    endloop
  endfacet
  facet normal 9.897561e-01 3.740153e-04 -1.427681e-01
    outer loop
      vertex   -2.986361e+00 -1.065814e-13 3.664595e+00
      vertex   -2.981680e+00 -3.075194e+00 3.688991e+00
      vertex   -2.995459e+00 -3.092991e+00 3.593420e+00
    endloop
  endfacet
  facet normal 9.988208e-01 0.000000e+00 -4.854933e-02
    outer loop
      vertex   -3.000000e+00 -3.115192e+00 3.500000e+00
      vertex   -3.000000e+00 3.115192e+00 3.500000e+00
      vertex   -2.995459e+00 -3.092991e+00 3.593420e+00
    endloop
  endfacet
  facet normal 9.953756e-01 -7.174103e-04 -9.605721e-02
    outer loop
      vertex   -2.995459e+00 -3.092991e+00 3.593420e+00
      vertex   -3.000000e+00 3.115192e+00 3.500000e+00
      vertex   -2.986361e+00 -1.065814e-13 3.664595e+00
    endloop
  endfacet
  facet normal 9.988402e-01 1.830921e-03 -4.811342e-02
    outer loop
      vertex   -3.000000e+00 3.115192e+00 3.500000e+00
      vertex   -2.995461e+00 3.092997e+00 3.593395e+00
      vertex   -2.986361e+00 -1.065814e-13 3.664595e+00
    endloop
  endfacet
  facet normal 9.897576e-01 -3.744638e-04 -1.427575e-01
    outer loop
      vertex   -2.986361e+00 -1.065814e-13 3.664595e+00
      vertex   -2.995461e+00 3.092997e+00 3.593395e+00
      vertex   -2.981691e+00 3.075212e+00 3.688907e+00
    endloop
  endfacet
  facet normal 9.718081e-01 3.881732e-04 -2.357729e-01
    outer loop
      vertex   -2.986361e+00 -1.065814e-13 3.664595e+00
      vertex   -2.981691e+00 3.075212e+00 3.688907e+00
      vertex   -2.958465e+00 3.062065e+00 3.784618e+00
    endloop
  endfacet
  facet normal 9.694000e-01 7.908113e-04 -2.454854e-01
    outer loop
      vertex   -2.986361e+00 -1.065814e-13 3.664595e+00
      vertex   -2.958465e+00 3.062065e+00 3.784618e+00
      vertex   -2.945817e+00 -1.065814e-13 3.824699e+00
    endloop
  endfacet
  facet normal 9.438096e-01 -4.275634e-04 -3.304894e-01
    outer loop
      vertex   -2.945817e+00 -1.065814e-13 3.824699e+00
      vertex   -2.958465e+00 3.062065e+00 3.784618e+00
      vertex   -2.925556e+00 3.053782e+00 3.878610e+00
    endloop
  endfacet
  facet normal 9.157729e-01 1.015501e-03 -4.016952e-01
    outer loop
      vertex   -2.945817e+00 -1.065814e-13 3.824699e+00
      vertex   -2.925556e+00 3.053782e+00 3.878610e+00
      vertex   -2.879474e+00 -1.065814e-13 3.975947e+00
    endloop
  endfacet
  facet normal 9.047710e-01 7.802086e-05 -4.258983e-01
    outer loop
      vertex   -2.879474e+00 -1.065814e-13 3.975947e+00
      vertex   -2.925556e+00 3.053782e+00 3.878610e+00
      vertex   -2.882984e+00 3.050303e+00 3.969049e+00
    endloop
  endfacet
  facet normal 8.579525e-01 -1.744999e-04 -5.137290e-01
    outer loop
      vertex   -2.879474e+00 -1.065814e-13 3.975947e+00
      vertex   -2.882984e+00 3.050303e+00 3.969049e+00
      vertex   -2.831824e+00 3.050862e+00 4.054489e+00
    endloop
  endfacet
  facet normal 8.371661e-01 1.005345e-03 -5.469479e-01
    outer loop
      vertex   -2.879474e+00 -1.065814e-13 3.975947e+00
      vertex   -2.831824e+00 3.050862e+00 4.054489e+00
      vertex   -2.789141e+00 -1.065814e-13 4.114213e+00
    endloop
  endfacet
  facet normal 8.045714e-01 -3.689416e-04 -5.938559e-01
    outer loop
      vertex   -2.789141e+00 -1.065814e-13 4.114213e+00
      vertex   -2.831824e+00 3.050862e+00 4.054489e+00
      vertex   -2.773431e+00 3.054638e+00 4.133598e+00
    endloop
  endfacet
  facet normal 7.434469e-01 4.209961e-04 -6.687949e-01
    outer loop
      vertex   -2.789141e+00 -1.065814e-13 4.114213e+00
      vertex   -2.773431e+00 3.054638e+00 4.133598e+00
      vertex   -2.709163e+00 3.060810e+00 4.205044e+00
    endloop
  endfacet
  facet normal 7.357236e-01 8.746396e-04 -6.772813e-01
    outer loop
      vertex   -2.789141e+00 -1.065814e-13 4.114213e+00
      vertex   -2.709163e+00 3.060810e+00 4.205044e+00
      vertex   -2.677282e+00 -1.065814e-13 4.235724e+00
    endloop
  endfacet
  facet normal 6.735099e-01 -3.938001e-04 -7.391781e-01
    outer loop
      vertex   -2.677282e+00 -1.065814e-13 4.235724e+00
      vertex   -2.709163e+00 3.060810e+00 4.205044e+00
      vertex   -2.638309e+00 3.068759e+00 4.269599e+00
    endloop
  endfacet
  facet normal 6.142125e-01 9.107914e-04 -7.891402e-01
    outer loop
      vertex   -2.677282e+00 -1.065814e-13 4.235724e+00
      vertex   -2.638309e+00 3.068759e+00 4.269599e+00
      vertex   -2.546948e+00 -1.065814e-13 4.337166e+00
    endloop
  endfacet
  facet normal 5.989214e-01 1.986665e-04 -8.008078e-01
    outer loop
      vertex   -2.546948e+00 -1.065814e-13 4.337166e+00
      vertex   -2.638309e+00 3.068759e+00 4.269599e+00
      vertex   -2.559783e+00 3.077894e+00 4.328331e+00
    endloop
  endfacet
  facet normal 5.189876e-01 -2.895825e-04 -8.547817e-01
    outer loop
      vertex   -2.546948e+00 -1.065814e-13 4.337166e+00
      vertex   -2.559783e+00 3.077894e+00 4.328331e+00
      vertex   -2.474768e+00 3.087401e+00 4.379945e+00
    endloop
  endfacet
  facet normal 4.759471e-01 1.058783e-03 -8.794733e-01
    outer loop
      vertex   -2.546948e+00 -1.065814e-13 4.337166e+00
      vertex   -2.474768e+00 3.087401e+00 4.379945e+00
      vertex   -2.401695e+00 -1.065814e-13 4.415773e+00
    endloop
  endfacet
  facet normal 4.315166e-01 -2.554326e-04 -9.021050e-01
    outer loop
      vertex   -2.401695e+00 -1.065814e-13 4.415773e+00
      vertex   -2.474768e+00 3.087401e+00 4.379945e+00
      vertex   -2.384451e+00 3.096464e+00 4.423145e+00
    endloop
  endfacet
  facet normal 3.363246e-01 3.690807e-04 -9.417460e-01
    outer loop
      vertex   -2.401695e+00 -1.065814e-13 4.415773e+00
      vertex   -2.384451e+00 3.096464e+00 4.423145e+00
      vertex   -2.290098e+00 3.104214e+00 4.456845e+00
    endloop
  endfacet
  facet normal 3.246994e-01 8.408723e-04 -9.458169e-01
    outer loop
      vertex   -2.401695e+00 -1.065814e-13 4.415773e+00
      vertex   -2.290098e+00 3.104214e+00 4.456845e+00
      vertex   -2.245485e+00 -1.065814e-13 4.469400e+00
    endloop
  endfacet
  facet normal 2.409442e-01 -4.628198e-04 -9.705389e-01
    outer loop
      vertex   -2.245485e+00 -1.065814e-13 4.469400e+00
      vertex   -2.290098e+00 3.104214e+00 4.456845e+00
      vertex   -2.193380e+00 3.110116e+00 4.480853e+00
    endloop
  endfacet
  facet normal 1.645945e-01 8.745768e-04 -9.863609e-01
    outer loop
      vertex   -2.245485e+00 -1.065814e-13 4.469400e+00
      vertex   -2.193380e+00 3.110116e+00 4.480853e+00
      vertex   -2.082579e+00 -1.065814e-13 4.496584e+00
    endloop
  endfacet
  facet normal 1.460887e-01 2.005688e-04 -9.892715e-01
    outer loop
      vertex   -2.082579e+00 -1.065814e-13 4.496584e+00
      vertex   -2.193380e+00 3.110116e+00 4.480853e+00
      vertex   -2.096087e+00 3.113874e+00 4.495221e+00
    endloop
  endfacet
  facet normal 4.968316e-02 -2.217913e-04 -9.987650e-01
    outer loop
      vertex   -2.082579e+00 -1.065814e-13 4.496584e+00
      vertex   -2.096087e+00 3.113874e+00 4.495221e+00
      vertex   -2.000012e+00 3.115192e+00 4.500000e+00
    endloop
  endfacet
  facet normal 0.000000e+00 1.096403e-03 -9.999994e-01
    outer loop
      vertex   -2.082579e+00 -1.065814e-13 4.496584e+00
      vertex   -2.000012e+00 3.115192e+00 4.500000e+00
      vertex   -1.917421e+00 -1.065814e-13 4.496584e+00
    endloop
  endfacet
  facet normal -4.964978e-02 -2.212845e-04 -9.987667e-01
    outer loop
      vertex   -1.917421e+00 -1.065814e-13 4.496584e+00
      vertex   -2.000012e+00 3.115192e+00 4.500000e+00
      vertex   -1.903962e+00 3.113874e+00 4.495226e+00
    endloop
  endfacet
  facet normal -1.460447e-01 1.994843e-04 -9.892780e-01
    outer loop
      vertex   -1.917421e+00 -1.065814e-13 4.496584e+00
      vertex   -1.903962e+00 3.113874e+00 4.495226e+00
      vertex   -1.806729e+00 3.110117e+00 4.480871e+00
    endloop
  endfacet
  facet normal -1.645945e-01 8.744276e-04 -9.863609e-01
    outer loop
      vertex   -1.917421e+00 -1.065814e-13 4.496584e+00
      vertex   -1.806729e+00 3.110117e+00 4.480871e+00
      vertex   -1.754515e+00 -1.065814e-13 4.469400e+00
    endloop
  endfacet
  facet normal -2.408359e-01 -4.638126e-04 -9.705657e-01
    outer loop
      vertex   -1.754515e+00 -1.065814e-13 4.469400e+00
      vertex   -1.806729e+00 3.110117e+00 4.480871e+00
      vertex   -1.710080e+00 3.104221e+00 4.456891e+00
    endloop
  endfacet
  facet normal -3.246994e-01 8.363584e-04 -9.458169e-01
    outer loop
      vertex   -1.754515e+00 -1.065814e-13 4.469400e+00
      vertex   -1.710080e+00 3.104221e+00 4.456891e+00
      vertex   -1.598305e+00 -1.065814e-13 4.415773e+00
    endloop
  endfacet
  facet normal -3.360491e-01 3.750633e-04 -9.418444e-01
    outer loop
      vertex   -1.598305e+00 -1.065814e-13 4.415773e+00
      vertex   -1.710080e+00 3.104221e+00 4.456891e+00
      vertex   -1.615783e+00 3.096486e+00 4.423243e+00
    endloop
  endfacet
  facet normal -4.312061e-01 -2.575579e-04 -9.022534e-01
    outer loop
      vertex   -1.598305e+00 -1.065814e-13 4.415773e+00
      vertex   -1.615783e+00 3.096486e+00 4.423243e+00
      vertex   -1.525496e+00 3.087430e+00 4.380095e+00
    endloop
  endfacet
  facet normal -4.759471e-01 1.060787e-03 -8.794733e-01
    outer loop
      vertex   -1.598305e+00 -1.065814e-13 4.415773e+00
      vertex   -1.525496e+00 3.087430e+00 4.380095e+00
      vertex   -1.453052e+00 -1.065814e-13 4.337166e+00
    endloop
  endfacet
  facet normal -5.188105e-01 -2.867898e-04 -8.548892e-01
    outer loop
      vertex   -1.453052e+00 -1.065814e-13 4.337166e+00
      vertex   -1.525496e+00 3.087430e+00 4.380095e+00
      vertex   -1.440475e+00 3.077924e+00 4.328501e+00
    endloop
  endfacet
  facet normal -5.987890e-01 1.919999e-04 -8.009068e-01
    outer loop
      vertex   -1.453052e+00 -1.065814e-13 4.337166e+00
      vertex   -1.440475e+00 3.077924e+00 4.328501e+00
      vertex   -1.361885e+00 3.068783e+00 4.269743e+00
    endloop
  endfacet
  facet normal -6.142125e-01 9.087174e-04 -7.891402e-01
    outer loop
      vertex   -1.453052e+00 -1.065814e-13 4.337166e+00
      vertex   -1.361885e+00 3.068783e+00 4.269743e+00
      vertex   -1.322718e+00 -1.065814e-13 4.235724e+00
    endloop
  endfacet
  facet normal -6.732877e-01 -3.968693e-04 -7.393805e-01
    outer loop
      vertex   -1.322718e+00 -1.065814e-13 4.235724e+00
      vertex   -1.361885e+00 3.068783e+00 4.269743e+00
      vertex   -1.290894e+00 3.060816e+00 4.205101e+00
    endloop
  endfacet
  facet normal -7.357236e-01 8.735879e-04 -6.772813e-01
    outer loop
      vertex   -1.322718e+00 -1.065814e-13 4.235724e+00
      vertex   -1.290894e+00 3.060816e+00 4.205101e+00
      vertex   -1.210859e+00 -1.065814e-13 4.114213e+00
    endloop
  endfacet
  facet normal -7.432245e-01 4.327934e-04 -6.690420e-01
    outer loop
      vertex   -1.210859e+00 -1.065814e-13 4.114213e+00
      vertex   -1.290894e+00 3.060816e+00 4.205101e+00
      vertex   -1.226708e+00 3.054646e+00 4.133795e+00
    endloop
  endfacet
  facet normal -8.044831e-01 -3.662550e-04 -5.939754e-01
    outer loop
      vertex   -1.210859e+00 -1.065814e-13 4.114213e+00
      vertex   -1.226708e+00 3.054646e+00 4.133795e+00
      vertex   -1.168342e+00 3.050868e+00 4.054745e+00
    endloop
  endfacet
  facet normal -8.371661e-01 1.005884e-03 -5.469479e-01
    outer loop
      vertex   -1.210859e+00 -1.065814e-13 4.114213e+00
      vertex   -1.168342e+00 3.050868e+00 4.054745e+00
      vertex   -1.120526e+00 -1.065814e-13 3.975947e+00
    endloop
  endfacet
  facet normal -8.578605e-01 -1.724611e-04 -5.138827e-01
    outer loop
      vertex   -1.120526e+00 -1.065814e-13 3.975947e+00
      vertex   -1.168342e+00 3.050868e+00 4.054745e+00
      vertex   -1.117160e+00 3.050301e+00 3.969305e+00
    endloop
  endfacet
  facet normal -9.046265e-01 7.007040e-05 -4.262052e-01
    outer loop
      vertex   -1.120526e+00 -1.065814e-13 3.975947e+00
      vertex   -1.117160e+00 3.050301e+00 3.969305e+00
      vertex   -1.074534e+00 3.053768e+00 3.878830e+00
    endloop
  endfacet
  facet normal -9.157729e-01 1.017428e-03 -4.016952e-01
    outer loop
      vertex   -1.120526e+00 -1.065814e-13 3.975947e+00
      vertex   -1.074534e+00 3.053768e+00 3.878830e+00
      vertex   -1.054183e+00 -1.065814e-13 3.824699e+00
    endloop
  endfacet
  facet normal -9.437146e-01 -4.261429e-04 -3.307607e-01
    outer loop
      vertex   -1.054183e+00 -1.065814e-13 3.824699e+00
      vertex   -1.074534e+00 3.053768e+00 3.878830e+00
      vertex   -1.041573e+00 3.062041e+00 3.784776e+00
    endloop
  endfacet
  facet normal -9.694000e-01 7.914661e-04 -2.454854e-01
    outer loop
      vertex   -1.054183e+00 -1.065814e-13 3.824699e+00
      vertex   -1.041573e+00 3.062041e+00 3.784776e+00
      vertex   -1.013639e+00 -1.065814e-13 3.664595e+00
    endloop
  endfacet
  facet normal -9.717870e-01 3.918923e-04 -2.358597e-01
    outer loop
      vertex   -1.013639e+00 -1.065814e-13 3.664595e+00
      vertex   -1.041573e+00 3.062041e+00 3.784776e+00
      vertex   -1.018320e+00 3.075194e+00 3.688993e+00
    endloop
  endfacet
  facet normal -9.897559e-01 -3.740297e-04 -1.427692e-01
    outer loop
      vertex   -1.013639e+00 -1.065814e-13 3.664595e+00
      vertex   -1.018320e+00 3.075194e+00 3.688993e+00
      vertex   -1.004541e+00 3.092990e+00 3.593420e+00
    endloop
  endfacet
  facet normal 9.988208e-01 0.000000e+00 -4.854933e-02
    outer loop
      vertex   -3.000000e+00 -6.884808e+00 3.500000e+00
      vertex   -2.995459e+00 -6.907009e+00 3.593420e+00
      vertex   -3.000000e+00 -8.000000e+00 3.500000e+00
    endloop
  endfacet
  facet normal 9.969141e-01 2.564336e-03 -7.845884e-02
    outer loop
      vertex   -3.000000e+00 -8.000000e+00 3.500000e+00
      vertex   -2.995459e+00 -6.907009e+00 3.593420e+00
      vertex   -2.987688e+00 -8.000000e+00 3.656434e+00
    endloop
  endfacet
  facet normal 9.897336e-01 -1.203086e-03 -1.429192e-01
    outer loop
      vertex   -2.987688e+00 -8.000000e+00 3.656434e+00
      vertex   -2.995459e+00 -6.907009e+00 3.593420e+00
      vertex   -2.981680e+00 -6.924806e+00 3.688991e+00
    endloop
  endfacet
  facet normal 9.723686e-01 1.635063e-03 -2.334451e-01
    outer loop
      vertex   -2.987688e+00 -8.000000e+00 3.656434e+00
      vertex   -2.981680e+00 -6.924806e+00 3.688991e+00
      vertex   -2.951057e+00 -8.000000e+00 3.809017e+00
    endloop
  endfacet
  facet normal 9.718172e-01 1.364109e-03 -2.357316e-01
    outer loop
      vertex   -2.951057e+00 -8.000000e+00 3.809017e+00
      vertex   -2.981680e+00 -6.924806e+00 3.688991e+00
      vertex   -2.958428e+00 -6.937959e+00 3.784774e+00
    endloop
  endfacet
  facet normal 9.436993e-01 -1.001238e-03 -3.308029e-01
    outer loop
      vertex   -2.951057e+00 -8.000000e+00 3.809017e+00
      vertex   -2.958428e+00 -6.937959e+00 3.784774e+00
      vertex   -2.925468e+00 -6.946231e+00 3.878827e+00
    endloop
  endfacet
  facet normal 9.238756e-01 2.916998e-03 -3.826818e-01
    outer loop
      vertex   -2.951057e+00 -8.000000e+00 3.809017e+00
      vertex   -2.925468e+00 -6.946231e+00 3.878827e+00
      vertex   -2.891007e+00 -8.000000e+00 3.953990e+00
    endloop
  endfacet
  facet normal 9.046146e-01 -8.191010e-04 -4.262297e-01
    outer loop
      vertex   -2.891007e+00 -8.000000e+00 3.953990e+00
      vertex   -2.925468e+00 -6.946231e+00 3.878827e+00
      vertex   -2.882841e+00 -6.949699e+00 3.969302e+00
    endloop
  endfacet
  facet normal 8.578594e-01 8.221756e-04 -5.138838e-01
    outer loop
      vertex   -2.891007e+00 -8.000000e+00 3.953990e+00
      vertex   -2.882841e+00 -6.949699e+00 3.969302e+00
      vertex   -2.831661e+00 -6.949132e+00 4.054741e+00
    endloop
  endfacet
  facet normal 8.526386e-01 1.942854e-03 -5.224976e-01
    outer loop
      vertex   -2.891007e+00 -8.000000e+00 3.953990e+00
      vertex   -2.831661e+00 -6.949132e+00 4.054741e+00
      vertex   -2.809017e+00 -8.000000e+00 4.087785e+00
    endloop
  endfacet
  facet normal 8.045076e-01 -1.340756e-03 -5.939408e-01
    outer loop
      vertex   -2.809017e+00 -8.000000e+00 4.087785e+00
      vertex   -2.831661e+00 -6.949132e+00 4.054741e+00
      vertex   -2.773295e+00 -6.945354e+00 4.133790e+00
    endloop
  endfacet
  facet normal 7.604034e-01 2.574301e-03 -6.494459e-01
    outer loop
      vertex   -2.809017e+00 -8.000000e+00 4.087785e+00
      vertex   -2.773295e+00 -6.945354e+00 4.133790e+00
      vertex   -2.707107e+00 -8.000000e+00 4.207107e+00
    endloop
  endfacet
  facet normal 7.432412e-01 1.362307e-04 -6.690235e-01
    outer loop
      vertex   -2.707107e+00 -8.000000e+00 4.207107e+00
      vertex   -2.773295e+00 -6.945354e+00 4.133790e+00
      vertex   -2.709110e+00 -6.939184e+00 4.205097e+00
    endloop
  endfacet
  facet normal 6.732762e-01 -1.292235e-04 -7.393911e-01
    outer loop
      vertex   -2.707107e+00 -8.000000e+00 4.207107e+00
      vertex   -2.709110e+00 -6.939184e+00 4.205097e+00
      vertex   -2.638120e+00 -6.931218e+00 4.269738e+00
    endloop
  endfacet
  facet normal 6.494458e-01 2.640294e-03 -7.604033e-01
    outer loop
      vertex   -2.707107e+00 -8.000000e+00 4.207107e+00
      vertex   -2.638120e+00 -6.931218e+00 4.269738e+00
      vertex   -2.587785e+00 -8.000000e+00 4.309017e+00
    endloop
  endfacet
  facet normal 5.989001e-01 -1.225626e-03 -8.008228e-01
    outer loop
      vertex   -2.587785e+00 -8.000000e+00 4.309017e+00
      vertex   -2.638120e+00 -6.931218e+00 4.269738e+00
      vertex   -2.559532e+00 -6.922076e+00 4.328497e+00
    endloop
  endfacet
  facet normal 5.224978e-01 1.713357e-03 -8.526389e-01
    outer loop
      vertex   -2.587785e+00 -8.000000e+00 4.309017e+00
      vertex   -2.559532e+00 -6.922076e+00 4.328497e+00
      vertex   -2.453990e+00 -8.000000e+00 4.391007e+00
    endloop
  endfacet
  facet normal 5.186950e-01 1.206502e-03 -8.549585e-01
    outer loop
      vertex   -2.453990e+00 -8.000000e+00 4.391007e+00
      vertex   -2.559532e+00 -6.922076e+00 4.328497e+00
      vertex   -2.474512e+00 -6.912571e+00 4.380091e+00
    endloop
  endfacet
  facet normal 4.312682e-01 -9.178068e-04 -9.022233e-01
    outer loop
      vertex   -2.453990e+00 -8.000000e+00 4.391007e+00
      vertex   -2.474512e+00 -6.912571e+00 4.380091e+00
      vertex   -2.384226e+00 -6.903515e+00 4.423239e+00
    endloop
  endfacet
  facet normal 3.826819e-01 2.810033e-03 -9.238759e-01
    outer loop
      vertex   -2.453990e+00 -8.000000e+00 4.391007e+00
      vertex   -2.384226e+00 -6.903515e+00 4.423239e+00
      vertex   -2.309017e+00 -8.000000e+00 4.451057e+00
    endloop
  endfacet
  facet normal 3.361466e-01 -8.368284e-04 -9.418093e-01
    outer loop
      vertex   -2.309017e+00 -8.000000e+00 4.451057e+00
      vertex   -2.384226e+00 -6.903515e+00 4.423239e+00
      vertex   -2.289930e+00 -6.895779e+00 4.456888e+00
    endloop
  endfacet
  facet normal 2.407639e-01 9.638886e-04 -9.705832e-01
    outer loop
      vertex   -2.309017e+00 -8.000000e+00 4.451057e+00
      vertex   -2.289930e+00 -6.895779e+00 4.456888e+00
      vertex   -2.193282e+00 -6.889883e+00 4.480868e+00
    endloop
  endfacet
  facet normal 2.334450e-01 1.774856e-03 -9.723684e-01
    outer loop
      vertex   -2.309017e+00 -8.000000e+00 4.451057e+00
      vertex   -2.193282e+00 -6.889883e+00 4.480868e+00
      vertex   -2.156434e+00 -8.000000e+00 4.487688e+00
    endloop
  endfacet
  facet normal 1.461094e-01 -1.227824e-03 -9.892677e-01
    outer loop
      vertex   -2.156434e+00 -8.000000e+00 4.487688e+00
      vertex   -2.193282e+00 -6.889883e+00 4.480868e+00
      vertex   -2.096049e+00 -6.886126e+00 4.495224e+00
    endloop
  endfacet
  facet normal 7.845885e-02 2.491376e-03 -9.969142e-01
    outer loop
      vertex   -2.156434e+00 -8.000000e+00 4.487688e+00
      vertex   -2.096049e+00 -6.886126e+00 4.495224e+00
      vertex   -2.000000e+00 -8.000000e+00 4.500000e+00
    endloop
  endfacet
  facet normal 4.965869e-02 0.000000e+00 -9.987662e-01
    outer loop
      vertex   -2.000000e+00 -8.000000e+00 4.500000e+00
      vertex   -2.096049e+00 -6.886126e+00 4.495224e+00
      vertex   -2.000000e+00 -6.884808e+00 4.500000e+00
    endloop
  endfacet
  facet normal -4.965869e-02 0.000000e+00 -9.987662e-01
    outer loop
      vertex   -2.000000e+00 -8.000000e+00 4.500000e+00
      vertex   -2.000000e+00 -6.884808e+00 4.500000e+00
      vertex   -1.903951e+00 -6.886126e+00 4.495224e+00
    endloop
  endfacet
  facet normal -7.845885e-02 2.491376e-03 -9.969142e-01
    outer loop
      vertex   -2.000000e+00 -8.000000e+00 4.500000e+00
      vertex   -1.903951e+00 -6.886126e+00 4.495224e+00
      vertex   -1.843566e+00 -8.000000e+00 4.487688e+00
    endloop
  endfacet
  facet normal -1.461094e-01 -1.227824e-03 -9.892677e-01
    outer loop
      vertex   -1.843566e+00 -8.000000e+00 4.487688e+00
      vertex   -1.903951e+00 -6.886126e+00 4.495224e+00
      vertex   -1.806718e+00 -6.889883e+00 4.480868e+00
    endloop
  endfacet
  facet normal -2.334450e-01 1.774856e-03 -9.723684e-01
    outer loop
      vertex   -1.843566e+00 -8.000000e+00 4.487688e+00
      vertex   -1.806718e+00 -6.889883e+00 4.480868e+00
      vertex   -1.690983e+00 -8.000000e+00 4.451057e+00
    endloop
  endfacet
  facet normal -2.407639e-01 9.638886e-04 -9.705832e-01
    outer loop
      vertex   -1.690983e+00 -8.000000e+00 4.451057e+00
      vertex   -1.806718e+00 -6.889883e+00 4.480868e+00
      vertex   -1.710070e+00 -6.895779e+00 4.456888e+00
    endloop
  endfacet
  facet normal -3.361466e-01 -8.368284e-04 -9.418093e-01
    outer loop
      vertex   -1.690983e+00 -8.000000e+00 4.451057e+00
      vertex   -1.710070e+00 -6.895779e+00 4.456888e+00
      vertex   -1.615774e+00 -6.903515e+00 4.423239e+00
    endloop
  endfacet
  facet normal -3.826819e-01 2.810033e-03 -9.238759e-01
    outer loop
      vertex   -1.690983e+00 -8.000000e+00 4.451057e+00
      vertex   -1.615774e+00 -6.903515e+00 4.423239e+00
      vertex   -1.546010e+00 -8.000000e+00 4.391007e+00
    endloop
  endfacet
  facet normal -4.312682e-01 -9.178068e-04 -9.022233e-01
    outer loop
      vertex   -1.546010e+00 -8.000000e+00 4.391007e+00
      vertex   -1.615774e+00 -6.903515e+00 4.423239e+00
      vertex   -1.525488e+00 -6.912571e+00 4.380091e+00
    endloop
  endfacet
  facet normal -5.186950e-01 1.206502e-03 -8.549585e-01
    outer loop
      vertex   -1.546010e+00 -8.000000e+00 4.391007e+00
      vertex   -1.525488e+00 -6.912571e+00 4.380091e+00
      vertex   -1.440468e+00 -6.922076e+00 4.328497e+00
    endloop
  endfacet
  facet normal -5.224978e-01 1.713357e-03 -8.526389e-01
    outer loop
      vertex   -1.546010e+00 -8.000000e+00 4.391007e+00
      vertex   -1.440468e+00 -6.922076e+00 4.328497e+00
      vertex   -1.412215e+00 -8.000000e+00 4.309017e+00
    endloop
  endfacet
  facet normal -5.989001e-01 -1.225626e-03 -8.008228e-01
    outer loop
      vertex   -1.412215e+00 -8.000000e+00 4.309017e+00
      vertex   -1.440468e+00 -6.922076e+00 4.328497e+00
      vertex   -1.361880e+00 -6.931218e+00 4.269738e+00
    endloop
  endfacet
  facet normal -6.494458e-01 2.640294e-03 -7.604033e-01
    outer loop
      vertex   -1.412215e+00 -8.000000e+00 4.309017e+00
      vertex   -1.361880e+00 -6.931218e+00 4.269738e+00
      vertex   -1.292893e+00 -8.000000e+00 4.207107e+00
    endloop
  endfacet
  facet normal -6.732762e-01 -1.292235e-04 -7.393911e-01
    outer loop
      vertex   -1.292893e+00 -8.000000e+00 4.207107e+00
      vertex   -1.361880e+00 -6.931218e+00 4.269738e+00
      vertex   -1.290890e+00 -6.939184e+00 4.205097e+00
    endloop
  endfacet
  facet normal -7.432412e-01 1.362307e-04 -6.690235e-01
    outer loop
      vertex   -1.292893e+00 -8.000000e+00 4.207107e+00
      vertex   -1.290890e+00 -6.939184e+00 4.205097e+00
      vertex   -1.226705e+00 -6.945354e+00 4.133790e+00
    endloop
  endfacet
  facet normal -7.604034e-01 2.574301e-03 -6.494459e-01
    outer loop
      vertex   -1.292893e+00 -8.000000e+00 4.207107e+00
      vertex   -1.226705e+00 -6.945354e+00 4.133790e+00
      vertex   -1.190983e+00 -8.000000e+00 4.087785e+00
    endloop
  endfacet
  facet normal -8.045076e-01 -1.340756e-03 -5.939408e-01
    outer loop
      vertex   -1.190983e+00 -8.000000e+00 4.087785e+00
      vertex   -1.226705e+00 -6.945354e+00 4.133790e+00
      vertex   -1.168339e+00 -6.949132e+00 4.054741e+00
    endloop
  endfacet
  facet normal -8.526386e-01 1.942854e-03 -5.224976e-01
    outer loop
      vertex   -1.190983e+00 -8.000000e+00 4.087785e+00
      vertex   -1.168339e+00 -6.949132e+00 4.054741e+00
      vertex   -1.108993e+00 -8.000000e+00 3.953990e+00
    endloop
  endfacet
  facet normal -8.578594e-01 8.221756e-04 -5.138838e-01
    outer loop
      vertex   -1.108993e+00 -8.000000e+00 3.953990e+00
      vertex   -1.168339e+00 -6.949132e+00 4.054741e+00
      vertex   -1.117159e+00 -6.949699e+00 3.969302e+00
    endloop
  endfacet
  facet normal -9.046146e-01 -8.191010e-04 -4.262297e-01
    outer loop
      vertex   -1.108993e+00 -8.000000e+00 3.953990e+00
      vertex   -1.117159e+00 -6.949699e+00 3.969302e+00
      vertex   -1.074532e+00 -6.946231e+00 3.878827e+00
    endloop
  endfacet
  facet normal -9.238756e-01 2.916998e-03 -3.826818e-01
    outer loop
      vertex   -1.108993e+00 -8.000000e+00 3.953990e+00
      vertex   -1.074532e+00 -6.946231e+00 3.878827e+00
      vertex   -1.048943e+00 -8.000000e+00 3.809017e+00
    endloop
  endfacet
  facet normal -9.436993e-01 -1.001238e-03 -3.308029e-01
    outer loop
      vertex   -1.048943e+00 -8.000000e+00 3.809017e+00
      vertex   -1.074532e+00 -6.946231e+00 3.878827e+00
      vertex   -1.041572e+00 -6.937959e+00 3.784774e+00
    endloop
  endfacet
  facet normal -9.718172e-01 1.364109e-03 -2.357316e-01
    outer loop
      vertex   -1.048943e+00 -8.000000e+00 3.809017e+00
      vertex   -1.041572e+00 -6.937959e+00 3.784774e+00
      vertex   -1.018320e+00 -6.924806e+00 3.688991e+00
    endloop
  endfacet
  facet normal -9.723686e-01 1.635063e-03 -2.334451e-01
    outer loop
      vertex   -1.048943e+00 -8.000000e+00 3.809017e+00
      vertex   -1.018320e+00 -6.924806e+00 3.688991e+00
      vertex   -1.012312e+00 -8.000000e+00 3.656434e+00
    endloop
  endfacet
  facet normal -9.897336e-01 -1.203086e-03 -1.429192e-01
    outer loop
      vertex   -1.012312e+00 -8.000000e+00 3.656434e+00
      vertex   -1.018320e+00 -6.924806e+00 3.688991e+00
      vertex   -1.004541e+00 -6.907009e+00 3.593420e+00
    endloop
  endfacet
  facet normal -9.969141e-01 2.564336e-03 -7.845884e-02
    outer loop
      vertex   -1.012312e+00 -8.000000e+00 3.656434e+00
      vertex   -1.004541e+00 -6.907009e+00 3.593420e+00
      vertex   -1.000000e+00 -8.000000e+00 3.500000e+00
    endloop
  endfacet
  facet normal -9.988208e-01 0.000000e+00 -4.854933e-02
    outer loop
      vertex   -1.000000e+00 -8.000000e+00 3.500000e+00
      vertex   -1.004541e+00 -6.907009e+00 3.593420e+00
      vertex   -1.000000e+00 -6.884808e+00 3.500000e+00
    endloop
  endfacet
  facet normal -1.000000e+00 0.000000e+00 0.000000e+00
    outer loop
      vertex   -1.000000e+00 3.754006e+00 2.500000e+00
      vertex   -1.000000e+00 -3.754006e+00 2.500000e+00
      vertex   -1.000000e+00 3.606308e+00 2.636137e+00
    endloop
  endfacet
  facet normal -1.000000e+00 -0.000000e+00 0.000000e+00
    outer loop
      vertex   -1.000000e+00 3.606308e+00 2.636137e+00
      vertex   -1.000000e+00 -3.754006e+00 2.500000e+00
      vertex   -1.000000e+00 -3.606308e+00 2.636137e+00
    endloop
  endfacet
  facet normal -1.000000e+00 0.000000e+00 0.000000e+00
    outer loop
      vertex   -1.000000e+00 3.606308e+00 2.636137e+00
      vertex   -1.000000e+00 -3.606308e+00 2.636137e+00
      vertex   -1.000000e+00 3.473398e+00 2.786746e+00
    endloop
  endfacet
  facet normal -1.000000e+00 -0.000000e+00 0.000000e+00
    outer loop
      vertex   -1.000000e+00 3.473398e+00 2.786746e+00
      vertex   -1.000000e+00 -3.606308e+00 2.636137e+00
      vertex   -1.000000e+00 -3.473398e+00 2.786746e+00
    endloop
  endfacet
  facet normal -1.000000e+00 0.000000e+00 0.000000e+00
    outer loop
      vertex   -1.000000e+00 3.473398e+00 2.786746e+00
      vertex   -1.000000e+00 -3.473398e+00 2.786746e+00
      vertex   -1.000000e+00 3.356687e+00 2.950228e+00
    endloop
  endfacet
  facet normal -1.000000e+00 0.000000e+00 0.000000e+00
    outer loop
      vertex   -1.000000e+00 3.356687e+00 2.950228e+00
      vertex   -1.000000e+00 -3.473398e+00 2.786746e+00
      vertex   -1.000000e+00 -3.356687e+00 2.950228e+00
    endloop
  endfacet
  facet normal -1.000000e+00 -0.000000e+00 0.000000e+00
    outer loop
      vertex   -1.000000e+00 3.356687e+00 2.950228e+00
      vertex   -1.000000e+00 -3.356687e+00 2.950228e+00
      vertex   -1.000000e+00 3.257412e+00 3.124850e+00
    endloop
  endfacet
  facet normal -1.000000e+00 -0.000000e+00 0.000000e+00
    outer loop
      vertex   -1.000000e+00 3.257412e+00 3.124850e+00
      vertex   -1.000000e+00 -3.356687e+00 2.950228e+00
      vertex   -1.000000e+00 -3.257412e+00 3.124850e+00
    endloop
  endfacet
  facet normal -1.000000e+00 0.000000e+00 0.000000e+00
    outer loop
      vertex   -1.000000e+00 3.257412e+00 3.124850e+00
      vertex   -1.000000e+00 -3.257412e+00 3.124850e+00
      vertex   -1.000000e+00 3.176628e+00 3.308758e+00
    endloop
  endfacet
  facet normal -1.000000e+00 0.000000e+00 0.000000e+00
    outer loop
      vertex   -1.000000e+00 3.176628e+00 3.308758e+00
      vertex   -1.000000e+00 -3.257412e+00 3.124850e+00
      vertex   -1.000000e+00 -3.176628e+00 3.308758e+00
    endloop
  endfacet
  facet normal -1.000000e+00 -0.000000e+00 0.000000e+00
    outer loop
      vertex   -1.000000e+00 3.176628e+00 3.308758e+00
      vertex   -1.000000e+00 -3.176628e+00 3.308758e+00
      vertex   -1.000000e+00 3.115192e+00 3.500000e+00
    endloop
  endfacet
  facet normal -1.000000e+00 -0.000000e+00 0.000000e+00
    outer loop
      vertex   -1.000000e+00 3.115192e+00 3.500000e+00
      vertex   -1.000000e+00 -3.176628e+00 3.308758e+00
      vertex   -1.000000e+00 -3.115192e+00 3.500000e+00
    endloop
  endfacet
  facet normal -1.000000e+00 -0.000000e+00 -0.000000e+00
    outer loop
      vertex   -1.000000e+00 -6.884808e+00 3.500000e+00
      vertex   -1.000000e+00 -6.823372e+00 3.308758e+00
      vertex   -1.000000e+00 -8.000000e+00 3.500000e+00
    endloop
  endfacet
  facet normal -1.000000e+00 0.000000e+00 0.000000e+00
    outer loop
      vertex   -1.000000e+00 -8.000000e+00 3.500000e+00
      vertex   -1.000000e+00 -6.823372e+00 3.308758e+00
      vertex   -1.000000e+00 -6.742588e+00 3.124850e+00
    endloop
  endfacet
  facet normal -1.000000e+00 0.000000e+00 0.000000e+00
    outer loop
      vertex   -1.000000e+00 -8.000000e+00 3.500000e+00
      vertex   -1.000000e+00 -6.742588e+00 3.124850e+00
      vertex   -1.000000e+00 -8.000000e+00 2.500000e+00
    endloop
  endfacet
  facet normal -1.000000e+00 0.000000e+00 0.000000e+00
    outer loop
      vertex   -1.000000e+00 -8.000000e+00 2.500000e+00
      vertex   -1.000000e+00 -6.742588e+00 3.124850e+00
      vertex   -1.000000e+00 -6.643313e+00 2.950228e+00
    endloop
  endfacet
  facet normal -1.000000e+00 0.000000e+00 0.000000e+00
    outer loop
      vertex   -1.000000e+00 -8.000000e+00 2.500000e+00
      vertex   -1.000000e+00 -6.643313e+00 2.950228e+00
      vertex   -1.000000e+00 -6.526602e+00 2.786746e+00
    endloop
  endfacet
  facet normal -1.000000e+00 0.000000e+00 -0.000000e+00
    outer loop
      vertex   -1.000000e+00 -6.526602e+00 2.786746e+00
      vertex   -1.000000e+00 -6.393692e+00 2.636137e+00
      vertex   -1.000000e+00 -8.000000e+00 2.500000e+00
    endloop
  endfacet
  facet normal -1.000000e+00 0.000000e+00 0.000000e+00
    outer loop
      vertex   -1.000000e+00 -8.000000e+00 2.500000e+00
      vertex   -1.000000e+00 -6.393692e+00 2.636137e+00
      vertex   -1.000000e+00 -6.245994e+00 2.500000e+00
    endloop
  endfacet
  facet normal 9.988209e-01 0.000000e+00 -4.854760e-02
    outer loop
      vertex   -3.000000e+00 6.884808e+00 3.500000e+00
      vertex   -3.000000e+00 8.000000e+00 3.500000e+00
      vertex   -2.995461e+00 6.907003e+00 3.593395e+00
    endloop
  endfacet
  facet normal 9.969141e-01 -2.563796e-03 -7.845884e-02
    outer loop
      vertex   -2.995461e+00 6.907003e+00 3.593395e+00
      vertex   -3.000000e+00 8.000000e+00 3.500000e+00
      vertex   -2.987688e+00 8.000000e+00 3.656434e+00
    endloop
  endfacet
  facet normal 9.897351e-01 1.204445e-03 -1.429088e-01
    outer loop
      vertex   -2.995461e+00 6.907003e+00 3.593395e+00
      vertex   -2.987688e+00 8.000000e+00 3.656434e+00
      vertex   -2.981691e+00 6.924788e+00 3.688907e+00
    endloop
  endfacet
  facet normal 9.723686e-01 -1.626722e-03 -2.334451e-01
    outer loop
      vertex   -2.981691e+00 6.924788e+00 3.688907e+00
      vertex   -2.987688e+00 8.000000e+00 3.656434e+00
      vertex   -2.951057e+00 8.000000e+00 3.809017e+00
    endloop
  endfacet
  facet normal 9.718380e-01 -1.365752e-03 -2.356459e-01
    outer loop
      vertex   -2.981691e+00 6.924788e+00 3.688907e+00
      vertex   -2.951057e+00 8.000000e+00 3.809017e+00
      vertex   -2.958465e+00 6.937935e+00 3.784618e+00
    endloop
  endfacet
  facet normal 9.437932e-01 1.009775e-03 -3.305349e-01
    outer loop
      vertex   -2.958465e+00 6.937935e+00 3.784618e+00
      vertex   -2.951057e+00 8.000000e+00 3.809017e+00
      vertex   -2.925556e+00 6.946218e+00 3.878610e+00
    endloop
  endfacet
  facet normal 9.238756e-01 -2.916052e-03 -3.826818e-01
    outer loop
      vertex   -2.925556e+00 6.946218e+00 3.878610e+00
      vertex   -2.951057e+00 8.000000e+00 3.809017e+00
      vertex   -2.891007e+00 8.000000e+00 3.953990e+00
    endloop
  endfacet
  facet normal 9.047576e-01 8.041524e-04 -4.259260e-01
    outer loop
      vertex   -2.925556e+00 6.946218e+00 3.878610e+00
      vertex   -2.891007e+00 8.000000e+00 3.953990e+00
      vertex   -2.882984e+00 6.949697e+00 3.969049e+00
    endloop
  endfacet
  facet normal 8.579494e-01 -8.122781e-04 -5.137336e-01
    outer loop
      vertex   -2.882984e+00 6.949697e+00 3.969049e+00
      vertex   -2.891007e+00 8.000000e+00 3.953990e+00
      vertex   -2.831824e+00 6.949138e+00 4.054489e+00
    endloop
  endfacet
  facet normal 8.526385e-01 -1.949516e-03 -5.224976e-01
    outer loop
      vertex   -2.831824e+00 6.949138e+00 4.054489e+00
      vertex   -2.891007e+00 8.000000e+00 3.953990e+00
      vertex   -2.809017e+00 8.000000e+00 4.087785e+00
    endloop
  endfacet
  facet normal 8.045931e-01 1.353186e-03 -5.938250e-01
    outer loop
      vertex   -2.831824e+00 6.949138e+00 4.054489e+00
      vertex   -2.809017e+00 8.000000e+00 4.087785e+00
      vertex   -2.773431e+00 6.945362e+00 4.133598e+00
    endloop
  endfacet
  facet normal 7.604035e-01 -2.554031e-03 -6.494459e-01
    outer loop
      vertex   -2.773431e+00 6.945362e+00 4.133598e+00
      vertex   -2.809017e+00 8.000000e+00 4.087785e+00
      vertex   -2.707107e+00 8.000000e+00 4.207107e+00
    endloop
  endfacet
  facet normal 7.434589e-01 -1.407229e-04 -6.687816e-01
    outer loop
      vertex   -2.773431e+00 6.945362e+00 4.133598e+00
      vertex   -2.707107e+00 8.000000e+00 4.207107e+00
      vertex   -2.709163e+00 6.939190e+00 4.205044e+00
    endloop
  endfacet
  facet normal 6.734939e-01 1.318119e-04 -7.391928e-01
    outer loop
      vertex   -2.709163e+00 6.939190e+00 4.205044e+00
      vertex   -2.707107e+00 8.000000e+00 4.207107e+00
      vertex   -2.638309e+00 6.931241e+00 4.269599e+00
    endloop
  endfacet
  facet normal 6.494458e-01 -2.656431e-03 -7.604033e-01
    outer loop
      vertex   -2.638309e+00 6.931241e+00 4.269599e+00
      vertex   -2.707107e+00 8.000000e+00 4.207107e+00
      vertex   -2.587785e+00 8.000000e+00 4.309017e+00
    endloop
  endfacet
  facet normal 5.990264e-01 1.214299e-03 -8.007283e-01
    outer loop
      vertex   -2.638309e+00 6.931241e+00 4.269599e+00
      vertex   -2.587785e+00 8.000000e+00 4.309017e+00
      vertex   -2.559783e+00 6.922106e+00 4.328331e+00
    endloop
  endfacet
  facet normal 5.224978e-01 -1.704001e-03 -8.526389e-01
    outer loop
      vertex   -2.559783e+00 6.922106e+00 4.328331e+00
      vertex   -2.587785e+00 8.000000e+00 4.309017e+00
      vertex   -2.453990e+00 8.000000e+00 4.391007e+00
    endloop
  endfacet
  facet normal 5.188640e-01 -1.218450e-03 -8.548559e-01
    outer loop
      vertex   -2.559783e+00 6.922106e+00 4.328331e+00
      vertex   -2.453990e+00 8.000000e+00 4.391007e+00
      vertex   -2.474768e+00 6.912599e+00 4.379945e+00
    endloop
  endfacet
  facet normal 4.315715e-01 9.298519e-04 -9.020783e-01
    outer loop
      vertex   -2.474768e+00 6.912599e+00 4.379945e+00
      vertex   -2.453990e+00 8.000000e+00 4.391007e+00
      vertex   -2.384451e+00 6.903536e+00 4.423145e+00
    endloop
  endfacet
  facet normal 3.826819e-01 -2.809726e-03 -9.238759e-01
    outer loop
      vertex   -2.384451e+00 6.903536e+00 4.423145e+00
      vertex   -2.453990e+00 8.000000e+00 4.391007e+00
      vertex   -2.309017e+00 8.000000e+00 4.451057e+00
    endloop
  endfacet
  facet normal 3.364117e-01 8.276398e-04 -9.417147e-01
    outer loop
      vertex   -2.384451e+00 6.903536e+00 4.423145e+00
      vertex   -2.309017e+00 8.000000e+00 4.451057e+00
      vertex   -2.290098e+00 6.895786e+00 4.456845e+00
    endloop
  endfacet
  facet normal 2.408623e-01 -9.606371e-04 -9.705588e-01
    outer loop
      vertex   -2.290098e+00 6.895786e+00 4.456845e+00
      vertex   -2.309017e+00 8.000000e+00 4.451057e+00
      vertex   -2.193380e+00 6.889884e+00 4.480853e+00
    endloop
  endfacet
  facet normal 2.334450e-01 -1.781841e-03 -9.723684e-01
    outer loop
      vertex   -2.193380e+00 6.889884e+00 4.480853e+00
      vertex   -2.309017e+00 8.000000e+00 4.451057e+00
      vertex   -2.156434e+00 8.000000e+00 4.487688e+00
    endloop
  endfacet
  facet normal 1.461426e-01 1.227660e-03 -9.892628e-01
    outer loop
      vertex   -2.193380e+00 6.889884e+00 4.480853e+00
      vertex   -2.156434e+00 8.000000e+00 4.487688e+00
      vertex   -2.096087e+00 6.886126e+00 4.495221e+00
    endloop
  endfacet
  facet normal 7.845885e-02 -2.491040e-03 -9.969142e-01
    outer loop
      vertex   -2.096087e+00 6.886126e+00 4.495221e+00
      vertex   -2.156434e+00 8.000000e+00 4.487688e+00
      vertex   -2.000000e+00 8.000000e+00 4.500000e+00
    endloop
  endfacet
  facet normal 4.968012e-02 -5.307066e-07 -9.987652e-01
    outer loop
      vertex   -2.096087e+00 6.886126e+00 4.495221e+00
      vertex   -2.000000e+00 8.000000e+00 4.500000e+00
      vertex   -2.000012e+00 6.884808e+00 4.500000e+00
    endloop
  endfacet
  facet normal -4.964676e-02 5.304849e-07 -9.987668e-01
    outer loop
      vertex   -2.000012e+00 6.884808e+00 4.500000e+00
      vertex   -2.000000e+00 8.000000e+00 4.500000e+00
      vertex   -1.903962e+00 6.886126e+00 4.495226e+00
    endloop
  endfacet
  facet normal -7.845885e-02 -2.491578e-03 -9.969142e-01
    outer loop
      vertex   -1.903962e+00 6.886126e+00 4.495226e+00
      vertex   -2.000000e+00 8.000000e+00 4.500000e+00
      vertex   -1.843566e+00 8.000000e+00 4.487688e+00
    endloop
  endfacet
  facet normal -1.460985e-01 1.227723e-03 -9.892693e-01
    outer loop
      vertex   -1.903962e+00 6.886126e+00 4.495226e+00
      vertex   -1.843566e+00 8.000000e+00 4.487688e+00
      vertex   -1.806729e+00 6.889883e+00 4.480871e+00
    endloop
  endfacet
  facet normal -2.334450e-01 -1.774453e-03 -9.723684e-01
    outer loop
      vertex   -1.806729e+00 6.889883e+00 4.480871e+00
      vertex   -1.843566e+00 8.000000e+00 4.487688e+00
      vertex   -1.690983e+00 8.000000e+00 4.451057e+00
    endloop
  endfacet
  facet normal -2.407538e-01 -9.645283e-04 -9.705857e-01
    outer loop
      vertex   -1.806729e+00 6.889883e+00 4.480871e+00
      vertex   -1.690983e+00 8.000000e+00 4.451057e+00
      vertex   -1.710080e+00 6.895779e+00 4.456891e+00
    endloop
  endfacet
  facet normal -3.361372e-01 8.371152e-04 -9.418127e-01
    outer loop
      vertex   -1.710080e+00 6.895779e+00 4.456891e+00
      vertex   -1.690983e+00 8.000000e+00 4.451057e+00
      vertex   -1.615783e+00 6.903514e+00 4.423243e+00
    endloop
  endfacet
  facet normal -3.826819e-01 -2.810044e-03 -9.238759e-01
    outer loop
      vertex   -1.615783e+00 6.903514e+00 4.423243e+00
      vertex   -1.690983e+00 8.000000e+00 4.451057e+00
      vertex   -1.546010e+00 8.000000e+00 4.391007e+00
    endloop
  endfacet
  facet normal -4.312598e-01 9.176027e-04 -9.022273e-01
    outer loop
      vertex   -1.615783e+00 6.903514e+00 4.423243e+00
      vertex   -1.546010e+00 8.000000e+00 4.391007e+00
      vertex   -1.525496e+00 6.912570e+00 4.380095e+00
    endloop
  endfacet
  facet normal -5.186882e-01 -1.205943e-03 -8.549627e-01
    outer loop
      vertex   -1.525496e+00 6.912570e+00 4.380095e+00
      vertex   -1.546010e+00 8.000000e+00 4.391007e+00
      vertex   -1.440475e+00 6.922076e+00 4.328501e+00
    endloop
  endfacet
  facet normal -5.224978e-01 -1.713675e-03 -8.526389e-01
    outer loop
      vertex   -1.440475e+00 6.922076e+00 4.328501e+00
      vertex   -1.546010e+00 8.000000e+00 4.391007e+00
      vertex   -1.412215e+00 8.000000e+00 4.309017e+00
    endloop
  endfacet
  facet normal -5.988943e-01 1.225743e-03 -8.008271e-01
    outer loop
      vertex   -1.440475e+00 6.922076e+00 4.328501e+00
      vertex   -1.412215e+00 8.000000e+00 4.309017e+00
      vertex   -1.361885e+00 6.931217e+00 4.269743e+00
    endloop
  endfacet
  facet normal -6.494458e-01 -2.640186e-03 -7.604033e-01
    outer loop
      vertex   -1.361885e+00 6.931217e+00 4.269743e+00
      vertex   -1.412215e+00 8.000000e+00 4.309017e+00
      vertex   -1.292893e+00 8.000000e+00 4.207107e+00
    endloop
  endfacet
  facet normal -6.732713e-01 1.289640e-04 -7.393955e-01
    outer loop
      vertex   -1.361885e+00 6.931217e+00 4.269743e+00
      vertex   -1.292893e+00 8.000000e+00 4.207107e+00
      vertex   -1.290894e+00 6.939184e+00 4.205101e+00
    endloop
  endfacet
  facet normal -7.432373e-01 -1.359356e-04 -6.690278e-01
    outer loop
      vertex   -1.290894e+00 6.939184e+00 4.205101e+00
      vertex   -1.292893e+00 8.000000e+00 4.207107e+00
      vertex   -1.226708e+00 6.945354e+00 4.133795e+00
    endloop
  endfacet
  facet normal -7.604034e-01 -2.574416e-03 -6.494459e-01
    outer loop
      vertex   -1.226708e+00 6.945354e+00 4.133795e+00
      vertex   -1.292893e+00 8.000000e+00 4.207107e+00
      vertex   -1.190983e+00 8.000000e+00 4.087785e+00
    endloop
  endfacet
  facet normal -8.045047e-01 1.340730e-03 -5.939447e-01
    outer loop
      vertex   -1.226708e+00 6.945354e+00 4.133795e+00
      vertex   -1.190983e+00 8.000000e+00 4.087785e+00
      vertex   -1.168342e+00 6.949132e+00 4.054745e+00
    endloop
  endfacet
  facet normal -8.526386e-01 -1.942683e-03 -5.224976e-01
    outer loop
      vertex   -1.168342e+00 6.949132e+00 4.054745e+00
      vertex   -1.190983e+00 8.000000e+00 4.087785e+00
      vertex   -1.108993e+00 8.000000e+00 3.953990e+00
    endloop
  endfacet
  facet normal -8.578573e-01 -8.224274e-04 -5.138874e-01
    outer loop
      vertex   -1.168342e+00 6.949132e+00 4.054745e+00
      vertex   -1.108993e+00 8.000000e+00 3.953990e+00
      vertex   -1.117160e+00 6.949699e+00 3.969305e+00
    endloop
  endfacet
  facet normal -9.046131e-01 8.192302e-04 -4.262330e-01
    outer loop
      vertex   -1.117160e+00 6.949699e+00 3.969305e+00
      vertex   -1.108993e+00 8.000000e+00 3.953990e+00
      vertex   -1.074534e+00 6.946232e+00 3.878830e+00
    endloop
  endfacet
  facet normal -9.238756e-01 -2.917011e-03 -3.826818e-01
    outer loop
      vertex   -1.074534e+00 6.946232e+00 3.878830e+00
      vertex   -1.108993e+00 8.000000e+00 3.953990e+00
      vertex   -1.048943e+00 8.000000e+00 3.809017e+00
    endloop
  endfacet
  facet normal -9.436984e-01 1.001194e-03 -3.308056e-01
    outer loop
      vertex   -1.074534e+00 6.946232e+00 3.878830e+00
      vertex   -1.048943e+00 8.000000e+00 3.809017e+00
      vertex   -1.041573e+00 6.937959e+00 3.784776e+00
    endloop
  endfacet
  facet normal -9.718168e-01 -1.363957e-03 -2.357335e-01
    outer loop
      vertex   -1.041573e+00 6.937959e+00 3.784776e+00
      vertex   -1.048943e+00 8.000000e+00 3.809017e+00
      vertex   -1.018320e+00 6.924806e+00 3.688993e+00
    endloop
  endfacet
  facet normal -9.723686e-01 -1.635129e-03 -2.334451e-01
    outer loop
      vertex   -1.018320e+00 6.924806e+00 3.688993e+00
      vertex   -1.048943e+00 8.000000e+00 3.809017e+00
      vertex   -1.012312e+00 8.000000e+00 3.656434e+00
    endloop
  endfacet
  facet normal -9.897335e-01 1.203119e-03 -1.429203e-01
    outer loop
      vertex   -1.018320e+00 6.924806e+00 3.688993e+00
      vertex   -1.012312e+00 8.000000e+00 3.656434e+00
      vertex   -1.004541e+00 6.907010e+00 3.593420e+00
    endloop
  endfacet
  facet normal -9.969141e-01 -2.564324e-03 -7.845884e-02
    outer loop
      vertex   -1.004541e+00 6.907010e+00 3.593420e+00
      vertex   -1.012312e+00 8.000000e+00 3.656434e+00
      vertex   -1.000000e+00 8.000000e+00 3.500000e+00
    endloop
  endfacet
  facet normal -9.988208e-01 -4.890177e-20 -4.854971e-02
    outer loop
      vertex   -1.004541e+00 6.907010e+00 3.593420e+00
      vertex   -1.000000e+00 8.000000e+00 3.500000e+00
      vertex   -1.000000e+00 6.884808e+00 3.500000e+00
    endloop
  endfacet
  facet normal 6.782818e-01 3.898947e-04 7.348018e-01
    outer loop
      vertex   -2.641133e+00 -7.932570e+00 1.732570e+00
      vertex   -2.677282e+00 -4.800000e+00 1.764276e+00
      vertex   -2.714143e+00 -8.000000e+00 1.800000e+00
    endloop
  endfacet
  facet normal 7.357236e-01 -9.139284e-04 6.772813e-01
    outer loop
      vertex   -2.714143e+00 -8.000000e+00 1.800000e+00
      vertex   -2.677282e+00 -4.800000e+00 1.764276e+00
      vertex   -2.789141e+00 -4.800000e+00 1.885787e+00
    endloop
  endfacet
  facet normal 7.662203e-01 7.311718e-04 6.425776e-01
    outer loop
      vertex   -2.714143e+00 -8.000000e+00 1.800000e+00
      vertex   -2.789141e+00 -4.800000e+00 1.885787e+00
      vertex   -2.813694e+00 -8.000000e+00 1.918706e+00
    endloop
  endfacet
  facet normal 8.371662e-01 -7.969384e-04 5.469480e-01
    outer loop
      vertex   -2.813694e+00 -8.000000e+00 1.918706e+00
      vertex   -2.789141e+00 -4.800000e+00 1.885787e+00
      vertex   -2.879474e+00 -4.800000e+00 2.024053e+00
    endloop
  endfacet
  facet normal 8.562768e-01 5.977223e-04 5.165168e-01
    outer loop
      vertex   -2.813694e+00 -8.000000e+00 1.918706e+00
      vertex   -2.879474e+00 -4.800000e+00 2.024053e+00
      vertex   -2.893715e+00 -8.000000e+00 2.051364e+00
    endloop
  endfacet
  facet normal 8.863212e-01 7.865442e-06 4.630709e-01
    outer loop
      vertex   -2.893715e+00 -8.000000e+00 2.051364e+00
      vertex   -2.879474e+00 -4.800000e+00 2.024053e+00
      vertex   -2.893029e+00 -5.000000e+00 2.050000e+00
    endloop
  endfacet
  facet normal 8.779899e-01 1.686734e-05 4.786791e-01
    outer loop
      vertex   -2.893715e+00 -8.000000e+00 2.051364e+00
      vertex   -2.893029e+00 -5.000000e+00 2.050000e+00
      vertex   -2.896950e+00 -5.164823e+00 2.057199e+00
    endloop
  endfacet
  facet normal 6.142125e-01 -8.994109e-04 7.891402e-01
    outer loop
      vertex   -2.677282e+00 -4.800000e+00 1.764276e+00
      vertex   -2.641133e+00 -7.932570e+00 1.732570e+00
      vertex   -2.546948e+00 -4.800000e+00 1.662834e+00
    endloop
  endfacet
  facet normal 6.023701e-01 -3.412903e-04 7.982169e-01
    outer loop
      vertex   -2.546948e+00 -4.800000e+00 1.662834e+00
      vertex   -2.641133e+00 -7.932570e+00 1.732570e+00
      vertex   -2.561791e+00 -7.872721e+00 1.672721e+00
    endloop
  endfacet
  facet normal 5.198823e-01 2.374300e-04 8.542378e-01
    outer loop
      vertex   -2.546948e+00 -4.800000e+00 1.662834e+00
      vertex   -2.561791e+00 -7.872721e+00 1.672721e+00
      vertex   -2.476900e+00 -7.821042e+00 1.621042e+00
    endloop
  endfacet
  facet normal 4.759471e-01 -1.130377e-03 8.794732e-01
    outer loop
      vertex   -2.546948e+00 -4.800000e+00 1.662834e+00
      vertex   -2.476900e+00 -7.821042e+00 1.621042e+00
      vertex   -2.401695e+00 -4.800000e+00 1.584227e+00
    endloop
  endfacet
  facet normal 4.325478e-01 2.197635e-04 9.016110e-01
    outer loop
      vertex   -2.401695e+00 -4.800000e+00 1.584227e+00
      vertex   -2.476900e+00 -7.821042e+00 1.621042e+00
      vertex   -2.387298e+00 -7.778046e+00 1.578046e+00
    endloop
  endfacet
  facet normal 3.411030e-01 -3.020511e-04 9.400259e-01
    outer loop
      vertex   -2.401695e+00 -4.800000e+00 1.584227e+00
      vertex   -2.387298e+00 -7.778046e+00 1.578046e+00
      vertex   -2.293871e+00 -7.744155e+00 1.544155e+00
    endloop
  endfacet
  facet normal 3.246993e-01 -9.816205e-04 9.458168e-01
    outer loop
      vertex   -2.401695e+00 -4.800000e+00 1.584227e+00
      vertex   -2.293871e+00 -7.744155e+00 1.544155e+00
      vertex   -2.245485e+00 -4.800000e+00 1.530600e+00
    endloop
  endfacet
  facet normal 2.459100e-01 4.213325e-04 9.692926e-01
    outer loop
      vertex   -2.245485e+00 -4.800000e+00 1.530600e+00
      vertex   -2.293871e+00 -7.744155e+00 1.544155e+00
      vertex   -2.197542e+00 -7.719706e+00 1.519706e+00
    endloop
  endfacet
  facet normal 1.645945e-01 -9.776129e-04 9.863608e-01
    outer loop
      vertex   -2.245485e+00 -4.800000e+00 1.530600e+00
      vertex   -2.197542e+00 -7.719706e+00 1.519706e+00
      vertex   -2.082579e+00 -4.800000e+00 1.503416e+00
    endloop
  endfacet
  facet normal 1.486343e-01 -3.350601e-04 9.888922e-01
    outer loop
      vertex   -2.082579e+00 -4.800000e+00 1.503416e+00
      vertex   -2.197542e+00 -7.719706e+00 1.519706e+00
      vertex   -2.099261e+00 -7.704939e+00 1.504939e+00
    endloop
  endfacet
  facet normal 4.968012e-02 2.383664e-04 9.987652e-01
    outer loop
      vertex   -2.082579e+00 -4.800000e+00 1.503416e+00
      vertex   -2.099261e+00 -7.704939e+00 1.504939e+00
      vertex   -2.000000e+00 -7.700000e+00 1.500000e+00
    endloop
  endfacet
  facet normal 0.000000e+00 -1.177760e-03 9.999993e-01
    outer loop
      vertex   -2.082579e+00 -4.800000e+00 1.503416e+00
      vertex   -2.000000e+00 -7.700000e+00 1.500000e+00
      vertex   -1.917421e+00 -4.800000e+00 1.503416e+00
    endloop
  endfacet
  facet normal -4.968012e-02 2.383664e-04 9.987652e-01
    outer loop
      vertex   -1.917421e+00 -4.800000e+00 1.503416e+00
      vertex   -2.000000e+00 -7.700000e+00 1.500000e+00
      vertex   -1.900739e+00 -7.704939e+00 1.504939e+00
    endloop
  endfacet
  facet normal -1.486343e-01 -3.350601e-04 9.888922e-01
    outer loop
      vertex   -1.917421e+00 -4.800000e+00 1.503416e+00
      vertex   -1.900739e+00 -7.704939e+00 1.504939e+00
      vertex   -1.802458e+00 -7.719706e+00 1.519706e+00
    endloop
  endfacet
  facet normal -1.645945e-01 -9.776129e-04 9.863608e-01
    outer loop
      vertex   -1.917421e+00 -4.800000e+00 1.503416e+00
      vertex   -1.802458e+00 -7.719706e+00 1.519706e+00
      vertex   -1.754515e+00 -4.800000e+00 1.530600e+00
    endloop
  endfacet
  facet normal -2.459100e-01 4.213325e-04 9.692926e-01
    outer loop
      vertex   -1.754515e+00 -4.800000e+00 1.530600e+00
      vertex   -1.802458e+00 -7.719706e+00 1.519706e+00
      vertex   -1.706129e+00 -7.744155e+00 1.544155e+00
    endloop
  endfacet
  facet normal -3.246993e-01 -9.816205e-04 9.458168e-01
    outer loop
      vertex   -1.754515e+00 -4.800000e+00 1.530600e+00
      vertex   -1.706129e+00 -7.744155e+00 1.544155e+00
      vertex   -1.598305e+00 -4.800000e+00 1.584227e+00
    endloop
  endfacet
  facet normal -3.411030e-01 -3.020511e-04 9.400259e-01
    outer loop
      vertex   -1.598305e+00 -4.800000e+00 1.584227e+00
      vertex   -1.706129e+00 -7.744155e+00 1.544155e+00
      vertex   -1.612702e+00 -7.778046e+00 1.578046e+00
    endloop
  endfacet
  facet normal -4.325478e-01 2.197635e-04 9.016110e-01
    outer loop
      vertex   -1.598305e+00 -4.800000e+00 1.584227e+00
      vertex   -1.612702e+00 -7.778046e+00 1.578046e+00
      vertex   -1.523100e+00 -7.821042e+00 1.621042e+00
    endloop
  endfacet
  facet normal -4.759471e-01 -1.130377e-03 8.794732e-01
    outer loop
      vertex   -1.598305e+00 -4.800000e+00 1.584227e+00
      vertex   -1.523100e+00 -7.821042e+00 1.621042e+00
      vertex   -1.453052e+00 -4.800000e+00 1.662834e+00
    endloop
  endfacet
  facet normal -5.198823e-01 2.374300e-04 8.542378e-01
    outer loop
      vertex   -1.453052e+00 -4.800000e+00 1.662834e+00
      vertex   -1.523100e+00 -7.821042e+00 1.621042e+00
      vertex   -1.438209e+00 -7.872721e+00 1.672721e+00
    endloop
  endfacet
  facet normal -6.023701e-01 -3.412903e-04 7.982169e-01
    outer loop
      vertex   -1.453052e+00 -4.800000e+00 1.662834e+00
      vertex   -1.438209e+00 -7.872721e+00 1.672721e+00
      vertex   -1.358867e+00 -7.932570e+00 1.732570e+00
    endloop
  endfacet
  facet normal -6.142125e-01 -8.994109e-04 7.891402e-01
    outer loop
      vertex   -1.453052e+00 -4.800000e+00 1.662834e+00
      vertex   -1.358867e+00 -7.932570e+00 1.732570e+00
      vertex   -1.322718e+00 -4.800000e+00 1.764276e+00
    endloop
  endfacet
  facet normal -6.782818e-01 3.898947e-04 7.348018e-01
    outer loop
      vertex   -1.322718e+00 -4.800000e+00 1.764276e+00
      vertex   -1.358867e+00 -7.932570e+00 1.732570e+00
      vertex   -1.285857e+00 -8.000000e+00 1.800000e+00
    endloop
  endfacet
  facet normal -7.357236e-01 -9.139284e-04 6.772813e-01
    outer loop
      vertex   -1.322718e+00 -4.800000e+00 1.764276e+00
      vertex   -1.285857e+00 -8.000000e+00 1.800000e+00
      vertex   -1.210859e+00 -4.800000e+00 1.885787e+00
    endloop
  endfacet
  facet normal -7.662203e-01 7.311718e-04 6.425776e-01
    outer loop
      vertex   -1.210859e+00 -4.800000e+00 1.885787e+00
      vertex   -1.285857e+00 -8.000000e+00 1.800000e+00
      vertex   -1.186306e+00 -8.000000e+00 1.918706e+00
    endloop
  endfacet
  facet normal -8.371662e-01 -7.969384e-04 5.469480e-01
    outer loop
      vertex   -1.210859e+00 -4.800000e+00 1.885787e+00
      vertex   -1.186306e+00 -8.000000e+00 1.918706e+00
      vertex   -1.120526e+00 -4.800000e+00 2.024053e+00
    endloop
  endfacet
  facet normal -8.562768e-01 5.977223e-04 5.165168e-01
    outer loop
      vertex   -1.120526e+00 -4.800000e+00 2.024053e+00
      vertex   -1.186306e+00 -8.000000e+00 1.918706e+00
      vertex   -1.106285e+00 -8.000000e+00 2.051364e+00
    endloop
  endfacet
  facet normal -8.863212e-01 7.865442e-06 4.630709e-01
    outer loop
      vertex   -1.120526e+00 -4.800000e+00 2.024053e+00
      vertex   -1.106285e+00 -8.000000e+00 2.051364e+00
      vertex   -1.106971e+00 -5.000000e+00 2.050000e+00
    endloop
  endfacet
  facet normal -8.779899e-01 1.686734e-05 4.786791e-01
    outer loop
      vertex   -1.106971e+00 -5.000000e+00 2.050000e+00
      vertex   -1.106285e+00 -8.000000e+00 2.051364e+00
      vertex   -1.103050e+00 -5.164823e+00 2.057199e+00
    endloop
  endfacet
  facet normal -8.966610e-01 1.121843e-04 4.427178e-01
    outer loop
      vertex   -1.103050e+00 -5.164823e+00 2.057199e+00
      vertex   -1.106285e+00 -8.000000e+00 2.051364e+00
      vertex   -1.092398e+00 -5.331458e+00 2.078815e+00
    endloop
  endfacet
  facet normal -9.156922e-01 6.313282e-04 4.018799e-01
    outer loop
      vertex   -1.092398e+00 -5.331458e+00 2.078815e+00
      vertex   -1.106285e+00 -8.000000e+00 2.051364e+00
      vertex   -1.076684e+00 -5.497567e+00 2.114880e+00
    endloop
  endfacet
  facet normal -9.257807e-01 1.355286e-03 3.780586e-01
    outer loop
      vertex   -1.076684e+00 -5.497567e+00 2.114880e+00
      vertex   -1.106285e+00 -8.000000e+00 2.051364e+00
      vertex   -1.047715e+00 -8.000000e+00 2.194790e+00
    endloop
  endfacet
  facet normal -9.348477e-01 5.155375e-04 3.550485e-01
    outer loop
      vertex   -1.076684e+00 -5.497567e+00 2.114880e+00
      vertex   -1.047715e+00 -8.000000e+00 2.194790e+00
      vertex   -1.057579e+00 -5.660809e+00 2.165421e+00
    endloop
  endfacet
  facet normal -9.537182e-01 -2.463600e-04 3.007017e-01
    outer loop
      vertex   -1.057579e+00 -5.660809e+00 2.165421e+00
      vertex   -1.047715e+00 -8.000000e+00 2.194790e+00
      vertex   -1.037060e+00 -5.818940e+00 2.230369e+00
    endloop
  endfacet
  facet normal -9.730654e-01 9.929046e-04 2.305269e-01
    outer loop
      vertex   -1.037060e+00 -5.818940e+00 2.230369e+00
      vertex   -1.047715e+00 -8.000000e+00 2.194790e+00
      vertex   -1.012001e+00 -8.000000e+00 2.345541e+00
    endloop
  endfacet
  facet normal -9.727002e-01 1.078211e-03 2.320629e-01
    outer loop
      vertex   -1.037060e+00 -5.818940e+00 2.230369e+00
      vertex   -1.012001e+00 -8.000000e+00 2.345541e+00
      vertex   -1.018531e+00 -5.970264e+00 2.308737e+00
    endloop
  endfacet
  facet normal -9.893308e-01 -5.415349e-04 1.456856e-01
    outer loop
      vertex   -1.018531e+00 -5.970264e+00 2.308737e+00
      vertex   -1.012001e+00 -8.000000e+00 2.345541e+00
      vertex   -1.005148e+00 -6.113160e+00 2.399092e+00
    endloop
  endfacet
  facet normal -9.969943e-01 1.422553e-03 7.746199e-02
    outer loop
      vertex   -1.005148e+00 -6.113160e+00 2.399092e+00
      vertex   -1.012001e+00 -8.000000e+00 2.345541e+00
      vertex   -1.000000e+00 -8.000000e+00 2.500000e+00
    endloop
  endfacet
  facet normal -9.987012e-01 2.058068e-19 5.094937e-02
    outer loop
      vertex   -1.005148e+00 -6.113160e+00 2.399092e+00
      vertex   -1.000000e+00 -8.000000e+00 2.500000e+00
      vertex   -1.000000e+00 -6.245994e+00 2.500000e+00
    endloop
  endfacet
  facet normal -8.842932e-01 6.461929e-04 4.669316e-01
    outer loop
      vertex   -1.106971e+00 -5.000000e+00 2.050000e+00
      vertex   -1.103050e+00 -4.835177e+00 2.057199e+00
      vertex   -1.120526e+00 -4.800000e+00 2.024053e+00
    endloop
  endfacet
  facet normal -8.845764e-01 0.000000e+00 4.663952e-01
    outer loop
      vertex   -1.120526e+00 -4.800000e+00 2.024053e+00
      vertex   -1.103050e+00 -4.835177e+00 2.057199e+00
      vertex   -1.120526e+00 -1.600000e+00 2.024053e+00
    endloop
  endfacet
  facet normal -8.371665e-01 0.000000e+00 5.469482e-01
    outer loop
      vertex   -1.120526e+00 -4.800000e+00 2.024053e+00
      vertex   -1.120526e+00 -1.600000e+00 2.024053e+00
      vertex   -1.210859e+00 -4.800000e+00 1.885787e+00
    endloop
  endfacet
  facet normal -8.371665e-01 0.000000e+00 5.469482e-01
    outer loop
      vertex   -1.210859e+00 -4.800000e+00 1.885787e+00
      vertex   -1.120526e+00 -1.600000e+00 2.024053e+00
      vertex   -1.210859e+00 -1.600000e+00 1.885787e+00
    endloop
  endfacet
  facet normal -7.357239e-01 0.000000e+00 6.772816e-01
    outer loop
      vertex   -1.210859e+00 -4.800000e+00 1.885787e+00
      vertex   -1.210859e+00 -1.600000e+00 1.885787e+00
      vertex   -1.322718e+00 -4.800000e+00 1.764276e+00
    endloop
  endfacet
  facet normal -7.357239e-01 0.000000e+00 6.772816e-01
    outer loop
      vertex   -1.322718e+00 -4.800000e+00 1.764276e+00
      vertex   -1.210859e+00 -1.600000e+00 1.885787e+00
      vertex   -1.322718e+00 -1.600000e+00 1.764276e+00
    endloop
  endfacet
  facet normal -6.142127e-01 0.000000e+00 7.891405e-01
    outer loop
      vertex   -1.322718e+00 -4.800000e+00 1.764276e+00
      vertex   -1.322718e+00 -1.600000e+00 1.764276e+00
      vertex   -1.453052e+00 -4.800000e+00 1.662834e+00
    endloop
  endfacet
  facet normal -6.142127e-01 0.000000e+00 7.891405e-01
    outer loop
      vertex   -1.453052e+00 -4.800000e+00 1.662834e+00
      vertex   -1.322718e+00 -1.600000e+00 1.764276e+00
      vertex   -1.453052e+00 -1.600000e+00 1.662834e+00
    endloop
  endfacet
  facet normal -4.759474e-01 0.000000e+00 8.794738e-01
    outer loop
      vertex   -1.453052e+00 -4.800000e+00 1.662834e+00
      vertex   -1.453052e+00 -1.600000e+00 1.662834e+00
      vertex   -1.598305e+00 -4.800000e+00 1.584227e+00
    endloop
  endfacet
  facet normal -4.759474e-01 0.000000e+00 8.794738e-01
    outer loop
      vertex   -1.598305e+00 -4.800000e+00 1.584227e+00
      vertex   -1.453052e+00 -1.600000e+00 1.662834e+00
      vertex   -1.598305e+00 -1.600000e+00 1.584227e+00
    endloop
  endfacet
  facet normal -3.246995e-01 0.000000e+00 9.458172e-01
    outer loop
      vertex   -1.598305e+00 -4.800000e+00 1.584227e+00
      vertex   -1.598305e+00 -1.600000e+00 1.584227e+00
      vertex   -1.754515e+00 -4.800000e+00 1.530600e+00
    endloop
  endfacet
  facet normal -3.246995e-01 0.000000e+00 9.458172e-01
    outer loop
      vertex   -1.754515e+00 -4.800000e+00 1.530600e+00
      vertex   -1.598305e+00 -1.600000e+00 1.584227e+00
      vertex   -1.754515e+00 -1.600000e+00 1.530600e+00
    endloop
  endfacet
  facet normal -1.645946e-01 0.000000e+00 9.863613e-01
    outer loop
      vertex   -1.754515e+00 -4.800000e+00 1.530600e+00
      vertex   -1.754515e+00 -1.600000e+00 1.530600e+00
      vertex   -1.917421e+00 -4.800000e+00 1.503416e+00
    endloop
  endfacet
  facet normal -1.645946e-01 0.000000e+00 9.863613e-01
    outer loop
      vertex   -1.917421e+00 -4.800000e+00 1.503416e+00
      vertex   -1.754515e+00 -1.600000e+00 1.530600e+00
      vertex   -1.917421e+00 -1.600000e+00 1.503416e+00
    endloop
  endfacet
  facet normal 0.000000e+00 -0.000000e+00 1.000000e+00
    outer loop
      vertex   -1.917421e+00 -4.800000e+00 1.503416e+00
      vertex   -1.917421e+00 -1.600000e+00 1.503416e+00
      vertex   -2.082579e+00 -4.800000e+00 1.503416e+00
    endloop
  endfacet
  facet normal 0.000000e+00 0.000000e+00 1.000000e+00
    outer loop
      vertex   -2.082579e+00 -4.800000e+00 1.503416e+00
      vertex   -1.917421e+00 -1.600000e+00 1.503416e+00
      vertex   -2.082579e+00 -1.600000e+00 1.503416e+00
    endloop
  endfacet
  facet normal 1.645946e-01 -0.000000e+00 9.863613e-01
    outer loop
      vertex   -2.082579e+00 -4.800000e+00 1.503416e+00
      vertex   -2.082579e+00 -1.600000e+00 1.503416e+00
      vertex   -2.245485e+00 -4.800000e+00 1.530600e+00
    endloop
  endfacet
  facet normal 1.645946e-01 -0.000000e+00 9.863613e-01
    outer loop
      vertex   -2.245485e+00 -4.800000e+00 1.530600e+00
      vertex   -2.082579e+00 -1.600000e+00 1.503416e+00
      vertex   -2.245485e+00 -1.600000e+00 1.530600e+00
    endloop
  endfacet
  facet normal 3.246995e-01 -0.000000e+00 9.458172e-01
    outer loop
      vertex   -2.245485e+00 -4.800000e+00 1.530600e+00
      vertex   -2.245485e+00 -1.600000e+00 1.530600e+00
      vertex   -2.401695e+00 -4.800000e+00 1.584227e+00
    endloop
  endfacet
  facet normal 3.246995e-01 -0.000000e+00 9.458172e-01
    outer loop
      vertex   -2.401695e+00 -4.800000e+00 1.584227e+00
      vertex   -2.245485e+00 -1.600000e+00 1.530600e+00
      vertex   -2.401695e+00 -1.600000e+00 1.584227e+00
    endloop
  endfacet
  facet normal 4.759474e-01 -0.000000e+00 8.794738e-01
    outer loop
      vertex   -2.401695e+00 -4.800000e+00 1.584227e+00
      vertex   -2.401695e+00 -1.600000e+00 1.584227e+00
      vertex   -2.546948e+00 -4.800000e+00 1.662834e+00
    endloop
  endfacet
  facet normal 4.759474e-01 -0.000000e+00 8.794738e-01
    outer loop
      vertex   -2.546948e+00 -4.800000e+00 1.662834e+00
      vertex   -2.401695e+00 -1.600000e+00 1.584227e+00
      vertex   -2.546948e+00 -1.600000e+00 1.662834e+00
    endloop
  endfacet
  facet normal 6.142127e-01 -0.000000e+00 7.891405e-01
    outer loop
      vertex   -2.546948e+00 -4.800000e+00 1.662834e+00
      vertex   -2.546948e+00 -1.600000e+00 1.662834e+00
      vertex   -2.677282e+00 -4.800000e+00 1.764276e+00
    endloop
  endfacet
  facet normal 6.142127e-01 -0.000000e+00 7.891405e-01
    outer loop
      vertex   -2.677282e+00 -4.800000e+00 1.764276e+00
      vertex   -2.546948e+00 -1.600000e+00 1.662834e+00
      vertex   -2.677282e+00 -1.600000e+00 1.764276e+00
    endloop
  endfacet
  facet normal 7.357239e-01 -0.000000e+00 6.772816e-01
    outer loop
      vertex   -2.677282e+00 -4.800000e+00 1.764276e+00
      vertex   -2.677282e+00 -1.600000e+00 1.764276e+00
      vertex   -2.789141e+00 -4.800000e+00 1.885787e+00
    endloop
  endfacet
  facet normal 7.357239e-01 -0.000000e+00 6.772816e-01
    outer loop
      vertex   -2.789141e+00 -4.800000e+00 1.885787e+00
      vertex   -2.677282e+00 -1.600000e+00 1.764276e+00
      vertex   -2.789141e+00 -1.600000e+00 1.885787e+00
    endloop
  endfacet
  facet normal 8.371665e-01 -0.000000e+00 5.469482e-01
    outer loop
      vertex   -2.789141e+00 -4.800000e+00 1.885787e+00
      vertex   -2.789141e+00 -1.600000e+00 1.885787e+00
      vertex   -2.879474e+00 -4.800000e+00 2.024053e+00
    endloop
  endfacet
  facet normal 8.371665e-01 -0.000000e+00 5.469482e-01
    outer loop
      vertex   -2.879474e+00 -4.800000e+00 2.024053e+00
      vertex   -2.789141e+00 -1.600000e+00 1.885787e+00
      vertex   -2.879474e+00 -1.600000e+00 2.024053e+00
    endloop
  endfacet
  facet normal 8.845764e-01 -0.000000e+00 4.663952e-01
    outer loop
      vertex   -2.879474e+00 -4.800000e+00 2.024053e+00
      vertex   -2.879474e+00 -1.600000e+00 2.024053e+00
      vertex   -2.896950e+00 -4.835177e+00 2.057199e+00
    endloop
  endfacet
  facet normal 8.961056e-01 -2.933637e-04 4.438408e-01
    outer loop
      vertex   -2.896950e+00 -4.835177e+00 2.057199e+00
      vertex   -2.879474e+00 -1.600000e+00 2.024053e+00
      vertex   -2.907602e+00 -4.668542e+00 2.078815e+00
    endloop
  endfacet
  facet normal 9.147655e-01 -1.175727e-03 4.039836e-01
    outer loop
      vertex   -2.907602e+00 -4.668542e+00 2.078815e+00
      vertex   -2.879474e+00 -1.600000e+00 2.024053e+00
      vertex   -2.923316e+00 -4.502433e+00 2.114880e+00
    endloop
  endfacet
  facet normal 9.157726e-01 -1.262555e-03 4.016951e-01
    outer loop
      vertex   -2.923316e+00 -4.502433e+00 2.114880e+00
      vertex   -2.879474e+00 -1.600000e+00 2.024053e+00
      vertex   -2.945817e+00 -1.600000e+00 2.175301e+00
    endloop
  endfacet
  facet normal 9.352748e-01 -1.168578e-04 3.539223e-01
    outer loop
      vertex   -2.923316e+00 -4.502433e+00 2.114880e+00
      vertex   -2.945817e+00 -1.600000e+00 2.175301e+00
      vertex   -2.942421e+00 -4.339191e+00 2.165421e+00
    endloop
  endfacet
  facet normal 9.536136e-01 9.662862e-05 3.010333e-01
    outer loop
      vertex   -2.942421e+00 -4.339191e+00 2.165421e+00
      vertex   -2.945817e+00 -1.600000e+00 2.175301e+00
      vertex   -2.962940e+00 -4.181060e+00 2.230369e+00
    endloop
  endfacet
  facet normal 9.693996e-01 -1.193248e-03 2.454853e-01
    outer loop
      vertex   -2.962940e+00 -4.181060e+00 2.230369e+00
      vertex   -2.945817e+00 -1.600000e+00 2.175301e+00
      vertex   -2.986361e+00 -1.600000e+00 2.335405e+00
    endloop
  endfacet
  facet normal 9.729183e-01 -5.778754e-04 2.311484e-01
    outer loop
      vertex   -2.962940e+00 -4.181060e+00 2.230369e+00
      vertex   -2.986361e+00 -1.600000e+00 2.335405e+00
      vertex   -2.981469e+00 -4.029736e+00 2.308737e+00
    endloop
  endfacet
  facet normal 9.892964e-01 3.905606e-04 1.459193e-01
    outer loop
      vertex   -2.981469e+00 -4.029736e+00 2.308737e+00
      vertex   -2.986361e+00 -1.600000e+00 2.335405e+00
      vertex   -2.994852e+00 -3.886840e+00 2.399092e+00
    endloop
  endfacet
  facet normal 9.985467e-01 -2.207887e-03 5.384790e-02
    outer loop
      vertex   -2.994852e+00 -3.886840e+00 2.399092e+00
      vertex   -2.986361e+00 -1.600000e+00 2.335405e+00
      vertex   -3.000000e+00 -3.754006e+00 2.500000e+00
    endloop
  endfacet
  facet normal 9.965845e-01 4.025381e-19 8.257935e-02
    outer loop
      vertex   -3.000000e+00 -3.754006e+00 2.500000e+00
      vertex   -2.986361e+00 -1.600000e+00 2.335405e+00
      vertex   -2.986361e+00 1.600000e+00 2.335405e+00
    endloop
  endfacet
  facet normal 9.943401e-01 7.331516e-04 1.062417e-01
    outer loop
      vertex   -3.000000e+00 -3.754006e+00 2.500000e+00
      vertex   -2.986361e+00 1.600000e+00 2.335405e+00
      vertex   -2.994852e+00 3.886840e+00 2.399092e+00
    endloop
  endfacet
  facet normal 9.892964e-01 -3.905606e-04 1.459193e-01
    outer loop
      vertex   -2.994852e+00 3.886840e+00 2.399092e+00
      vertex   -2.986361e+00 1.600000e+00 2.335405e+00
      vertex   -2.981469e+00 4.029736e+00 2.308737e+00
    endloop
  endfacet
  facet normal 9.729183e-01 5.778754e-04 2.311484e-01
    outer loop
      vertex   -2.981469e+00 4.029736e+00 2.308737e+00
      vertex   -2.986361e+00 1.600000e+00 2.335405e+00
      vertex   -2.962940e+00 4.181060e+00 2.230369e+00
    endloop
  endfacet
  facet normal 9.693996e-01 1.193248e-03 2.454853e-01
    outer loop
      vertex   -2.962940e+00 4.181060e+00 2.230369e+00
      vertex   -2.986361e+00 1.600000e+00 2.335405e+00
      vertex   -2.945817e+00 1.600000e+00 2.175301e+00
    endloop
  endfacet
  facet normal 9.536136e-01 -9.662862e-05 3.010333e-01
    outer loop
      vertex   -2.962940e+00 4.181060e+00 2.230369e+00
      vertex   -2.945817e+00 1.600000e+00 2.175301e+00
      vertex   -2.942421e+00 4.339191e+00 2.165421e+00
    endloop
  endfacet
  facet normal 9.352748e-01 1.168578e-04 3.539223e-01
    outer loop
      vertex   -2.942421e+00 4.339191e+00 2.165421e+00
      vertex   -2.945817e+00 1.600000e+00 2.175301e+00
      vertex   -2.923316e+00 4.502433e+00 2.114880e+00
    endloop
  endfacet
  facet normal 9.157726e-01 1.262555e-03 4.016951e-01
    outer loop
      vertex   -2.923316e+00 4.502433e+00 2.114880e+00
      vertex   -2.945817e+00 1.600000e+00 2.175301e+00
      vertex   -2.879474e+00 1.600000e+00 2.024053e+00
    endloop
  endfacet
  facet normal 9.147655e-01 1.175727e-03 4.039836e-01
    outer loop
      vertex   -2.923316e+00 4.502433e+00 2.114880e+00
      vertex   -2.879474e+00 1.600000e+00 2.024053e+00
      vertex   -2.907602e+00 4.668542e+00 2.078815e+00
    endloop
  endfacet
  facet normal 8.961056e-01 2.933637e-04 4.438408e-01
    outer loop
      vertex   -2.907602e+00 4.668542e+00 2.078815e+00
      vertex   -2.879474e+00 1.600000e+00 2.024053e+00
      vertex   -2.896950e+00 4.835177e+00 2.057199e+00
    endloop
  endfacet
  facet normal 8.845764e-01 3.152313e-19 4.663952e-01
    outer loop
      vertex   -2.896950e+00 4.835177e+00 2.057199e+00
      vertex   -2.879474e+00 1.600000e+00 2.024053e+00
      vertex   -2.879474e+00 4.800000e+00 2.024053e+00
    endloop
  endfacet
  facet normal 8.842932e-01 -6.461929e-04 4.669316e-01
    outer loop
      vertex   -2.896950e+00 4.835177e+00 2.057199e+00
      vertex   -2.879474e+00 4.800000e+00 2.024053e+00
      vertex   -2.893029e+00 5.000000e+00 2.050000e+00
    endloop
  endfacet
  facet normal 8.863212e-01 -7.865442e-06 4.630709e-01
    outer loop
      vertex   -2.893029e+00 5.000000e+00 2.050000e+00
      vertex   -2.879474e+00 4.800000e+00 2.024053e+00
      vertex   -2.893715e+00 8.000000e+00 2.051364e+00
    endloop
  endfacet
  facet normal 8.779899e-01 -1.686734e-05 4.786791e-01
    outer loop
      vertex   -2.893029e+00 5.000000e+00 2.050000e+00
      vertex   -2.893715e+00 8.000000e+00 2.051364e+00
      vertex   -2.896950e+00 5.164823e+00 2.057199e+00
    endloop
  endfacet
  facet normal 8.966610e-01 -1.121843e-04 4.427178e-01
    outer loop
      vertex   -2.896950e+00 5.164823e+00 2.057199e+00
      vertex   -2.893715e+00 8.000000e+00 2.051364e+00
      vertex   -2.907602e+00 5.331458e+00 2.078815e+00
    endloop
  endfacet
  facet normal 9.156922e-01 -6.313282e-04 4.018799e-01
    outer loop
      vertex   -2.907602e+00 5.331458e+00 2.078815e+00
      vertex   -2.893715e+00 8.000000e+00 2.051364e+00
      vertex   -2.923316e+00 5.497567e+00 2.114880e+00
    endloop
  endfacet
  facet normal 9.257807e-01 -1.355286e-03 3.780586e-01
    outer loop
      vertex   -2.923316e+00 5.497567e+00 2.114880e+00
      vertex   -2.893715e+00 8.000000e+00 2.051364e+00
      vertex   -2.952285e+00 8.000000e+00 2.194790e+00
    endloop
  endfacet
  facet normal 9.348477e-01 -5.155375e-04 3.550485e-01
    outer loop
      vertex   -2.923316e+00 5.497567e+00 2.114880e+00
      vertex   -2.952285e+00 8.000000e+00 2.194790e+00
      vertex   -2.942421e+00 5.660809e+00 2.165421e+00
    endloop
  endfacet
  facet normal 9.537182e-01 2.463600e-04 3.007017e-01
    outer loop
      vertex   -2.942421e+00 5.660809e+00 2.165421e+00
      vertex   -2.952285e+00 8.000000e+00 2.194790e+00
      vertex   -2.962940e+00 5.818940e+00 2.230369e+00
    endloop
  endfacet
  facet normal 9.727477e-01 -9.695357e-04 2.318643e-01
    outer loop
      vertex   -2.962940e+00 5.818940e+00 2.230369e+00
      vertex   -2.952285e+00 8.000000e+00 2.194790e+00
      vertex   -2.981469e+00 5.970264e+00 2.308737e+00
    endloop
  endfacet
  facet normal 9.730654e-01 -1.049184e-03 2.305269e-01
    outer loop
      vertex   -2.981469e+00 5.970264e+00 2.308737e+00
      vertex   -2.952285e+00 8.000000e+00 2.194790e+00
      vertex   -2.987999e+00 8.000000e+00 2.345541e+00
    endloop
  endfacet
  facet normal 9.893308e-01 5.415349e-04 1.456856e-01
    outer loop
      vertex   -2.981469e+00 5.970264e+00 2.308737e+00
      vertex   -2.987999e+00 8.000000e+00 2.345541e+00
      vertex   -2.994852e+00 6.113160e+00 2.399092e+00
    endloop
  endfacet
  facet normal 9.969943e-01 -1.422553e-03 7.746199e-02
    outer loop
      vertex   -2.994852e+00 6.113160e+00 2.399092e+00
      vertex   -2.987999e+00 8.000000e+00 2.345541e+00
      vertex   -3.000000e+00 8.000000e+00 2.500000e+00
    endloop
  endfacet
  facet normal 9.987012e-01 -1.990334e-19 5.094937e-02
    outer loop
      vertex   -2.994852e+00 6.113160e+00 2.399092e+00
      vertex   -3.000000e+00 8.000000e+00 2.500000e+00
      vertex   -3.000000e+00 6.245994e+00 2.500000e+00
    endloop
  endfacet
  facet normal -8.961056e-01 -2.933637e-04 4.438408e-01
    outer loop
      vertex   -1.103050e+00 -4.835177e+00 2.057199e+00
      vertex   -1.092398e+00 -4.668542e+00 2.078815e+00
      vertex   -1.120526e+00 -1.600000e+00 2.024053e+00
    endloop
  endfacet
  facet normal -9.147655e-01 -1.175727e-03 4.039836e-01
    outer loop
      vertex   -1.120526e+00 -1.600000e+00 2.024053e+00
      vertex   -1.092398e+00 -4.668542e+00 2.078815e+00
      vertex   -1.076684e+00 -4.502433e+00 2.114880e+00
    endloop
  endfacet
  facet normal -9.157726e-01 -1.262555e-03 4.016951e-01
    outer loop
      vertex   -1.120526e+00 -1.600000e+00 2.024053e+00
      vertex   -1.076684e+00 -4.502433e+00 2.114880e+00
      vertex   -1.054183e+00 -1.600000e+00 2.175301e+00
    endloop
  endfacet
  facet normal -9.352748e-01 -1.168578e-04 3.539223e-01
    outer loop
      vertex   -1.054183e+00 -1.600000e+00 2.175301e+00
      vertex   -1.076684e+00 -4.502433e+00 2.114880e+00
      vertex   -1.057579e+00 -4.339191e+00 2.165421e+00
    endloop
  endfacet
  facet normal -9.536136e-01 9.662862e-05 3.010333e-01
    outer loop
      vertex   -1.054183e+00 -1.600000e+00 2.175301e+00
      vertex   -1.057579e+00 -4.339191e+00 2.165421e+00
      vertex   -1.037060e+00 -4.181060e+00 2.230369e+00
    endloop
  endfacet
  facet normal -9.693996e-01 -1.193248e-03 2.454853e-01
    outer loop
      vertex   -1.054183e+00 -1.600000e+00 2.175301e+00
      vertex   -1.037060e+00 -4.181060e+00 2.230369e+00
      vertex   -1.013639e+00 -1.600000e+00 2.335405e+00
    endloop
  endfacet
  facet normal -9.729183e-01 -5.778754e-04 2.311484e-01
    outer loop
      vertex   -1.013639e+00 -1.600000e+00 2.335405e+00
      vertex   -1.037060e+00 -4.181060e+00 2.230369e+00
      vertex   -1.018531e+00 -4.029736e+00 2.308737e+00
    endloop
  endfacet
  facet normal -9.892964e-01 3.905606e-04 1.459193e-01
    outer loop
      vertex   -1.013639e+00 -1.600000e+00 2.335405e+00
      vertex   -1.018531e+00 -4.029736e+00 2.308737e+00
      vertex   -1.005148e+00 -3.886840e+00 2.399092e+00
    endloop
  endfacet
  facet normal -9.987012e-01 0.000000e+00 5.094937e-02
    outer loop
      vertex   -1.000000e+00 -3.754006e+00 2.500000e+00
      vertex   -1.000000e+00 3.754006e+00 2.500000e+00
      vertex   -1.005148e+00 -3.886840e+00 2.399092e+00
    endloop
  endfacet
  facet normal -9.943401e-01 -7.331516e-04 1.062417e-01
    outer loop
      vertex   -1.005148e+00 -3.886840e+00 2.399092e+00
      vertex   -1.000000e+00 3.754006e+00 2.500000e+00
      vertex   -1.013639e+00 -1.600000e+00 2.335405e+00
    endloop
  endfacet
  facet normal -9.965845e-01 0.000000e+00 8.257935e-02
    outer loop
      vertex   -1.013639e+00 -1.600000e+00 2.335405e+00
      vertex   -1.000000e+00 3.754006e+00 2.500000e+00
      vertex   -1.013639e+00 1.600000e+00 2.335405e+00
    endloop
  endfacet
  facet normal -9.985467e-01 2.207887e-03 5.384790e-02
    outer loop
      vertex   -1.013639e+00 1.600000e+00 2.335405e+00
      vertex   -1.000000e+00 3.754006e+00 2.500000e+00
      vertex   -1.005148e+00 3.886840e+00 2.399092e+00
    endloop
  endfacet
  facet normal -9.892964e-01 -3.905606e-04 1.459193e-01
    outer loop
      vertex   -1.013639e+00 1.600000e+00 2.335405e+00
      vertex   -1.005148e+00 3.886840e+00 2.399092e+00
      vertex   -1.018531e+00 4.029736e+00 2.308737e+00
    endloop
  endfacet
  facet normal -9.729183e-01 5.778754e-04 2.311484e-01
    outer loop
      vertex   -1.018531e+00 4.029736e+00 2.308737e+00
      vertex   -1.037060e+00 4.181060e+00 2.230369e+00
      vertex   -1.013639e+00 1.600000e+00 2.335405e+00
    endloop
  endfacet
  facet normal -9.693996e-01 1.193248e-03 2.454853e-01
    outer loop
      vertex   -1.013639e+00 1.600000e+00 2.335405e+00
      vertex   -1.037060e+00 4.181060e+00 2.230369e+00
      vertex   -1.054183e+00 1.600000e+00 2.175301e+00
    endloop
  endfacet
  facet normal -9.694003e-01 -5.623288e-19 2.454855e-01
    outer loop
      vertex   -1.013639e+00 1.600000e+00 2.335405e+00
      vertex   -1.054183e+00 1.600000e+00 2.175301e+00
      vertex   -1.054183e+00 -1.600000e+00 2.175301e+00
    endloop
  endfacet
  facet normal -9.157733e-01 0.000000e+00 4.016954e-01
    outer loop
      vertex   -1.054183e+00 -1.600000e+00 2.175301e+00
      vertex   -1.054183e+00 1.600000e+00 2.175301e+00
      vertex   -1.120526e+00 -1.600000e+00 2.024053e+00
    endloop
  endfacet
  facet normal -9.536136e-01 -9.662862e-05 3.010333e-01
    outer loop
      vertex   -1.037060e+00 4.181060e+00 2.230369e+00
      vertex   -1.057579e+00 4.339191e+00 2.165421e+00
      vertex   -1.054183e+00 1.600000e+00 2.175301e+00
    endloop
  endfacet
  facet normal -9.352748e-01 1.168578e-04 3.539223e-01
    outer loop
      vertex   -1.054183e+00 1.600000e+00 2.175301e+00
      vertex   -1.057579e+00 4.339191e+00 2.165421e+00
      vertex   -1.076684e+00 4.502433e+00 2.114880e+00
    endloop
  endfacet
  facet normal -9.157726e-01 1.262555e-03 4.016951e-01
    outer loop
      vertex   -1.054183e+00 1.600000e+00 2.175301e+00
      vertex   -1.076684e+00 4.502433e+00 2.114880e+00
      vertex   -1.120526e+00 1.600000e+00 2.024053e+00
    endloop
  endfacet
  facet normal -9.147655e-01 1.175727e-03 4.039836e-01
    outer loop
      vertex   -1.120526e+00 1.600000e+00 2.024053e+00
      vertex   -1.076684e+00 4.502433e+00 2.114880e+00
      vertex   -1.092398e+00 4.668542e+00 2.078815e+00
    endloop
  endfacet
  facet normal -8.961056e-01 2.933637e-04 4.438408e-01
    outer loop
      vertex   -1.120526e+00 1.600000e+00 2.024053e+00
      vertex   -1.092398e+00 4.668542e+00 2.078815e+00
      vertex   -1.103050e+00 4.835177e+00 2.057199e+00
    endloop
  endfacet
  facet normal -8.845764e-01 0.000000e+00 4.663952e-01
    outer loop
      vertex   -1.120526e+00 1.600000e+00 2.024053e+00
      vertex   -1.103050e+00 4.835177e+00 2.057199e+00
      vertex   -1.120526e+00 4.800000e+00 2.024053e+00
    endloop
  endfacet
  facet normal -8.842932e-01 -6.461929e-04 4.669316e-01
    outer loop
      vertex   -1.120526e+00 4.800000e+00 2.024053e+00
      vertex   -1.103050e+00 4.835177e+00 2.057199e+00
      vertex   -1.106971e+00 5.000000e+00 2.050000e+00
    endloop
  endfacet
  facet normal -8.863212e-01 -7.865442e-06 4.630709e-01
    outer loop
      vertex   -1.120526e+00 4.800000e+00 2.024053e+00
      vertex   -1.106971e+00 5.000000e+00 2.050000e+00
      vertex   -1.106285e+00 8.000000e+00 2.051364e+00
    endloop
  endfacet
  facet normal -8.779899e-01 -1.686734e-05 4.786791e-01
    outer loop
      vertex   -1.106285e+00 8.000000e+00 2.051364e+00
      vertex   -1.106971e+00 5.000000e+00 2.050000e+00
      vertex   -1.103050e+00 5.164823e+00 2.057199e+00
    endloop
  endfacet
  facet normal -8.966610e-01 -1.121843e-04 4.427178e-01
    outer loop
      vertex   -1.106285e+00 8.000000e+00 2.051364e+00
      vertex   -1.103050e+00 5.164823e+00 2.057199e+00
      vertex   -1.092398e+00 5.331458e+00 2.078815e+00
    endloop
  endfacet
  facet normal -9.156922e-01 -6.313282e-04 4.018799e-01
    outer loop
      vertex   -1.092398e+00 5.331458e+00 2.078815e+00
      vertex   -1.076684e+00 5.497567e+00 2.114880e+00
      vertex   -1.106285e+00 8.000000e+00 2.051364e+00
    endloop
  endfacet
  facet normal -9.257807e-01 -1.355286e-03 3.780586e-01
    outer loop
      vertex   -1.106285e+00 8.000000e+00 2.051364e+00
      vertex   -1.076684e+00 5.497567e+00 2.114880e+00
      vertex   -1.047715e+00 8.000000e+00 2.194790e+00
    endloop
  endfacet
  facet normal -9.348477e-01 -5.155375e-04 3.550485e-01
    outer loop
      vertex   -1.047715e+00 8.000000e+00 2.194790e+00
      vertex   -1.076684e+00 5.497567e+00 2.114880e+00
      vertex   -1.057579e+00 5.660809e+00 2.165421e+00
    endloop
  endfacet
  facet normal -9.537182e-01 2.463600e-04 3.007017e-01
    outer loop
      vertex   -1.047715e+00 8.000000e+00 2.194790e+00
      vertex   -1.057579e+00 5.660809e+00 2.165421e+00
      vertex   -1.037060e+00 5.818940e+00 2.230369e+00
    endloop
  endfacet
  facet normal -9.727477e-01 -9.695357e-04 2.318643e-01
    outer loop
      vertex   -1.037060e+00 5.818940e+00 2.230369e+00
      vertex   -1.018531e+00 5.970264e+00 2.308737e+00
      vertex   -1.047715e+00 8.000000e+00 2.194790e+00
    endloop
  endfacet
  facet normal -9.730654e-01 -1.049184e-03 2.305269e-01
    outer loop
      vertex   -1.047715e+00 8.000000e+00 2.194790e+00
      vertex   -1.018531e+00 5.970264e+00 2.308737e+00
      vertex   -1.012001e+00 8.000000e+00 2.345541e+00
    endloop
  endfacet
  facet normal -9.893308e-01 5.415349e-04 1.456856e-01
    outer loop
      vertex   -1.012001e+00 8.000000e+00 2.345541e+00
      vertex   -1.018531e+00 5.970264e+00 2.308737e+00
      vertex   -1.005148e+00 6.113160e+00 2.399092e+00
    endloop
  endfacet
  facet normal -9.969943e-01 -1.422553e-03 7.746199e-02
    outer loop
      vertex   -1.012001e+00 8.000000e+00 2.345541e+00
      vertex   -1.005148e+00 6.113160e+00 2.399092e+00
      vertex   -1.000000e+00 8.000000e+00 2.500000e+00
    endloop
  endfacet
  facet normal -9.987012e-01 0.000000e+00 5.094937e-02
    outer loop
      vertex   -1.000000e+00 8.000000e+00 2.500000e+00
      vertex   -1.005148e+00 6.113160e+00 2.399092e+00
      vertex   -1.000000e+00 6.245994e+00 2.500000e+00
    endloop
  endfacet
  facet normal -8.562768e-01 -5.977223e-04 5.165168e-01
    outer loop
      vertex   -1.106285e+00 8.000000e+00 2.051364e+00
      vertex   -1.186306e+00 8.000000e+00 1.918706e+00
      vertex   -1.120526e+00 4.800000e+00 2.024053e+00
    endloop
  endfacet
  facet normal -8.371662e-01 7.969384e-04 5.469480e-01
    outer loop
      vertex   -1.120526e+00 4.800000e+00 2.024053e+00
      vertex   -1.186306e+00 8.000000e+00 1.918706e+00
      vertex   -1.210859e+00 4.800000e+00 1.885787e+00
    endloop
  endfacet
  facet normal -8.371665e-01 -3.086461e-21 5.469482e-01
    outer loop
      vertex   -1.120526e+00 4.800000e+00 2.024053e+00
      vertex   -1.210859e+00 4.800000e+00 1.885787e+00
      vertex   -1.210859e+00 1.600000e+00 1.885787e+00
    endloop
  endfacet
  facet normal -7.357239e-01 0.000000e+00 6.772816e-01
    outer loop
      vertex   -1.210859e+00 1.600000e+00 1.885787e+00
      vertex   -1.210859e+00 4.800000e+00 1.885787e+00
      vertex   -1.322718e+00 1.600000e+00 1.764276e+00
    endloop
  endfacet
  facet normal -7.357239e-01 -1.083562e-18 6.772816e-01
    outer loop
      vertex   -1.210859e+00 1.600000e+00 1.885787e+00
      vertex   -1.322718e+00 1.600000e+00 1.764276e+00
      vertex   -1.322718e+00 -1.600000e+00 1.764276e+00
    endloop
  endfacet
  facet normal -6.142127e-01 0.000000e+00 7.891405e-01
    outer loop
      vertex   -1.322718e+00 -1.600000e+00 1.764276e+00
      vertex   -1.322718e+00 1.600000e+00 1.764276e+00
      vertex   -1.453052e+00 -1.600000e+00 1.662834e+00
    endloop
  endfacet
  facet normal -7.662203e-01 -7.311718e-04 6.425776e-01
    outer loop
      vertex   -1.186306e+00 8.000000e+00 1.918706e+00
      vertex   -1.285857e+00 8.000000e+00 1.800000e+00
      vertex   -1.210859e+00 4.800000e+00 1.885787e+00
    endloop
  endfacet
  facet normal -7.357236e-01 9.139284e-04 6.772813e-01
    outer loop
      vertex   -1.210859e+00 4.800000e+00 1.885787e+00
      vertex   -1.285857e+00 8.000000e+00 1.800000e+00
      vertex   -1.322718e+00 4.800000e+00 1.764276e+00
    endloop
  endfacet
  facet normal -7.357239e-01 -1.083562e-18 6.772816e-01
    outer loop
      vertex   -1.210859e+00 4.800000e+00 1.885787e+00
      vertex   -1.322718e+00 4.800000e+00 1.764276e+00
      vertex   -1.322718e+00 1.600000e+00 1.764276e+00
    endloop
  endfacet
  facet normal -6.142127e-01 0.000000e+00 7.891405e-01
    outer loop
      vertex   -1.322718e+00 1.600000e+00 1.764276e+00
      vertex   -1.322718e+00 4.800000e+00 1.764276e+00
      vertex   -1.453052e+00 1.600000e+00 1.662834e+00
    endloop
  endfacet
  facet normal -6.142127e-01 -1.029178e-18 7.891405e-01
    outer loop
      vertex   -1.322718e+00 1.600000e+00 1.764276e+00
      vertex   -1.453052e+00 1.600000e+00 1.662834e+00
      vertex   -1.453052e+00 -1.600000e+00 1.662834e+00
    endloop
  endfacet
  facet normal -4.759474e-01 0.000000e+00 8.794738e-01
    outer loop
      vertex   -1.453052e+00 -1.600000e+00 1.662834e+00
      vertex   -1.453052e+00 1.600000e+00 1.662834e+00
      vertex   -1.598305e+00 -1.600000e+00 1.584227e+00
    endloop
  endfacet
  facet normal -6.782818e-01 -3.898947e-04 7.348018e-01
    outer loop
      vertex   -1.285857e+00 8.000000e+00 1.800000e+00
      vertex   -1.358867e+00 7.932570e+00 1.732570e+00
      vertex   -1.322718e+00 4.800000e+00 1.764276e+00
    endloop
  endfacet
  facet normal -6.142125e-01 8.994109e-04 7.891402e-01
    outer loop
      vertex   -1.322718e+00 4.800000e+00 1.764276e+00
      vertex   -1.358867e+00 7.932570e+00 1.732570e+00
      vertex   -1.453052e+00 4.800000e+00 1.662834e+00
    endloop
  endfacet
  facet normal -6.142127e-01 -1.029178e-18 7.891405e-01
    outer loop
      vertex   -1.322718e+00 4.800000e+00 1.764276e+00
      vertex   -1.453052e+00 4.800000e+00 1.662834e+00
      vertex   -1.453052e+00 1.600000e+00 1.662834e+00
    endloop
  endfacet
  facet normal -4.759474e-01 0.000000e+00 8.794738e-01
    outer loop
      vertex   -1.453052e+00 1.600000e+00 1.662834e+00
      vertex   -1.453052e+00 4.800000e+00 1.662834e+00
      vertex   -1.598305e+00 1.600000e+00 1.584227e+00
    endloop
  endfacet
  facet normal -4.759474e-01 -8.821849e-19 8.794738e-01
    outer loop
      vertex   -1.453052e+00 1.600000e+00 1.662834e+00
      vertex   -1.598305e+00 1.600000e+00 1.584227e+00
      vertex   -1.598305e+00 -1.600000e+00 1.584227e+00
    endloop
  endfacet
  facet normal -3.246995e-01 0.000000e+00 9.458172e-01
    outer loop
      vertex   -1.598305e+00 -1.600000e+00 1.584227e+00
      vertex   -1.598305e+00 1.600000e+00 1.584227e+00
      vertex   -1.754515e+00 -1.600000e+00 1.530600e+00
    endloop
  endfacet
  facet normal -6.023701e-01 3.412903e-04 7.982169e-01
    outer loop
      vertex   -1.358867e+00 7.932570e+00 1.732570e+00
      vertex   -1.438209e+00 7.872721e+00 1.672721e+00
      vertex   -1.453052e+00 4.800000e+00 1.662834e+00
    endloop
  endfacet
  facet normal -5.198823e-01 -2.374300e-04 8.542378e-01
    outer loop
      vertex   -1.453052e+00 4.800000e+00 1.662834e+00
      vertex   -1.438209e+00 7.872721e+00 1.672721e+00
      vertex   -1.523100e+00 7.821042e+00 1.621042e+00
    endloop
  endfacet
  facet normal -4.759471e-01 1.130377e-03 8.794732e-01
    outer loop
      vertex   -1.453052e+00 4.800000e+00 1.662834e+00
      vertex   -1.523100e+00 7.821042e+00 1.621042e+00
      vertex   -1.598305e+00 4.800000e+00 1.584227e+00
    endloop
  endfacet
  facet normal -4.325478e-01 -2.197635e-04 9.016110e-01
    outer loop
      vertex   -1.598305e+00 4.800000e+00 1.584227e+00
      vertex   -1.523100e+00 7.821042e+00 1.621042e+00
      vertex   -1.612702e+00 7.778046e+00 1.578046e+00
    endloop
  endfacet
  facet normal -3.411030e-01 3.020511e-04 9.400259e-01
    outer loop
      vertex   -1.598305e+00 4.800000e+00 1.584227e+00
      vertex   -1.612702e+00 7.778046e+00 1.578046e+00
      vertex   -1.706129e+00 7.744155e+00 1.544155e+00
    endloop
  endfacet
  facet normal -3.246993e-01 9.816205e-04 9.458168e-01
    outer loop
      vertex   -1.598305e+00 4.800000e+00 1.584227e+00
      vertex   -1.706129e+00 7.744155e+00 1.544155e+00
      vertex   -1.754515e+00 4.800000e+00 1.530600e+00
    endloop
  endfacet
  facet normal -2.459100e-01 -4.213325e-04 9.692926e-01
    outer loop
      vertex   -1.754515e+00 4.800000e+00 1.530600e+00
      vertex   -1.706129e+00 7.744155e+00 1.544155e+00
      vertex   -1.802458e+00 7.719706e+00 1.519706e+00
    endloop
  endfacet
  facet normal -1.645945e-01 9.776129e-04 9.863608e-01
    outer loop
      vertex   -1.754515e+00 4.800000e+00 1.530600e+00
      vertex   -1.802458e+00 7.719706e+00 1.519706e+00
      vertex   -1.917421e+00 4.800000e+00 1.503416e+00
    endloop
  endfacet
  facet normal -1.486343e-01 3.350601e-04 9.888922e-01
    outer loop
      vertex   -1.917421e+00 4.800000e+00 1.503416e+00
      vertex   -1.802458e+00 7.719706e+00 1.519706e+00
      vertex   -1.900739e+00 7.704939e+00 1.504939e+00
    endloop
  endfacet
  facet normal -4.968012e-02 -2.383664e-04 9.987652e-01
    outer loop
      vertex   -1.917421e+00 4.800000e+00 1.503416e+00
      vertex   -1.900739e+00 7.704939e+00 1.504939e+00
      vertex   -2.000000e+00 7.700000e+00 1.500000e+00
    endloop
  endfacet
  facet normal 0.000000e+00 1.177760e-03 9.999993e-01
    outer loop
      vertex   -1.917421e+00 4.800000e+00 1.503416e+00
      vertex   -2.000000e+00 7.700000e+00 1.500000e+00
      vertex   -2.082579e+00 4.800000e+00 1.503416e+00
    endloop
  endfacet
  facet normal 4.968012e-02 -2.383664e-04 9.987652e-01
    outer loop
      vertex   -2.082579e+00 4.800000e+00 1.503416e+00
      vertex   -2.000000e+00 7.700000e+00 1.500000e+00
      vertex   -2.099261e+00 7.704939e+00 1.504939e+00
    endloop
  endfacet
  facet normal 1.486343e-01 3.350601e-04 9.888922e-01
    outer loop
      vertex   -2.082579e+00 4.800000e+00 1.503416e+00
      vertex   -2.099261e+00 7.704939e+00 1.504939e+00
      vertex   -2.197542e+00 7.719706e+00 1.519706e+00
    endloop
  endfacet
  facet normal 1.645945e-01 9.776129e-04 9.863608e-01
    outer loop
      vertex   -2.082579e+00 4.800000e+00 1.503416e+00
      vertex   -2.197542e+00 7.719706e+00 1.519706e+00
      vertex   -2.245485e+00 4.800000e+00 1.530600e+00
    endloop
  endfacet
  facet normal 2.459100e-01 -4.213325e-04 9.692926e-01
    outer loop
      vertex   -2.245485e+00 4.800000e+00 1.530600e+00
      vertex   -2.197542e+00 7.719706e+00 1.519706e+00
      vertex   -2.293871e+00 7.744155e+00 1.544155e+00
    endloop
  endfacet
  facet normal 3.246993e-01 9.816205e-04 9.458168e-01
    outer loop
      vertex   -2.245485e+00 4.800000e+00 1.530600e+00
      vertex   -2.293871e+00 7.744155e+00 1.544155e+00
      vertex   -2.401695e+00 4.800000e+00 1.584227e+00
    endloop
  endfacet
  facet normal 3.411030e-01 3.020511e-04 9.400259e-01
    outer loop
      vertex   -2.401695e+00 4.800000e+00 1.584227e+00
      vertex   -2.293871e+00 7.744155e+00 1.544155e+00
      vertex   -2.387298e+00 7.778046e+00 1.578046e+00
    endloop
  endfacet
  facet normal 4.325478e-01 -2.197635e-04 9.016110e-01
    outer loop
      vertex   -2.401695e+00 4.800000e+00 1.584227e+00
      vertex   -2.387298e+00 7.778046e+00 1.578046e+00
      vertex   -2.476900e+00 7.821042e+00 1.621042e+00
    endloop
  endfacet
  facet normal 4.759471e-01 1.130377e-03 8.794732e-01
    outer loop
      vertex   -2.401695e+00 4.800000e+00 1.584227e+00
      vertex   -2.476900e+00 7.821042e+00 1.621042e+00
      vertex   -2.546948e+00 4.800000e+00 1.662834e+00
    endloop
  endfacet
  facet normal 5.198823e-01 -2.374300e-04 8.542378e-01
    outer loop
      vertex   -2.546948e+00 4.800000e+00 1.662834e+00
      vertex   -2.476900e+00 7.821042e+00 1.621042e+00
      vertex   -2.561791e+00 7.872721e+00 1.672721e+00
    endloop
  endfacet
  facet normal 6.023701e-01 3.412903e-04 7.982169e-01
    outer loop
      vertex   -2.546948e+00 4.800000e+00 1.662834e+00
      vertex   -2.561791e+00 7.872721e+00 1.672721e+00
      vertex   -2.641133e+00 7.932570e+00 1.732570e+00
    endloop
  endfacet
  facet normal 6.142125e-01 8.994109e-04 7.891402e-01
    outer loop
      vertex   -2.546948e+00 4.800000e+00 1.662834e+00
      vertex   -2.641133e+00 7.932570e+00 1.732570e+00
      vertex   -2.677282e+00 4.800000e+00 1.764276e+00
    endloop
  endfacet
  facet normal 6.782818e-01 -3.898947e-04 7.348018e-01
    outer loop
      vertex   -2.677282e+00 4.800000e+00 1.764276e+00
      vertex   -2.641133e+00 7.932570e+00 1.732570e+00
      vertex   -2.714143e+00 8.000000e+00 1.800000e+00
    endloop
  endfacet
  facet normal 7.357236e-01 9.139284e-04 6.772813e-01
    outer loop
      vertex   -2.677282e+00 4.800000e+00 1.764276e+00
      vertex   -2.714143e+00 8.000000e+00 1.800000e+00
      vertex   -2.789141e+00 4.800000e+00 1.885787e+00
    endloop
  endfacet
  facet normal 7.662203e-01 -7.311718e-04 6.425776e-01
    outer loop
      vertex   -2.789141e+00 4.800000e+00 1.885787e+00
      vertex   -2.714143e+00 8.000000e+00 1.800000e+00
      vertex   -2.813694e+00 8.000000e+00 1.918706e+00
    endloop
  endfacet
  facet normal 8.371662e-01 7.969384e-04 5.469480e-01
    outer loop
      vertex   -2.789141e+00 4.800000e+00 1.885787e+00
      vertex   -2.813694e+00 8.000000e+00 1.918706e+00
      vertex   -2.879474e+00 4.800000e+00 2.024053e+00
    endloop
  endfacet
  facet normal 8.562768e-01 -5.977223e-04 5.165168e-01
    outer loop
      vertex   -2.879474e+00 4.800000e+00 2.024053e+00
      vertex   -2.813694e+00 8.000000e+00 1.918706e+00
      vertex   -2.893715e+00 8.000000e+00 2.051364e+00
    endloop
  endfacet
  facet normal 9.987012e-01 -4.649778e-20 5.094937e-02
    outer loop
      vertex   -2.994852e+00 3.886840e+00 2.399092e+00
      vertex   -3.000000e+00 3.754006e+00 2.500000e+00
      vertex   -3.000000e+00 -3.754006e+00 2.500000e+00
    endloop
  endfacet
  facet normal 8.842932e-01 6.461929e-04 4.669316e-01
    outer loop
      vertex   -2.896950e+00 -4.835177e+00 2.057199e+00
      vertex   -2.893029e+00 -5.000000e+00 2.050000e+00
      vertex   -2.879474e+00 -4.800000e+00 2.024053e+00
    endloop
  endfacet
  facet normal 8.966610e-01 1.121843e-04 4.427178e-01
    outer loop
      vertex   -2.896950e+00 -5.164823e+00 2.057199e+00
      vertex   -2.907602e+00 -5.331458e+00 2.078815e+00
      vertex   -2.893715e+00 -8.000000e+00 2.051364e+00
    endloop
  endfacet
  facet normal 9.156922e-01 6.313282e-04 4.018799e-01
    outer loop
      vertex   -2.893715e+00 -8.000000e+00 2.051364e+00
      vertex   -2.907602e+00 -5.331458e+00 2.078815e+00
      vertex   -2.923316e+00 -5.497567e+00 2.114880e+00
    endloop
  endfacet
  facet normal 9.257807e-01 1.355286e-03 3.780586e-01
    outer loop
      vertex   -2.893715e+00 -8.000000e+00 2.051364e+00
      vertex   -2.923316e+00 -5.497567e+00 2.114880e+00
      vertex   -2.952285e+00 -8.000000e+00 2.194790e+00
    endloop
  endfacet
  facet normal 9.348477e-01 5.155375e-04 3.550485e-01
    outer loop
      vertex   -2.952285e+00 -8.000000e+00 2.194790e+00
      vertex   -2.923316e+00 -5.497567e+00 2.114880e+00
      vertex   -2.942421e+00 -5.660809e+00 2.165421e+00
    endloop
  endfacet
  facet normal 9.537182e-01 -2.463600e-04 3.007017e-01
    outer loop
      vertex   -2.952285e+00 -8.000000e+00 2.194790e+00
      vertex   -2.942421e+00 -5.660809e+00 2.165421e+00
      vertex   -2.962940e+00 -5.818940e+00 2.230369e+00
    endloop
  endfacet
  facet normal 9.727477e-01 9.695357e-04 2.318643e-01
    outer loop
      vertex   -2.962940e+00 -5.818940e+00 2.230369e+00
      vertex   -2.981469e+00 -5.970264e+00 2.308737e+00
      vertex   -2.952285e+00 -8.000000e+00 2.194790e+00
    endloop
  endfacet
  facet normal 9.730654e-01 1.049184e-03 2.305269e-01
    outer loop
      vertex   -2.952285e+00 -8.000000e+00 2.194790e+00
      vertex   -2.981469e+00 -5.970264e+00 2.308737e+00
      vertex   -2.987999e+00 -8.000000e+00 2.345541e+00
    endloop
  endfacet
  facet normal 9.893308e-01 -5.415349e-04 1.456856e-01
    outer loop
      vertex   -2.987999e+00 -8.000000e+00 2.345541e+00
      vertex   -2.981469e+00 -5.970264e+00 2.308737e+00
      vertex   -2.994852e+00 -6.113160e+00 2.399092e+00
    endloop
  endfacet
  facet normal 9.969943e-01 1.422553e-03 7.746199e-02
    outer loop
      vertex   -2.987999e+00 -8.000000e+00 2.345541e+00
      vertex   -2.994852e+00 -6.113160e+00 2.399092e+00
      vertex   -3.000000e+00 -8.000000e+00 2.500000e+00
    endloop
  endfacet
  facet normal 9.987012e-01 -0.000000e+00 5.094937e-02
    outer loop
      vertex   -3.000000e+00 -8.000000e+00 2.500000e+00
      vertex   -2.994852e+00 -6.113160e+00 2.399092e+00
      vertex   -3.000000e+00 -6.245994e+00 2.500000e+00
    endloop
  endfacet
  facet normal 7.357239e-01 0.000000e+00 6.772816e-01
    outer loop
      vertex   -2.789141e+00 4.800000e+00 1.885787e+00
      vertex   -2.789141e+00 1.600000e+00 1.885787e+00
      vertex   -2.677282e+00 4.800000e+00 1.764276e+00
    endloop
  endfacet
  facet normal 7.357239e-01 0.000000e+00 6.772816e-01
    outer loop
      vertex   -2.677282e+00 4.800000e+00 1.764276e+00
      vertex   -2.789141e+00 1.600000e+00 1.885787e+00
      vertex   -2.677282e+00 1.600000e+00 1.764276e+00
    endloop
  endfacet
  facet normal 6.142127e-01 0.000000e+00 7.891405e-01
    outer loop
      vertex   -2.677282e+00 4.800000e+00 1.764276e+00
      vertex   -2.677282e+00 1.600000e+00 1.764276e+00
      vertex   -2.546948e+00 4.800000e+00 1.662834e+00
    endloop
  endfacet
  facet normal 6.142127e-01 0.000000e+00 7.891405e-01
    outer loop
      vertex   -2.546948e+00 4.800000e+00 1.662834e+00
      vertex   -2.677282e+00 1.600000e+00 1.764276e+00
      vertex   -2.546948e+00 1.600000e+00 1.662834e+00
    endloop
  endfacet
  facet normal 4.759474e-01 0.000000e+00 8.794738e-01
    outer loop
      vertex   -2.546948e+00 4.800000e+00 1.662834e+00
      vertex   -2.546948e+00 1.600000e+00 1.662834e+00
      vertex   -2.401695e+00 4.800000e+00 1.584227e+00
    endloop
  endfacet
  facet normal 4.759474e-01 0.000000e+00 8.794738e-01
    outer loop
      vertex   -2.401695e+00 4.800000e+00 1.584227e+00
      vertex   -2.546948e+00 1.600000e+00 1.662834e+00
      vertex   -2.401695e+00 1.600000e+00 1.584227e+00
    endloop
  endfacet
  facet normal 3.246995e-01 0.000000e+00 9.458172e-01
    outer loop
      vertex   -2.401695e+00 4.800000e+00 1.584227e+00
      vertex   -2.401695e+00 1.600000e+00 1.584227e+00
      vertex   -2.245485e+00 4.800000e+00 1.530600e+00
    endloop
  endfacet
  facet normal 3.246995e-01 0.000000e+00 9.458172e-01
    outer loop
      vertex   -2.245485e+00 4.800000e+00 1.530600e+00
      vertex   -2.401695e+00 1.600000e+00 1.584227e+00
      vertex   -2.245485e+00 1.600000e+00 1.530600e+00
    endloop
  endfacet
  facet normal 1.645946e-01 0.000000e+00 9.863613e-01
    outer loop
      vertex   -2.245485e+00 4.800000e+00 1.530600e+00
      vertex   -2.245485e+00 1.600000e+00 1.530600e+00
      vertex   -2.082579e+00 4.800000e+00 1.503416e+00
    endloop
  endfacet
  facet normal 1.645946e-01 0.000000e+00 9.863613e-01
    outer loop
      vertex   -2.082579e+00 4.800000e+00 1.503416e+00
      vertex   -2.245485e+00 1.600000e+00 1.530600e+00
      vertex   -2.082579e+00 1.600000e+00 1.503416e+00
    endloop
  endfacet
  facet normal -0.000000e+00 0.000000e+00 1.000000e+00
    outer loop
      vertex   -2.082579e+00 4.800000e+00 1.503416e+00
      vertex   -2.082579e+00 1.600000e+00 1.503416e+00
      vertex   -1.917421e+00 4.800000e+00 1.503416e+00
    endloop
  endfacet
  facet normal 0.000000e+00 0.000000e+00 1.000000e+00
    outer loop
      vertex   -1.917421e+00 4.800000e+00 1.503416e+00
      vertex   -2.082579e+00 1.600000e+00 1.503416e+00
      vertex   -1.917421e+00 1.600000e+00 1.503416e+00
    endloop
  endfacet
  facet normal -1.645946e-01 0.000000e+00 9.863613e-01
    outer loop
      vertex   -1.917421e+00 4.800000e+00 1.503416e+00
      vertex   -1.917421e+00 1.600000e+00 1.503416e+00
      vertex   -1.754515e+00 4.800000e+00 1.530600e+00
    endloop
  endfacet
  facet normal -1.645946e-01 0.000000e+00 9.863613e-01
    outer loop
      vertex   -1.754515e+00 4.800000e+00 1.530600e+00
      vertex   -1.917421e+00 1.600000e+00 1.503416e+00
      vertex   -1.754515e+00 1.600000e+00 1.530600e+00
    endloop
  endfacet
  facet normal -3.246995e-01 0.000000e+00 9.458172e-01
    outer loop
      vertex   -1.754515e+00 4.800000e+00 1.530600e+00
      vertex   -1.754515e+00 1.600000e+00 1.530600e+00
      vertex   -1.598305e+00 4.800000e+00 1.584227e+00
    endloop
  endfacet
  facet normal -3.246995e-01 0.000000e+00 9.458172e-01
    outer loop
      vertex   -1.598305e+00 4.800000e+00 1.584227e+00
      vertex   -1.754515e+00 1.600000e+00 1.530600e+00
      vertex   -1.598305e+00 1.600000e+00 1.584227e+00
    endloop
  endfacet
  facet normal -4.759474e-01 0.000000e+00 8.794738e-01
    outer loop
      vertex   -1.598305e+00 4.800000e+00 1.584227e+00
      vertex   -1.598305e+00 1.600000e+00 1.584227e+00
      vertex   -1.453052e+00 4.800000e+00 1.662834e+00
    endloop
  endfacet
  facet normal 7.357239e-01 0.000000e+00 6.772816e-01
    outer loop
      vertex   -2.789141e+00 1.600000e+00 1.885787e+00
      vertex   -2.789141e+00 -1.600000e+00 1.885787e+00
      vertex   -2.677282e+00 1.600000e+00 1.764276e+00
    endloop
  endfacet
  facet normal 7.357239e-01 0.000000e+00 6.772816e-01
    outer loop
      vertex   -2.677282e+00 1.600000e+00 1.764276e+00
      vertex   -2.789141e+00 -1.600000e+00 1.885787e+00
      vertex   -2.677282e+00 -1.600000e+00 1.764276e+00
    endloop
  endfacet
  facet normal 6.142127e-01 0.000000e+00 7.891405e-01
    outer loop
      vertex   -2.677282e+00 1.600000e+00 1.764276e+00
      vertex   -2.677282e+00 -1.600000e+00 1.764276e+00
      vertex   -2.546948e+00 1.600000e+00 1.662834e+00
    endloop
  endfacet
  facet normal 6.142127e-01 0.000000e+00 7.891405e-01
    outer loop
      vertex   -2.546948e+00 1.600000e+00 1.662834e+00
      vertex   -2.677282e+00 -1.600000e+00 1.764276e+00
      vertex   -2.546948e+00 -1.600000e+00 1.662834e+00
    endloop
  endfacet
  facet normal 4.759474e-01 0.000000e+00 8.794738e-01
    outer loop
      vertex   -2.546948e+00 1.600000e+00 1.662834e+00
      vertex   -2.546948e+00 -1.600000e+00 1.662834e+00
      vertex   -2.401695e+00 1.600000e+00 1.584227e+00
    endloop
  endfacet
  facet normal 4.759474e-01 0.000000e+00 8.794738e-01
    outer loop
      vertex   -2.401695e+00 1.600000e+00 1.584227e+00
      vertex   -2.546948e+00 -1.600000e+00 1.662834e+00
      vertex   -2.401695e+00 -1.600000e+00 1.584227e+00
    endloop
  endfacet
  facet normal 3.246995e-01 0.000000e+00 9.458172e-01
    outer loop
      vertex   -2.401695e+00 1.600000e+00 1.584227e+00
      vertex   -2.401695e+00 -1.600000e+00 1.584227e+00
      vertex   -2.245485e+00 1.600000e+00 1.530600e+00
    endloop
  endfacet
  facet normal 3.246995e-01 0.000000e+00 9.458172e-01
    outer loop
      vertex   -2.245485e+00 1.600000e+00 1.530600e+00
      vertex   -2.401695e+00 -1.600000e+00 1.584227e+00
      vertex   -2.245485e+00 -1.600000e+00 1.530600e+00
    endloop
  endfacet
  facet normal 1.645946e-01 0.000000e+00 9.863613e-01
    outer loop
      vertex   -2.245485e+00 1.600000e+00 1.530600e+00
      vertex   -2.245485e+00 -1.600000e+00 1.530600e+00
      vertex   -2.082579e+00 1.600000e+00 1.503416e+00
    endloop
  endfacet
  facet normal 1.645946e-01 0.000000e+00 9.863613e-01
    outer loop
      vertex   -2.082579e+00 1.600000e+00 1.503416e+00
      vertex   -2.245485e+00 -1.600000e+00 1.530600e+00
      vertex   -2.082579e+00 -1.600000e+00 1.503416e+00
    endloop
  endfacet
  facet normal -0.000000e+00 0.000000e+00 1.000000e+00
    outer loop
      vertex   -2.082579e+00 1.600000e+00 1.503416e+00
      vertex   -2.082579e+00 -1.600000e+00 1.503416e+00
      vertex   -1.917421e+00 1.600000e+00 1.503416e+00
    endloop
  endfacet
  facet normal 0.000000e+00 0.000000e+00 1.000000e+00
    outer loop
      vertex   -1.917421e+00 1.600000e+00 1.503416e+00
      vertex   -2.082579e+00 -1.600000e+00 1.503416e+00
      vertex   -1.917421e+00 -1.600000e+00 1.503416e+00
    endloop
  endfacet
  facet normal -1.645946e-01 0.000000e+00 9.863613e-01
    outer loop
      vertex   -1.917421e+00 1.600000e+00 1.503416e+00
      vertex   -1.917421e+00 -1.600000e+00 1.503416e+00
      vertex   -1.754515e+00 1.600000e+00 1.530600e+00
    endloop
  endfacet
  facet normal -1.645946e-01 0.000000e+00 9.863613e-01
    outer loop
      vertex   -1.754515e+00 1.600000e+00 1.530600e+00
      vertex   -1.917421e+00 -1.600000e+00 1.503416e+00
      vertex   -1.754515e+00 -1.600000e+00 1.530600e+00
    endloop
  endfacet
  facet normal -3.246995e-01 0.000000e+00 9.458172e-01
    outer loop
      vertex   -1.754515e+00 1.600000e+00 1.530600e+00
      vertex   -1.754515e+00 -1.600000e+00 1.530600e+00
      vertex   -1.598305e+00 1.600000e+00 1.584227e+00
    endloop
  endfacet
  facet normal 8.371665e-01 0.000000e+00 5.469482e-01
    outer loop
      vertex   -2.879474e+00 4.800000e+00 2.024053e+00
      vertex   -2.879474e+00 1.600000e+00 2.024053e+00
      vertex   -2.789141e+00 4.800000e+00 1.885787e+00
    endloop
  endfacet
  facet normal 8.371665e-01 0.000000e+00 5.469482e-01
    outer loop
      vertex   -2.789141e+00 4.800000e+00 1.885787e+00
      vertex   -2.879474e+00 1.600000e+00 2.024053e+00
      vertex   -2.789141e+00 1.600000e+00 1.885787e+00
    endloop
  endfacet
  facet normal 8.371665e-01 -0.000000e+00 5.469482e-01
    outer loop
      vertex   -2.789141e+00 -1.600000e+00 1.885787e+00
      vertex   -2.789141e+00 1.600000e+00 1.885787e+00
      vertex   -2.879474e+00 -1.600000e+00 2.024053e+00
    endloop
  endfacet
  facet normal 8.371665e-01 -0.000000e+00 5.469482e-01
    outer loop
      vertex   -2.879474e+00 -1.600000e+00 2.024053e+00
      vertex   -2.789141e+00 1.600000e+00 1.885787e+00
      vertex   -2.879474e+00 1.600000e+00 2.024053e+00
    endloop
  endfacet
  facet normal 9.157733e-01 -0.000000e+00 4.016954e-01
    outer loop
      vertex   -2.879474e+00 -1.600000e+00 2.024053e+00
      vertex   -2.879474e+00 1.600000e+00 2.024053e+00
      vertex   -2.945817e+00 -1.600000e+00 2.175301e+00
    endloop
  endfacet
  facet normal 9.157733e-01 -0.000000e+00 4.016954e-01
    outer loop
      vertex   -2.945817e+00 -1.600000e+00 2.175301e+00
      vertex   -2.879474e+00 1.600000e+00 2.024053e+00
      vertex   -2.945817e+00 1.600000e+00 2.175301e+00
    endloop
  endfacet
  facet normal 9.694003e-01 -0.000000e+00 2.454855e-01
    outer loop
      vertex   -2.945817e+00 -1.600000e+00 2.175301e+00
      vertex   -2.945817e+00 1.600000e+00 2.175301e+00
      vertex   -2.986361e+00 -1.600000e+00 2.335405e+00
    endloop
  endfacet
  facet normal 9.694003e-01 -0.000000e+00 2.454855e-01
    outer loop
      vertex   -2.986361e+00 -1.600000e+00 2.335405e+00
      vertex   -2.945817e+00 1.600000e+00 2.175301e+00
      vertex   -2.986361e+00 1.600000e+00 2.335405e+00
    endloop
  endfacet
  facet normal -7.357239e-01 0.000000e+00 6.772816e-01
    outer loop
      vertex   -1.210859e+00 1.600000e+00 1.885787e+00
      vertex   -1.322718e+00 -1.600000e+00 1.764276e+00
      vertex   -1.210859e+00 -1.600000e+00 1.885787e+00
    endloop
  endfacet
  facet normal -8.371665e-01 0.000000e+00 5.469482e-01
    outer loop
      vertex   -1.210859e+00 1.600000e+00 1.885787e+00
      vertex   -1.210859e+00 -1.600000e+00 1.885787e+00
      vertex   -1.120526e+00 1.600000e+00 2.024053e+00
    endloop
  endfacet
  facet normal -8.371665e-01 0.000000e+00 5.469482e-01
    outer loop
      vertex   -1.120526e+00 1.600000e+00 2.024053e+00
      vertex   -1.210859e+00 -1.600000e+00 1.885787e+00
      vertex   -1.120526e+00 -1.600000e+00 2.024053e+00
    endloop
  endfacet
  facet normal -9.157733e-01 0.000000e+00 4.016954e-01
    outer loop
      vertex   -1.120526e+00 1.600000e+00 2.024053e+00
      vertex   -1.120526e+00 -1.600000e+00 2.024053e+00
      vertex   -1.054183e+00 1.600000e+00 2.175301e+00
    endloop
  endfacet
  facet normal -8.371665e-01 0.000000e+00 5.469482e-01
    outer loop
      vertex   -1.120526e+00 1.600000e+00 2.024053e+00
      vertex   -1.120526e+00 4.800000e+00 2.024053e+00
      vertex   -1.210859e+00 1.600000e+00 1.885787e+00
    endloop
  endfacet
  facet normal -9.694003e-01 0.000000e+00 2.454855e-01
    outer loop
      vertex   -1.013639e+00 -1.600000e+00 2.335405e+00
      vertex   -1.013639e+00 1.600000e+00 2.335405e+00
      vertex   -1.054183e+00 -1.600000e+00 2.175301e+00
    endloop
  endfacet
  facet normal -1.000000e+00 0.000000e+00 0.000000e+00
    outer loop
      vertex   -1.000000e+00 8.000000e+00 2.500000e+00
      vertex   -1.000000e+00 6.742588e+00 3.124850e+00
      vertex   -1.000000e+00 8.000000e+00 3.500000e+00
    endloop
  endfacet
  facet normal -1.000000e+00 0.000000e+00 0.000000e+00
    outer loop
      vertex   -1.000000e+00 8.000000e+00 3.500000e+00
      vertex   -1.000000e+00 6.742588e+00 3.124850e+00
      vertex   -1.000000e+00 6.823372e+00 3.308758e+00
    endloop
  endfacet
  facet normal -1.000000e+00 -0.000000e+00 0.000000e+00
    outer loop
      vertex   -1.000000e+00 8.000000e+00 3.500000e+00
      vertex   -1.000000e+00 6.823372e+00 3.308758e+00
      vertex   -1.000000e+00 6.884808e+00 3.500000e+00
    endloop
  endfacet
  facet normal -1.000000e+00 0.000000e+00 0.000000e+00
    outer loop
      vertex   -1.000000e+00 6.245994e+00 2.500000e+00
      vertex   -1.000000e+00 6.393692e+00 2.636137e+00
      vertex   -1.000000e+00 8.000000e+00 2.500000e+00
    endloop
  endfacet
  facet normal -1.000000e+00 0.000000e+00 0.000000e+00
    outer loop
      vertex   -1.000000e+00 8.000000e+00 2.500000e+00
      vertex   -1.000000e+00 6.393692e+00 2.636137e+00
      vertex   -1.000000e+00 6.526602e+00 2.786746e+00
    endloop
  endfacet
  facet normal -1.000000e+00 0.000000e+00 0.000000e+00
    outer loop
      vertex   -1.000000e+00 8.000000e+00 2.500000e+00
      vertex   -1.000000e+00 6.526602e+00 2.786746e+00
      vertex   -1.000000e+00 6.643313e+00 2.950228e+00
    endloop
  endfacet
  facet normal -1.000000e+00 0.000000e+00 0.000000e+00
    outer loop
      vertex   -1.000000e+00 6.643313e+00 2.950228e+00
      vertex   -1.000000e+00 6.742588e+00 3.124850e+00
      vertex   -1.000000e+00 8.000000e+00 2.500000e+00
    endloop
  endfacet
  facet normal 0.000000e+00 -1.000000e+00 0.000000e+00
    outer loop
      vertex   -2.714143e+00 -8.000000e+00 1.800000e+00
      vertex   -2.813694e+00 -8.000000e+00 1.918706e+00
      vertex   -3.600000e+00 -8.000000e+00 1.800000e+00
    endloop
  endfacet
  facet normal 0.000000e+00 -1.000000e+00 0.000000e+00
    outer loop
      vertex   -3.600000e+00 -8.000000e+00 1.800000e+00
      vertex   -2.813694e+00 -8.000000e+00 1.918706e+00
      vertex   -2.893715e+00 -8.000000e+00 2.051364e+00
    endloop
  endfacet
  facet normal 0.000000e+00 -1.000000e+00 0.000000e+00
    outer loop
      vertex   -3.600000e+00 -8.000000e+00 1.800000e+00
      vertex   -2.893715e+00 -8.000000e+00 2.051364e+00
      vertex   -2.952285e+00 -8.000000e+00 2.194790e+00
    endloop
  endfacet
  facet normal -0.000000e+00 -1.000000e+00 0.000000e+00
    outer loop
      vertex   -2.952285e+00 -8.000000e+00 2.194790e+00
      vertex   -2.987999e+00 -8.000000e+00 2.345541e+00
      vertex   -3.600000e+00 -8.000000e+00 1.800000e+00
    endloop
  endfacet
  facet normal 0.000000e+00 -1.000000e+00 0.000000e+00
    outer loop
      vertex   -3.600000e+00 -8.000000e+00 1.800000e+00
      vertex   -2.987999e+00 -8.000000e+00 2.345541e+00
      vertex   -3.000000e+00 -8.000000e+00 2.500000e+00
    endloop
  endfacet
  facet normal 0.000000e+00 -1.000000e+00 0.000000e+00
    outer loop
      vertex   -3.600000e+00 -8.000000e+00 1.800000e+00
      vertex   -3.000000e+00 -8.000000e+00 2.500000e+00
      vertex   -4.000000e+00 -8.000000e+00 2.365685e+00
    endloop
  endfacet
  facet normal 0.000000e+00 -1.000000e+00 0.000000e+00
    outer loop
      vertex   -4.000000e+00 -8.000000e+00 2.365685e+00
      vertex   -3.000000e+00 -8.000000e+00 2.500000e+00
      vertex   -3.000000e+00 -8.000000e+00 3.500000e+00
    endloop
  endfacet
  facet normal 0.000000e+00 -1.000000e+00 0.000000e+00
    outer loop
      vertex   -4.000000e+00 -8.000000e+00 2.365685e+00
      vertex   -3.000000e+00 -8.000000e+00 3.500000e+00
      vertex   -2.987688e+00 -8.000000e+00 3.656434e+00
    endloop
  endfacet
  facet normal -0.000000e+00 -1.000000e+00 0.000000e+00
    outer loop
      vertex   -2.987688e+00 -8.000000e+00 3.656434e+00
      vertex   -2.951057e+00 -8.000000e+00 3.809017e+00
      vertex   -4.000000e+00 -8.000000e+00 2.365685e+00
    endloop
  endfacet
  facet normal 0.000000e+00 -1.000000e+00 0.000000e+00
    outer loop
      vertex   -4.000000e+00 -8.000000e+00 2.365685e+00
      vertex   -2.951057e+00 -8.000000e+00 3.809017e+00
      vertex   -2.951057e+00 -8.000000e+00 8.190983e+00
    endloop
  endfacet
  facet normal 0.000000e+00 -1.000000e+00 0.000000e+00
    outer loop
      vertex   -4.000000e+00 -8.000000e+00 2.365685e+00
      vertex   -2.951057e+00 -8.000000e+00 8.190983e+00
      vertex   -2.987688e+00 -8.000000e+00 8.343566e+00
    endloop
  endfacet
  facet normal 0.000000e+00 -1.000000e+00 -0.000000e+00
    outer loop
      vertex   -2.951057e+00 -8.000000e+00 8.190983e+00
      vertex   -2.951057e+00 -8.000000e+00 3.809017e+00
      vertex   -2.891007e+00 -8.000000e+00 8.046010e+00
    endloop
  endfacet
  facet normal 0.000000e+00 -1.000000e+00 0.000000e+00
    outer loop
      vertex   -2.891007e+00 -8.000000e+00 8.046010e+00
      vertex   -2.951057e+00 -8.000000e+00 3.809017e+00
      vertex   -2.891007e+00 -8.000000e+00 3.953990e+00
    endloop
  endfacet
  facet normal 0.000000e+00 -1.000000e+00 -0.000000e+00
    outer loop
      vertex   -2.891007e+00 -8.000000e+00 8.046010e+00
      vertex   -2.891007e+00 -8.000000e+00 3.953990e+00
      vertex   -2.809017e+00 -8.000000e+00 7.912215e+00
    endloop
  endfacet
  facet normal 0.000000e+00 -1.000000e+00 0.000000e+00
    outer loop
      vertex   -2.809017e+00 -8.000000e+00 7.912215e+00
      vertex   -2.891007e+00 -8.000000e+00 3.953990e+00
      vertex   -2.809017e+00 -8.000000e+00 4.087785e+00
    endloop
  endfacet
  facet normal 0.000000e+00 -1.000000e+00 -0.000000e+00
    outer loop
      vertex   -2.809017e+00 -8.000000e+00 7.912215e+00
      vertex   -2.809017e+00 -8.000000e+00 4.087785e+00
      vertex   -2.707107e+00 -8.000000e+00 7.792893e+00
    endloop
  endfacet
  facet normal 0.000000e+00 -1.000000e+00 0.000000e+00
    outer loop
      vertex   -2.707107e+00 -8.000000e+00 7.792893e+00
      vertex   -2.809017e+00 -8.000000e+00 4.087785e+00
      vertex   -2.707107e+00 -8.000000e+00 4.207107e+00
    endloop
  endfacet
  facet normal 0.000000e+00 -1.000000e+00 -0.000000e+00
    outer loop
      vertex   -2.707107e+00 -8.000000e+00 7.792893e+00
      vertex   -2.707107e+00 -8.000000e+00 4.207107e+00
      vertex   -2.587785e+00 -8.000000e+00 7.690983e+00
    endloop
  endfacet
  facet normal 0.000000e+00 -1.000000e+00 0.000000e+00
    outer loop
      vertex   -2.587785e+00 -8.000000e+00 7.690983e+00
      vertex   -2.707107e+00 -8.000000e+00 4.207107e+00
      vertex   -2.587785e+00 -8.000000e+00 4.309017e+00
    endloop
  endfacet
  facet normal 0.000000e+00 -1.000000e+00 -0.000000e+00
    outer loop
      vertex   -2.587785e+00 -8.000000e+00 7.690983e+00
      vertex   -2.587785e+00 -8.000000e+00 4.309017e+00
      vertex   -2.453990e+00 -8.000000e+00 7.608993e+00
    endloop
  endfacet
  facet normal 0.000000e+00 -1.000000e+00 0.000000e+00
    outer loop
      vertex   -2.453990e+00 -8.000000e+00 7.608993e+00
      vertex   -2.587785e+00 -8.000000e+00 4.309017e+00
      vertex   -2.453990e+00 -8.000000e+00 4.391007e+00
    endloop
  endfacet
  facet normal 0.000000e+00 -1.000000e+00 -0.000000e+00
    outer loop
      vertex   -2.453990e+00 -8.000000e+00 7.608993e+00
      vertex   -2.453990e+00 -8.000000e+00 4.391007e+00
      vertex   -2.309017e+00 -8.000000e+00 7.548943e+00
    endloop
  endfacet
  facet normal 0.000000e+00 -1.000000e+00 0.000000e+00
    outer loop
      vertex   -2.309017e+00 -8.000000e+00 7.548943e+00
      vertex   -2.453990e+00 -8.000000e+00 4.391007e+00
      vertex   -2.309017e+00 -8.000000e+00 4.451057e+00
    endloop
  endfacet
  facet normal 0.000000e+00 -1.000000e+00 -0.000000e+00
    outer loop
      vertex   -2.309017e+00 -8.000000e+00 7.548943e+00
      vertex   -2.309017e+00 -8.000000e+00 4.451057e+00
      vertex   -2.156434e+00 -8.000000e+00 7.512312e+00
    endloop
  endfacet
  facet normal 0.000000e+00 -1.000000e+00 0.000000e+00
    outer loop
      vertex   -2.156434e+00 -8.000000e+00 7.512312e+00
      vertex   -2.309017e+00 -8.000000e+00 4.451057e+00
      vertex   -2.156434e+00 -8.000000e+00 4.487688e+00
    endloop
  endfacet
  facet normal 0.000000e+00 -1.000000e+00 -0.000000e+00
    outer loop
      vertex   -2.156434e+00 -8.000000e+00 7.512312e+00
      vertex   -2.156434e+00 -8.000000e+00 4.487688e+00
      vertex   -2.000000e+00 -8.000000e+00 7.500000e+00
    endloop
  endfacet
  facet normal 0.000000e+00 -1.000000e+00 0.000000e+00
    outer loop
      vertex   -2.000000e+00 -8.000000e+00 7.500000e+00
      vertex   -2.156434e+00 -8.000000e+00 4.487688e+00
      vertex   -2.000000e+00 -8.000000e+00 4.500000e+00
    endloop
  endfacet
  facet normal 0.000000e+00 -1.000000e+00 -0.000000e+00
    outer loop
      vertex   -2.000000e+00 -8.000000e+00 7.500000e+00
      vertex   -2.000000e+00 -8.000000e+00 4.500000e+00
      vertex   -1.843566e+00 -8.000000e+00 7.512312e+00
    endloop
  endfacet
  facet normal 0.000000e+00 -1.000000e+00 0.000000e+00
    outer loop
      vertex   -1.843566e+00 -8.000000e+00 7.512312e+00
      vertex   -2.000000e+00 -8.000000e+00 4.500000e+00
      vertex   -1.843566e+00 -8.000000e+00 4.487688e+00
    endloop
  endfacet
  facet normal 0.000000e+00 -1.000000e+00 -0.000000e+00
    outer loop
      vertex   -1.843566e+00 -8.000000e+00 7.512312e+00
      vertex   -1.843566e+00 -8.000000e+00 4.487688e+00
      vertex   -1.690983e+00 -8.000000e+00 7.548943e+00
    endloop
  endfacet
  facet normal 0.000000e+00 -1.000000e+00 0.000000e+00
    outer loop
      vertex   -1.690983e+00 -8.000000e+00 7.548943e+00
      vertex   -1.843566e+00 -8.000000e+00 4.487688e+00
      vertex   -1.690983e+00 -8.000000e+00 4.451057e+00
    endloop
  endfacet
  facet normal 0.000000e+00 -1.000000e+00 -0.000000e+00
    outer loop
      vertex   -1.690983e+00 -8.000000e+00 7.548943e+00
      vertex   -1.690983e+00 -8.000000e+00 4.451057e+00
      vertex   -1.546010e+00 -8.000000e+00 7.608993e+00
    endloop
  endfacet
  facet normal 0.000000e+00 -1.000000e+00 0.000000e+00
    outer loop
      vertex   -1.546010e+00 -8.000000e+00 7.608993e+00
      vertex   -1.690983e+00 -8.000000e+00 4.451057e+00
      vertex   -1.546010e+00 -8.000000e+00 4.391007e+00
    endloop
  endfacet
  facet normal 0.000000e+00 -1.000000e+00 -0.000000e+00
    outer loop
      vertex   -1.546010e+00 -8.000000e+00 7.608993e+00
      vertex   -1.546010e+00 -8.000000e+00 4.391007e+00
      vertex   -1.412215e+00 -8.000000e+00 7.690983e+00
    endloop
  endfacet
  facet normal 0.000000e+00 -1.000000e+00 0.000000e+00
    outer loop
      vertex   -1.412215e+00 -8.000000e+00 7.690983e+00
      vertex   -1.546010e+00 -8.000000e+00 4.391007e+00
      vertex   -1.412215e+00 -8.000000e+00 4.309017e+00
    endloop
  endfacet
  facet normal 0.000000e+00 -1.000000e+00 -0.000000e+00
    outer loop
      vertex   -1.412215e+00 -8.000000e+00 7.690983e+00
      vertex   -1.412215e+00 -8.000000e+00 4.309017e+00
      vertex   -1.292893e+00 -8.000000e+00 7.792893e+00
    endloop
  endfacet
  facet normal 0.000000e+00 -1.000000e+00 0.000000e+00
    outer loop
      vertex   -1.292893e+00 -8.000000e+00 7.792893e+00
      vertex   -1.412215e+00 -8.000000e+00 4.309017e+00
      vertex   -1.292893e+00 -8.000000e+00 4.207107e+00
    endloop
  endfacet
  facet normal 0.000000e+00 -1.000000e+00 -0.000000e+00
    outer loop
      vertex   -1.292893e+00 -8.000000e+00 7.792893e+00
      vertex   -1.292893e+00 -8.000000e+00 4.207107e+00
      vertex   6.938894e-17 -8.000000e+00 7.662027e+00
    endloop
  endfacet
  facet normal 0.000000e+00 -1.000000e+00 0.000000e+00
    outer loop
      vertex   6.938894e-17 -8.000000e+00 7.662027e+00
      vertex   -1.292893e+00 -8.000000e+00 4.207107e+00
      vertex   -1.190983e+00 -8.000000e+00 4.087785e+00
    endloop
  endfacet
  facet normal 0.000000e+00 -1.000000e+00 0.000000e+00
    outer loop
      vertex   6.938894e-17 -8.000000e+00 7.662027e+00
      vertex   -1.190983e+00 -8.000000e+00 4.087785e+00
      vertex   -1.108993e+00 -8.000000e+00 3.953990e+00
    endloop
  endfacet
  facet normal 0.000000e+00 -1.000000e+00 0.000000e+00
    outer loop
      vertex   -1.108993e+00 -8.000000e+00 3.953990e+00
      vertex   -1.048943e+00 -8.000000e+00 3.809017e+00
      vertex   6.938894e-17 -8.000000e+00 7.662027e+00
    endloop
  endfacet
  facet normal 0.000000e+00 -1.000000e+00 0.000000e+00
    outer loop
      vertex   6.938894e-17 -8.000000e+00 7.662027e+00
      vertex   -1.048943e+00 -8.000000e+00 3.809017e+00
      vertex   -1.012312e+00 -8.000000e+00 3.656434e+00
    endloop
  endfacet
  facet normal 0.000000e+00 -1.000000e+00 0.000000e+00
    outer loop
      vertex   6.938894e-17 -8.000000e+00 7.662027e+00
      vertex   -1.012312e+00 -8.000000e+00 3.656434e+00
      vertex   0.000000e+00 -8.000000e+00 1.800000e+00
    endloop
  endfacet
  facet normal 0.000000e+00 -1.000000e+00 0.000000e+00
    outer loop
      vertex   0.000000e+00 -8.000000e+00 1.800000e+00
      vertex   -1.012312e+00 -8.000000e+00 3.656434e+00
      vertex   -1.000000e+00 -8.000000e+00 3.500000e+00
    endloop
  endfacet
  facet normal 0.000000e+00 -1.000000e+00 0.000000e+00
    outer loop
      vertex   0.000000e+00 -8.000000e+00 1.800000e+00
      vertex   -1.000000e+00 -8.000000e+00 3.500000e+00
      vertex   -1.000000e+00 -8.000000e+00 2.500000e+00
    endloop
  endfacet
  facet normal 0.000000e+00 -1.000000e+00 -0.000000e+00
    outer loop
      vertex   -1.000000e+00 -8.000000e+00 2.500000e+00
      vertex   -1.012001e+00 -8.000000e+00 2.345541e+00
      vertex   0.000000e+00 -8.000000e+00 1.800000e+00
    endloop
  endfacet
  facet normal 0.000000e+00 -1.000000e+00 0.000000e+00
    outer loop
      vertex   0.000000e+00 -8.000000e+00 1.800000e+00
      vertex   -1.012001e+00 -8.000000e+00 2.345541e+00
      vertex   -1.047715e+00 -8.000000e+00 2.194790e+00
    endloop
  endfacet
  facet normal 0.000000e+00 -1.000000e+00 0.000000e+00
    outer loop
      vertex   0.000000e+00 -8.000000e+00 1.800000e+00
      vertex   -1.047715e+00 -8.000000e+00 2.194790e+00
      vertex   -1.106285e+00 -8.000000e+00 2.051364e+00
    endloop
  endfacet
  facet normal 0.000000e+00 -1.000000e+00 -0.000000e+00
    outer loop
      vertex   -1.106285e+00 -8.000000e+00 2.051364e+00
      vertex   -1.186306e+00 -8.000000e+00 1.918706e+00
      vertex   0.000000e+00 -8.000000e+00 1.800000e+00
    endloop
  endfacet
  facet normal 0.000000e+00 -1.000000e+00 0.000000e+00
    outer loop
      vertex   0.000000e+00 -8.000000e+00 1.800000e+00
      vertex   -1.186306e+00 -8.000000e+00 1.918706e+00
      vertex   -1.285857e+00 -8.000000e+00 1.800000e+00
    endloop
  endfacet
  facet normal -0.000000e+00 -1.000000e+00 0.000000e+00
    outer loop
      vertex   1.400000e+00 -8.000000e+00 8.314857e+00
      vertex   1.400000e+00 -8.000000e+00 1.200000e+01
      vertex   6.938894e-17 -8.000000e+00 7.662027e+00
    endloop
  endfacet
  facet normal 0.000000e+00 -1.000000e+00 0.000000e+00
    outer loop
      vertex   6.938894e-17 -8.000000e+00 7.662027e+00
      vertex   1.400000e+00 -8.000000e+00 1.200000e+01
      vertex   -1.012312e+00 -8.000000e+00 9.656434e+00
    endloop
  endfacet
  facet normal 0.000000e+00 -1.000000e+00 0.000000e+00
    outer loop
      vertex   6.938894e-17 -8.000000e+00 7.662027e+00
      vertex   -1.012312e+00 -8.000000e+00 9.656434e+00
      vertex   -1.000000e+00 -8.000000e+00 9.500000e+00
    endloop
  endfacet
  facet normal 0.000000e+00 -1.000000e+00 0.000000e+00
    outer loop
      vertex   -4.000000e+00 -8.000000e+00 1.200000e+01
      vertex   -1.843566e+00 -8.000000e+00 1.048769e+01
      vertex   1.400000e+00 -8.000000e+00 1.200000e+01
    endloop
  endfacet
  facet normal 0.000000e+00 -1.000000e+00 0.000000e+00
    outer loop
      vertex   1.400000e+00 -8.000000e+00 1.200000e+01
      vertex   -1.843566e+00 -8.000000e+00 1.048769e+01
      vertex   -1.690983e+00 -8.000000e+00 1.045106e+01
    endloop
  endfacet
  facet normal 0.000000e+00 -1.000000e+00 0.000000e+00
    outer loop
      vertex   1.400000e+00 -8.000000e+00 1.200000e+01
      vertex   -1.690983e+00 -8.000000e+00 1.045106e+01
      vertex   -1.546010e+00 -8.000000e+00 1.039101e+01
    endloop
  endfacet
  facet normal 0.000000e+00 -1.000000e+00 0.000000e+00
    outer loop
      vertex   -4.000000e+00 -8.000000e+00 2.365685e+00
      vertex   -2.987688e+00 -8.000000e+00 8.343566e+00
      vertex   -4.000000e+00 -8.000000e+00 1.200000e+01
    endloop
  endfacet
  facet normal 0.000000e+00 -1.000000e+00 0.000000e+00
    outer loop
      vertex   -4.000000e+00 -8.000000e+00 1.200000e+01
      vertex   -2.987688e+00 -8.000000e+00 8.343566e+00
      vertex   -3.000000e+00 -8.000000e+00 8.500000e+00
    endloop
  endfacet
  facet normal 0.000000e+00 -1.000000e+00 0.000000e+00
    outer loop
      vertex   -4.000000e+00 -8.000000e+00 1.200000e+01
      vertex   -3.000000e+00 -8.000000e+00 8.500000e+00
      vertex   -3.000000e+00 -8.000000e+00 9.500000e+00
    endloop
  endfacet
  facet normal 0.000000e+00 -1.000000e+00 0.000000e+00
    outer loop
      vertex   -3.000000e+00 -8.000000e+00 9.500000e+00
      vertex   -2.987688e+00 -8.000000e+00 9.656434e+00
      vertex   -4.000000e+00 -8.000000e+00 1.200000e+01
    endloop
  endfacet
  facet normal 0.000000e+00 -1.000000e+00 0.000000e+00
    outer loop
      vertex   -4.000000e+00 -8.000000e+00 1.200000e+01
      vertex   -2.987688e+00 -8.000000e+00 9.656434e+00
      vertex   -2.951057e+00 -8.000000e+00 9.809017e+00
    endloop
  endfacet
  facet normal 0.000000e+00 -1.000000e+00 0.000000e+00
    outer loop
      vertex   -4.000000e+00 -8.000000e+00 1.200000e+01
      vertex   -2.951057e+00 -8.000000e+00 9.809017e+00
      vertex   -2.891007e+00 -8.000000e+00 9.953990e+00
    endloop
  endfacet
  facet normal 0.000000e+00 -1.000000e+00 0.000000e+00
    outer loop
      vertex   -2.891007e+00 -8.000000e+00 9.953990e+00
      vertex   -2.809017e+00 -8.000000e+00 1.008779e+01
      vertex   -4.000000e+00 -8.000000e+00 1.200000e+01
    endloop
  endfacet
  facet normal 0.000000e+00 -1.000000e+00 0.000000e+00
    outer loop
      vertex   -4.000000e+00 -8.000000e+00 1.200000e+01
      vertex   -2.809017e+00 -8.000000e+00 1.008779e+01
      vertex   -2.707107e+00 -8.000000e+00 1.020711e+01
    endloop
  endfacet
  facet normal 0.000000e+00 -1.000000e+00 0.000000e+00
    outer loop
      vertex   -4.000000e+00 -8.000000e+00 1.200000e+01
      vertex   -2.707107e+00 -8.000000e+00 1.020711e+01
      vertex   -2.587785e+00 -8.000000e+00 1.030902e+01
    endloop
  endfacet
  facet normal 0.000000e+00 -1.000000e+00 0.000000e+00
    outer loop
      vertex   -2.587785e+00 -8.000000e+00 1.030902e+01
      vertex   -2.453990e+00 -8.000000e+00 1.039101e+01
      vertex   -4.000000e+00 -8.000000e+00 1.200000e+01
    endloop
  endfacet
  facet normal 0.000000e+00 -1.000000e+00 0.000000e+00
    outer loop
      vertex   -4.000000e+00 -8.000000e+00 1.200000e+01
      vertex   -2.453990e+00 -8.000000e+00 1.039101e+01
      vertex   -2.309017e+00 -8.000000e+00 1.045106e+01
    endloop
  endfacet
  facet normal 0.000000e+00 -1.000000e+00 0.000000e+00
    outer loop
      vertex   -4.000000e+00 -8.000000e+00 1.200000e+01
      vertex   -2.309017e+00 -8.000000e+00 1.045106e+01
      vertex   -2.156434e+00 -8.000000e+00 1.048769e+01
    endloop
  endfacet
  facet normal 0.000000e+00 -1.000000e+00 0.000000e+00
    outer loop
      vertex   -2.156434e+00 -8.000000e+00 1.048769e+01
      vertex   -2.000000e+00 -8.000000e+00 1.050000e+01
      vertex   -4.000000e+00 -8.000000e+00 1.200000e+01
    endloop
  endfacet
  facet normal 0.000000e+00 -1.000000e+00 0.000000e+00
    outer loop
      vertex   -4.000000e+00 -8.000000e+00 1.200000e+01
      vertex   -2.000000e+00 -8.000000e+00 1.050000e+01
      vertex   -1.843566e+00 -8.000000e+00 1.048769e+01
    endloop
  endfacet
  facet normal 0.000000e+00 -1.000000e+00 0.000000e+00
    outer loop
      vertex   -1.546010e+00 -8.000000e+00 1.039101e+01
      vertex   -1.412215e+00 -8.000000e+00 1.030902e+01
      vertex   1.400000e+00 -8.000000e+00 1.200000e+01
    endloop
  endfacet
  facet normal 0.000000e+00 -1.000000e+00 0.000000e+00
    outer loop
      vertex   1.400000e+00 -8.000000e+00 1.200000e+01
      vertex   -1.412215e+00 -8.000000e+00 1.030902e+01
      vertex   -1.292893e+00 -8.000000e+00 1.020711e+01
    endloop
  endfacet
  facet normal 0.000000e+00 -1.000000e+00 0.000000e+00
    outer loop
      vertex   1.400000e+00 -8.000000e+00 1.200000e+01
      vertex   -1.292893e+00 -8.000000e+00 1.020711e+01
      vertex   -1.190983e+00 -8.000000e+00 1.008779e+01
    endloop
  endfacet
  facet normal 0.000000e+00 -1.000000e+00 0.000000e+00
    outer loop
      vertex   -1.190983e+00 -8.000000e+00 1.008779e+01
      vertex   -1.108993e+00 -8.000000e+00 9.953990e+00
      vertex   1.400000e+00 -8.000000e+00 1.200000e+01
    endloop
  endfacet
  facet normal 0.000000e+00 -1.000000e+00 0.000000e+00
    outer loop
      vertex   1.400000e+00 -8.000000e+00 1.200000e+01
      vertex   -1.108993e+00 -8.000000e+00 9.953990e+00
      vertex   -1.048943e+00 -8.000000e+00 9.809017e+00
    endloop
  endfacet
  facet normal 0.000000e+00 -1.000000e+00 0.000000e+00
    outer loop
      vertex   1.400000e+00 -8.000000e+00 1.200000e+01
      vertex   -1.048943e+00 -8.000000e+00 9.809017e+00
      vertex   -1.012312e+00 -8.000000e+00 9.656434e+00
    endloop
  endfacet
  facet normal 0.000000e+00 -1.000000e+00 0.000000e+00
    outer loop
      vertex   -1.000000e+00 -8.000000e+00 9.500000e+00
      vertex   -1.000000e+00 -8.000000e+00 8.500000e+00
      vertex   6.938894e-17 -8.000000e+00 7.662027e+00
    endloop
  endfacet
  facet normal 0.000000e+00 -1.000000e+00 0.000000e+00
    outer loop
      vertex   6.938894e-17 -8.000000e+00 7.662027e+00
      vertex   -1.000000e+00 -8.000000e+00 8.500000e+00
      vertex   -1.012312e+00 -8.000000e+00 8.343566e+00
    endloop
  endfacet
  facet normal 0.000000e+00 -1.000000e+00 0.000000e+00
    outer loop
      vertex   6.938894e-17 -8.000000e+00 7.662027e+00
      vertex   -1.012312e+00 -8.000000e+00 8.343566e+00
      vertex   -1.048943e+00 -8.000000e+00 8.190983e+00
    endloop
  endfacet
  facet normal 0.000000e+00 -1.000000e+00 -0.000000e+00
    outer loop
      vertex   -1.048943e+00 -8.000000e+00 8.190983e+00
      vertex   -1.108993e+00 -8.000000e+00 8.046010e+00
      vertex   6.938894e-17 -8.000000e+00 7.662027e+00
    endloop
  endfacet
  facet normal 0.000000e+00 -1.000000e+00 0.000000e+00
    outer loop
      vertex   6.938894e-17 -8.000000e+00 7.662027e+00
      vertex   -1.108993e+00 -8.000000e+00 8.046010e+00
      vertex   -1.190983e+00 -8.000000e+00 7.912215e+00
    endloop
  endfacet
  facet normal 0.000000e+00 -1.000000e+00 0.000000e+00
    outer loop
      vertex   6.938894e-17 -8.000000e+00 7.662027e+00
      vertex   -1.190983e+00 -8.000000e+00 7.912215e+00
      vertex   -1.292893e+00 -8.000000e+00 7.792893e+00
    endloop
  endfacet
  facet normal 0.000000e+00 7.071068e-01 -7.071068e-01
    outer loop
      vertex   -2.714143e+00 8.000000e+00 1.800000e+00
      vertex   -2.641133e+00 7.932570e+00 1.732570e+00
      vertex   -3.600000e+00 8.000000e+00 1.800000e+00
    endloop
  endfacet
  facet normal -8.173442e-16 7.071068e-01 -7.071068e-01
    outer loop
      vertex   -3.600000e+00 8.000000e+00 1.800000e+00
      vertex   -2.641133e+00 7.932570e+00 1.732570e+00
      vertex   -2.561791e+00 7.872721e+00 1.672721e+00
    endloop
  endfacet
  facet normal 1.662411e-15 7.071068e-01 -7.071068e-01
    outer loop
      vertex   -3.600000e+00 8.000000e+00 1.800000e+00
      vertex   -2.561791e+00 7.872721e+00 1.672721e+00
      vertex   -2.476900e+00 7.821042e+00 1.621042e+00
    endloop
  endfacet
  facet normal 5.654060e-15 7.071068e-01 -7.071068e-01
    outer loop
      vertex   -2.476900e+00 7.821042e+00 1.621042e+00
      vertex   -2.387298e+00 7.778046e+00 1.578046e+00
      vertex   -3.600000e+00 8.000000e+00 1.800000e+00
    endloop
  endfacet
  facet normal -5.548059e-16 7.071068e-01 -7.071068e-01
    outer loop
      vertex   -3.600000e+00 8.000000e+00 1.800000e+00
      vertex   -2.387298e+00 7.778046e+00 1.578046e+00
      vertex   -3.600000e+00 6.624264e+00 4.242641e-01
    endloop
  endfacet
  facet normal 4.466971e-15 7.071068e-01 -7.071068e-01
    outer loop
      vertex   -3.600000e+00 6.624264e+00 4.242641e-01
      vertex   -2.387298e+00 7.778046e+00 1.578046e+00
      vertex   -2.293871e+00 7.744155e+00 1.544155e+00
    endloop
  endfacet
  facet normal 1.028499e-15 7.071068e-01 -7.071068e-01
    outer loop
      vertex   -3.600000e+00 6.624264e+00 4.242641e-01
      vertex   -2.293871e+00 7.744155e+00 1.544155e+00
      vertex   -2.197542e+00 7.719706e+00 1.519706e+00
    endloop
  endfacet
  facet normal -1.551166e-17 7.071068e-01 -7.071068e-01
    outer loop
      vertex   -2.197542e+00 7.719706e+00 1.519706e+00
      vertex   -2.099261e+00 7.704939e+00 1.504939e+00
      vertex   -3.600000e+00 6.624264e+00 4.242641e-01
    endloop
  endfacet
  facet normal -5.980540e-15 7.071068e-01 -7.071068e-01
    outer loop
      vertex   -3.600000e+00 6.624264e+00 4.242641e-01
      vertex   -2.099261e+00 7.704939e+00 1.504939e+00
      vertex   -2.000000e+00 7.700000e+00 1.500000e+00
    endloop
  endfacet
  facet normal -8.722736e-17 7.071068e-01 -7.071068e-01
    outer loop
      vertex   -3.600000e+00 6.624264e+00 4.242641e-01
      vertex   -2.000000e+00 7.700000e+00 1.500000e+00
      vertex   0.000000e+00 6.624264e+00 4.242641e-01
    endloop
  endfacet
  facet normal 5.532914e-15 7.071068e-01 -7.071068e-01
    outer loop
      vertex   0.000000e+00 6.624264e+00 4.242641e-01
      vertex   -2.000000e+00 7.700000e+00 1.500000e+00
      vertex   -1.900739e+00 7.704939e+00 1.504939e+00
    endloop
  endfacet
  facet normal -5.315976e-16 7.071068e-01 -7.071068e-01
    outer loop
      vertex   0.000000e+00 6.624264e+00 4.242641e-01
      vertex   -1.900739e+00 7.704939e+00 1.504939e+00
      vertex   -1.802458e+00 7.719706e+00 1.519706e+00
    endloop
  endfacet
  facet normal -1.180427e-15 7.071068e-01 -7.071068e-01
    outer loop
      vertex   -1.802458e+00 7.719706e+00 1.519706e+00
      vertex   -1.706129e+00 7.744155e+00 1.544155e+00
      vertex   0.000000e+00 6.624264e+00 4.242641e-01
    endloop
  endfacet
  facet normal 6.192461e-17 7.071068e-01 -7.071068e-01
    outer loop
      vertex   0.000000e+00 6.624264e+00 4.242641e-01
      vertex   -1.706129e+00 7.744155e+00 1.544155e+00
      vertex   -1.612702e+00 7.778046e+00 1.578046e+00
    endloop
  endfacet
  facet normal -3.217320e-16 7.071068e-01 -7.071068e-01
    outer loop
      vertex   0.000000e+00 6.624264e+00 4.242641e-01
      vertex   -1.612702e+00 7.778046e+00 1.578046e+00
      vertex   0.000000e+00 8.000000e+00 1.800000e+00
    endloop
  endfacet
  facet normal 1.093253e-16 7.071068e-01 -7.071068e-01
    outer loop
      vertex   0.000000e+00 8.000000e+00 1.800000e+00
      vertex   -1.612702e+00 7.778046e+00 1.578046e+00
      vertex   -1.523100e+00 7.821042e+00 1.621042e+00
    endloop
  endfacet
  facet normal -1.272199e-15 7.071068e-01 -7.071068e-01
    outer loop
      vertex   0.000000e+00 8.000000e+00 1.800000e+00
      vertex   -1.523100e+00 7.821042e+00 1.621042e+00
      vertex   -1.438209e+00 7.872721e+00 1.672721e+00
    endloop
  endfacet
  facet normal 4.302228e-16 7.071068e-01 -7.071068e-01
    outer loop
      vertex   -1.438209e+00 7.872721e+00 1.672721e+00
      vertex   -1.358867e+00 7.932570e+00 1.732570e+00
      vertex   0.000000e+00 8.000000e+00 1.800000e+00
    endloop
  endfacet
  facet normal -4.884189e-16 7.071068e-01 -7.071068e-01
    outer loop
      vertex   0.000000e+00 8.000000e+00 1.800000e+00
      vertex   -1.358867e+00 7.932570e+00 1.732570e+00
      vertex   -1.285857e+00 8.000000e+00 1.800000e+00
    endloop
  endfacet
  facet normal -0.000000e+00 7.071068e-01 7.071068e-01
    outer loop
      vertex   -4.000000e+00 7.000000e+00 1.300000e+01
      vertex   0.000000e+00 7.000000e+00 1.300000e+01
      vertex   -4.000000e+00 8.000000e+00 1.200000e+01
    endloop
  endfacet
  facet normal 9.448118e-17 7.071068e-01 7.071068e-01
    outer loop
      vertex   -4.000000e+00 8.000000e+00 1.200000e+01
      vertex   0.000000e+00 7.000000e+00 1.300000e+01
      vertex   1.636764e+00 7.763236e+00 1.223676e+01
    endloop
  endfacet
  facet normal -0.000000e+00 7.071068e-01 7.071068e-01
    outer loop
      vertex   -4.000000e+00 8.000000e+00 1.200000e+01
      vertex   1.636764e+00 7.763236e+00 1.223676e+01
      vertex   1.400000e+00 8.000000e+00 1.200000e+01
    endloop
  endfacet
  facet normal 4.226183e-01 0.000000e+00 9.063078e-01
    outer loop
      vertex   2.000000e+00 7.400000e+00 1.206738e+01
      vertex   1.636764e+00 7.763236e+00 1.223676e+01
      vertex   2.000000e+00 4.227940e+00 1.206738e+01
    endloop
  endfacet
  facet normal 4.226183e-01 -2.655032e-16 9.063078e-01
    outer loop
      vertex   2.000000e+00 4.227940e+00 1.206738e+01
      vertex   1.636764e+00 7.763236e+00 1.223676e+01
      vertex   0.000000e+00 7.000000e+00 1.300000e+01
    endloop
  endfacet
  facet normal 4.226183e-01 0.000000e+00 9.063078e-01
    outer loop
      vertex   2.000000e+00 4.227940e+00 1.206738e+01
      vertex   0.000000e+00 7.000000e+00 1.300000e+01
      vertex   0.000000e+00 3.500000e+00 1.300000e+01
    endloop
  endfacet
  facet normal -0.000000e+00 0.000000e+00 1.000000e+00
    outer loop
      vertex   -4.000000e+00 7.000000e+00 1.300000e+01
      vertex   -2.000000e+00 5.020616e+00 1.300000e+01
      vertex   0.000000e+00 7.000000e+00 1.300000e+01
    endloop
  endfacet
  facet normal 0.000000e+00 0.000000e+00 1.000000e+00
    outer loop
      vertex   0.000000e+00 7.000000e+00 1.300000e+01
      vertex   -2.000000e+00 5.020616e+00 1.300000e+01
      vertex   -1.901983e+00 5.014877e+00 1.300000e+01
    endloop
  endfacet
  facet normal 0.000000e+00 0.000000e+00 1.000000e+00
    outer loop
      vertex   0.000000e+00 7.000000e+00 1.300000e+01
      vertex   -1.901983e+00 5.014877e+00 1.300000e+01
      vertex   -1.804910e+00 4.997717e+00 1.300000e+01
    endloop
  endfacet
  facet normal 0.000000e+00 0.000000e+00 1.000000e+00
    outer loop
      vertex   -4.000000e+00 -7.000000e+00 1.300000e+01
      vertex   -2.995185e+00 2.520297e+00 1.300000e+01
      vertex   -4.000000e+00 7.000000e+00 1.300000e+01
    endloop
  endfacet
  facet normal 0.000000e+00 0.000000e+00 1.000000e+00
    outer loop
      vertex   -4.000000e+00 7.000000e+00 1.300000e+01
      vertex   -2.995185e+00 2.520297e+00 1.300000e+01
      vertex   -3.000000e+00 2.637109e+00 1.300000e+01
    endloop
  endfacet
  facet normal 0.000000e+00 0.000000e+00 1.000000e+00
    outer loop
      vertex   -4.000000e+00 7.000000e+00 1.300000e+01
      vertex   -3.000000e+00 2.637109e+00 1.300000e+01
      vertex   -3.000000e+00 3.828862e+00 1.300000e+01
    endloop
  endfacet
  facet normal 0.000000e+00 0.000000e+00 1.000000e+00
    outer loop
      vertex   -1.110223e-15 -7.000000e+00 1.300000e+01
      vertex   -2.000000e+00 -5.020616e+00 1.300000e+01
      vertex   -4.000000e+00 -7.000000e+00 1.300000e+01
    endloop
  endfacet
  facet normal 0.000000e+00 0.000000e+00 1.000000e+00
    outer loop
      vertex   -4.000000e+00 -7.000000e+00 1.300000e+01
      vertex   -2.000000e+00 -5.020616e+00 1.300000e+01
      vertex   -2.098017e+00 -5.014877e+00 1.300000e+01
    endloop
  endfacet
  facet normal 0.000000e+00 0.000000e+00 1.000000e+00
    outer loop
      vertex   -4.000000e+00 -7.000000e+00 1.300000e+01
      vertex   -2.098017e+00 -5.014877e+00 1.300000e+01
      vertex   -2.195090e+00 -4.997717e+00 1.300000e+01
    endloop
  endfacet
  facet normal 0.000000e+00 0.000000e+00 1.000000e+00
    outer loop
      vertex   0.000000e+00 -3.500000e+00 1.300000e+01
      vertex   -1.019215e+00 -4.061362e+00 1.300000e+01
      vertex   -1.110223e-15 -7.000000e+00 1.300000e+01
    endloop
  endfacet
  facet normal 0.000000e+00 0.000000e+00 1.000000e+00
    outer loop
      vertex   -1.110223e-15 -7.000000e+00 1.300000e+01
      vertex   -1.019215e+00 -4.061362e+00 1.300000e+01
      vertex   -1.043060e+00 -4.174810e+00 1.300000e+01
    endloop
  endfacet
  facet normal 0.000000e+00 0.000000e+00 1.000000e+00
    outer loop
      vertex   -1.110223e-15 -7.000000e+00 1.300000e+01
      vertex   -1.043060e+00 -4.174810e+00 1.300000e+01
      vertex   -1.076120e+00 -4.284927e+00 1.300000e+01
    endloop
  endfacet
  facet normal 0.000000e+00 0.000000e+00 1.000000e+00
    outer loop
      vertex   0.000000e+00 3.500000e+00 1.300000e+01
      vertex   -1.043060e+00 2.291161e+00 1.300000e+01
      vertex   0.000000e+00 -3.500000e+00 1.300000e+01
    endloop
  endfacet
  facet normal 0.000000e+00 0.000000e+00 1.000000e+00
    outer loop
      vertex   0.000000e+00 -3.500000e+00 1.300000e+01
      vertex   -1.043060e+00 2.291161e+00 1.300000e+01
      vertex   -1.043060e+00 -2.291161e+00 1.300000e+01
    endloop
  endfacet
  facet normal 0.000000e+00 0.000000e+00 1.000000e+00
    outer loop
      vertex   0.000000e+00 -3.500000e+00 1.300000e+01
      vertex   -1.043060e+00 -2.291161e+00 1.300000e+01
      vertex   -1.019215e+00 -2.404609e+00 1.300000e+01
    endloop
  endfacet
  facet normal 0.000000e+00 0.000000e+00 1.000000e+00
    outer loop
      vertex   0.000000e+00 7.000000e+00 1.300000e+01
      vertex   -1.019215e+00 4.061362e+00 1.300000e+01
      vertex   0.000000e+00 3.500000e+00 1.300000e+01
    endloop
  endfacet
  facet normal 0.000000e+00 0.000000e+00 1.000000e+00
    outer loop
      vertex   0.000000e+00 3.500000e+00 1.300000e+01
      vertex   -1.019215e+00 4.061362e+00 1.300000e+01
      vertex   -1.004815e+00 3.945675e+00 1.300000e+01
    endloop
  endfacet
  facet normal 0.000000e+00 0.000000e+00 1.000000e+00
    outer loop
      vertex   0.000000e+00 3.500000e+00 1.300000e+01
      vertex   -1.004815e+00 3.945675e+00 1.300000e+01
      vertex   -1.000000e+00 3.828862e+00 1.300000e+01
    endloop
  endfacet
  facet normal 0.000000e+00 -0.000000e+00 1.000000e+00
    outer loop
      vertex   -3.000000e+00 3.828862e+00 1.300000e+01
      vertex   -2.995185e+00 3.945675e+00 1.300000e+01
      vertex   -4.000000e+00 7.000000e+00 1.300000e+01
    endloop
  endfacet
  facet normal 0.000000e+00 0.000000e+00 1.000000e+00
    outer loop
      vertex   -4.000000e+00 7.000000e+00 1.300000e+01
      vertex   -2.995185e+00 3.945675e+00 1.300000e+01
      vertex   -2.980785e+00 4.061362e+00 1.300000e+01
    endloop
  endfacet
  facet normal 0.000000e+00 0.000000e+00 1.000000e+00
    outer loop
      vertex   -4.000000e+00 7.000000e+00 1.300000e+01
      vertex   -2.980785e+00 4.061362e+00 1.300000e+01
      vertex   -2.956940e+00 4.174810e+00 1.300000e+01
    endloop
  endfacet
  facet normal 0.000000e+00 -0.000000e+00 1.000000e+00
    outer loop
      vertex   -2.956940e+00 4.174810e+00 1.300000e+01
      vertex   -2.923880e+00 4.284927e+00 1.300000e+01
      vertex   -4.000000e+00 7.000000e+00 1.300000e+01
    endloop
  endfacet
  facet normal 0.000000e+00 0.000000e+00 1.000000e+00
    outer loop
      vertex   -4.000000e+00 7.000000e+00 1.300000e+01
      vertex   -2.923880e+00 4.284927e+00 1.300000e+01
      vertex   -2.881921e+00 4.390651e+00 1.300000e+01
    endloop
  endfacet
  facet normal 0.000000e+00 0.000000e+00 1.000000e+00
    outer loop
      vertex   -4.000000e+00 7.000000e+00 1.300000e+01
      vertex   -2.881921e+00 4.390651e+00 1.300000e+01
      vertex   -2.831470e+00 4.490965e+00 1.300000e+01
    endloop
  endfacet
  facet normal 0.000000e+00 -0.000000e+00 1.000000e+00
    outer loop
      vertex   -2.831470e+00 4.490965e+00 1.300000e+01
      vertex   -2.773010e+00 4.584903e+00 1.300000e+01
      vertex   -4.000000e+00 7.000000e+00 1.300000e+01
    endloop
  endfacet
  facet normal 0.000000e+00 0.000000e+00 1.000000e+00
    outer loop
      vertex   -4.000000e+00 7.000000e+00 1.300000e+01
      vertex   -2.773010e+00 4.584903e+00 1.300000e+01
      vertex   -2.707107e+00 4.671559e+00 1.300000e+01
    endloop
  endfacet
  facet normal 0.000000e+00 0.000000e+00 1.000000e+00
    outer loop
      vertex   -4.000000e+00 7.000000e+00 1.300000e+01
      vertex   -2.707107e+00 4.671559e+00 1.300000e+01
      vertex   -2.634393e+00 4.750100e+00 1.300000e+01
    endloop
  endfacet
  facet normal 0.000000e+00 -0.000000e+00 1.000000e+00
    outer loop
      vertex   -2.634393e+00 4.750100e+00 1.300000e+01
      vertex   -2.555570e+00 4.819769e+00 1.300000e+01
      vertex   -4.000000e+00 7.000000e+00 1.300000e+01
    endloop
  endfacet
  facet normal 0.000000e+00 0.000000e+00 1.000000e+00
    outer loop
      vertex   -4.000000e+00 7.000000e+00 1.300000e+01
      vertex   -2.555570e+00 4.819769e+00 1.300000e+01
      vertex   -2.471397e+00 4.879895e+00 1.300000e+01
    endloop
  endfacet
  facet normal 0.000000e+00 0.000000e+00 1.000000e+00
    outer loop
      vertex   -4.000000e+00 7.000000e+00 1.300000e+01
      vertex   -2.471397e+00 4.879895e+00 1.300000e+01
      vertex   -2.382683e+00 4.929899e+00 1.300000e+01
    endloop
  endfacet
  facet normal 0.000000e+00 -0.000000e+00 1.000000e+00
    outer loop
      vertex   -2.382683e+00 4.929899e+00 1.300000e+01
      vertex   -2.290285e+00 4.969300e+00 1.300000e+01
      vertex   -4.000000e+00 7.000000e+00 1.300000e+01
    endloop
  endfacet
  facet normal 0.000000e+00 0.000000e+00 1.000000e+00
    outer loop
      vertex   -4.000000e+00 7.000000e+00 1.300000e+01
      vertex   -2.290285e+00 4.969300e+00 1.300000e+01
      vertex   -2.195090e+00 4.997717e+00 1.300000e+01
    endloop
  endfacet
  facet normal 0.000000e+00 0.000000e+00 1.000000e+00
    outer loop
      vertex   -4.000000e+00 7.000000e+00 1.300000e+01
      vertex   -2.195090e+00 4.997717e+00 1.300000e+01
      vertex   -2.098017e+00 5.014877e+00 1.300000e+01
    endloop
  endfacet
  facet normal 0.000000e+00 -0.000000e+00 1.000000e+00
    outer loop
      vertex   -2.098017e+00 5.014877e+00 1.300000e+01
      vertex   -2.000000e+00 5.020616e+00 1.300000e+01
      vertex   -4.000000e+00 7.000000e+00 1.300000e+01
    endloop
  endfacet
  facet normal -0.000000e+00 0.000000e+00 1.000000e+00
    outer loop
      vertex   -1.804910e+00 4.997717e+00 1.300000e+01
      vertex   -1.709715e+00 4.969300e+00 1.300000e+01
      vertex   0.000000e+00 7.000000e+00 1.300000e+01
    endloop
  endfacet
  facet normal 0.000000e+00 0.000000e+00 1.000000e+00
    outer loop
      vertex   0.000000e+00 7.000000e+00 1.300000e+01
      vertex   -1.709715e+00 4.969300e+00 1.300000e+01
      vertex   -1.617317e+00 4.929899e+00 1.300000e+01
    endloop
  endfacet
  facet normal 0.000000e+00 0.000000e+00 1.000000e+00
    outer loop
      vertex   0.000000e+00 7.000000e+00 1.300000e+01
      vertex   -1.617317e+00 4.929899e+00 1.300000e+01
      vertex   -1.528603e+00 4.879895e+00 1.300000e+01
    endloop
  endfacet
  facet normal -0.000000e+00 0.000000e+00 1.000000e+00
    outer loop
      vertex   -1.528603e+00 4.879895e+00 1.300000e+01
      vertex   -1.444430e+00 4.819769e+00 1.300000e+01
      vertex   0.000000e+00 7.000000e+00 1.300000e+01
    endloop
  endfacet
  facet normal 0.000000e+00 0.000000e+00 1.000000e+00
    outer loop
      vertex   0.000000e+00 7.000000e+00 1.300000e+01
      vertex   -1.444430e+00 4.819769e+00 1.300000e+01
      vertex   -1.365607e+00 4.750100e+00 1.300000e+01
    endloop
  endfacet
  facet normal 0.000000e+00 0.000000e+00 1.000000e+00
    outer loop
      vertex   0.000000e+00 7.000000e+00 1.300000e+01
      vertex   -1.365607e+00 4.750100e+00 1.300000e+01
      vertex   -1.292893e+00 4.671559e+00 1.300000e+01
    endloop
  endfacet
  facet normal -0.000000e+00 0.000000e+00 1.000000e+00
    outer loop
      vertex   -1.292893e+00 4.671559e+00 1.300000e+01
      vertex   -1.226990e+00 4.584903e+00 1.300000e+01
      vertex   0.000000e+00 7.000000e+00 1.300000e+01
    endloop
  endfacet
  facet normal 0.000000e+00 0.000000e+00 1.000000e+00
    outer loop
      vertex   0.000000e+00 7.000000e+00 1.300000e+01
      vertex   -1.226990e+00 4.584903e+00 1.300000e+01
      vertex   -1.168530e+00 4.490965e+00 1.300000e+01
    endloop
  endfacet
  facet normal 0.000000e+00 0.000000e+00 1.000000e+00
    outer loop
      vertex   0.000000e+00 7.000000e+00 1.300000e+01
      vertex   -1.168530e+00 4.490965e+00 1.300000e+01
      vertex   -1.118079e+00 4.390651e+00 1.300000e+01
    endloop
  endfacet
  facet normal -0.000000e+00 0.000000e+00 1.000000e+00
    outer loop
      vertex   -1.118079e+00 4.390651e+00 1.300000e+01
      vertex   -1.076120e+00 4.284927e+00 1.300000e+01
      vertex   0.000000e+00 7.000000e+00 1.300000e+01
    endloop
  endfacet
  facet normal 0.000000e+00 0.000000e+00 1.000000e+00
    outer loop
      vertex   0.000000e+00 7.000000e+00 1.300000e+01
      vertex   -1.076120e+00 4.284927e+00 1.300000e+01
      vertex   -1.043060e+00 4.174810e+00 1.300000e+01
    endloop
  endfacet
  facet normal 0.000000e+00 0.000000e+00 1.000000e+00
    outer loop
      vertex   0.000000e+00 7.000000e+00 1.300000e+01
      vertex   -1.043060e+00 4.174810e+00 1.300000e+01
      vertex   -1.019215e+00 4.061362e+00 1.300000e+01
    endloop
  endfacet
  facet normal 0.000000e+00 0.000000e+00 1.000000e+00
    outer loop
      vertex   -1.000000e+00 3.828862e+00 1.300000e+01
      vertex   -1.000000e+00 2.637109e+00 1.300000e+01
      vertex   0.000000e+00 3.500000e+00 1.300000e+01
    endloop
  endfacet
  facet normal 0.000000e+00 0.000000e+00 1.000000e+00
    outer loop
      vertex   0.000000e+00 3.500000e+00 1.300000e+01
      vertex   -1.000000e+00 2.637109e+00 1.300000e+01
      vertex   -1.004815e+00 2.520297e+00 1.300000e+01
    endloop
  endfacet
  facet normal 0.000000e+00 0.000000e+00 1.000000e+00
    outer loop
      vertex   0.000000e+00 3.500000e+00 1.300000e+01
      vertex   -1.004815e+00 2.520297e+00 1.300000e+01
      vertex   -1.019215e+00 2.404609e+00 1.300000e+01
    endloop
  endfacet
  facet normal -0.000000e+00 0.000000e+00 1.000000e+00
    outer loop
      vertex   -1.019215e+00 2.404609e+00 1.300000e+01
      vertex   -1.043060e+00 2.291161e+00 1.300000e+01
      vertex   0.000000e+00 3.500000e+00 1.300000e+01
    endloop
  endfacet
  facet normal 0.000000e+00 0.000000e+00 1.000000e+00
    outer loop
      vertex   -1.043060e+00 -2.291161e+00 1.300000e+01
      vertex   -1.043060e+00 2.291161e+00 1.300000e+01
      vertex   -1.076120e+00 -2.181044e+00 1.300000e+01
    endloop
  endfacet
  facet normal 0.000000e+00 -0.000000e+00 1.000000e+00
    outer loop
      vertex   -1.076120e+00 -2.181044e+00 1.300000e+01
      vertex   -1.043060e+00 2.291161e+00 1.300000e+01
      vertex   -1.076120e+00 2.181044e+00 1.300000e+01
    endloop
  endfacet
  facet normal 0.000000e+00 0.000000e+00 1.000000e+00
    outer loop
      vertex   -1.076120e+00 -2.181044e+00 1.300000e+01
      vertex   -1.076120e+00 2.181044e+00 1.300000e+01
      vertex   -1.118079e+00 -2.075320e+00 1.300000e+01
    endloop
  endfacet
  facet normal 0.000000e+00 0.000000e+00 1.000000e+00
    outer loop
      vertex   -1.118079e+00 -2.075320e+00 1.300000e+01
      vertex   -1.076120e+00 2.181044e+00 1.300000e+01
      vertex   -1.118079e+00 2.075320e+00 1.300000e+01
    endloop
  endfacet
  facet normal 0.000000e+00 -0.000000e+00 1.000000e+00
    outer loop
      vertex   -1.118079e+00 -2.075320e+00 1.300000e+01
      vertex   -1.118079e+00 2.075320e+00 1.300000e+01
      vertex   -1.168530e+00 -1.975006e+00 1.300000e+01
    endloop
  endfacet
  facet normal 0.000000e+00 -0.000000e+00 1.000000e+00
    outer loop
      vertex   -1.168530e+00 -1.975006e+00 1.300000e+01
      vertex   -1.118079e+00 2.075320e+00 1.300000e+01
      vertex   -1.168530e+00 1.975006e+00 1.300000e+01
    endloop
  endfacet
  facet normal 0.000000e+00 0.000000e+00 1.000000e+00
    outer loop
      vertex   -1.168530e+00 -1.975006e+00 1.300000e+01
      vertex   -1.168530e+00 1.975006e+00 1.300000e+01
      vertex   -1.226990e+00 -1.881068e+00 1.300000e+01
    endloop
  endfacet
  facet normal 0.000000e+00 0.000000e+00 1.000000e+00
    outer loop
      vertex   -1.226990e+00 -1.881068e+00 1.300000e+01
      vertex   -1.168530e+00 1.975006e+00 1.300000e+01
      vertex   -1.226990e+00 1.881068e+00 1.300000e+01
    endloop
  endfacet
  facet normal 0.000000e+00 -0.000000e+00 1.000000e+00
    outer loop
      vertex   -1.226990e+00 -1.881068e+00 1.300000e+01
      vertex   -1.226990e+00 1.881068e+00 1.300000e+01
      vertex   -1.292893e+00 1.794412e+00 1.300000e+01
    endloop
  endfacet
  facet normal 0.000000e+00 0.000000e+00 1.000000e+00
    outer loop
      vertex   -1.226990e+00 -1.881068e+00 1.300000e+01
      vertex   -1.292893e+00 1.794412e+00 1.300000e+01
      vertex   -1.292893e+00 -1.794412e+00 1.300000e+01
    endloop
  endfacet
  facet normal 0.000000e+00 -0.000000e+00 1.000000e+00
    outer loop
      vertex   -1.292893e+00 -1.794412e+00 1.300000e+01
      vertex   -1.292893e+00 1.794412e+00 1.300000e+01
      vertex   -1.365607e+00 1.715871e+00 1.300000e+01
    endloop
  endfacet
  facet normal 0.000000e+00 0.000000e+00 1.000000e+00
    outer loop
      vertex   -1.292893e+00 -1.794412e+00 1.300000e+01
      vertex   -1.365607e+00 1.715871e+00 1.300000e+01
      vertex   -1.365607e+00 -1.715871e+00 1.300000e+01
    endloop
  endfacet
  facet normal 0.000000e+00 -0.000000e+00 1.000000e+00
    outer loop
      vertex   -1.365607e+00 -1.715871e+00 1.300000e+01
      vertex   -1.365607e+00 1.715871e+00 1.300000e+01
      vertex   -1.444430e+00 1.646202e+00 1.300000e+01
    endloop
  endfacet
  facet normal 0.000000e+00 0.000000e+00 1.000000e+00
    outer loop
      vertex   -1.365607e+00 -1.715871e+00 1.300000e+01
      vertex   -1.444430e+00 1.646202e+00 1.300000e+01
      vertex   -1.444430e+00 -1.646202e+00 1.300000e+01
    endloop
  endfacet
  facet normal 0.000000e+00 -0.000000e+00 1.000000e+00
    outer loop
      vertex   -1.444430e+00 -1.646202e+00 1.300000e+01
      vertex   -1.444430e+00 1.646202e+00 1.300000e+01
      vertex   -1.528603e+00 1.586076e+00 1.300000e+01
    endloop
  endfacet
  facet normal 0.000000e+00 0.000000e+00 1.000000e+00
    outer loop
      vertex   -1.444430e+00 -1.646202e+00 1.300000e+01
      vertex   -1.528603e+00 1.586076e+00 1.300000e+01
      vertex   -1.528603e+00 -1.586076e+00 1.300000e+01
    endloop
  endfacet
  facet normal 0.000000e+00 0.000000e+00 1.000000e+00
    outer loop
      vertex   -1.528603e+00 -1.586076e+00 1.300000e+01
      vertex   -1.528603e+00 1.586076e+00 1.300000e+01
      vertex   -1.617317e+00 1.536072e+00 1.300000e+01
    endloop
  endfacet
  facet normal 0.000000e+00 0.000000e+00 1.000000e+00
    outer loop
      vertex   -1.528603e+00 -1.586076e+00 1.300000e+01
      vertex   -1.617317e+00 1.536072e+00 1.300000e+01
      vertex   -1.617317e+00 -1.536072e+00 1.300000e+01
    endloop
  endfacet
  facet normal 0.000000e+00 0.000000e+00 1.000000e+00
    outer loop
      vertex   -1.617317e+00 -1.536072e+00 1.300000e+01
      vertex   -1.617317e+00 1.536072e+00 1.300000e+01
      vertex   -1.709715e+00 1.496672e+00 1.300000e+01
    endloop
  endfacet
  facet normal 0.000000e+00 0.000000e+00 1.000000e+00
    outer loop
      vertex   -1.617317e+00 -1.536072e+00 1.300000e+01
      vertex   -1.709715e+00 1.496672e+00 1.300000e+01
      vertex   -1.709715e+00 -1.496672e+00 1.300000e+01
    endloop
  endfacet
  facet normal 0.000000e+00 0.000000e+00 1.000000e+00
    outer loop
      vertex   -1.709715e+00 -1.496672e+00 1.300000e+01
      vertex   -1.709715e+00 1.496672e+00 1.300000e+01
      vertex   -1.804910e+00 1.468254e+00 1.300000e+01
    endloop
  endfacet
  facet normal 0.000000e+00 0.000000e+00 1.000000e+00
    outer loop
      vertex   -1.709715e+00 -1.496672e+00 1.300000e+01
      vertex   -1.804910e+00 1.468254e+00 1.300000e+01
      vertex   -1.804910e+00 -1.468254e+00 1.300000e+01
    endloop
  endfacet
  facet normal 0.000000e+00 0.000000e+00 1.000000e+00
    outer loop
      vertex   -1.804910e+00 -1.468254e+00 1.300000e+01
      vertex   -1.804910e+00 1.468254e+00 1.300000e+01
      vertex   -1.901983e+00 1.451094e+00 1.300000e+01
    endloop
  endfacet
  facet normal 0.000000e+00 0.000000e+00 1.000000e+00
    outer loop
      vertex   -1.804910e+00 -1.468254e+00 1.300000e+01
      vertex   -1.901983e+00 1.451094e+00 1.300000e+01
      vertex   -1.901983e+00 -1.451094e+00 1.300000e+01
    endloop
  endfacet
  facet normal 0.000000e+00 0.000000e+00 1.000000e+00
    outer loop
      vertex   -1.901983e+00 -1.451094e+00 1.300000e+01
      vertex   -1.901983e+00 1.451094e+00 1.300000e+01
      vertex   -2.000000e+00 1.445355e+00 1.300000e+01
    endloop
  endfacet
  facet normal 0.000000e+00 0.000000e+00 1.000000e+00
    outer loop
      vertex   -1.901983e+00 -1.451094e+00 1.300000e+01
      vertex   -2.000000e+00 1.445355e+00 1.300000e+01
      vertex   -2.000000e+00 -1.445355e+00 1.300000e+01
    endloop
  endfacet
  facet normal 0.000000e+00 -0.000000e+00 1.000000e+00
    outer loop
      vertex   -2.000000e+00 -1.445355e+00 1.300000e+01
      vertex   -2.000000e+00 1.445355e+00 1.300000e+01
      vertex   -2.098017e+00 -1.451094e+00 1.300000e+01
    endloop
  endfacet
  facet normal 0.000000e+00 -0.000000e+00 1.000000e+00
    outer loop
      vertex   -2.098017e+00 -1.451094e+00 1.300000e+01
      vertex   -2.000000e+00 1.445355e+00 1.300000e+01
      vertex   -2.098017e+00 1.451094e+00 1.300000e+01
    endloop
  endfacet
  facet normal 0.000000e+00 0.000000e+00 1.000000e+00
    outer loop
      vertex   -2.098017e+00 -1.451094e+00 1.300000e+01
      vertex   -2.098017e+00 1.451094e+00 1.300000e+01
      vertex   -2.195090e+00 -1.468254e+00 1.300000e+01
    endloop
  endfacet
  facet normal 0.000000e+00 -0.000000e+00 1.000000e+00
    outer loop
      vertex   -2.195090e+00 -1.468254e+00 1.300000e+01
      vertex   -2.098017e+00 1.451094e+00 1.300000e+01
      vertex   -2.195090e+00 1.468254e+00 1.300000e+01
    endloop
  endfacet
  facet normal 0.000000e+00 0.000000e+00 1.000000e+00
    outer loop
      vertex   -2.195090e+00 -1.468254e+00 1.300000e+01
      vertex   -2.195090e+00 1.468254e+00 1.300000e+01
      vertex   -2.290285e+00 -1.496672e+00 1.300000e+01
    endloop
  endfacet
  facet normal 0.000000e+00 -0.000000e+00 1.000000e+00
    outer loop
      vertex   -2.290285e+00 -1.496672e+00 1.300000e+01
      vertex   -2.195090e+00 1.468254e+00 1.300000e+01
      vertex   -2.290285e+00 1.496672e+00 1.300000e+01
    endloop
  endfacet
  facet normal 0.000000e+00 0.000000e+00 1.000000e+00
    outer loop
      vertex   -2.290285e+00 -1.496672e+00 1.300000e+01
      vertex   -2.290285e+00 1.496672e+00 1.300000e+01
      vertex   -2.382683e+00 -1.536072e+00 1.300000e+01
    endloop
  endfacet
  facet normal 0.000000e+00 0.000000e+00 1.000000e+00
    outer loop
      vertex   -2.382683e+00 -1.536072e+00 1.300000e+01
      vertex   -2.290285e+00 1.496672e+00 1.300000e+01
      vertex   -2.382683e+00 1.536072e+00 1.300000e+01
    endloop
  endfacet
  facet normal 0.000000e+00 -0.000000e+00 1.000000e+00
    outer loop
      vertex   -2.382683e+00 -1.536072e+00 1.300000e+01
      vertex   -2.382683e+00 1.536072e+00 1.300000e+01
      vertex   -2.471397e+00 -1.586076e+00 1.300000e+01
    endloop
  endfacet
  facet normal 0.000000e+00 -0.000000e+00 1.000000e+00
    outer loop
      vertex   -2.471397e+00 -1.586076e+00 1.300000e+01
      vertex   -2.382683e+00 1.536072e+00 1.300000e+01
      vertex   -2.471397e+00 1.586076e+00 1.300000e+01
    endloop
  endfacet
  facet normal 0.000000e+00 0.000000e+00 1.000000e+00
    outer loop
      vertex   -2.471397e+00 -1.586076e+00 1.300000e+01
      vertex   -2.471397e+00 1.586076e+00 1.300000e+01
      vertex   -2.555570e+00 -1.646202e+00 1.300000e+01
    endloop
  endfacet
  facet normal 0.000000e+00 0.000000e+00 1.000000e+00
    outer loop
      vertex   -2.555570e+00 -1.646202e+00 1.300000e+01
      vertex   -2.471397e+00 1.586076e+00 1.300000e+01
      vertex   -2.555570e+00 1.646202e+00 1.300000e+01
    endloop
  endfacet
  facet normal 0.000000e+00 -0.000000e+00 1.000000e+00
    outer loop
      vertex   -2.555570e+00 -1.646202e+00 1.300000e+01
      vertex   -2.555570e+00 1.646202e+00 1.300000e+01
      vertex   -2.634393e+00 -1.715871e+00 1.300000e+01
    endloop
  endfacet
  facet normal 0.000000e+00 0.000000e+00 1.000000e+00
    outer loop
      vertex   -2.634393e+00 -1.715871e+00 1.300000e+01
      vertex   -2.555570e+00 1.646202e+00 1.300000e+01
      vertex   -2.634393e+00 1.715871e+00 1.300000e+01
    endloop
  endfacet
  facet normal 0.000000e+00 -0.000000e+00 1.000000e+00
    outer loop
      vertex   -2.634393e+00 -1.715871e+00 1.300000e+01
      vertex   -2.634393e+00 1.715871e+00 1.300000e+01
      vertex   -2.707107e+00 -1.794412e+00 1.300000e+01
    endloop
  endfacet
  facet normal 0.000000e+00 0.000000e+00 1.000000e+00
    outer loop
      vertex   -2.707107e+00 -1.794412e+00 1.300000e+01
      vertex   -2.634393e+00 1.715871e+00 1.300000e+01
      vertex   -2.707107e+00 1.794412e+00 1.300000e+01
    endloop
  endfacet
  facet normal 0.000000e+00 -0.000000e+00 1.000000e+00
    outer loop
      vertex   -2.707107e+00 -1.794412e+00 1.300000e+01
      vertex   -2.707107e+00 1.794412e+00 1.300000e+01
      vertex   -2.773010e+00 -1.881068e+00 1.300000e+01
    endloop
  endfacet
  facet normal 0.000000e+00 0.000000e+00 1.000000e+00
    outer loop
      vertex   -2.773010e+00 -1.881068e+00 1.300000e+01
      vertex   -2.707107e+00 1.794412e+00 1.300000e+01
      vertex   -2.773010e+00 1.881068e+00 1.300000e+01
    endloop
  endfacet
  facet normal 0.000000e+00 -0.000000e+00 1.000000e+00
    outer loop
      vertex   -2.773010e+00 -1.881068e+00 1.300000e+01
      vertex   -2.773010e+00 1.881068e+00 1.300000e+01
      vertex   -2.831470e+00 -1.975006e+00 1.300000e+01
    endloop
  endfacet
  facet normal 0.000000e+00 0.000000e+00 1.000000e+00
    outer loop
      vertex   -2.831470e+00 -1.975006e+00 1.300000e+01
      vertex   -2.773010e+00 1.881068e+00 1.300000e+01
      vertex   -2.831470e+00 1.975006e+00 1.300000e+01
    endloop
  endfacet
  facet normal 0.000000e+00 -0.000000e+00 1.000000e+00
    outer loop
      vertex   -2.831470e+00 -1.975006e+00 1.300000e+01
      vertex   -2.831470e+00 1.975006e+00 1.300000e+01
      vertex   -2.881921e+00 -2.075320e+00 1.300000e+01
    endloop
  endfacet
  facet normal 0.000000e+00 0.000000e+00 1.000000e+00
    outer loop
      vertex   -2.881921e+00 -2.075320e+00 1.300000e+01
      vertex   -2.831470e+00 1.975006e+00 1.300000e+01
      vertex   -2.881921e+00 2.075320e+00 1.300000e+01
    endloop
  endfacet
  facet normal 0.000000e+00 -0.000000e+00 1.000000e+00
    outer loop
      vertex   -2.881921e+00 -2.075320e+00 1.300000e+01
      vertex   -2.881921e+00 2.075320e+00 1.300000e+01
      vertex   -2.923880e+00 -2.181044e+00 1.300000e+01
    endloop
  endfacet
  facet normal 0.000000e+00 -0.000000e+00 1.000000e+00
    outer loop
      vertex   -2.923880e+00 -2.181044e+00 1.300000e+01
      vertex   -2.881921e+00 2.075320e+00 1.300000e+01
      vertex   -2.923880e+00 2.181044e+00 1.300000e+01
    endloop
  endfacet
  facet normal 0.000000e+00 0.000000e+00 1.000000e+00
    outer loop
      vertex   -2.923880e+00 -2.181044e+00 1.300000e+01
      vertex   -2.923880e+00 2.181044e+00 1.300000e+01
      vertex   -2.956940e+00 -2.291161e+00 1.300000e+01
    endloop
  endfacet
  facet normal 0.000000e+00 0.000000e+00 1.000000e+00
    outer loop
      vertex   -2.956940e+00 -2.291161e+00 1.300000e+01
      vertex   -2.923880e+00 2.181044e+00 1.300000e+01
      vertex   -2.956940e+00 2.291161e+00 1.300000e+01
    endloop
  endfacet
  facet normal 0.000000e+00 -0.000000e+00 1.000000e+00
    outer loop
      vertex   -2.956940e+00 -2.291161e+00 1.300000e+01
      vertex   -2.956940e+00 2.291161e+00 1.300000e+01
      vertex   -2.980785e+00 2.404609e+00 1.300000e+01
    endloop
  endfacet
  facet normal 0.000000e+00 0.000000e+00 1.000000e+00
    outer loop
      vertex   -2.956940e+00 -2.291161e+00 1.300000e+01
      vertex   -2.980785e+00 2.404609e+00 1.300000e+01
      vertex   -2.980785e+00 -2.404609e+00 1.300000e+01
    endloop
  endfacet
  facet normal 0.000000e+00 -0.000000e+00 1.000000e+00
    outer loop
      vertex   -2.980785e+00 -2.404609e+00 1.300000e+01
      vertex   -2.980785e+00 2.404609e+00 1.300000e+01
      vertex   -2.995185e+00 2.520297e+00 1.300000e+01
    endloop
  endfacet
  facet normal 0.000000e+00 0.000000e+00 1.000000e+00
    outer loop
      vertex   -2.980785e+00 -2.404609e+00 1.300000e+01
      vertex   -2.995185e+00 2.520297e+00 1.300000e+01
      vertex   -2.995185e+00 -2.520297e+00 1.300000e+01
    endloop
  endfacet
  facet normal 0.000000e+00 -0.000000e+00 1.000000e+00
    outer loop
      vertex   -2.995185e+00 -2.520297e+00 1.300000e+01
      vertex   -2.995185e+00 2.520297e+00 1.300000e+01
      vertex   -4.000000e+00 -7.000000e+00 1.300000e+01
    endloop
  endfacet
  facet normal 0.000000e+00 0.000000e+00 1.000000e+00
    outer loop
      vertex   -2.995185e+00 -2.520297e+00 1.300000e+01
      vertex   -4.000000e+00 -7.000000e+00 1.300000e+01
      vertex   -3.000000e+00 -2.637109e+00 1.300000e+01
    endloop
  endfacet
  facet normal 0.000000e+00 0.000000e+00 1.000000e+00
    outer loop
      vertex   -3.000000e+00 -2.637109e+00 1.300000e+01
      vertex   -4.000000e+00 -7.000000e+00 1.300000e+01
      vertex   -3.000000e+00 -3.828862e+00 1.300000e+01
    endloop
  endfacet
  facet normal 0.000000e+00 0.000000e+00 1.000000e+00
    outer loop
      vertex   -3.000000e+00 -3.828862e+00 1.300000e+01
      vertex   -4.000000e+00 -7.000000e+00 1.300000e+01
      vertex   -2.995185e+00 -3.945675e+00 1.300000e+01
    endloop
  endfacet
  facet normal 0.000000e+00 0.000000e+00 1.000000e+00
    outer loop
      vertex   -2.995185e+00 -3.945675e+00 1.300000e+01
      vertex   -4.000000e+00 -7.000000e+00 1.300000e+01
      vertex   -2.980785e+00 -4.061362e+00 1.300000e+01
    endloop
  endfacet
  facet normal 0.000000e+00 0.000000e+00 1.000000e+00
    outer loop
      vertex   -2.980785e+00 -4.061362e+00 1.300000e+01
      vertex   -4.000000e+00 -7.000000e+00 1.300000e+01
      vertex   -2.956940e+00 -4.174810e+00 1.300000e+01
    endloop
  endfacet
  facet normal 0.000000e+00 0.000000e+00 1.000000e+00
    outer loop
      vertex   -2.956940e+00 -4.174810e+00 1.300000e+01
      vertex   -4.000000e+00 -7.000000e+00 1.300000e+01
      vertex   -2.923880e+00 -4.284927e+00 1.300000e+01
    endloop
  endfacet
  facet normal 0.000000e+00 0.000000e+00 1.000000e+00
    outer loop
      vertex   -2.923880e+00 -4.284927e+00 1.300000e+01
      vertex   -4.000000e+00 -7.000000e+00 1.300000e+01
      vertex   -2.881921e+00 -4.390651e+00 1.300000e+01
    endloop
  endfacet
  facet normal 0.000000e+00 0.000000e+00 1.000000e+00
    outer loop
      vertex   -2.881921e+00 -4.390651e+00 1.300000e+01
      vertex   -4.000000e+00 -7.000000e+00 1.300000e+01
      vertex   -2.831470e+00 -4.490965e+00 1.300000e+01
    endloop
  endfacet
  facet normal 0.000000e+00 0.000000e+00 1.000000e+00
    outer loop
      vertex   -2.831470e+00 -4.490965e+00 1.300000e+01
      vertex   -4.000000e+00 -7.000000e+00 1.300000e+01
      vertex   -2.773010e+00 -4.584903e+00 1.300000e+01
    endloop
  endfacet
  facet normal 0.000000e+00 0.000000e+00 1.000000e+00
    outer loop
      vertex   -2.773010e+00 -4.584903e+00 1.300000e+01
      vertex   -4.000000e+00 -7.000000e+00 1.300000e+01
      vertex   -2.707107e+00 -4.671559e+00 1.300000e+01
    endloop
  endfacet
  facet normal 0.000000e+00 0.000000e+00 1.000000e+00
    outer loop
      vertex   -2.707107e+00 -4.671559e+00 1.300000e+01
      vertex   -4.000000e+00 -7.000000e+00 1.300000e+01
      vertex   -2.634393e+00 -4.750100e+00 1.300000e+01
    endloop
  endfacet
  facet normal 0.000000e+00 0.000000e+00 1.000000e+00
    outer loop
      vertex   -2.634393e+00 -4.750100e+00 1.300000e+01
      vertex   -4.000000e+00 -7.000000e+00 1.300000e+01
      vertex   -2.555570e+00 -4.819769e+00 1.300000e+01
    endloop
  endfacet
  facet normal 0.000000e+00 0.000000e+00 1.000000e+00
    outer loop
      vertex   -2.555570e+00 -4.819769e+00 1.300000e+01
      vertex   -4.000000e+00 -7.000000e+00 1.300000e+01
      vertex   -2.471397e+00 -4.879895e+00 1.300000e+01
    endloop
  endfacet
  facet normal 0.000000e+00 0.000000e+00 1.000000e+00
    outer loop
      vertex   -2.471397e+00 -4.879895e+00 1.300000e+01
      vertex   -4.000000e+00 -7.000000e+00 1.300000e+01
      vertex   -2.382683e+00 -4.929899e+00 1.300000e+01
    endloop
  endfacet
  facet normal 0.000000e+00 0.000000e+00 1.000000e+00
    outer loop
      vertex   -2.382683e+00 -4.929899e+00 1.300000e+01
      vertex   -4.000000e+00 -7.000000e+00 1.300000e+01
      vertex   -2.290285e+00 -4.969300e+00 1.300000e+01
    endloop
  endfacet
  facet normal 0.000000e+00 0.000000e+00 1.000000e+00
    outer loop
      vertex   -2.290285e+00 -4.969300e+00 1.300000e+01
      vertex   -4.000000e+00 -7.000000e+00 1.300000e+01
      vertex   -2.195090e+00 -4.997717e+00 1.300000e+01
    endloop
  endfacet
  facet normal 0.000000e+00 0.000000e+00 1.000000e+00
    outer loop
      vertex   -1.019215e+00 -2.404609e+00 1.300000e+01
      vertex   -1.004815e+00 -2.520297e+00 1.300000e+01
      vertex   0.000000e+00 -3.500000e+00 1.300000e+01
    endloop
  endfacet
  facet normal 0.000000e+00 0.000000e+00 1.000000e+00
    outer loop
      vertex   0.000000e+00 -3.500000e+00 1.300000e+01
      vertex   -1.004815e+00 -2.520297e+00 1.300000e+01
      vertex   -1.000000e+00 -2.637109e+00 1.300000e+01
    endloop
  endfacet
  facet normal 0.000000e+00 0.000000e+00 1.000000e+00
    outer loop
      vertex   0.000000e+00 -3.500000e+00 1.300000e+01
      vertex   -1.000000e+00 -2.637109e+00 1.300000e+01
      vertex   -1.000000e+00 -3.828862e+00 1.300000e+01
    endloop
  endfacet
  facet normal -0.000000e+00 0.000000e+00 1.000000e+00
    outer loop
      vertex   -1.000000e+00 -3.828862e+00 1.300000e+01
      vertex   -1.004815e+00 -3.945675e+00 1.300000e+01
      vertex   0.000000e+00 -3.500000e+00 1.300000e+01
    endloop
  endfacet
  facet normal 0.000000e+00 0.000000e+00 1.000000e+00
    outer loop
      vertex   0.000000e+00 -3.500000e+00 1.300000e+01
      vertex   -1.004815e+00 -3.945675e+00 1.300000e+01
      vertex   -1.019215e+00 -4.061362e+00 1.300000e+01
    endloop
  endfacet
  facet normal 0.000000e+00 0.000000e+00 1.000000e+00
    outer loop
      vertex   -1.076120e+00 -4.284927e+00 1.300000e+01
      vertex   -1.118079e+00 -4.390651e+00 1.300000e+01
      vertex   -1.110223e-15 -7.000000e+00 1.300000e+01
    endloop
  endfacet
  facet normal 0.000000e+00 0.000000e+00 1.000000e+00
    outer loop
      vertex   -1.110223e-15 -7.000000e+00 1.300000e+01
      vertex   -1.118079e+00 -4.390651e+00 1.300000e+01
      vertex   -1.168530e+00 -4.490965e+00 1.300000e+01
    endloop
  endfacet
  facet normal 0.000000e+00 0.000000e+00 1.000000e+00
    outer loop
      vertex   -1.110223e-15 -7.000000e+00 1.300000e+01
      vertex   -1.168530e+00 -4.490965e+00 1.300000e+01
      vertex   -1.226990e+00 -4.584903e+00 1.300000e+01
    endloop
  endfacet
  facet normal 0.000000e+00 0.000000e+00 1.000000e+00
    outer loop
      vertex   -1.226990e+00 -4.584903e+00 1.300000e+01
      vertex   -1.292893e+00 -4.671559e+00 1.300000e+01
      vertex   -1.110223e-15 -7.000000e+00 1.300000e+01
    endloop
  endfacet
  facet normal 0.000000e+00 0.000000e+00 1.000000e+00
    outer loop
      vertex   -1.110223e-15 -7.000000e+00 1.300000e+01
      vertex   -1.292893e+00 -4.671559e+00 1.300000e+01
      vertex   -1.365607e+00 -4.750100e+00 1.300000e+01
    endloop
  endfacet
  facet normal 0.000000e+00 0.000000e+00 1.000000e+00
    outer loop
      vertex   -1.110223e-15 -7.000000e+00 1.300000e+01
      vertex   -1.365607e+00 -4.750100e+00 1.300000e+01
      vertex   -1.444430e+00 -4.819769e+00 1.300000e+01
    endloop
  endfacet
  facet normal 0.000000e+00 0.000000e+00 1.000000e+00
    outer loop
      vertex   -1.444430e+00 -4.819769e+00 1.300000e+01
      vertex   -1.528603e+00 -4.879895e+00 1.300000e+01
      vertex   -1.110223e-15 -7.000000e+00 1.300000e+01
    endloop
  endfacet
  facet normal 0.000000e+00 0.000000e+00 1.000000e+00
    outer loop
      vertex   -1.110223e-15 -7.000000e+00 1.300000e+01
      vertex   -1.528603e+00 -4.879895e+00 1.300000e+01
      vertex   -1.617317e+00 -4.929899e+00 1.300000e+01
    endloop
  endfacet
  facet normal 0.000000e+00 0.000000e+00 1.000000e+00
    outer loop
      vertex   -1.110223e-15 -7.000000e+00 1.300000e+01
      vertex   -1.617317e+00 -4.929899e+00 1.300000e+01
      vertex   -1.709715e+00 -4.969300e+00 1.300000e+01
    endloop
  endfacet
  facet normal 0.000000e+00 0.000000e+00 1.000000e+00
    outer loop
      vertex   -1.709715e+00 -4.969300e+00 1.300000e+01
      vertex   -1.804910e+00 -4.997717e+00 1.300000e+01
      vertex   -1.110223e-15 -7.000000e+00 1.300000e+01
    endloop
  endfacet
  facet normal 0.000000e+00 0.000000e+00 1.000000e+00
    outer loop
      vertex   -1.110223e-15 -7.000000e+00 1.300000e+01
      vertex   -1.804910e+00 -4.997717e+00 1.300000e+01
      vertex   -1.901983e+00 -5.014877e+00 1.300000e+01
    endloop
  endfacet
  facet normal 0.000000e+00 0.000000e+00 1.000000e+00
    outer loop
      vertex   -1.110223e-15 -7.000000e+00 1.300000e+01
      vertex   -1.901983e+00 -5.014877e+00 1.300000e+01
      vertex   -2.000000e+00 -5.020616e+00 1.300000e+01
    endloop
  endfacet
  facet normal -1.000000e+00 -0.000000e+00 0.000000e+00
    outer loop
      vertex   -4.000000e+00 8.000000e+00 1.200000e+01
      vertex   -4.000000e+00 2.146752e+00 1.048110e+01
      vertex   -4.000000e+00 7.000000e+00 1.300000e+01
    endloop
  endfacet
  facet normal -1.000000e+00 0.000000e+00 0.000000e+00
    outer loop
      vertex   -4.000000e+00 7.000000e+00 1.300000e+01
      vertex   -4.000000e+00 2.146752e+00 1.048110e+01
      vertex   -4.000000e+00 2.080798e+00 1.071434e+01
    endloop
  endfacet
  facet normal -1.000000e+00 0.000000e+00 0.000000e+00
    outer loop
      vertex   -4.000000e+00 7.000000e+00 1.300000e+01
      vertex   -4.000000e+00 2.080798e+00 1.071434e+01
      vertex   -4.000000e+00 1.989586e+00 1.093891e+01
    endloop
  endfacet
  facet normal -1.000000e+00 0.000000e+00 0.000000e+00
    outer loop
      vertex   -4.000000e+00 8.000000e+00 2.365685e+00
      vertex   -4.000000e+00 6.832401e+00 4.666939e+00
      vertex   -4.000000e+00 8.000000e+00 1.200000e+01
    endloop
  endfacet
  facet normal -1.000000e+00 0.000000e+00 0.000000e+00
    outer loop
      vertex   -4.000000e+00 8.000000e+00 1.200000e+01
      vertex   -4.000000e+00 6.832401e+00 4.666939e+00
      vertex   -4.000000e+00 6.742584e+00 4.875158e+00
    endloop
  endfacet
  facet normal -1.000000e+00 0.000000e+00 0.000000e+00
    outer loop
      vertex   -4.000000e+00 8.000000e+00 1.200000e+01
      vertex   -4.000000e+00 6.742584e+00 4.875158e+00
      vertex   -4.000000e+00 6.629201e+00 5.071543e+00
    endloop
  endfacet
  facet normal -1.000000e+00 0.000000e+00 0.000000e+00
    outer loop
      vertex   -4.000000e+00 6.234315e+00 6.000000e-01
      vertex   -4.000000e+00 6.164459e+00 2.435860e+00
      vertex   -4.000000e+00 8.000000e+00 2.365685e+00
    endloop
  endfacet
  facet normal -1.000000e+00 0.000000e+00 0.000000e+00
    outer loop
      vertex   -4.000000e+00 8.000000e+00 2.365685e+00
      vertex   -4.000000e+00 6.164459e+00 2.435860e+00
      vertex   -4.000000e+00 6.338171e+00 2.581621e+00
    endloop
  endfacet
  facet normal -1.000000e+00 0.000000e+00 0.000000e+00
    outer loop
      vertex   -4.000000e+00 8.000000e+00 2.365685e+00
      vertex   -4.000000e+00 6.338171e+00 2.581621e+00
      vertex   -4.000000e+00 6.493787e+00 2.746564e+00
    endloop
  endfacet
  facet normal -1.000000e+00 0.000000e+00 0.000000e+00
    outer loop
      vertex   -4.000000e+00 -6.234315e+00 6.000000e-01
      vertex   -4.000000e+00 4.025000e+00 2.311250e+00
      vertex   -4.000000e+00 6.234315e+00 6.000000e-01
    endloop
  endfacet
  facet normal -1.000000e+00 0.000000e+00 0.000000e+00
    outer loop
      vertex   -4.000000e+00 6.234315e+00 6.000000e-01
      vertex   -4.000000e+00 4.025000e+00 2.311250e+00
      vertex   -4.000000e+00 4.227644e+00 2.209479e+00
    endloop
  endfacet
  facet normal -1.000000e+00 0.000000e+00 0.000000e+00
    outer loop
      vertex   -4.000000e+00 6.234315e+00 6.000000e-01
      vertex   -4.000000e+00 4.227644e+00 2.209479e+00
      vertex   -4.000000e+00 4.440734e+00 2.131920e+00
    endloop
  endfacet
  facet normal -1.000000e+00 0.000000e+00 0.000000e+00
    outer loop
      vertex   -4.000000e+00 -8.000000e+00 2.365685e+00
      vertex   -4.000000e+00 -6.164459e+00 2.435860e+00
      vertex   -4.000000e+00 -6.234315e+00 6.000000e-01
    endloop
  endfacet
  facet normal -1.000000e+00 0.000000e+00 0.000000e+00
    outer loop
      vertex   -4.000000e+00 -6.234315e+00 6.000000e-01
      vertex   -4.000000e+00 -6.164459e+00 2.435860e+00
      vertex   -4.000000e+00 -5.975000e+00 2.311250e+00
    endloop
  endfacet
  facet normal -1.000000e+00 0.000000e+00 0.000000e+00
    outer loop
      vertex   -4.000000e+00 -6.234315e+00 6.000000e-01
      vertex   -4.000000e+00 -5.975000e+00 2.311250e+00
      vertex   -4.000000e+00 -5.772356e+00 2.209479e+00
    endloop
  endfacet
  facet normal -1.000000e+00 0.000000e+00 0.000000e+00
    outer loop
      vertex   -4.000000e+00 -8.000000e+00 1.200000e+01
      vertex   -4.000000e+00 -6.832401e+00 4.666939e+00
      vertex   -4.000000e+00 -8.000000e+00 2.365685e+00
    endloop
  endfacet
  facet normal -1.000000e+00 0.000000e+00 0.000000e+00
    outer loop
      vertex   -4.000000e+00 -8.000000e+00 2.365685e+00
      vertex   -4.000000e+00 -6.832401e+00 4.666939e+00
      vertex   -4.000000e+00 -6.897437e+00 4.449701e+00
    endloop
  endfacet
  facet normal -1.000000e+00 0.000000e+00 0.000000e+00
    outer loop
      vertex   -4.000000e+00 -8.000000e+00 2.365685e+00
      vertex   -4.000000e+00 -6.897437e+00 4.449701e+00
      vertex   -4.000000e+00 -6.936815e+00 4.226381e+00
    endloop
  endfacet
  facet normal -1.000000e+00 0.000000e+00 -0.000000e+00
    outer loop
      vertex   -4.000000e+00 -7.000000e+00 1.300000e+01
      vertex   -4.000000e+00 -2.116990e+00 1.059863e+01
      vertex   -4.000000e+00 -8.000000e+00 1.200000e+01
    endloop
  endfacet
  facet normal -1.000000e+00 0.000000e+00 0.000000e+00
    outer loop
      vertex   -4.000000e+00 -8.000000e+00 1.200000e+01
      vertex   -4.000000e+00 -2.116990e+00 1.059863e+01
      vertex   -4.000000e+00 -2.169995e+00 1.036211e+01
    endloop
  endfacet
  facet normal -1.000000e+00 0.000000e+00 0.000000e+00
    outer loop
      vertex   -4.000000e+00 -8.000000e+00 1.200000e+01
      vertex   -4.000000e+00 -2.169995e+00 1.036211e+01
      vertex   -4.000000e+00 -2.196659e+00 1.012119e+01
    endloop
  endfacet
  facet normal -1.000000e+00 -0.000000e+00 0.000000e+00
    outer loop
      vertex   -4.000000e+00 7.000000e+00 1.300000e+01
      vertex   -4.000000e+00 6.061955e-02 1.219916e+01
      vertex   -4.000000e+00 -7.000000e+00 1.300000e+01
    endloop
  endfacet
  facet normal -1.000000e+00 0.000000e+00 0.000000e+00
    outer loop
      vertex   -4.000000e+00 -7.000000e+00 1.300000e+01
      vertex   -4.000000e+00 6.061955e-02 1.219916e+01
      vertex   -4.000000e+00 -1.816746e-01 1.219249e+01
    endloop
  endfacet
  facet normal -1.000000e+00 0.000000e+00 0.000000e+00
    outer loop
      vertex   -4.000000e+00 -7.000000e+00 1.300000e+01
      vertex   -4.000000e+00 -1.816746e-01 1.219249e+01
      vertex   -4.000000e+00 -4.217634e-01 1.215919e+01
    endloop
  endfacet
  facet normal -1.000000e+00 0.000000e+00 0.000000e+00
    outer loop
      vertex   -4.000000e+00 2.186647e+00 9.757982e+00
      vertex   -4.000000e+00 2.200000e+00 1.000000e+01
      vertex   -4.000000e+00 8.000000e+00 1.200000e+01
    endloop
  endfacet
  facet normal -1.000000e+00 0.000000e+00 0.000000e+00
    outer loop
      vertex   -4.000000e+00 8.000000e+00 1.200000e+01
      vertex   -4.000000e+00 2.200000e+00 1.000000e+01
      vertex   -4.000000e+00 2.186647e+00 1.024202e+01
    endloop
  endfacet
  facet normal -1.000000e+00 0.000000e+00 0.000000e+00
    outer loop
      vertex   -4.000000e+00 8.000000e+00 1.200000e+01
      vertex   -4.000000e+00 2.186647e+00 1.024202e+01
      vertex   -4.000000e+00 2.146752e+00 1.048110e+01
    endloop
  endfacet
  facet normal -1.000000e+00 0.000000e+00 0.000000e+00
    outer loop
      vertex   -4.000000e+00 1.989586e+00 1.093891e+01
      vertex   -4.000000e+00 1.874223e+00 1.115208e+01
      vertex   -4.000000e+00 7.000000e+00 1.300000e+01
    endloop
  endfacet
  facet normal -1.000000e+00 0.000000e+00 0.000000e+00
    outer loop
      vertex   -4.000000e+00 7.000000e+00 1.300000e+01
      vertex   -4.000000e+00 1.874223e+00 1.115208e+01
      vertex   -4.000000e+00 1.736109e+00 1.135127e+01
    endloop
  endfacet
  facet normal -1.000000e+00 0.000000e+00 0.000000e+00
    outer loop
      vertex   -4.000000e+00 7.000000e+00 1.300000e+01
      vertex   -4.000000e+00 1.736109e+00 1.135127e+01
      vertex   -4.000000e+00 1.576922e+00 1.153405e+01
    endloop
  endfacet
  facet normal -1.000000e+00 0.000000e+00 0.000000e+00
    outer loop
      vertex   -4.000000e+00 1.576922e+00 1.153405e+01
      vertex   -4.000000e+00 1.398592e+00 1.169822e+01
      vertex   -4.000000e+00 7.000000e+00 1.300000e+01
    endloop
  endfacet
  facet normal -1.000000e+00 0.000000e+00 0.000000e+00
    outer loop
      vertex   -4.000000e+00 7.000000e+00 1.300000e+01
      vertex   -4.000000e+00 1.398592e+00 1.169822e+01
      vertex   -4.000000e+00 1.203286e+00 1.184177e+01
    endloop
  endfacet
  facet normal -1.000000e+00 0.000000e+00 0.000000e+00
    outer loop
      vertex   -4.000000e+00 7.000000e+00 1.300000e+01
      vertex   -4.000000e+00 1.203286e+00 1.184177e+01
      vertex   -4.000000e+00 9.933734e-01 1.196296e+01
    endloop
  endfacet
  facet normal -1.000000e+00 0.000000e+00 0.000000e+00
    outer loop
      vertex   -4.000000e+00 9.933734e-01 1.196296e+01
      vertex   -4.000000e+00 7.714026e-01 1.206032e+01
      vertex   -4.000000e+00 7.000000e+00 1.300000e+01
    endloop
  endfacet
  facet normal -1.000000e+00 0.000000e+00 0.000000e+00
    outer loop
      vertex   -4.000000e+00 7.000000e+00 1.300000e+01
      vertex   -4.000000e+00 7.714026e-01 1.206032e+01
      vertex   -4.000000e+00 5.400681e-01 1.213268e+01
    endloop
  endfacet
  facet normal -1.000000e+00 0.000000e+00 0.000000e+00
    outer loop
      vertex   -4.000000e+00 7.000000e+00 1.300000e+01
      vertex   -4.000000e+00 5.400681e-01 1.213268e+01
      vertex   -4.000000e+00 3.021778e-01 1.217915e+01
    endloop
  endfacet
  facet normal -1.000000e+00 0.000000e+00 0.000000e+00
    outer loop
      vertex   -4.000000e+00 3.021778e-01 1.217915e+01
      vertex   -4.000000e+00 6.061955e-02 1.219916e+01
      vertex   -4.000000e+00 7.000000e+00 1.300000e+01
    endloop
  endfacet
  facet normal -1.000000e+00 -0.000000e+00 0.000000e+00
    outer loop
      vertex   -4.000000e+00 -4.217634e-01 1.215919e+01
      vertex   -4.000000e+00 -6.567326e-01 1.209969e+01
      vertex   -4.000000e+00 -7.000000e+00 1.300000e+01
    endloop
  endfacet
  facet normal -1.000000e+00 0.000000e+00 0.000000e+00
    outer loop
      vertex   -4.000000e+00 -7.000000e+00 1.300000e+01
      vertex   -4.000000e+00 -6.567326e-01 1.209969e+01
      vertex   -4.000000e+00 -8.837299e-01 1.201470e+01
    endloop
  endfacet
  facet normal -1.000000e+00 0.000000e+00 0.000000e+00
    outer loop
      vertex   -4.000000e+00 -7.000000e+00 1.300000e+01
      vertex   -4.000000e+00 -8.837299e-01 1.201470e+01
      vertex   -4.000000e+00 -1.100000e+00 1.190526e+01
    endloop
  endfacet
  facet normal -1.000000e+00 -0.000000e+00 0.000000e+00
    outer loop
      vertex   -4.000000e+00 -1.100000e+00 1.190526e+01
      vertex   -4.000000e+00 -1.302918e+00 1.177268e+01
      vertex   -4.000000e+00 -7.000000e+00 1.300000e+01
    endloop
  endfacet
  facet normal -1.000000e+00 0.000000e+00 0.000000e+00
    outer loop
      vertex   -4.000000e+00 -7.000000e+00 1.300000e+01
      vertex   -4.000000e+00 -1.302918e+00 1.177268e+01
      vertex   -4.000000e+00 -1.490019e+00 1.161859e+01
    endloop
  endfacet
  facet normal -1.000000e+00 0.000000e+00 0.000000e+00
    outer loop
      vertex   -4.000000e+00 -7.000000e+00 1.300000e+01
      vertex   -4.000000e+00 -1.490019e+00 1.161859e+01
      vertex   -4.000000e+00 -1.659035e+00 1.144485e+01
    endloop
  endfacet
  facet normal -1.000000e+00 -0.000000e+00 0.000000e+00
    outer loop
      vertex   -4.000000e+00 -1.659035e+00 1.144485e+01
      vertex   -4.000000e+00 -1.807911e+00 1.125358e+01
      vertex   -4.000000e+00 -7.000000e+00 1.300000e+01
    endloop
  endfacet
  facet normal -1.000000e+00 0.000000e+00 0.000000e+00
    outer loop
      vertex   -4.000000e+00 -7.000000e+00 1.300000e+01
      vertex   -4.000000e+00 -1.807911e+00 1.125358e+01
      vertex   -4.000000e+00 -1.934842e+00 1.104708e+01
    endloop
  endfacet
  facet normal -1.000000e+00 0.000000e+00 0.000000e+00
    outer loop
      vertex   -4.000000e+00 -7.000000e+00 1.300000e+01
      vertex   -4.000000e+00 -1.934842e+00 1.104708e+01
      vertex   -4.000000e+00 -2.038287e+00 1.082788e+01
    endloop
  endfacet
  facet normal -1.000000e+00 -0.000000e+00 0.000000e+00
    outer loop
      vertex   -4.000000e+00 -2.038287e+00 1.082788e+01
      vertex   -4.000000e+00 -2.116990e+00 1.059863e+01
      vertex   -4.000000e+00 -7.000000e+00 1.300000e+01
    endloop
  endfacet
  facet normal -1.000000e+00 -0.000000e+00 -0.000000e+00
    outer loop
      vertex   -4.000000e+00 -2.196659e+00 1.012119e+01
      vertex   -4.000000e+00 -2.196659e+00 9.878807e+00
      vertex   -4.000000e+00 -8.000000e+00 1.200000e+01
    endloop
  endfacet
  facet normal -1.000000e+00 0.000000e+00 0.000000e+00
    outer loop
      vertex   -4.000000e+00 -8.000000e+00 1.200000e+01
      vertex   -4.000000e+00 -2.196659e+00 9.878807e+00
      vertex   -4.000000e+00 -2.169995e+00 9.637892e+00
    endloop
  endfacet
  facet normal -1.000000e+00 0.000000e+00 0.000000e+00
    outer loop
      vertex   -4.000000e+00 -8.000000e+00 1.200000e+01
      vertex   -4.000000e+00 -2.169995e+00 9.637892e+00
      vertex   -4.000000e+00 -5.338614e+00 5.920375e+00
    endloop
  endfacet
  facet normal -1.000000e+00 0.000000e+00 0.000000e+00
    outer loop
      vertex   -4.000000e+00 -5.338614e+00 5.920375e+00
      vertex   -4.000000e+00 -2.169995e+00 9.637892e+00
      vertex   -4.000000e+00 -2.116990e+00 9.401372e+00
    endloop
  endfacet
  facet normal -1.000000e+00 0.000000e+00 0.000000e+00
    outer loop
      vertex   -4.000000e+00 -5.338614e+00 5.920375e+00
      vertex   -4.000000e+00 -2.116990e+00 9.401372e+00
      vertex   -4.000000e+00 -5.113382e+00 5.946701e+00
    endloop
  endfacet
  facet normal -1.000000e+00 0.000000e+00 0.000000e+00
    outer loop
      vertex   -4.000000e+00 -5.113382e+00 5.946701e+00
      vertex   -4.000000e+00 -2.116990e+00 9.401372e+00
      vertex   -4.000000e+00 -2.038287e+00 9.172119e+00
    endloop
  endfacet
  facet normal -1.000000e+00 0.000000e+00 0.000000e+00
    outer loop
      vertex   -4.000000e+00 -5.113382e+00 5.946701e+00
      vertex   -4.000000e+00 -2.038287e+00 9.172119e+00
      vertex   -4.000000e+00 -4.886618e+00 5.946701e+00
    endloop
  endfacet
  facet normal -1.000000e+00 0.000000e+00 0.000000e+00
    outer loop
      vertex   -4.000000e+00 -4.886618e+00 5.946701e+00
      vertex   -4.000000e+00 -2.038287e+00 9.172119e+00
      vertex   -4.000000e+00 -1.934842e+00 8.952916e+00
    endloop
  endfacet
  facet normal -1.000000e+00 0.000000e+00 0.000000e+00
    outer loop
      vertex   -4.000000e+00 -4.886618e+00 5.946701e+00
      vertex   -4.000000e+00 -1.934842e+00 8.952916e+00
      vertex   -4.000000e+00 -4.661386e+00 5.920375e+00
    endloop
  endfacet
  facet normal -1.000000e+00 0.000000e+00 0.000000e+00
    outer loop
      vertex   -4.000000e+00 -4.661386e+00 5.920375e+00
      vertex   -4.000000e+00 -1.934842e+00 8.952916e+00
      vertex   -4.000000e+00 -1.807911e+00 8.746422e+00
    endloop
  endfacet
  facet normal -1.000000e+00 0.000000e+00 0.000000e+00
    outer loop
      vertex   -4.000000e+00 -4.661386e+00 5.920375e+00
      vertex   -4.000000e+00 -1.807911e+00 8.746422e+00
      vertex   -4.000000e+00 -4.440734e+00 5.868080e+00
    endloop
  endfacet
  facet normal -1.000000e+00 0.000000e+00 0.000000e+00
    outer loop
      vertex   -4.000000e+00 -4.440734e+00 5.868080e+00
      vertex   -4.000000e+00 -1.807911e+00 8.746422e+00
      vertex   -4.000000e+00 -1.659035e+00 8.555146e+00
    endloop
  endfacet
  facet normal -1.000000e+00 0.000000e+00 0.000000e+00
    outer loop
      vertex   -4.000000e+00 -4.440734e+00 5.868080e+00
      vertex   -4.000000e+00 -1.659035e+00 8.555146e+00
      vertex   -4.000000e+00 -1.490019e+00 8.381407e+00
    endloop
  endfacet
  facet normal -1.000000e+00 0.000000e+00 0.000000e+00
    outer loop
      vertex   -4.000000e+00 -4.440734e+00 5.868080e+00
      vertex   -4.000000e+00 -1.490019e+00 8.381407e+00
      vertex   -4.000000e+00 -4.227644e+00 5.790521e+00
    endloop
  endfacet
  facet normal -1.000000e+00 0.000000e+00 0.000000e+00
    outer loop
      vertex   -4.000000e+00 -4.227644e+00 5.790521e+00
      vertex   -4.000000e+00 -1.490019e+00 8.381407e+00
      vertex   -4.000000e+00 -1.302918e+00 8.227317e+00
    endloop
  endfacet
  facet normal -1.000000e+00 0.000000e+00 0.000000e+00
    outer loop
      vertex   -4.000000e+00 -4.227644e+00 5.790521e+00
      vertex   -4.000000e+00 -1.302918e+00 8.227317e+00
      vertex   -4.000000e+00 -4.025000e+00 5.688750e+00
    endloop
  endfacet
  facet normal -1.000000e+00 0.000000e+00 0.000000e+00
    outer loop
      vertex   -4.000000e+00 -4.025000e+00 5.688750e+00
      vertex   -4.000000e+00 -1.302918e+00 8.227317e+00
      vertex   -4.000000e+00 -1.100000e+00 8.094744e+00
    endloop
  endfacet
  facet normal -1.000000e+00 0.000000e+00 0.000000e+00
    outer loop
      vertex   -4.000000e+00 -4.025000e+00 5.688750e+00
      vertex   -4.000000e+00 -1.100000e+00 8.094744e+00
      vertex   -4.000000e+00 -3.835541e+00 5.564140e+00
    endloop
  endfacet
  facet normal -1.000000e+00 0.000000e+00 0.000000e+00
    outer loop
      vertex   -4.000000e+00 -3.835541e+00 5.564140e+00
      vertex   -4.000000e+00 -1.100000e+00 8.094744e+00
      vertex   -4.000000e+00 -8.837299e-01 7.985299e+00
    endloop
  endfacet
  facet normal -1.000000e+00 0.000000e+00 0.000000e+00
    outer loop
      vertex   -4.000000e+00 -3.835541e+00 5.564140e+00
      vertex   -4.000000e+00 -8.837299e-01 7.985299e+00
      vertex   -4.000000e+00 -3.661829e+00 5.418379e+00
    endloop
  endfacet
  facet normal -1.000000e+00 0.000000e+00 0.000000e+00
    outer loop
      vertex   -4.000000e+00 -3.661829e+00 5.418379e+00
      vertex   -4.000000e+00 -8.837299e-01 7.985299e+00
      vertex   -4.000000e+00 -3.506213e+00 5.253436e+00
    endloop
  endfacet
  facet normal -1.000000e+00 0.000000e+00 0.000000e+00
    outer loop
      vertex   -4.000000e+00 -3.506213e+00 5.253436e+00
      vertex   -4.000000e+00 -8.837299e-01 7.985299e+00
      vertex   -4.000000e+00 -6.567326e-01 7.900309e+00
    endloop
  endfacet
  facet normal -1.000000e+00 0.000000e+00 0.000000e+00
    outer loop
      vertex   -4.000000e+00 -3.506213e+00 5.253436e+00
      vertex   -4.000000e+00 -6.567326e-01 7.900309e+00
      vertex   -4.000000e+00 -3.370799e+00 5.071543e+00
    endloop
  endfacet
  facet normal -1.000000e+00 0.000000e+00 0.000000e+00
    outer loop
      vertex   -4.000000e+00 -3.370799e+00 5.071543e+00
      vertex   -4.000000e+00 -6.567326e-01 7.900309e+00
      vertex   -4.000000e+00 -4.217634e-01 7.840807e+00
    endloop
  endfacet
  facet normal -1.000000e+00 0.000000e+00 0.000000e+00
    outer loop
      vertex   -4.000000e+00 -3.370799e+00 5.071543e+00
      vertex   -4.000000e+00 -4.217634e-01 7.840807e+00
      vertex   -4.000000e+00 -3.257416e+00 4.875158e+00
    endloop
  endfacet
  facet normal -1.000000e+00 0.000000e+00 0.000000e+00
    outer loop
      vertex   -4.000000e+00 -3.257416e+00 4.875158e+00
      vertex   -4.000000e+00 -4.217634e-01 7.840807e+00
      vertex   -4.000000e+00 -1.816746e-01 7.807514e+00
    endloop
  endfacet
  facet normal -1.000000e+00 0.000000e+00 0.000000e+00
    outer loop
      vertex   -4.000000e+00 -3.257416e+00 4.875158e+00
      vertex   -4.000000e+00 -1.816746e-01 7.807514e+00
      vertex   -4.000000e+00 -3.167599e+00 4.666939e+00
    endloop
  endfacet
  facet normal -1.000000e+00 0.000000e+00 0.000000e+00
    outer loop
      vertex   -4.000000e+00 -3.167599e+00 4.666939e+00
      vertex   -4.000000e+00 -1.816746e-01 7.807514e+00
      vertex   -4.000000e+00 6.061955e-02 7.800835e+00
    endloop
  endfacet
  facet normal -1.000000e+00 0.000000e+00 0.000000e+00
    outer loop
      vertex   -4.000000e+00 -3.167599e+00 4.666939e+00
      vertex   -4.000000e+00 6.061955e-02 7.800835e+00
      vertex   -4.000000e+00 3.167599e+00 4.666939e+00
    endloop
  endfacet
  facet normal -1.000000e+00 0.000000e+00 0.000000e+00
    outer loop
      vertex   -4.000000e+00 3.167599e+00 4.666939e+00
      vertex   -4.000000e+00 6.061955e-02 7.800835e+00
      vertex   -4.000000e+00 3.257416e+00 4.875158e+00
    endloop
  endfacet
  facet normal -1.000000e+00 0.000000e+00 0.000000e+00
    outer loop
      vertex   -4.000000e+00 3.257416e+00 4.875158e+00
      vertex   -4.000000e+00 6.061955e-02 7.800835e+00
      vertex   -4.000000e+00 3.021778e-01 7.820851e+00
    endloop
  endfacet
  facet normal -1.000000e+00 0.000000e+00 0.000000e+00
    outer loop
      vertex   -4.000000e+00 3.257416e+00 4.875158e+00
      vertex   -4.000000e+00 3.021778e-01 7.820851e+00
      vertex   -4.000000e+00 3.370799e+00 5.071543e+00
    endloop
  endfacet
  facet normal -1.000000e+00 0.000000e+00 0.000000e+00
    outer loop
      vertex   -4.000000e+00 3.370799e+00 5.071543e+00
      vertex   -4.000000e+00 3.021778e-01 7.820851e+00
      vertex   -4.000000e+00 5.400681e-01 7.867319e+00
    endloop
  endfacet
  facet normal -1.000000e+00 0.000000e+00 0.000000e+00
    outer loop
      vertex   -4.000000e+00 3.370799e+00 5.071543e+00
      vertex   -4.000000e+00 5.400681e-01 7.867319e+00
      vertex   -4.000000e+00 3.506213e+00 5.253436e+00
    endloop
  endfacet
  facet normal -1.000000e+00 0.000000e+00 0.000000e+00
    outer loop
      vertex   -4.000000e+00 3.506213e+00 5.253436e+00
      vertex   -4.000000e+00 5.400681e-01 7.867319e+00
      vertex   -4.000000e+00 7.714026e-01 7.939675e+00
    endloop
  endfacet
  facet normal -1.000000e+00 0.000000e+00 0.000000e+00
    outer loop
      vertex   -4.000000e+00 3.506213e+00 5.253436e+00
      vertex   -4.000000e+00 7.714026e-01 7.939675e+00
      vertex   -4.000000e+00 3.661829e+00 5.418379e+00
    endloop
  endfacet
  facet normal -1.000000e+00 0.000000e+00 0.000000e+00
    outer loop
      vertex   -4.000000e+00 3.661829e+00 5.418379e+00
      vertex   -4.000000e+00 7.714026e-01 7.939675e+00
      vertex   -4.000000e+00 9.933734e-01 8.037041e+00
    endloop
  endfacet
  facet normal -1.000000e+00 0.000000e+00 0.000000e+00
    outer loop
      vertex   -4.000000e+00 3.661829e+00 5.418379e+00
      vertex   -4.000000e+00 9.933734e-01 8.037041e+00
      vertex   -4.000000e+00 3.835541e+00 5.564140e+00
    endloop
  endfacet
  facet normal -1.000000e+00 0.000000e+00 0.000000e+00
    outer loop
      vertex   -4.000000e+00 3.835541e+00 5.564140e+00
      vertex   -4.000000e+00 9.933734e-01 8.037041e+00
      vertex   -4.000000e+00 1.203286e+00 8.158234e+00
    endloop
  endfacet
  facet normal -1.000000e+00 0.000000e+00 0.000000e+00
    outer loop
      vertex   -4.000000e+00 3.835541e+00 5.564140e+00
      vertex   -4.000000e+00 1.203286e+00 8.158234e+00
      vertex   -4.000000e+00 4.025000e+00 5.688750e+00
    endloop
  endfacet
  facet normal -1.000000e+00 0.000000e+00 0.000000e+00
    outer loop
      vertex   -4.000000e+00 4.025000e+00 5.688750e+00
      vertex   -4.000000e+00 1.203286e+00 8.158234e+00
      vertex   -4.000000e+00 1.398592e+00 8.301783e+00
    endloop
  endfacet
  facet normal -1.000000e+00 0.000000e+00 0.000000e+00
    outer loop
      vertex   -4.000000e+00 4.025000e+00 5.688750e+00
      vertex   -4.000000e+00 1.398592e+00 8.301783e+00
      vertex   -4.000000e+00 4.227644e+00 5.790521e+00
    endloop
  endfacet
  facet normal -1.000000e+00 0.000000e+00 0.000000e+00
    outer loop
      vertex   -4.000000e+00 4.227644e+00 5.790521e+00
      vertex   -4.000000e+00 1.398592e+00 8.301783e+00
      vertex   -4.000000e+00 1.576922e+00 8.465947e+00
    endloop
  endfacet
  facet normal -1.000000e+00 0.000000e+00 0.000000e+00
    outer loop
      vertex   -4.000000e+00 4.227644e+00 5.790521e+00
      vertex   -4.000000e+00 1.576922e+00 8.465947e+00
      vertex   -4.000000e+00 4.440734e+00 5.868080e+00
    endloop
  endfacet
  facet normal -1.000000e+00 0.000000e+00 0.000000e+00
    outer loop
      vertex   -4.000000e+00 4.440734e+00 5.868080e+00
      vertex   -4.000000e+00 1.576922e+00 8.465947e+00
      vertex   -4.000000e+00 1.736109e+00 8.648732e+00
    endloop
  endfacet
  facet normal -1.000000e+00 0.000000e+00 0.000000e+00
    outer loop
      vertex   -4.000000e+00 4.440734e+00 5.868080e+00
      vertex   -4.000000e+00 1.736109e+00 8.648732e+00
      vertex   -4.000000e+00 4.661386e+00 5.920375e+00
    endloop
  endfacet
  facet normal -1.000000e+00 0.000000e+00 0.000000e+00
    outer loop
      vertex   -4.000000e+00 4.661386e+00 5.920375e+00
      vertex   -4.000000e+00 1.736109e+00 8.648732e+00
      vertex   -4.000000e+00 1.874223e+00 8.847920e+00
    endloop
  endfacet
  facet normal -1.000000e+00 0.000000e+00 0.000000e+00
    outer loop
      vertex   -4.000000e+00 4.661386e+00 5.920375e+00
      vertex   -4.000000e+00 1.874223e+00 8.847920e+00
      vertex   -4.000000e+00 4.886618e+00 5.946701e+00
    endloop
  endfacet
  facet normal -1.000000e+00 0.000000e+00 0.000000e+00
    outer loop
      vertex   -4.000000e+00 4.886618e+00 5.946701e+00
      vertex   -4.000000e+00 1.874223e+00 8.847920e+00
      vertex   -4.000000e+00 1.989586e+00 9.061092e+00
    endloop
  endfacet
  facet normal -1.000000e+00 0.000000e+00 0.000000e+00
    outer loop
      vertex   -4.000000e+00 4.886618e+00 5.946701e+00
      vertex   -4.000000e+00 1.989586e+00 9.061092e+00
      vertex   -4.000000e+00 5.113382e+00 5.946701e+00
    endloop
  endfacet
  facet normal -1.000000e+00 0.000000e+00 0.000000e+00
    outer loop
      vertex   -4.000000e+00 5.113382e+00 5.946701e+00
      vertex   -4.000000e+00 1.989586e+00 9.061092e+00
      vertex   -4.000000e+00 2.080798e+00 9.285661e+00
    endloop
  endfacet
  facet normal -1.000000e+00 0.000000e+00 0.000000e+00
    outer loop
      vertex   -4.000000e+00 5.113382e+00 5.946701e+00
      vertex   -4.000000e+00 2.080798e+00 9.285661e+00
      vertex   -4.000000e+00 2.146752e+00 9.518902e+00
    endloop
  endfacet
  facet normal -1.000000e+00 0.000000e+00 -0.000000e+00
    outer loop
      vertex   -4.000000e+00 2.186647e+00 9.757982e+00
      vertex   -4.000000e+00 8.000000e+00 1.200000e+01
      vertex   -4.000000e+00 2.146752e+00 9.518902e+00
    endloop
  endfacet
  facet normal -1.000000e+00 0.000000e+00 0.000000e+00
    outer loop
      vertex   -4.000000e+00 2.146752e+00 9.518902e+00
      vertex   -4.000000e+00 8.000000e+00 1.200000e+01
      vertex   -4.000000e+00 5.338614e+00 5.920375e+00
    endloop
  endfacet
  facet normal -1.000000e+00 0.000000e+00 0.000000e+00
    outer loop
      vertex   -4.000000e+00 2.146752e+00 9.518902e+00
      vertex   -4.000000e+00 5.338614e+00 5.920375e+00
      vertex   -4.000000e+00 5.113382e+00 5.946701e+00
    endloop
  endfacet
  facet normal -1.000000e+00 0.000000e+00 0.000000e+00
    outer loop
      vertex   -4.000000e+00 -3.063185e+00 4.226381e+00
      vertex   -4.000000e+00 3.063185e+00 4.226381e+00
      vertex   -4.000000e+00 -3.050000e+00 4.000000e+00
    endloop
  endfacet
  facet normal -1.000000e+00 0.000000e+00 0.000000e+00
    outer loop
      vertex   -4.000000e+00 -3.050000e+00 4.000000e+00
      vertex   -4.000000e+00 3.063185e+00 4.226381e+00
      vertex   -4.000000e+00 3.050000e+00 4.000000e+00
    endloop
  endfacet
  facet normal -1.000000e+00 0.000000e+00 -0.000000e+00
    outer loop
      vertex   -4.000000e+00 -3.050000e+00 4.000000e+00
      vertex   -4.000000e+00 3.050000e+00 4.000000e+00
      vertex   -4.000000e+00 -3.063185e+00 3.773619e+00
    endloop
  endfacet
  facet normal -1.000000e+00 0.000000e+00 0.000000e+00
    outer loop
      vertex   -4.000000e+00 -3.063185e+00 3.773619e+00
      vertex   -4.000000e+00 3.050000e+00 4.000000e+00
      vertex   -4.000000e+00 3.063185e+00 3.773619e+00
    endloop
  endfacet
  facet normal -1.000000e+00 0.000000e+00 -0.000000e+00
    outer loop
      vertex   -4.000000e+00 -3.063185e+00 3.773619e+00
      vertex   -4.000000e+00 3.063185e+00 3.773619e+00
      vertex   -4.000000e+00 -3.102563e+00 3.550299e+00
    endloop
  endfacet
  facet normal -1.000000e+00 0.000000e+00 0.000000e+00
    outer loop
      vertex   -4.000000e+00 -3.102563e+00 3.550299e+00
      vertex   -4.000000e+00 3.063185e+00 3.773619e+00
      vertex   -4.000000e+00 3.102563e+00 3.550299e+00
    endloop
  endfacet
  facet normal -1.000000e+00 0.000000e+00 -0.000000e+00
    outer loop
      vertex   -4.000000e+00 -3.102563e+00 3.550299e+00
      vertex   -4.000000e+00 3.102563e+00 3.550299e+00
      vertex   -4.000000e+00 -3.167599e+00 3.333061e+00
    endloop
  endfacet
  facet normal -1.000000e+00 0.000000e+00 0.000000e+00
    outer loop
      vertex   -4.000000e+00 -3.167599e+00 3.333061e+00
      vertex   -4.000000e+00 3.102563e+00 3.550299e+00
      vertex   -4.000000e+00 3.167599e+00 3.333061e+00
    endloop
  endfacet
  facet normal -1.000000e+00 0.000000e+00 -0.000000e+00
    outer loop
      vertex   -4.000000e+00 -3.167599e+00 3.333061e+00
      vertex   -4.000000e+00 3.167599e+00 3.333061e+00
      vertex   -4.000000e+00 -3.257416e+00 3.124842e+00
    endloop
  endfacet
  facet normal -1.000000e+00 0.000000e+00 0.000000e+00
    outer loop
      vertex   -4.000000e+00 -3.257416e+00 3.124842e+00
      vertex   -4.000000e+00 3.167599e+00 3.333061e+00
      vertex   -4.000000e+00 3.257416e+00 3.124842e+00
    endloop
  endfacet
  facet normal -1.000000e+00 0.000000e+00 -0.000000e+00
    outer loop
      vertex   -4.000000e+00 -3.257416e+00 3.124842e+00
      vertex   -4.000000e+00 3.257416e+00 3.124842e+00
      vertex   -4.000000e+00 -3.370799e+00 2.928457e+00
    endloop
  endfacet
  facet normal -1.000000e+00 0.000000e+00 0.000000e+00
    outer loop
      vertex   -4.000000e+00 -3.370799e+00 2.928457e+00
      vertex   -4.000000e+00 3.257416e+00 3.124842e+00
      vertex   -4.000000e+00 3.370799e+00 2.928457e+00
    endloop
  endfacet
  facet normal -1.000000e+00 0.000000e+00 -0.000000e+00
    outer loop
      vertex   -4.000000e+00 -3.370799e+00 2.928457e+00
      vertex   -4.000000e+00 3.370799e+00 2.928457e+00
      vertex   -4.000000e+00 -3.506213e+00 2.746564e+00
    endloop
  endfacet
  facet normal -1.000000e+00 0.000000e+00 0.000000e+00
    outer loop
      vertex   -4.000000e+00 -3.506213e+00 2.746564e+00
      vertex   -4.000000e+00 3.370799e+00 2.928457e+00
      vertex   -4.000000e+00 3.506213e+00 2.746564e+00
    endloop
  endfacet
  facet normal -1.000000e+00 0.000000e+00 -0.000000e+00
    outer loop
      vertex   -4.000000e+00 -3.506213e+00 2.746564e+00
      vertex   -4.000000e+00 3.506213e+00 2.746564e+00
      vertex   -4.000000e+00 -3.661829e+00 2.581621e+00
    endloop
  endfacet
  facet normal -1.000000e+00 0.000000e+00 0.000000e+00
    outer loop
      vertex   -4.000000e+00 -3.661829e+00 2.581621e+00
      vertex   -4.000000e+00 3.506213e+00 2.746564e+00
      vertex   -4.000000e+00 3.661829e+00 2.581621e+00
    endloop
  endfacet
  facet normal -1.000000e+00 0.000000e+00 -0.000000e+00
    outer loop
      vertex   -4.000000e+00 -3.661829e+00 2.581621e+00
      vertex   -4.000000e+00 3.661829e+00 2.581621e+00
      vertex   -4.000000e+00 -3.835541e+00 2.435860e+00
    endloop
  endfacet
  facet normal -1.000000e+00 0.000000e+00 0.000000e+00
    outer loop
      vertex   -4.000000e+00 -3.835541e+00 2.435860e+00
      vertex   -4.000000e+00 3.661829e+00 2.581621e+00
      vertex   -4.000000e+00 3.835541e+00 2.435860e+00
    endloop
  endfacet
  facet normal -1.000000e+00 0.000000e+00 0.000000e+00
    outer loop
      vertex   -4.000000e+00 -3.835541e+00 2.435860e+00
      vertex   -4.000000e+00 3.835541e+00 2.435860e+00
      vertex   -4.000000e+00 4.025000e+00 2.311250e+00
    endloop
  endfacet
  facet normal -1.000000e+00 0.000000e+00 0.000000e+00
    outer loop
      vertex   -4.000000e+00 3.063185e+00 4.226381e+00
      vertex   -4.000000e+00 -3.063185e+00 4.226381e+00
      vertex   -4.000000e+00 3.102563e+00 4.449701e+00
    endloop
  endfacet
  facet normal -1.000000e+00 -0.000000e+00 0.000000e+00
    outer loop
      vertex   -4.000000e+00 3.102563e+00 4.449701e+00
      vertex   -4.000000e+00 -3.063185e+00 4.226381e+00
      vertex   -4.000000e+00 -3.102563e+00 4.449701e+00
    endloop
  endfacet
  facet normal -1.000000e+00 0.000000e+00 0.000000e+00
    outer loop
      vertex   -4.000000e+00 3.102563e+00 4.449701e+00
      vertex   -4.000000e+00 -3.102563e+00 4.449701e+00
      vertex   -4.000000e+00 3.167599e+00 4.666939e+00
    endloop
  endfacet
  facet normal -1.000000e+00 -0.000000e+00 0.000000e+00
    outer loop
      vertex   -4.000000e+00 3.167599e+00 4.666939e+00
      vertex   -4.000000e+00 -3.102563e+00 4.449701e+00
      vertex   -4.000000e+00 -3.167599e+00 4.666939e+00
    endloop
  endfacet
  facet normal -1.000000e+00 -0.000000e+00 0.000000e+00
    outer loop
      vertex   -4.000000e+00 -5.338614e+00 5.920375e+00
      vertex   -4.000000e+00 -5.559266e+00 5.868080e+00
      vertex   -4.000000e+00 -8.000000e+00 1.200000e+01
    endloop
  endfacet
  facet normal -1.000000e+00 0.000000e+00 0.000000e+00
    outer loop
      vertex   -4.000000e+00 -8.000000e+00 1.200000e+01
      vertex   -4.000000e+00 -5.559266e+00 5.868080e+00
      vertex   -4.000000e+00 -5.772356e+00 5.790521e+00
    endloop
  endfacet
  facet normal -1.000000e+00 0.000000e+00 0.000000e+00
    outer loop
      vertex   -4.000000e+00 -8.000000e+00 1.200000e+01
      vertex   -4.000000e+00 -5.772356e+00 5.790521e+00
      vertex   -4.000000e+00 -5.975000e+00 5.688750e+00
    endloop
  endfacet
  facet normal -1.000000e+00 -0.000000e+00 0.000000e+00
    outer loop
      vertex   -4.000000e+00 -5.975000e+00 5.688750e+00
      vertex   -4.000000e+00 -6.164459e+00 5.564140e+00
      vertex   -4.000000e+00 -8.000000e+00 1.200000e+01
    endloop
  endfacet
  facet normal -1.000000e+00 0.000000e+00 0.000000e+00
    outer loop
      vertex   -4.000000e+00 -8.000000e+00 1.200000e+01
      vertex   -4.000000e+00 -6.164459e+00 5.564140e+00
      vertex   -4.000000e+00 -6.338171e+00 5.418379e+00
    endloop
  endfacet
  facet normal -1.000000e+00 0.000000e+00 0.000000e+00
    outer loop
      vertex   -4.000000e+00 -8.000000e+00 1.200000e+01
      vertex   -4.000000e+00 -6.338171e+00 5.418379e+00
      vertex   -4.000000e+00 -6.493787e+00 5.253436e+00
    endloop
  endfacet
  facet normal -1.000000e+00 -0.000000e+00 0.000000e+00
    outer loop
      vertex   -4.000000e+00 -6.493787e+00 5.253436e+00
      vertex   -4.000000e+00 -6.629201e+00 5.071543e+00
      vertex   -4.000000e+00 -8.000000e+00 1.200000e+01
    endloop
  endfacet
  facet normal -1.000000e+00 0.000000e+00 0.000000e+00
    outer loop
      vertex   -4.000000e+00 -8.000000e+00 1.200000e+01
      vertex   -4.000000e+00 -6.629201e+00 5.071543e+00
      vertex   -4.000000e+00 -6.742584e+00 4.875158e+00
    endloop
  endfacet
  facet normal -1.000000e+00 0.000000e+00 0.000000e+00
    outer loop
      vertex   -4.000000e+00 -8.000000e+00 1.200000e+01
      vertex   -4.000000e+00 -6.742584e+00 4.875158e+00
      vertex   -4.000000e+00 -6.832401e+00 4.666939e+00
    endloop
  endfacet
  facet normal -1.000000e+00 0.000000e+00 0.000000e+00
    outer loop
      vertex   -4.000000e+00 -6.936815e+00 4.226381e+00
      vertex   -4.000000e+00 -6.950000e+00 4.000000e+00
      vertex   -4.000000e+00 -8.000000e+00 2.365685e+00
    endloop
  endfacet
  facet normal -1.000000e+00 0.000000e+00 0.000000e+00
    outer loop
      vertex   -4.000000e+00 -8.000000e+00 2.365685e+00
      vertex   -4.000000e+00 -6.950000e+00 4.000000e+00
      vertex   -4.000000e+00 -6.936815e+00 3.773619e+00
    endloop
  endfacet
  facet normal -1.000000e+00 0.000000e+00 0.000000e+00
    outer loop
      vertex   -4.000000e+00 -8.000000e+00 2.365685e+00
      vertex   -4.000000e+00 -6.936815e+00 3.773619e+00
      vertex   -4.000000e+00 -6.897437e+00 3.550299e+00
    endloop
  endfacet
  facet normal -1.000000e+00 0.000000e+00 -0.000000e+00
    outer loop
      vertex   -4.000000e+00 -6.897437e+00 3.550299e+00
      vertex   -4.000000e+00 -6.832401e+00 3.333061e+00
      vertex   -4.000000e+00 -8.000000e+00 2.365685e+00
    endloop
  endfacet
  facet normal -1.000000e+00 0.000000e+00 0.000000e+00
    outer loop
      vertex   -4.000000e+00 -8.000000e+00 2.365685e+00
      vertex   -4.000000e+00 -6.832401e+00 3.333061e+00
      vertex   -4.000000e+00 -6.742584e+00 3.124842e+00
    endloop
  endfacet
  facet normal -1.000000e+00 0.000000e+00 0.000000e+00
    outer loop
      vertex   -4.000000e+00 -8.000000e+00 2.365685e+00
      vertex   -4.000000e+00 -6.742584e+00 3.124842e+00
      vertex   -4.000000e+00 -6.629201e+00 2.928457e+00
    endloop
  endfacet
  facet normal -1.000000e+00 0.000000e+00 -0.000000e+00
    outer loop
      vertex   -4.000000e+00 -6.629201e+00 2.928457e+00
      vertex   -4.000000e+00 -6.493787e+00 2.746564e+00
      vertex   -4.000000e+00 -8.000000e+00 2.365685e+00
    endloop
  endfacet
  facet normal -1.000000e+00 0.000000e+00 0.000000e+00
    outer loop
      vertex   -4.000000e+00 -8.000000e+00 2.365685e+00
      vertex   -4.000000e+00 -6.493787e+00 2.746564e+00
      vertex   -4.000000e+00 -6.338171e+00 2.581621e+00
    endloop
  endfacet
  facet normal -1.000000e+00 0.000000e+00 0.000000e+00
    outer loop
      vertex   -4.000000e+00 -8.000000e+00 2.365685e+00
      vertex   -4.000000e+00 -6.338171e+00 2.581621e+00
      vertex   -4.000000e+00 -6.164459e+00 2.435860e+00
    endloop
  endfacet
  facet normal -1.000000e+00 0.000000e+00 -0.000000e+00
    outer loop
      vertex   -4.000000e+00 -5.772356e+00 2.209479e+00
      vertex   -4.000000e+00 -5.559266e+00 2.131920e+00
      vertex   -4.000000e+00 -6.234315e+00 6.000000e-01
    endloop
  endfacet
  facet normal -1.000000e+00 0.000000e+00 0.000000e+00
    outer loop
      vertex   -4.000000e+00 -6.234315e+00 6.000000e-01
      vertex   -4.000000e+00 -5.559266e+00 2.131920e+00
      vertex   -4.000000e+00 -5.338614e+00 2.079625e+00
    endloop
  endfacet
  facet normal -1.000000e+00 0.000000e+00 0.000000e+00
    outer loop
      vertex   -4.000000e+00 -6.234315e+00 6.000000e-01
      vertex   -4.000000e+00 -5.338614e+00 2.079625e+00
      vertex   -4.000000e+00 -5.113382e+00 2.053299e+00
    endloop
  endfacet
  facet normal -1.000000e+00 0.000000e+00 -0.000000e+00
    outer loop
      vertex   -4.000000e+00 -5.113382e+00 2.053299e+00
      vertex   -4.000000e+00 -4.886618e+00 2.053299e+00
      vertex   -4.000000e+00 -6.234315e+00 6.000000e-01
    endloop
  endfacet
  facet normal -1.000000e+00 0.000000e+00 0.000000e+00
    outer loop
      vertex   -4.000000e+00 -6.234315e+00 6.000000e-01
      vertex   -4.000000e+00 -4.886618e+00 2.053299e+00
      vertex   -4.000000e+00 -4.661386e+00 2.079625e+00
    endloop
  endfacet
  facet normal -1.000000e+00 0.000000e+00 0.000000e+00
    outer loop
      vertex   -4.000000e+00 -6.234315e+00 6.000000e-01
      vertex   -4.000000e+00 -4.661386e+00 2.079625e+00
      vertex   -4.000000e+00 -4.440734e+00 2.131920e+00
    endloop
  endfacet
  facet normal -1.000000e+00 0.000000e+00 -0.000000e+00
    outer loop
      vertex   -4.000000e+00 -4.440734e+00 2.131920e+00
      vertex   -4.000000e+00 -4.227644e+00 2.209479e+00
      vertex   -4.000000e+00 -6.234315e+00 6.000000e-01
    endloop
  endfacet
  facet normal -1.000000e+00 0.000000e+00 0.000000e+00
    outer loop
      vertex   -4.000000e+00 -6.234315e+00 6.000000e-01
      vertex   -4.000000e+00 -4.227644e+00 2.209479e+00
      vertex   -4.000000e+00 -4.025000e+00 2.311250e+00
    endloop
  endfacet
  facet normal -1.000000e+00 0.000000e+00 0.000000e+00
    outer loop
      vertex   -4.000000e+00 -6.234315e+00 6.000000e-01
      vertex   -4.000000e+00 -4.025000e+00 2.311250e+00
      vertex   -4.000000e+00 4.025000e+00 2.311250e+00
    endloop
  endfacet
  facet normal -1.000000e+00 0.000000e+00 0.000000e+00
    outer loop
      vertex   -4.000000e+00 4.025000e+00 2.311250e+00
      vertex   -4.000000e+00 -4.025000e+00 2.311250e+00
      vertex   -4.000000e+00 -3.835541e+00 2.435860e+00
    endloop
  endfacet
  facet normal -1.000000e+00 0.000000e+00 0.000000e+00
    outer loop
      vertex   -4.000000e+00 6.936815e+00 3.773619e+00
      vertex   -4.000000e+00 6.950000e+00 4.000000e+00
      vertex   -4.000000e+00 8.000000e+00 2.365685e+00
    endloop
  endfacet
  facet normal -1.000000e+00 0.000000e+00 0.000000e+00
    outer loop
      vertex   -4.000000e+00 8.000000e+00 2.365685e+00
      vertex   -4.000000e+00 6.950000e+00 4.000000e+00
      vertex   -4.000000e+00 6.936815e+00 4.226381e+00
    endloop
  endfacet
  facet normal -1.000000e+00 0.000000e+00 0.000000e+00
    outer loop
      vertex   -4.000000e+00 8.000000e+00 2.365685e+00
      vertex   -4.000000e+00 6.936815e+00 4.226381e+00
      vertex   -4.000000e+00 6.897437e+00 4.449701e+00
    endloop
  endfacet
  facet normal -1.000000e+00 0.000000e+00 0.000000e+00
    outer loop
      vertex   -4.000000e+00 6.897437e+00 4.449701e+00
      vertex   -4.000000e+00 6.832401e+00 4.666939e+00
      vertex   -4.000000e+00 8.000000e+00 2.365685e+00
    endloop
  endfacet
  facet normal -1.000000e+00 0.000000e+00 0.000000e+00
    outer loop
      vertex   -4.000000e+00 6.629201e+00 5.071543e+00
      vertex   -4.000000e+00 6.493787e+00 5.253436e+00
      vertex   -4.000000e+00 8.000000e+00 1.200000e+01
    endloop
  endfacet
  facet normal -1.000000e+00 0.000000e+00 0.000000e+00
    outer loop
      vertex   -4.000000e+00 8.000000e+00 1.200000e+01
      vertex   -4.000000e+00 6.493787e+00 5.253436e+00
      vertex   -4.000000e+00 6.338171e+00 5.418379e+00
    endloop
  endfacet
  facet normal -1.000000e+00 0.000000e+00 0.000000e+00
    outer loop
      vertex   -4.000000e+00 8.000000e+00 1.200000e+01
      vertex   -4.000000e+00 6.338171e+00 5.418379e+00
      vertex   -4.000000e+00 6.164459e+00 5.564140e+00
    endloop
  endfacet
  facet normal -1.000000e+00 0.000000e+00 0.000000e+00
    outer loop
      vertex   -4.000000e+00 6.164459e+00 5.564140e+00
      vertex   -4.000000e+00 5.975000e+00 5.688750e+00
      vertex   -4.000000e+00 8.000000e+00 1.200000e+01
    endloop
  endfacet
  facet normal -1.000000e+00 0.000000e+00 0.000000e+00
    outer loop
      vertex   -4.000000e+00 8.000000e+00 1.200000e+01
      vertex   -4.000000e+00 5.975000e+00 5.688750e+00
      vertex   -4.000000e+00 5.772356e+00 5.790521e+00
    endloop
  endfacet
  facet normal -1.000000e+00 0.000000e+00 0.000000e+00
    outer loop
      vertex   -4.000000e+00 8.000000e+00 1.200000e+01
      vertex   -4.000000e+00 5.772356e+00 5.790521e+00
      vertex   -4.000000e+00 5.559266e+00 5.868080e+00
    endloop
  endfacet
  facet normal -1.000000e+00 0.000000e+00 0.000000e+00
    outer loop
      vertex   -4.000000e+00 5.559266e+00 5.868080e+00
      vertex   -4.000000e+00 5.338614e+00 5.920375e+00
      vertex   -4.000000e+00 8.000000e+00 1.200000e+01
    endloop
  endfacet
  facet normal -1.000000e+00 0.000000e+00 0.000000e+00
    outer loop
      vertex   -4.000000e+00 4.440734e+00 2.131920e+00
      vertex   -4.000000e+00 4.661386e+00 2.079625e+00
      vertex   -4.000000e+00 6.234315e+00 6.000000e-01
    endloop
  endfacet
  facet normal -1.000000e+00 0.000000e+00 0.000000e+00
    outer loop
      vertex   -4.000000e+00 6.234315e+00 6.000000e-01
      vertex   -4.000000e+00 4.661386e+00 2.079625e+00
      vertex   -4.000000e+00 4.886618e+00 2.053299e+00
    endloop
  endfacet
  facet normal -1.000000e+00 0.000000e+00 0.000000e+00
    outer loop
      vertex   -4.000000e+00 6.234315e+00 6.000000e-01
      vertex   -4.000000e+00 4.886618e+00 2.053299e+00
      vertex   -4.000000e+00 5.113382e+00 2.053299e+00
    endloop
  endfacet
  facet normal -1.000000e+00 0.000000e+00 0.000000e+00
    outer loop
      vertex   -4.000000e+00 5.113382e+00 2.053299e+00
      vertex   -4.000000e+00 5.338614e+00 2.079625e+00
      vertex   -4.000000e+00 6.234315e+00 6.000000e-01
    endloop
  endfacet
  facet normal -1.000000e+00 0.000000e+00 0.000000e+00
    outer loop
      vertex   -4.000000e+00 6.234315e+00 6.000000e-01
      vertex   -4.000000e+00 5.338614e+00 2.079625e+00
      vertex   -4.000000e+00 5.559266e+00 2.131920e+00
    endloop
  endfacet
  facet normal -1.000000e+00 0.000000e+00 0.000000e+00
    outer loop
      vertex   -4.000000e+00 6.234315e+00 6.000000e-01
      vertex   -4.000000e+00 5.559266e+00 2.131920e+00
      vertex   -4.000000e+00 5.772356e+00 2.209479e+00
    endloop
  endfacet
  facet normal -1.000000e+00 0.000000e+00 0.000000e+00
    outer loop
      vertex   -4.000000e+00 5.772356e+00 2.209479e+00
      vertex   -4.000000e+00 5.975000e+00 2.311250e+00
      vertex   -4.000000e+00 6.234315e+00 6.000000e-01
    endloop
  endfacet
  facet normal -1.000000e+00 0.000000e+00 0.000000e+00
    outer loop
      vertex   -4.000000e+00 6.234315e+00 6.000000e-01
      vertex   -4.000000e+00 5.975000e+00 2.311250e+00
      vertex   -4.000000e+00 6.164459e+00 2.435860e+00
    endloop
  endfacet
  facet normal -1.000000e+00 0.000000e+00 0.000000e+00
    outer loop
      vertex   -4.000000e+00 6.493787e+00 2.746564e+00
      vertex   -4.000000e+00 6.629201e+00 2.928457e+00
      vertex   -4.000000e+00 8.000000e+00 2.365685e+00
    endloop
  endfacet
  facet normal -1.000000e+00 0.000000e+00 0.000000e+00
    outer loop
      vertex   -4.000000e+00 8.000000e+00 2.365685e+00
      vertex   -4.000000e+00 6.629201e+00 2.928457e+00
      vertex   -4.000000e+00 6.742584e+00 3.124842e+00
    endloop
  endfacet
  facet normal -1.000000e+00 0.000000e+00 0.000000e+00
    outer loop
      vertex   -4.000000e+00 8.000000e+00 2.365685e+00
      vertex   -4.000000e+00 6.742584e+00 3.124842e+00
      vertex   -4.000000e+00 6.832401e+00 3.333061e+00
    endloop
  endfacet
  facet normal -1.000000e+00 0.000000e+00 0.000000e+00
    outer loop
      vertex   -4.000000e+00 6.832401e+00 3.333061e+00
      vertex   -4.000000e+00 6.897437e+00 3.550299e+00
      vertex   -4.000000e+00 8.000000e+00 2.365685e+00
    endloop
  endfacet
  facet normal -1.000000e+00 0.000000e+00 0.000000e+00
    outer loop
      vertex   -4.000000e+00 8.000000e+00 2.365685e+00
      vertex   -4.000000e+00 6.897437e+00 3.550299e+00
      vertex   -4.000000e+00 6.936815e+00 3.773619e+00
    endloop
  endfacet
  facet normal 0.000000e+00 -7.071068e-01 7.071068e-01
    outer loop
      vertex   1.400000e+00 -8.000000e+00 1.200000e+01
      vertex   1.636764e+00 -7.763236e+00 1.223676e+01
      vertex   -4.000000e+00 -8.000000e+00 1.200000e+01
    endloop
  endfacet
  facet normal 9.689362e-17 -7.071068e-01 7.071068e-01
    outer loop
      vertex   -4.000000e+00 -8.000000e+00 1.200000e+01
      vertex   1.636764e+00 -7.763236e+00 1.223676e+01
      vertex   -1.110223e-15 -7.000000e+00 1.300000e+01
    endloop
  endfacet
  facet normal -2.789044e-31 -7.071068e-01 7.071068e-01
    outer loop
      vertex   -4.000000e+00 -8.000000e+00 1.200000e+01
      vertex   -1.110223e-15 -7.000000e+00 1.300000e+01
      vertex   -4.000000e+00 -7.000000e+00 1.300000e+01
    endloop
  endfacet
  facet normal 0.000000e+00 1.000000e+00 0.000000e+00
    outer loop
      vertex   -2.987999e+00 8.000000e+00 2.345541e+00
      vertex   -3.600000e+00 8.000000e+00 1.800000e+00
      vertex   -3.000000e+00 8.000000e+00 2.500000e+00
    endloop
  endfacet
  facet normal 0.000000e+00 1.000000e+00 0.000000e+00
    outer loop
      vertex   -3.000000e+00 8.000000e+00 2.500000e+00
      vertex   -3.600000e+00 8.000000e+00 1.800000e+00
      vertex   -4.000000e+00 8.000000e+00 2.365685e+00
    endloop
  endfacet
  facet normal 0.000000e+00 1.000000e+00 -0.000000e+00
    outer loop
      vertex   -3.000000e+00 8.000000e+00 2.500000e+00
      vertex   -4.000000e+00 8.000000e+00 2.365685e+00
      vertex   -3.000000e+00 8.000000e+00 3.500000e+00
    endloop
  endfacet
  facet normal 0.000000e+00 1.000000e+00 -0.000000e+00
    outer loop
      vertex   -3.000000e+00 8.000000e+00 3.500000e+00
      vertex   -4.000000e+00 8.000000e+00 2.365685e+00
      vertex   -2.987688e+00 8.000000e+00 3.656434e+00
    endloop
  endfacet
  facet normal 0.000000e+00 1.000000e+00 -0.000000e+00
    outer loop
      vertex   -2.987688e+00 8.000000e+00 3.656434e+00
      vertex   -4.000000e+00 8.000000e+00 2.365685e+00
      vertex   -2.951057e+00 8.000000e+00 3.809017e+00
    endloop
  endfacet
  facet normal 0.000000e+00 1.000000e+00 -0.000000e+00
    outer loop
      vertex   -2.951057e+00 8.000000e+00 3.809017e+00
      vertex   -4.000000e+00 8.000000e+00 2.365685e+00
      vertex   -2.951057e+00 8.000000e+00 8.190983e+00
    endloop
  endfacet
  facet normal 0.000000e+00 1.000000e+00 0.000000e+00
    outer loop
      vertex   -2.951057e+00 8.000000e+00 3.809017e+00
      vertex   -2.951057e+00 8.000000e+00 8.190983e+00
      vertex   -2.891007e+00 8.000000e+00 3.953990e+00
    endloop
  endfacet
  facet normal 0.000000e+00 1.000000e+00 -0.000000e+00
    outer loop
      vertex   -2.891007e+00 8.000000e+00 3.953990e+00
      vertex   -2.951057e+00 8.000000e+00 8.190983e+00
      vertex   -2.891007e+00 8.000000e+00 8.046010e+00
    endloop
  endfacet
  facet normal 0.000000e+00 1.000000e+00 0.000000e+00
    outer loop
      vertex   -2.891007e+00 8.000000e+00 3.953990e+00
      vertex   -2.891007e+00 8.000000e+00 8.046010e+00
      vertex   -2.809017e+00 8.000000e+00 4.087785e+00
    endloop
  endfacet
  facet normal 0.000000e+00 1.000000e+00 -0.000000e+00
    outer loop
      vertex   -2.809017e+00 8.000000e+00 4.087785e+00
      vertex   -2.891007e+00 8.000000e+00 8.046010e+00
      vertex   -2.809017e+00 8.000000e+00 7.912215e+00
    endloop
  endfacet
  facet normal 0.000000e+00 1.000000e+00 0.000000e+00
    outer loop
      vertex   -2.809017e+00 8.000000e+00 4.087785e+00
      vertex   -2.809017e+00 8.000000e+00 7.912215e+00
      vertex   -2.707107e+00 8.000000e+00 4.207107e+00
    endloop
  endfacet
  facet normal 0.000000e+00 1.000000e+00 -0.000000e+00
    outer loop
      vertex   -2.707107e+00 8.000000e+00 4.207107e+00
      vertex   -2.809017e+00 8.000000e+00 7.912215e+00
      vertex   -2.707107e+00 8.000000e+00 7.792893e+00
    endloop
  endfacet
  facet normal 0.000000e+00 1.000000e+00 0.000000e+00
    outer loop
      vertex   -2.707107e+00 8.000000e+00 4.207107e+00
      vertex   -2.707107e+00 8.000000e+00 7.792893e+00
      vertex   -2.587785e+00 8.000000e+00 4.309017e+00
    endloop
  endfacet
  facet normal 0.000000e+00 1.000000e+00 -0.000000e+00
    outer loop
      vertex   -2.587785e+00 8.000000e+00 4.309017e+00
      vertex   -2.707107e+00 8.000000e+00 7.792893e+00
      vertex   -2.587785e+00 8.000000e+00 7.690983e+00
    endloop
  endfacet
  facet normal 0.000000e+00 1.000000e+00 0.000000e+00
    outer loop
      vertex   -2.587785e+00 8.000000e+00 4.309017e+00
      vertex   -2.587785e+00 8.000000e+00 7.690983e+00
      vertex   -2.453990e+00 8.000000e+00 4.391007e+00
    endloop
  endfacet
  facet normal 0.000000e+00 1.000000e+00 -0.000000e+00
    outer loop
      vertex   -2.453990e+00 8.000000e+00 4.391007e+00
      vertex   -2.587785e+00 8.000000e+00 7.690983e+00
      vertex   -2.453990e+00 8.000000e+00 7.608993e+00
    endloop
  endfacet
  facet normal 0.000000e+00 1.000000e+00 0.000000e+00
    outer loop
      vertex   -2.453990e+00 8.000000e+00 4.391007e+00
      vertex   -2.453990e+00 8.000000e+00 7.608993e+00
      vertex   -2.309017e+00 8.000000e+00 4.451057e+00
    endloop
  endfacet
  facet normal 0.000000e+00 1.000000e+00 -0.000000e+00
    outer loop
      vertex   -2.309017e+00 8.000000e+00 4.451057e+00
      vertex   -2.453990e+00 8.000000e+00 7.608993e+00
      vertex   -2.309017e+00 8.000000e+00 7.548943e+00
    endloop
  endfacet
  facet normal 0.000000e+00 1.000000e+00 0.000000e+00
    outer loop
      vertex   -2.309017e+00 8.000000e+00 4.451057e+00
      vertex   -2.309017e+00 8.000000e+00 7.548943e+00
      vertex   -2.156434e+00 8.000000e+00 4.487688e+00
    endloop
  endfacet
  facet normal 0.000000e+00 1.000000e+00 -0.000000e+00
    outer loop
      vertex   -2.156434e+00 8.000000e+00 4.487688e+00
      vertex   -2.309017e+00 8.000000e+00 7.548943e+00
      vertex   -2.156434e+00 8.000000e+00 7.512312e+00
    endloop
  endfacet
  facet normal 0.000000e+00 1.000000e+00 0.000000e+00
    outer loop
      vertex   -2.156434e+00 8.000000e+00 4.487688e+00
      vertex   -2.156434e+00 8.000000e+00 7.512312e+00
      vertex   -2.000000e+00 8.000000e+00 4.500000e+00
    endloop
  endfacet
  facet normal 0.000000e+00 1.000000e+00 -0.000000e+00
    outer loop
      vertex   -2.000000e+00 8.000000e+00 4.500000e+00
      vertex   -2.156434e+00 8.000000e+00 7.512312e+00
      vertex   -2.000000e+00 8.000000e+00 7.500000e+00
    endloop
  endfacet
  facet normal -0.000000e+00 1.000000e+00 0.000000e+00
    outer loop
      vertex   -2.000000e+00 8.000000e+00 4.500000e+00
      vertex   -2.000000e+00 8.000000e+00 7.500000e+00
      vertex   -1.843566e+00 8.000000e+00 4.487688e+00
    endloop
  endfacet
  facet normal 0.000000e+00 1.000000e+00 -0.000000e+00
    outer loop
      vertex   -1.843566e+00 8.000000e+00 4.487688e+00
      vertex   -2.000000e+00 8.000000e+00 7.500000e+00
      vertex   -1.843566e+00 8.000000e+00 7.512312e+00
    endloop
  endfacet
  facet normal -0.000000e+00 1.000000e+00 0.000000e+00
    outer loop
      vertex   -1.843566e+00 8.000000e+00 4.487688e+00
      vertex   -1.843566e+00 8.000000e+00 7.512312e+00
      vertex   -1.690983e+00 8.000000e+00 4.451057e+00
    endloop
  endfacet
  facet normal 0.000000e+00 1.000000e+00 -0.000000e+00
    outer loop
      vertex   -1.690983e+00 8.000000e+00 4.451057e+00
      vertex   -1.843566e+00 8.000000e+00 7.512312e+00
      vertex   -1.690983e+00 8.000000e+00 7.548943e+00
    endloop
  endfacet
  facet normal -0.000000e+00 1.000000e+00 0.000000e+00
    outer loop
      vertex   -1.690983e+00 8.000000e+00 4.451057e+00
      vertex   -1.690983e+00 8.000000e+00 7.548943e+00
      vertex   -1.546010e+00 8.000000e+00 4.391007e+00
    endloop
  endfacet
  facet normal 0.000000e+00 1.000000e+00 -0.000000e+00
    outer loop
      vertex   -1.546010e+00 8.000000e+00 4.391007e+00
      vertex   -1.690983e+00 8.000000e+00 7.548943e+00
      vertex   -1.546010e+00 8.000000e+00 7.608993e+00
    endloop
  endfacet
  facet normal -0.000000e+00 1.000000e+00 0.000000e+00
    outer loop
      vertex   -1.546010e+00 8.000000e+00 4.391007e+00
      vertex   -1.546010e+00 8.000000e+00 7.608993e+00
      vertex   -1.412215e+00 8.000000e+00 4.309017e+00
    endloop
  endfacet
  facet normal 0.000000e+00 1.000000e+00 -0.000000e+00
    outer loop
      vertex   -1.412215e+00 8.000000e+00 4.309017e+00
      vertex   -1.546010e+00 8.000000e+00 7.608993e+00
      vertex   -1.412215e+00 8.000000e+00 7.690983e+00
    endloop
  endfacet
  facet normal -0.000000e+00 1.000000e+00 0.000000e+00
    outer loop
      vertex   -1.412215e+00 8.000000e+00 4.309017e+00
      vertex   -1.412215e+00 8.000000e+00 7.690983e+00
      vertex   -1.292893e+00 8.000000e+00 4.207107e+00
    endloop
  endfacet
  facet normal 0.000000e+00 1.000000e+00 -0.000000e+00
    outer loop
      vertex   -1.292893e+00 8.000000e+00 4.207107e+00
      vertex   -1.412215e+00 8.000000e+00 7.690983e+00
      vertex   -1.292893e+00 8.000000e+00 7.792893e+00
    endloop
  endfacet
  facet normal 0.000000e+00 1.000000e+00 0.000000e+00
    outer loop
      vertex   -1.292893e+00 8.000000e+00 4.207107e+00
      vertex   -1.292893e+00 8.000000e+00 7.792893e+00
      vertex   6.938894e-17 8.000000e+00 7.662027e+00
    endloop
  endfacet
  facet normal 0.000000e+00 1.000000e+00 0.000000e+00
    outer loop
      vertex   6.938894e-17 8.000000e+00 7.662027e+00
      vertex   -1.292893e+00 8.000000e+00 7.792893e+00
      vertex   -1.190983e+00 8.000000e+00 7.912215e+00
    endloop
  endfacet
  facet normal 0.000000e+00 1.000000e+00 0.000000e+00
    outer loop
      vertex   6.938894e-17 8.000000e+00 7.662027e+00
      vertex   -1.190983e+00 8.000000e+00 7.912215e+00
      vertex   -1.108993e+00 8.000000e+00 8.046010e+00
    endloop
  endfacet
  facet normal 0.000000e+00 1.000000e+00 0.000000e+00
    outer loop
      vertex   -2.987999e+00 8.000000e+00 2.345541e+00
      vertex   -2.952285e+00 8.000000e+00 2.194790e+00
      vertex   -3.600000e+00 8.000000e+00 1.800000e+00
    endloop
  endfacet
  facet normal 0.000000e+00 1.000000e+00 0.000000e+00
    outer loop
      vertex   -3.600000e+00 8.000000e+00 1.800000e+00
      vertex   -2.952285e+00 8.000000e+00 2.194790e+00
      vertex   -2.893715e+00 8.000000e+00 2.051364e+00
    endloop
  endfacet
  facet normal 0.000000e+00 1.000000e+00 0.000000e+00
    outer loop
      vertex   -3.600000e+00 8.000000e+00 1.800000e+00
      vertex   -2.893715e+00 8.000000e+00 2.051364e+00
      vertex   -2.813694e+00 8.000000e+00 1.918706e+00
    endloop
  endfacet
  facet normal 0.000000e+00 1.000000e+00 0.000000e+00
    outer loop
      vertex   -2.813694e+00 8.000000e+00 1.918706e+00
      vertex   -2.714143e+00 8.000000e+00 1.800000e+00
      vertex   -3.600000e+00 8.000000e+00 1.800000e+00
    endloop
  endfacet
  facet normal 0.000000e+00 1.000000e+00 0.000000e+00
    outer loop
      vertex   -2.951057e+00 8.000000e+00 8.190983e+00
      vertex   -4.000000e+00 8.000000e+00 2.365685e+00
      vertex   -2.987688e+00 8.000000e+00 8.343566e+00
    endloop
  endfacet
  facet normal 0.000000e+00 1.000000e+00 0.000000e+00
    outer loop
      vertex   -2.987688e+00 8.000000e+00 8.343566e+00
      vertex   -4.000000e+00 8.000000e+00 2.365685e+00
      vertex   -4.000000e+00 8.000000e+00 1.200000e+01
    endloop
  endfacet
  facet normal 0.000000e+00 1.000000e+00 0.000000e+00
    outer loop
      vertex   -2.987688e+00 8.000000e+00 8.343566e+00
      vertex   -4.000000e+00 8.000000e+00 1.200000e+01
      vertex   -3.000000e+00 8.000000e+00 8.500000e+00
    endloop
  endfacet
  facet normal 0.000000e+00 1.000000e+00 -0.000000e+00
    outer loop
      vertex   -3.000000e+00 8.000000e+00 8.500000e+00
      vertex   -4.000000e+00 8.000000e+00 1.200000e+01
      vertex   -3.000000e+00 8.000000e+00 9.500000e+00
    endloop
  endfacet
  facet normal 0.000000e+00 1.000000e+00 -0.000000e+00
    outer loop
      vertex   -3.000000e+00 8.000000e+00 9.500000e+00
      vertex   -4.000000e+00 8.000000e+00 1.200000e+01
      vertex   -2.987688e+00 8.000000e+00 9.656434e+00
    endloop
  endfacet
  facet normal 0.000000e+00 1.000000e+00 -0.000000e+00
    outer loop
      vertex   -2.987688e+00 8.000000e+00 9.656434e+00
      vertex   -4.000000e+00 8.000000e+00 1.200000e+01
      vertex   -2.951057e+00 8.000000e+00 9.809017e+00
    endloop
  endfacet
  facet normal 0.000000e+00 1.000000e+00 -0.000000e+00
    outer loop
      vertex   -2.951057e+00 8.000000e+00 9.809017e+00
      vertex   -4.000000e+00 8.000000e+00 1.200000e+01
      vertex   -2.891007e+00 8.000000e+00 9.953990e+00
    endloop
  endfacet
  facet normal 0.000000e+00 1.000000e+00 -0.000000e+00
    outer loop
      vertex   -2.891007e+00 8.000000e+00 9.953990e+00
      vertex   -4.000000e+00 8.000000e+00 1.200000e+01
      vertex   -2.809017e+00 8.000000e+00 1.008779e+01
    endloop
  endfacet
  facet normal 0.000000e+00 1.000000e+00 -0.000000e+00
    outer loop
      vertex   -2.809017e+00 8.000000e+00 1.008779e+01
      vertex   -4.000000e+00 8.000000e+00 1.200000e+01
      vertex   -2.707107e+00 8.000000e+00 1.020711e+01
    endloop
  endfacet
  facet normal 0.000000e+00 1.000000e+00 -0.000000e+00
    outer loop
      vertex   -2.707107e+00 8.000000e+00 1.020711e+01
      vertex   -4.000000e+00 8.000000e+00 1.200000e+01
      vertex   -2.587785e+00 8.000000e+00 1.030902e+01
    endloop
  endfacet
  facet normal 0.000000e+00 1.000000e+00 -0.000000e+00
    outer loop
      vertex   -2.587785e+00 8.000000e+00 1.030902e+01
      vertex   -4.000000e+00 8.000000e+00 1.200000e+01
      vertex   -2.453990e+00 8.000000e+00 1.039101e+01
    endloop
  endfacet
  facet normal 0.000000e+00 1.000000e+00 -0.000000e+00
    outer loop
      vertex   -2.453990e+00 8.000000e+00 1.039101e+01
      vertex   -4.000000e+00 8.000000e+00 1.200000e+01
      vertex   -2.309017e+00 8.000000e+00 1.045106e+01
    endloop
  endfacet
  facet normal 0.000000e+00 1.000000e+00 -0.000000e+00
    outer loop
      vertex   -2.309017e+00 8.000000e+00 1.045106e+01
      vertex   -4.000000e+00 8.000000e+00 1.200000e+01
      vertex   -2.156434e+00 8.000000e+00 1.048769e+01
    endloop
  endfacet
  facet normal 0.000000e+00 1.000000e+00 -0.000000e+00
    outer loop
      vertex   -2.156434e+00 8.000000e+00 1.048769e+01
      vertex   -4.000000e+00 8.000000e+00 1.200000e+01
      vertex   -2.000000e+00 8.000000e+00 1.050000e+01
    endloop
  endfacet
  facet normal -0.000000e+00 1.000000e+00 -0.000000e+00
    outer loop
      vertex   -2.000000e+00 8.000000e+00 1.050000e+01
      vertex   -4.000000e+00 8.000000e+00 1.200000e+01
      vertex   -1.843566e+00 8.000000e+00 1.048769e+01
    endloop
  endfacet
  facet normal 0.000000e+00 1.000000e+00 -0.000000e+00
    outer loop
      vertex   -1.843566e+00 8.000000e+00 1.048769e+01
      vertex   -4.000000e+00 8.000000e+00 1.200000e+01
      vertex   1.400000e+00 8.000000e+00 1.200000e+01
    endloop
  endfacet
  facet normal -0.000000e+00 1.000000e+00 0.000000e+00
    outer loop
      vertex   -1.843566e+00 8.000000e+00 1.048769e+01
      vertex   1.400000e+00 8.000000e+00 1.200000e+01
      vertex   -1.690983e+00 8.000000e+00 1.045106e+01
    endloop
  endfacet
  facet normal -0.000000e+00 1.000000e+00 0.000000e+00
    outer loop
      vertex   -1.690983e+00 8.000000e+00 1.045106e+01
      vertex   1.400000e+00 8.000000e+00 1.200000e+01
      vertex   -1.546010e+00 8.000000e+00 1.039101e+01
    endloop
  endfacet
  facet normal -0.000000e+00 1.000000e+00 0.000000e+00
    outer loop
      vertex   -1.546010e+00 8.000000e+00 1.039101e+01
      vertex   1.400000e+00 8.000000e+00 1.200000e+01
      vertex   -1.412215e+00 8.000000e+00 1.030902e+01
    endloop
  endfacet
  facet normal -0.000000e+00 1.000000e+00 0.000000e+00
    outer loop
      vertex   -1.412215e+00 8.000000e+00 1.030902e+01
      vertex   1.400000e+00 8.000000e+00 1.200000e+01
      vertex   -1.292893e+00 8.000000e+00 1.020711e+01
    endloop
  endfacet
  facet normal -0.000000e+00 1.000000e+00 0.000000e+00
    outer loop
      vertex   -1.292893e+00 8.000000e+00 1.020711e+01
      vertex   1.400000e+00 8.000000e+00 1.200000e+01
      vertex   -1.190983e+00 8.000000e+00 1.008779e+01
    endloop
  endfacet
  facet normal -0.000000e+00 1.000000e+00 0.000000e+00
    outer loop
      vertex   -1.190983e+00 8.000000e+00 1.008779e+01
      vertex   1.400000e+00 8.000000e+00 1.200000e+01
      vertex   -1.108993e+00 8.000000e+00 9.953990e+00
    endloop
  endfacet
  facet normal -0.000000e+00 1.000000e+00 0.000000e+00
    outer loop
      vertex   -1.108993e+00 8.000000e+00 9.953990e+00
      vertex   1.400000e+00 8.000000e+00 1.200000e+01
      vertex   -1.048943e+00 8.000000e+00 9.809017e+00
    endloop
  endfacet
  facet normal -0.000000e+00 1.000000e+00 0.000000e+00
    outer loop
      vertex   -1.048943e+00 8.000000e+00 9.809017e+00
      vertex   1.400000e+00 8.000000e+00 1.200000e+01
      vertex   -1.012312e+00 8.000000e+00 9.656434e+00
    endloop
  endfacet
  facet normal -0.000000e+00 1.000000e+00 0.000000e+00
    outer loop
      vertex   -1.012312e+00 8.000000e+00 9.656434e+00
      vertex   1.400000e+00 8.000000e+00 1.200000e+01
      vertex   6.938894e-17 8.000000e+00 7.662027e+00
    endloop
  endfacet
  facet normal 0.000000e+00 1.000000e+00 0.000000e+00
    outer loop
      vertex   -1.012312e+00 8.000000e+00 9.656434e+00
      vertex   6.938894e-17 8.000000e+00 7.662027e+00
      vertex   -1.000000e+00 8.000000e+00 9.500000e+00
    endloop
  endfacet
  facet normal 0.000000e+00 1.000000e+00 0.000000e+00
    outer loop
      vertex   -1.000000e+00 8.000000e+00 9.500000e+00
      vertex   6.938894e-17 8.000000e+00 7.662027e+00
      vertex   -1.000000e+00 8.000000e+00 8.500000e+00
    endloop
  endfacet
  facet normal 0.000000e+00 1.000000e+00 0.000000e+00
    outer loop
      vertex   -1.000000e+00 8.000000e+00 8.500000e+00
      vertex   6.938894e-17 8.000000e+00 7.662027e+00
      vertex   -1.012312e+00 8.000000e+00 8.343566e+00
    endloop
  endfacet
  facet normal 0.000000e+00 1.000000e+00 0.000000e+00
    outer loop
      vertex   -1.012312e+00 8.000000e+00 8.343566e+00
      vertex   6.938894e-17 8.000000e+00 7.662027e+00
      vertex   -1.048943e+00 8.000000e+00 8.190983e+00
    endloop
  endfacet
  facet normal 0.000000e+00 1.000000e+00 0.000000e+00
    outer loop
      vertex   -1.048943e+00 8.000000e+00 8.190983e+00
      vertex   6.938894e-17 8.000000e+00 7.662027e+00
      vertex   -1.108993e+00 8.000000e+00 8.046010e+00
    endloop
  endfacet
  facet normal 0.000000e+00 1.000000e+00 0.000000e+00
    outer loop
      vertex   1.400000e+00 8.000000e+00 1.200000e+01
      vertex   1.400000e+00 8.000000e+00 8.314857e+00
      vertex   6.938894e-17 8.000000e+00 7.662027e+00
    endloop
  endfacet
  facet normal 0.000000e+00 1.000000e+00 -0.000000e+00
    outer loop
      vertex   0.000000e+00 8.000000e+00 1.800000e+00
      vertex   -1.012312e+00 8.000000e+00 3.656434e+00
      vertex   6.938894e-17 8.000000e+00 7.662027e+00
    endloop
  endfacet
  facet normal 0.000000e+00 1.000000e+00 0.000000e+00
    outer loop
      vertex   6.938894e-17 8.000000e+00 7.662027e+00
      vertex   -1.012312e+00 8.000000e+00 3.656434e+00
      vertex   -1.048943e+00 8.000000e+00 3.809017e+00
    endloop
  endfacet
  facet normal 0.000000e+00 1.000000e+00 0.000000e+00
    outer loop
      vertex   6.938894e-17 8.000000e+00 7.662027e+00
      vertex   -1.048943e+00 8.000000e+00 3.809017e+00
      vertex   -1.108993e+00 8.000000e+00 3.953990e+00
    endloop
  endfacet
  facet normal -0.000000e+00 1.000000e+00 0.000000e+00
    outer loop
      vertex   -1.285857e+00 8.000000e+00 1.800000e+00
      vertex   -1.186306e+00 8.000000e+00 1.918706e+00
      vertex   0.000000e+00 8.000000e+00 1.800000e+00
    endloop
  endfacet
  facet normal 0.000000e+00 1.000000e+00 0.000000e+00
    outer loop
      vertex   0.000000e+00 8.000000e+00 1.800000e+00
      vertex   -1.186306e+00 8.000000e+00 1.918706e+00
      vertex   -1.106285e+00 8.000000e+00 2.051364e+00
    endloop
  endfacet
  facet normal 0.000000e+00 1.000000e+00 0.000000e+00
    outer loop
      vertex   0.000000e+00 8.000000e+00 1.800000e+00
      vertex   -1.106285e+00 8.000000e+00 2.051364e+00
      vertex   -1.047715e+00 8.000000e+00 2.194790e+00
    endloop
  endfacet
  facet normal -0.000000e+00 1.000000e+00 0.000000e+00
    outer loop
      vertex   -1.047715e+00 8.000000e+00 2.194790e+00
      vertex   -1.012001e+00 8.000000e+00 2.345541e+00
      vertex   0.000000e+00 8.000000e+00 1.800000e+00
    endloop
  endfacet
  facet normal 0.000000e+00 1.000000e+00 0.000000e+00
    outer loop
      vertex   0.000000e+00 8.000000e+00 1.800000e+00
      vertex   -1.012001e+00 8.000000e+00 2.345541e+00
      vertex   -1.000000e+00 8.000000e+00 2.500000e+00
    endloop
  endfacet
  facet normal 0.000000e+00 1.000000e+00 0.000000e+00
    outer loop
      vertex   0.000000e+00 8.000000e+00 1.800000e+00
      vertex   -1.000000e+00 8.000000e+00 2.500000e+00
      vertex   -1.000000e+00 8.000000e+00 3.500000e+00
    endloop
  endfacet
  facet normal -0.000000e+00 1.000000e+00 -0.000000e+00
    outer loop
      vertex   -1.000000e+00 8.000000e+00 3.500000e+00
      vertex   -1.012312e+00 8.000000e+00 3.656434e+00
      vertex   0.000000e+00 8.000000e+00 1.800000e+00
    endloop
  endfacet
  facet normal 0.000000e+00 1.000000e+00 -0.000000e+00
    outer loop
      vertex   -1.108993e+00 8.000000e+00 3.953990e+00
      vertex   -1.190983e+00 8.000000e+00 4.087785e+00
      vertex   6.938894e-17 8.000000e+00 7.662027e+00
    endloop
  endfacet
  facet normal 0.000000e+00 1.000000e+00 0.000000e+00
    outer loop
      vertex   6.938894e-17 8.000000e+00 7.662027e+00
      vertex   -1.190983e+00 8.000000e+00 4.087785e+00
      vertex   -1.292893e+00 8.000000e+00 4.207107e+00
    endloop
  endfacet
  facet normal 3.420201e-01 -9.396926e-01 0.000000e+00
    outer loop
      vertex   0.000000e+00 3.500000e+00 1.300000e+01
      vertex   0.000000e+00 3.500000e+00 7.000000e+00
      vertex   2.000000e+00 4.227940e+00 1.206738e+01
    endloop
  endfacet
  facet normal 3.420201e-01 -9.396926e-01 2.018528e-16
    outer loop
      vertex   2.000000e+00 4.227940e+00 1.206738e+01
      vertex   0.000000e+00 3.500000e+00 7.000000e+00
      vertex   2.000000e+00 4.227940e+00 7.932615e+00
    endloop
  endfacet
  facet normal 1.000000e+00 -0.000000e+00 0.000000e+00
    outer loop
      vertex   0.000000e+00 -3.500000e+00 1.300000e+01
      vertex   0.000000e+00 6.061955e-02 1.219916e+01
      vertex   0.000000e+00 3.500000e+00 1.300000e+01
    endloop
  endfacet
  facet normal 1.000000e+00 0.000000e+00 0.000000e+00
    outer loop
      vertex   0.000000e+00 3.500000e+00 1.300000e+01
      vertex   0.000000e+00 6.061955e-02 1.219916e+01
      vertex   0.000000e+00 3.021778e-01 1.217915e+01
    endloop
  endfacet
  facet normal 1.000000e+00 0.000000e+00 0.000000e+00
    outer loop
      vertex   0.000000e+00 3.500000e+00 1.300000e+01
      vertex   0.000000e+00 3.021778e-01 1.217915e+01
      vertex   0.000000e+00 5.400681e-01 1.213268e+01
    endloop
  endfacet
  facet normal 1.000000e+00 0.000000e+00 0.000000e+00
    outer loop
      vertex   0.000000e+00 -3.500000e+00 7.000000e+00
      vertex   0.000000e+00 -2.196659e+00 1.012119e+01
      vertex   0.000000e+00 -3.500000e+00 1.300000e+01
    endloop
  endfacet
  facet normal 1.000000e+00 0.000000e+00 0.000000e+00
    outer loop
      vertex   0.000000e+00 -3.500000e+00 1.300000e+01
      vertex   0.000000e+00 -2.196659e+00 1.012119e+01
      vertex   0.000000e+00 -2.169995e+00 1.036211e+01
    endloop
  endfacet
  facet normal 1.000000e+00 0.000000e+00 0.000000e+00
    outer loop
      vertex   0.000000e+00 -3.500000e+00 1.300000e+01
      vertex   0.000000e+00 -2.169995e+00 1.036211e+01
      vertex   0.000000e+00 -2.116990e+00 1.059863e+01
    endloop
  endfacet
  facet normal 1.000000e+00 -0.000000e+00 0.000000e+00
    outer loop
      vertex   0.000000e+00 -7.400000e+00 7.000000e+00
      vertex   0.000000e+00 -5.113382e+00 5.946701e+00
      vertex   0.000000e+00 -3.500000e+00 7.000000e+00
    endloop
  endfacet
  facet normal 1.000000e+00 0.000000e+00 0.000000e+00
    outer loop
      vertex   0.000000e+00 -3.500000e+00 7.000000e+00
      vertex   0.000000e+00 -5.113382e+00 5.946701e+00
      vertex   0.000000e+00 -4.886618e+00 5.946701e+00
    endloop
  endfacet
  facet normal 1.000000e+00 0.000000e+00 0.000000e+00
    outer loop
      vertex   0.000000e+00 -3.500000e+00 7.000000e+00
      vertex   0.000000e+00 -4.886618e+00 5.946701e+00
      vertex   0.000000e+00 -4.661386e+00 5.920375e+00
    endloop
  endfacet
  facet normal 1.000000e+00 1.477804e-16 2.912164e-17
    outer loop
      vertex   6.938894e-17 -8.000000e+00 7.662027e+00
      vertex   0.000000e+00 -6.897437e+00 4.449701e+00
      vertex   0.000000e+00 -7.400000e+00 7.000000e+00
    endloop
  endfacet
  facet normal 1.000000e+00 0.000000e+00 0.000000e+00
    outer loop
      vertex   0.000000e+00 -7.400000e+00 7.000000e+00
      vertex   0.000000e+00 -6.897437e+00 4.449701e+00
      vertex   0.000000e+00 -6.832401e+00 4.666939e+00
    endloop
  endfacet
  facet normal 1.000000e+00 0.000000e+00 0.000000e+00
    outer loop
      vertex   0.000000e+00 -7.400000e+00 7.000000e+00
      vertex   0.000000e+00 -6.832401e+00 4.666939e+00
      vertex   0.000000e+00 -6.742584e+00 4.875158e+00
    endloop
  endfacet
  facet normal 1.000000e+00 4.157560e-17 -7.330900e-18
    outer loop
      vertex   0.000000e+00 -6.897437e+00 4.449701e+00
      vertex   6.938894e-17 -8.000000e+00 7.662027e+00
      vertex   0.000000e+00 -6.936815e+00 4.226381e+00
    endloop
  endfacet
  facet normal 1.000000e+00 2.701423e-17 -1.183702e-17
    outer loop
      vertex   0.000000e+00 -6.936815e+00 4.226381e+00
      vertex   6.938894e-17 -8.000000e+00 7.662027e+00
      vertex   0.000000e+00 -8.000000e+00 1.800000e+00
    endloop
  endfacet
  facet normal 1.000000e+00 0.000000e+00 0.000000e+00
    outer loop
      vertex   0.000000e+00 -6.936815e+00 4.226381e+00
      vertex   0.000000e+00 -8.000000e+00 1.800000e+00
      vertex   0.000000e+00 -6.950000e+00 4.000000e+00
    endloop
  endfacet
  facet normal 1.000000e+00 0.000000e+00 0.000000e+00
    outer loop
      vertex   0.000000e+00 -6.950000e+00 4.000000e+00
      vertex   0.000000e+00 -8.000000e+00 1.800000e+00
      vertex   0.000000e+00 -6.936815e+00 3.773619e+00
    endloop
  endfacet
  facet normal 1.000000e+00 0.000000e+00 0.000000e+00
    outer loop
      vertex   0.000000e+00 -6.936815e+00 3.773619e+00
      vertex   0.000000e+00 -8.000000e+00 1.800000e+00
      vertex   0.000000e+00 -6.897437e+00 3.550299e+00
    endloop
  endfacet
  facet normal 1.000000e+00 0.000000e+00 0.000000e+00
    outer loop
      vertex   0.000000e+00 -6.897437e+00 3.550299e+00
      vertex   0.000000e+00 -8.000000e+00 1.800000e+00
      vertex   0.000000e+00 -6.832401e+00 3.333061e+00
    endloop
  endfacet
  facet normal 1.000000e+00 0.000000e+00 0.000000e+00
    outer loop
      vertex   0.000000e+00 -6.832401e+00 3.333061e+00
      vertex   0.000000e+00 -8.000000e+00 1.800000e+00
      vertex   0.000000e+00 -6.742584e+00 3.124842e+00
    endloop
  endfacet
  facet normal 1.000000e+00 0.000000e+00 0.000000e+00
    outer loop
      vertex   0.000000e+00 -6.742584e+00 3.124842e+00
      vertex   0.000000e+00 -8.000000e+00 1.800000e+00
      vertex   0.000000e+00 -6.629201e+00 2.928457e+00
    endloop
  endfacet
  facet normal 1.000000e+00 0.000000e+00 0.000000e+00
    outer loop
      vertex   0.000000e+00 -6.629201e+00 2.928457e+00
      vertex   0.000000e+00 -8.000000e+00 1.800000e+00
      vertex   0.000000e+00 -6.493787e+00 2.746564e+00
    endloop
  endfacet
  facet normal 1.000000e+00 0.000000e+00 0.000000e+00
    outer loop
      vertex   0.000000e+00 -6.493787e+00 2.746564e+00
      vertex   0.000000e+00 -8.000000e+00 1.800000e+00
      vertex   0.000000e+00 -6.338171e+00 2.581621e+00
    endloop
  endfacet
  facet normal 1.000000e+00 0.000000e+00 0.000000e+00
    outer loop
      vertex   0.000000e+00 -6.338171e+00 2.581621e+00
      vertex   0.000000e+00 -8.000000e+00 1.800000e+00
      vertex   0.000000e+00 -6.164459e+00 2.435860e+00
    endloop
  endfacet
  facet normal 1.000000e+00 0.000000e+00 0.000000e+00
    outer loop
      vertex   0.000000e+00 -6.164459e+00 2.435860e+00
      vertex   0.000000e+00 -8.000000e+00 1.800000e+00
      vertex   0.000000e+00 -5.975000e+00 2.311250e+00
    endloop
  endfacet
  facet normal 1.000000e+00 0.000000e+00 0.000000e+00
    outer loop
      vertex   0.000000e+00 -5.975000e+00 2.311250e+00
      vertex   0.000000e+00 -8.000000e+00 1.800000e+00
      vertex   0.000000e+00 -6.624264e+00 4.242641e-01
    endloop
  endfacet
  facet normal 1.000000e+00 0.000000e+00 0.000000e+00
    outer loop
      vertex   0.000000e+00 -5.975000e+00 2.311250e+00
      vertex   0.000000e+00 -6.624264e+00 4.242641e-01
      vertex   0.000000e+00 -5.772356e+00 2.209479e+00
    endloop
  endfacet
  facet normal 1.000000e+00 0.000000e+00 0.000000e+00
    outer loop
      vertex   0.000000e+00 -5.772356e+00 2.209479e+00
      vertex   0.000000e+00 -6.624264e+00 4.242641e-01
      vertex   0.000000e+00 -5.559266e+00 2.131920e+00
    endloop
  endfacet
  facet normal 1.000000e+00 0.000000e+00 0.000000e+00
    outer loop
      vertex   0.000000e+00 -5.559266e+00 2.131920e+00
      vertex   0.000000e+00 -6.624264e+00 4.242641e-01
      vertex   0.000000e+00 -5.338614e+00 2.079625e+00
    endloop
  endfacet
  facet normal 1.000000e+00 0.000000e+00 0.000000e+00
    outer loop
      vertex   0.000000e+00 -5.338614e+00 2.079625e+00
      vertex   0.000000e+00 -6.624264e+00 4.242641e-01
      vertex   0.000000e+00 -5.600000e+00 0.000000e+00
    endloop
  endfacet
  facet normal 1.000000e+00 0.000000e+00 0.000000e+00
    outer loop
      vertex   0.000000e+00 -5.338614e+00 2.079625e+00
      vertex   0.000000e+00 -5.600000e+00 0.000000e+00
      vertex   0.000000e+00 -5.113382e+00 2.053299e+00
    endloop
  endfacet
  facet normal 1.000000e+00 -0.000000e+00 0.000000e+00
    outer loop
      vertex   0.000000e+00 -5.113382e+00 2.053299e+00
      vertex   0.000000e+00 -5.600000e+00 0.000000e+00
      vertex   0.000000e+00 -4.886618e+00 2.053299e+00
    endloop
  endfacet
  facet normal 1.000000e+00 -0.000000e+00 0.000000e+00
    outer loop
      vertex   0.000000e+00 -4.886618e+00 2.053299e+00
      vertex   0.000000e+00 -5.600000e+00 0.000000e+00
      vertex   0.000000e+00 -4.661386e+00 2.079625e+00
    endloop
  endfacet
  facet normal 1.000000e+00 -0.000000e+00 0.000000e+00
    outer loop
      vertex   0.000000e+00 -4.661386e+00 2.079625e+00
      vertex   0.000000e+00 -5.600000e+00 0.000000e+00
      vertex   0.000000e+00 -4.440734e+00 2.131920e+00
    endloop
  endfacet
  facet normal 1.000000e+00 -0.000000e+00 0.000000e+00
    outer loop
      vertex   0.000000e+00 -4.440734e+00 2.131920e+00
      vertex   0.000000e+00 -5.600000e+00 0.000000e+00
      vertex   0.000000e+00 -4.227644e+00 2.209479e+00
    endloop
  endfacet
  facet normal 1.000000e+00 -0.000000e+00 0.000000e+00
    outer loop
      vertex   0.000000e+00 -4.227644e+00 2.209479e+00
      vertex   0.000000e+00 -5.600000e+00 0.000000e+00
      vertex   0.000000e+00 -4.025000e+00 2.311250e+00
    endloop
  endfacet
  facet normal 1.000000e+00 -0.000000e+00 0.000000e+00
    outer loop
      vertex   0.000000e+00 -4.025000e+00 2.311250e+00
      vertex   0.000000e+00 -5.600000e+00 0.000000e+00
      vertex   0.000000e+00 -3.835541e+00 2.435860e+00
    endloop
  endfacet
  facet normal 1.000000e+00 -0.000000e+00 0.000000e+00
    outer loop
      vertex   0.000000e+00 -3.835541e+00 2.435860e+00
      vertex   0.000000e+00 -5.600000e+00 0.000000e+00
      vertex   0.000000e+00 3.835541e+00 2.435860e+00
    endloop
  endfacet
  facet normal 1.000000e+00 0.000000e+00 0.000000e+00
    outer loop
      vertex   0.000000e+00 -3.835541e+00 2.435860e+00
      vertex   0.000000e+00 3.835541e+00 2.435860e+00
      vertex   0.000000e+00 -3.661829e+00 2.581621e+00
    endloop
  endfacet
  facet normal 1.000000e+00 -0.000000e+00 0.000000e+00
    outer loop
      vertex   0.000000e+00 -3.661829e+00 2.581621e+00
      vertex   0.000000e+00 3.835541e+00 2.435860e+00
      vertex   0.000000e+00 3.661829e+00 2.581621e+00
    endloop
  endfacet
  facet normal 1.000000e+00 0.000000e+00 0.000000e+00
    outer loop
      vertex   0.000000e+00 -3.661829e+00 2.581621e+00
      vertex   0.000000e+00 3.661829e+00 2.581621e+00
      vertex   0.000000e+00 -3.506213e+00 2.746564e+00
    endloop
  endfacet
  facet normal 1.000000e+00 -0.000000e+00 0.000000e+00
    outer loop
      vertex   0.000000e+00 -3.506213e+00 2.746564e+00
      vertex   0.000000e+00 3.661829e+00 2.581621e+00
      vertex   0.000000e+00 3.506213e+00 2.746564e+00
    endloop
  endfacet
  facet normal 1.000000e+00 0.000000e+00 0.000000e+00
    outer loop
      vertex   0.000000e+00 -3.506213e+00 2.746564e+00
      vertex   0.000000e+00 3.506213e+00 2.746564e+00
      vertex   0.000000e+00 3.370799e+00 2.928457e+00
    endloop
  endfacet
  facet normal 1.000000e+00 0.000000e+00 0.000000e+00
    outer loop
      vertex   0.000000e+00 -5.600000e+00 0.000000e+00
      vertex   0.000000e+00 5.600000e+00 0.000000e+00
      vertex   0.000000e+00 3.835541e+00 2.435860e+00
    endloop
  endfacet
  facet normal 1.000000e+00 0.000000e+00 0.000000e+00
    outer loop
      vertex   0.000000e+00 3.835541e+00 2.435860e+00
      vertex   0.000000e+00 5.600000e+00 0.000000e+00
      vertex   0.000000e+00 4.025000e+00 2.311250e+00
    endloop
  endfacet
  facet normal 1.000000e+00 0.000000e+00 0.000000e+00
    outer loop
      vertex   0.000000e+00 4.025000e+00 2.311250e+00
      vertex   0.000000e+00 5.600000e+00 0.000000e+00
      vertex   0.000000e+00 4.227644e+00 2.209479e+00
    endloop
  endfacet
  facet normal 1.000000e+00 0.000000e+00 0.000000e+00
    outer loop
      vertex   0.000000e+00 4.227644e+00 2.209479e+00
      vertex   0.000000e+00 5.600000e+00 0.000000e+00
      vertex   0.000000e+00 4.440734e+00 2.131920e+00
    endloop
  endfacet
  facet normal 1.000000e+00 0.000000e+00 0.000000e+00
    outer loop
      vertex   0.000000e+00 4.440734e+00 2.131920e+00
      vertex   0.000000e+00 5.600000e+00 0.000000e+00
      vertex   0.000000e+00 4.661386e+00 2.079625e+00
    endloop
  endfacet
  facet normal 1.000000e+00 0.000000e+00 0.000000e+00
    outer loop
      vertex   0.000000e+00 4.661386e+00 2.079625e+00
      vertex   0.000000e+00 5.600000e+00 0.000000e+00
      vertex   0.000000e+00 4.886618e+00 2.053299e+00
    endloop
  endfacet
  facet normal 1.000000e+00 -0.000000e+00 0.000000e+00
    outer loop
      vertex   0.000000e+00 4.886618e+00 2.053299e+00
      vertex   0.000000e+00 5.600000e+00 0.000000e+00
      vertex   0.000000e+00 5.113382e+00 2.053299e+00
    endloop
  endfacet
  facet normal 1.000000e+00 -0.000000e+00 0.000000e+00
    outer loop
      vertex   0.000000e+00 5.113382e+00 2.053299e+00
      vertex   0.000000e+00 5.600000e+00 0.000000e+00
      vertex   0.000000e+00 5.338614e+00 2.079625e+00
    endloop
  endfacet
  facet normal 1.000000e+00 0.000000e+00 0.000000e+00
    outer loop
      vertex   0.000000e+00 5.338614e+00 2.079625e+00
      vertex   0.000000e+00 5.600000e+00 0.000000e+00
      vertex   0.000000e+00 6.624264e+00 4.242641e-01
    endloop
  endfacet
  facet normal 1.000000e+00 -0.000000e+00 0.000000e+00
    outer loop
      vertex   0.000000e+00 5.338614e+00 2.079625e+00
      vertex   0.000000e+00 6.624264e+00 4.242641e-01
      vertex   0.000000e+00 5.559266e+00 2.131920e+00
    endloop
  endfacet
  facet normal 1.000000e+00 -0.000000e+00 0.000000e+00
    outer loop
      vertex   0.000000e+00 5.559266e+00 2.131920e+00
      vertex   0.000000e+00 6.624264e+00 4.242641e-01
      vertex   0.000000e+00 5.772356e+00 2.209479e+00
    endloop
  endfacet
  facet normal 1.000000e+00 -0.000000e+00 0.000000e+00
    outer loop
      vertex   0.000000e+00 5.772356e+00 2.209479e+00
      vertex   0.000000e+00 6.624264e+00 4.242641e-01
      vertex   0.000000e+00 5.975000e+00 2.311250e+00
    endloop
  endfacet
  facet normal 1.000000e+00 0.000000e+00 0.000000e+00
    outer loop
      vertex   0.000000e+00 5.975000e+00 2.311250e+00
      vertex   0.000000e+00 6.624264e+00 4.242641e-01
      vertex   0.000000e+00 8.000000e+00 1.800000e+00
    endloop
  endfacet
  facet normal 1.000000e+00 -0.000000e+00 0.000000e+00
    outer loop
      vertex   0.000000e+00 5.975000e+00 2.311250e+00
      vertex   0.000000e+00 8.000000e+00 1.800000e+00
      vertex   0.000000e+00 6.164459e+00 2.435860e+00
    endloop
  endfacet
  facet normal 1.000000e+00 -0.000000e+00 0.000000e+00
    outer loop
      vertex   0.000000e+00 6.164459e+00 2.435860e+00
      vertex   0.000000e+00 8.000000e+00 1.800000e+00
      vertex   0.000000e+00 6.338171e+00 2.581621e+00
    endloop
  endfacet
  facet normal 1.000000e+00 -0.000000e+00 0.000000e+00
    outer loop
      vertex   0.000000e+00 6.338171e+00 2.581621e+00
      vertex   0.000000e+00 8.000000e+00 1.800000e+00
      vertex   0.000000e+00 6.493787e+00 2.746564e+00
    endloop
  endfacet
  facet normal 1.000000e+00 -0.000000e+00 0.000000e+00
    outer loop
      vertex   0.000000e+00 6.493787e+00 2.746564e+00
      vertex   0.000000e+00 8.000000e+00 1.800000e+00
      vertex   0.000000e+00 6.629201e+00 2.928457e+00
    endloop
  endfacet
  facet normal 1.000000e+00 -0.000000e+00 0.000000e+00
    outer loop
      vertex   0.000000e+00 6.629201e+00 2.928457e+00
      vertex   0.000000e+00 8.000000e+00 1.800000e+00
      vertex   0.000000e+00 6.742584e+00 3.124842e+00
    endloop
  endfacet
  facet normal 1.000000e+00 -0.000000e+00 0.000000e+00
    outer loop
      vertex   0.000000e+00 6.742584e+00 3.124842e+00
      vertex   0.000000e+00 8.000000e+00 1.800000e+00
      vertex   0.000000e+00 6.832401e+00 3.333061e+00
    endloop
  endfacet
  facet normal 1.000000e+00 -0.000000e+00 0.000000e+00
    outer loop
      vertex   0.000000e+00 6.832401e+00 3.333061e+00
      vertex   0.000000e+00 8.000000e+00 1.800000e+00
      vertex   0.000000e+00 6.897437e+00 3.550299e+00
    endloop
  endfacet
  facet normal 1.000000e+00 -0.000000e+00 0.000000e+00
    outer loop
      vertex   0.000000e+00 6.897437e+00 3.550299e+00
      vertex   0.000000e+00 8.000000e+00 1.800000e+00
      vertex   0.000000e+00 6.936815e+00 3.773619e+00
    endloop
  endfacet
  facet normal 1.000000e+00 -0.000000e+00 0.000000e+00
    outer loop
      vertex   0.000000e+00 6.936815e+00 3.773619e+00
      vertex   0.000000e+00 8.000000e+00 1.800000e+00
      vertex   0.000000e+00 6.950000e+00 4.000000e+00
    endloop
  endfacet
  facet normal 1.000000e+00 -0.000000e+00 -0.000000e+00
    outer loop
      vertex   0.000000e+00 6.950000e+00 4.000000e+00
      vertex   0.000000e+00 8.000000e+00 1.800000e+00
      vertex   0.000000e+00 6.936815e+00 4.226381e+00
    endloop
  endfacet
  facet normal 1.000000e+00 -2.701423e-17 -1.183702e-17
    outer loop
      vertex   0.000000e+00 6.936815e+00 4.226381e+00
      vertex   0.000000e+00 8.000000e+00 1.800000e+00
      vertex   6.938894e-17 8.000000e+00 7.662027e+00
    endloop
  endfacet
  facet normal 1.000000e+00 -4.157560e-17 -7.330900e-18
    outer loop
      vertex   0.000000e+00 6.936815e+00 4.226381e+00
      vertex   6.938894e-17 8.000000e+00 7.662027e+00
      vertex   0.000000e+00 6.897437e+00 4.449701e+00
    endloop
  endfacet
  facet normal 1.000000e+00 -1.477804e-16 2.912164e-17
    outer loop
      vertex   0.000000e+00 6.897437e+00 4.449701e+00
      vertex   6.938894e-17 8.000000e+00 7.662027e+00
      vertex   0.000000e+00 7.400000e+00 7.000000e+00
    endloop
  endfacet
  facet normal 1.000000e+00 0.000000e+00 -0.000000e+00
    outer loop
      vertex   0.000000e+00 6.897437e+00 4.449701e+00
      vertex   0.000000e+00 7.400000e+00 7.000000e+00
      vertex   0.000000e+00 6.832401e+00 4.666939e+00
    endloop
  endfacet
  facet normal 1.000000e+00 0.000000e+00 -0.000000e+00
    outer loop
      vertex   0.000000e+00 6.832401e+00 4.666939e+00
      vertex   0.000000e+00 7.400000e+00 7.000000e+00
      vertex   0.000000e+00 6.742584e+00 4.875158e+00
    endloop
  endfacet
  facet normal 1.000000e+00 0.000000e+00 -0.000000e+00
    outer loop
      vertex   0.000000e+00 6.742584e+00 4.875158e+00
      vertex   0.000000e+00 7.400000e+00 7.000000e+00
      vertex   0.000000e+00 6.629201e+00 5.071543e+00
    endloop
  endfacet
  facet normal 1.000000e+00 0.000000e+00 -0.000000e+00
    outer loop
      vertex   0.000000e+00 6.629201e+00 5.071543e+00
      vertex   0.000000e+00 7.400000e+00 7.000000e+00
      vertex   0.000000e+00 6.493787e+00 5.253436e+00
    endloop
  endfacet
  facet normal 1.000000e+00 0.000000e+00 -0.000000e+00
    outer loop
      vertex   0.000000e+00 6.493787e+00 5.253436e+00
      vertex   0.000000e+00 7.400000e+00 7.000000e+00
      vertex   0.000000e+00 6.338171e+00 5.418379e+00
    endloop
  endfacet
  facet normal 1.000000e+00 0.000000e+00 -0.000000e+00
    outer loop
      vertex   0.000000e+00 6.338171e+00 5.418379e+00
      vertex   0.000000e+00 7.400000e+00 7.000000e+00
      vertex   0.000000e+00 6.164459e+00 5.564140e+00
    endloop
  endfacet
  facet normal 1.000000e+00 0.000000e+00 -0.000000e+00
    outer loop
      vertex   0.000000e+00 6.164459e+00 5.564140e+00
      vertex   0.000000e+00 7.400000e+00 7.000000e+00
      vertex   0.000000e+00 5.975000e+00 5.688750e+00
    endloop
  endfacet
  facet normal 1.000000e+00 0.000000e+00 -0.000000e+00
    outer loop
      vertex   0.000000e+00 5.975000e+00 5.688750e+00
      vertex   0.000000e+00 7.400000e+00 7.000000e+00
      vertex   0.000000e+00 5.772356e+00 5.790521e+00
    endloop
  endfacet
  facet normal 1.000000e+00 0.000000e+00 -0.000000e+00
    outer loop
      vertex   0.000000e+00 5.772356e+00 5.790521e+00
      vertex   0.000000e+00 7.400000e+00 7.000000e+00
      vertex   0.000000e+00 5.559266e+00 5.868080e+00
    endloop
  endfacet
  facet normal 1.000000e+00 0.000000e+00 -0.000000e+00
    outer loop
      vertex   0.000000e+00 5.559266e+00 5.868080e+00
      vertex   0.000000e+00 7.400000e+00 7.000000e+00
      vertex   0.000000e+00 5.338614e+00 5.920375e+00
    endloop
  endfacet
  facet normal 1.000000e+00 0.000000e+00 -0.000000e+00
    outer loop
      vertex   0.000000e+00 5.338614e+00 5.920375e+00
      vertex   0.000000e+00 7.400000e+00 7.000000e+00
      vertex   0.000000e+00 5.113382e+00 5.946701e+00
    endloop
  endfacet
  facet normal 1.000000e+00 0.000000e+00 -0.000000e+00
    outer loop
      vertex   0.000000e+00 5.113382e+00 5.946701e+00
      vertex   0.000000e+00 7.400000e+00 7.000000e+00
      vertex   0.000000e+00 3.500000e+00 7.000000e+00
    endloop
  endfacet
  facet normal 1.000000e+00 0.000000e+00 0.000000e+00
    outer loop
      vertex   0.000000e+00 5.113382e+00 5.946701e+00
      vertex   0.000000e+00 3.500000e+00 7.000000e+00
      vertex   0.000000e+00 4.886618e+00 5.946701e+00
    endloop
  endfacet
  facet normal 1.000000e+00 0.000000e+00 0.000000e+00
    outer loop
      vertex   0.000000e+00 4.886618e+00 5.946701e+00
      vertex   0.000000e+00 3.500000e+00 7.000000e+00
      vertex   0.000000e+00 4.661386e+00 5.920375e+00
    endloop
  endfacet
  facet normal 1.000000e+00 0.000000e+00 0.000000e+00
    outer loop
      vertex   0.000000e+00 4.661386e+00 5.920375e+00
      vertex   0.000000e+00 3.500000e+00 7.000000e+00
      vertex   0.000000e+00 4.440734e+00 5.868080e+00
    endloop
  endfacet
  facet normal 1.000000e+00 0.000000e+00 0.000000e+00
    outer loop
      vertex   0.000000e+00 4.440734e+00 5.868080e+00
      vertex   0.000000e+00 3.500000e+00 7.000000e+00
      vertex   0.000000e+00 4.227644e+00 5.790521e+00
    endloop
  endfacet
  facet normal 1.000000e+00 0.000000e+00 0.000000e+00
    outer loop
      vertex   0.000000e+00 4.227644e+00 5.790521e+00
      vertex   0.000000e+00 3.500000e+00 7.000000e+00
      vertex   0.000000e+00 4.025000e+00 5.688750e+00
    endloop
  endfacet
  facet normal 1.000000e+00 0.000000e+00 0.000000e+00
    outer loop
      vertex   0.000000e+00 4.025000e+00 5.688750e+00
      vertex   0.000000e+00 3.500000e+00 7.000000e+00
      vertex   0.000000e+00 3.835541e+00 5.564140e+00
    endloop
  endfacet
  facet normal 1.000000e+00 0.000000e+00 0.000000e+00
    outer loop
      vertex   0.000000e+00 3.835541e+00 5.564140e+00
      vertex   0.000000e+00 3.500000e+00 7.000000e+00
      vertex   0.000000e+00 3.661829e+00 5.418379e+00
    endloop
  endfacet
  facet normal 1.000000e+00 0.000000e+00 0.000000e+00
    outer loop
      vertex   0.000000e+00 3.661829e+00 5.418379e+00
      vertex   0.000000e+00 3.500000e+00 7.000000e+00
      vertex   0.000000e+00 3.506213e+00 5.253436e+00
    endloop
  endfacet
  facet normal 1.000000e+00 0.000000e+00 0.000000e+00
    outer loop
      vertex   0.000000e+00 3.506213e+00 5.253436e+00
      vertex   0.000000e+00 3.500000e+00 7.000000e+00
      vertex   0.000000e+00 3.370799e+00 5.071543e+00
    endloop
  endfacet
  facet normal 1.000000e+00 0.000000e+00 -0.000000e+00
    outer loop
      vertex   0.000000e+00 3.370799e+00 5.071543e+00
      vertex   0.000000e+00 3.500000e+00 7.000000e+00
      vertex   0.000000e+00 5.400681e-01 7.867319e+00
    endloop
  endfacet
  facet normal 1.000000e+00 0.000000e+00 0.000000e+00
    outer loop
      vertex   0.000000e+00 3.370799e+00 5.071543e+00
      vertex   0.000000e+00 5.400681e-01 7.867319e+00
      vertex   0.000000e+00 3.257416e+00 4.875158e+00
    endloop
  endfacet
  facet normal 1.000000e+00 0.000000e+00 0.000000e+00
    outer loop
      vertex   0.000000e+00 3.257416e+00 4.875158e+00
      vertex   0.000000e+00 5.400681e-01 7.867319e+00
      vertex   0.000000e+00 3.021778e-01 7.820851e+00
    endloop
  endfacet
  facet normal 1.000000e+00 0.000000e+00 0.000000e+00
    outer loop
      vertex   0.000000e+00 3.257416e+00 4.875158e+00
      vertex   0.000000e+00 3.021778e-01 7.820851e+00
      vertex   0.000000e+00 3.167599e+00 4.666939e+00
    endloop
  endfacet
  facet normal 1.000000e+00 0.000000e+00 0.000000e+00
    outer loop
      vertex   0.000000e+00 3.167599e+00 4.666939e+00
      vertex   0.000000e+00 3.021778e-01 7.820851e+00
      vertex   0.000000e+00 6.061955e-02 7.800835e+00
    endloop
  endfacet
  facet normal 1.000000e+00 0.000000e+00 0.000000e+00
    outer loop
      vertex   0.000000e+00 3.167599e+00 4.666939e+00
      vertex   0.000000e+00 6.061955e-02 7.800835e+00
      vertex   0.000000e+00 -3.167599e+00 4.666939e+00
    endloop
  endfacet
  facet normal 1.000000e+00 0.000000e+00 0.000000e+00
    outer loop
      vertex   0.000000e+00 -3.167599e+00 4.666939e+00
      vertex   0.000000e+00 6.061955e-02 7.800835e+00
      vertex   0.000000e+00 -1.816746e-01 7.807514e+00
    endloop
  endfacet
  facet normal 1.000000e+00 0.000000e+00 -0.000000e+00
    outer loop
      vertex   0.000000e+00 -3.167599e+00 4.666939e+00
      vertex   0.000000e+00 -1.816746e-01 7.807514e+00
      vertex   0.000000e+00 -3.257416e+00 4.875158e+00
    endloop
  endfacet
  facet normal 1.000000e+00 0.000000e+00 0.000000e+00
    outer loop
      vertex   0.000000e+00 -3.257416e+00 4.875158e+00
      vertex   0.000000e+00 -1.816746e-01 7.807514e+00
      vertex   0.000000e+00 -4.217634e-01 7.840807e+00
    endloop
  endfacet
  facet normal 1.000000e+00 0.000000e+00 -0.000000e+00
    outer loop
      vertex   0.000000e+00 -3.257416e+00 4.875158e+00
      vertex   0.000000e+00 -4.217634e-01 7.840807e+00
      vertex   0.000000e+00 -3.370799e+00 5.071543e+00
    endloop
  endfacet
  facet normal 1.000000e+00 0.000000e+00 0.000000e+00
    outer loop
      vertex   0.000000e+00 -3.370799e+00 5.071543e+00
      vertex   0.000000e+00 -4.217634e-01 7.840807e+00
      vertex   0.000000e+00 -6.567326e-01 7.900309e+00
    endloop
  endfacet
  facet normal 1.000000e+00 0.000000e+00 -0.000000e+00
    outer loop
      vertex   0.000000e+00 -3.370799e+00 5.071543e+00
      vertex   0.000000e+00 -6.567326e-01 7.900309e+00
      vertex   0.000000e+00 -3.500000e+00 7.000000e+00
    endloop
  endfacet
  facet normal 1.000000e+00 0.000000e+00 0.000000e+00
    outer loop
      vertex   0.000000e+00 -3.500000e+00 7.000000e+00
      vertex   0.000000e+00 -6.567326e-01 7.900309e+00
      vertex   0.000000e+00 -8.837299e-01 7.985299e+00
    endloop
  endfacet
  facet normal 1.000000e+00 0.000000e+00 0.000000e+00
    outer loop
      vertex   0.000000e+00 -3.500000e+00 7.000000e+00
      vertex   0.000000e+00 -8.837299e-01 7.985299e+00
      vertex   0.000000e+00 -1.100000e+00 8.094744e+00
    endloop
  endfacet
  facet normal 1.000000e+00 0.000000e+00 0.000000e+00
    outer loop
      vertex   0.000000e+00 3.500000e+00 1.300000e+01
      vertex   0.000000e+00 2.200000e+00 1.000000e+01
      vertex   0.000000e+00 3.500000e+00 7.000000e+00
    endloop
  endfacet
  facet normal 1.000000e+00 0.000000e+00 0.000000e+00
    outer loop
      vertex   0.000000e+00 3.500000e+00 7.000000e+00
      vertex   0.000000e+00 2.200000e+00 1.000000e+01
      vertex   0.000000e+00 2.186647e+00 9.757982e+00
    endloop
  endfacet
  facet normal 1.000000e+00 0.000000e+00 0.000000e+00
    outer loop
      vertex   0.000000e+00 3.500000e+00 7.000000e+00
      vertex   0.000000e+00 2.186647e+00 9.757982e+00
      vertex   0.000000e+00 2.146752e+00 9.518902e+00
    endloop
  endfacet
  facet normal 1.000000e+00 0.000000e+00 0.000000e+00
    outer loop
      vertex   0.000000e+00 2.146752e+00 9.518902e+00
      vertex   0.000000e+00 2.080798e+00 9.285661e+00
      vertex   0.000000e+00 3.500000e+00 7.000000e+00
    endloop
  endfacet
  facet normal 1.000000e+00 0.000000e+00 0.000000e+00
    outer loop
      vertex   0.000000e+00 3.500000e+00 7.000000e+00
      vertex   0.000000e+00 2.080798e+00 9.285661e+00
      vertex   0.000000e+00 1.989586e+00 9.061092e+00
    endloop
  endfacet
  facet normal 1.000000e+00 0.000000e+00 0.000000e+00
    outer loop
      vertex   0.000000e+00 3.500000e+00 7.000000e+00
      vertex   0.000000e+00 1.989586e+00 9.061092e+00
      vertex   0.000000e+00 1.874223e+00 8.847920e+00
    endloop
  endfacet
  facet normal 1.000000e+00 0.000000e+00 0.000000e+00
    outer loop
      vertex   0.000000e+00 1.874223e+00 8.847920e+00
      vertex   0.000000e+00 1.736109e+00 8.648732e+00
      vertex   0.000000e+00 3.500000e+00 7.000000e+00
    endloop
  endfacet
  facet normal 1.000000e+00 0.000000e+00 0.000000e+00
    outer loop
      vertex   0.000000e+00 3.500000e+00 7.000000e+00
      vertex   0.000000e+00 1.736109e+00 8.648732e+00
      vertex   0.000000e+00 1.576922e+00 8.465947e+00
    endloop
  endfacet
  facet normal 1.000000e+00 0.000000e+00 0.000000e+00
    outer loop
      vertex   0.000000e+00 3.500000e+00 7.000000e+00
      vertex   0.000000e+00 1.576922e+00 8.465947e+00
      vertex   0.000000e+00 1.398592e+00 8.301783e+00
    endloop
  endfacet
  facet normal 1.000000e+00 0.000000e+00 0.000000e+00
    outer loop
      vertex   0.000000e+00 1.398592e+00 8.301783e+00
      vertex   0.000000e+00 1.203286e+00 8.158234e+00
      vertex   0.000000e+00 3.500000e+00 7.000000e+00
    endloop
  endfacet
  facet normal 1.000000e+00 0.000000e+00 0.000000e+00
    outer loop
      vertex   0.000000e+00 3.500000e+00 7.000000e+00
      vertex   0.000000e+00 1.203286e+00 8.158234e+00
      vertex   0.000000e+00 9.933734e-01 8.037041e+00
    endloop
  endfacet
  facet normal 1.000000e+00 0.000000e+00 0.000000e+00
    outer loop
      vertex   0.000000e+00 3.500000e+00 7.000000e+00
      vertex   0.000000e+00 9.933734e-01 8.037041e+00
      vertex   0.000000e+00 7.714026e-01 7.939675e+00
    endloop
  endfacet
  facet normal 1.000000e+00 0.000000e+00 0.000000e+00
    outer loop
      vertex   0.000000e+00 7.714026e-01 7.939675e+00
      vertex   0.000000e+00 5.400681e-01 7.867319e+00
      vertex   0.000000e+00 3.500000e+00 7.000000e+00
    endloop
  endfacet
  facet normal 1.000000e+00 0.000000e+00 0.000000e+00
    outer loop
      vertex   0.000000e+00 -1.100000e+00 8.094744e+00
      vertex   0.000000e+00 -1.302918e+00 8.227317e+00
      vertex   0.000000e+00 -3.500000e+00 7.000000e+00
    endloop
  endfacet
  facet normal 1.000000e+00 0.000000e+00 0.000000e+00
    outer loop
      vertex   0.000000e+00 -3.500000e+00 7.000000e+00
      vertex   0.000000e+00 -1.302918e+00 8.227317e+00
      vertex   0.000000e+00 -1.490019e+00 8.381407e+00
    endloop
  endfacet
  facet normal 1.000000e+00 0.000000e+00 0.000000e+00
    outer loop
      vertex   0.000000e+00 -3.500000e+00 7.000000e+00
      vertex   0.000000e+00 -1.490019e+00 8.381407e+00
      vertex   0.000000e+00 -1.659035e+00 8.555146e+00
    endloop
  endfacet
  facet normal 1.000000e+00 0.000000e+00 0.000000e+00
    outer loop
      vertex   0.000000e+00 -1.659035e+00 8.555146e+00
      vertex   0.000000e+00 -1.807911e+00 8.746422e+00
      vertex   0.000000e+00 -3.500000e+00 7.000000e+00
    endloop
  endfacet
  facet normal 1.000000e+00 0.000000e+00 0.000000e+00
    outer loop
      vertex   0.000000e+00 -3.500000e+00 7.000000e+00
      vertex   0.000000e+00 -1.807911e+00 8.746422e+00
      vertex   0.000000e+00 -1.934842e+00 8.952916e+00
    endloop
  endfacet
  facet normal 1.000000e+00 0.000000e+00 0.000000e+00
    outer loop
      vertex   0.000000e+00 -3.500000e+00 7.000000e+00
      vertex   0.000000e+00 -1.934842e+00 8.952916e+00
      vertex   0.000000e+00 -2.038287e+00 9.172119e+00
    endloop
  endfacet
  facet normal 1.000000e+00 0.000000e+00 0.000000e+00
    outer loop
      vertex   0.000000e+00 -2.038287e+00 9.172119e+00
      vertex   0.000000e+00 -2.116990e+00 9.401372e+00
      vertex   0.000000e+00 -3.500000e+00 7.000000e+00
    endloop
  endfacet
  facet normal 1.000000e+00 0.000000e+00 0.000000e+00
    outer loop
      vertex   0.000000e+00 -3.500000e+00 7.000000e+00
      vertex   0.000000e+00 -2.116990e+00 9.401372e+00
      vertex   0.000000e+00 -2.169995e+00 9.637892e+00
    endloop
  endfacet
  facet normal 1.000000e+00 0.000000e+00 0.000000e+00
    outer loop
      vertex   0.000000e+00 -3.500000e+00 7.000000e+00
      vertex   0.000000e+00 -2.169995e+00 9.637892e+00
      vertex   0.000000e+00 -2.196659e+00 9.878807e+00
    endloop
  endfacet
  facet normal 1.000000e+00 0.000000e+00 -0.000000e+00
    outer loop
      vertex   0.000000e+00 -2.196659e+00 9.878807e+00
      vertex   0.000000e+00 -2.196659e+00 1.012119e+01
      vertex   0.000000e+00 -3.500000e+00 7.000000e+00
    endloop
  endfacet
  facet normal 1.000000e+00 0.000000e+00 -0.000000e+00
    outer loop
      vertex   0.000000e+00 -2.116990e+00 1.059863e+01
      vertex   0.000000e+00 -2.038287e+00 1.082788e+01
      vertex   0.000000e+00 -3.500000e+00 1.300000e+01
    endloop
  endfacet
  facet normal 1.000000e+00 0.000000e+00 0.000000e+00
    outer loop
      vertex   0.000000e+00 -3.500000e+00 1.300000e+01
      vertex   0.000000e+00 -2.038287e+00 1.082788e+01
      vertex   0.000000e+00 -1.934842e+00 1.104708e+01
    endloop
  endfacet
  facet normal 1.000000e+00 0.000000e+00 0.000000e+00
    outer loop
      vertex   0.000000e+00 -3.500000e+00 1.300000e+01
      vertex   0.000000e+00 -1.934842e+00 1.104708e+01
      vertex   0.000000e+00 -1.807911e+00 1.125358e+01
    endloop
  endfacet
  facet normal 1.000000e+00 0.000000e+00 -0.000000e+00
    outer loop
      vertex   0.000000e+00 -1.807911e+00 1.125358e+01
      vertex   0.000000e+00 -1.659035e+00 1.144485e+01
      vertex   0.000000e+00 -3.500000e+00 1.300000e+01
    endloop
  endfacet
  facet normal 1.000000e+00 0.000000e+00 0.000000e+00
    outer loop
      vertex   0.000000e+00 -3.500000e+00 1.300000e+01
      vertex   0.000000e+00 -1.659035e+00 1.144485e+01
      vertex   0.000000e+00 -1.490019e+00 1.161859e+01
    endloop
  endfacet
  facet normal 1.000000e+00 0.000000e+00 0.000000e+00
    outer loop
      vertex   0.000000e+00 -3.500000e+00 1.300000e+01
      vertex   0.000000e+00 -1.490019e+00 1.161859e+01
      vertex   0.000000e+00 -1.302918e+00 1.177268e+01
    endloop
  endfacet
  facet normal 1.000000e+00 0.000000e+00 -0.000000e+00
    outer loop
      vertex   0.000000e+00 -1.302918e+00 1.177268e+01
      vertex   0.000000e+00 -1.100000e+00 1.190526e+01
      vertex   0.000000e+00 -3.500000e+00 1.300000e+01
    endloop
  endfacet
  facet normal 1.000000e+00 0.000000e+00 0.000000e+00
    outer loop
      vertex   0.000000e+00 -3.500000e+00 1.300000e+01
      vertex   0.000000e+00 -1.100000e+00 1.190526e+01
      vertex   0.000000e+00 -8.837299e-01 1.201470e+01
    endloop
  endfacet
  facet normal 1.000000e+00 0.000000e+00 0.000000e+00
    outer loop
      vertex   0.000000e+00 -3.500000e+00 1.300000e+01
      vertex   0.000000e+00 -8.837299e-01 1.201470e+01
      vertex   0.000000e+00 -6.567326e-01 1.209969e+01
    endloop
  endfacet
  facet normal 1.000000e+00 0.000000e+00 -0.000000e+00
    outer loop
      vertex   0.000000e+00 -6.567326e-01 1.209969e+01
      vertex   0.000000e+00 -4.217634e-01 1.215919e+01
      vertex   0.000000e+00 -3.500000e+00 1.300000e+01
    endloop
  endfacet
  facet normal 1.000000e+00 0.000000e+00 0.000000e+00
    outer loop
      vertex   0.000000e+00 -3.500000e+00 1.300000e+01
      vertex   0.000000e+00 -4.217634e-01 1.215919e+01
      vertex   0.000000e+00 -1.816746e-01 1.219249e+01
    endloop
  endfacet
  facet normal 1.000000e+00 0.000000e+00 0.000000e+00
    outer loop
      vertex   0.000000e+00 -3.500000e+00 1.300000e+01
      vertex   0.000000e+00 -1.816746e-01 1.219249e+01
      vertex   0.000000e+00 6.061955e-02 1.219916e+01
    endloop
  endfacet
  facet normal 1.000000e+00 -0.000000e+00 0.000000e+00
    outer loop
      vertex   0.000000e+00 5.400681e-01 1.213268e+01
      vertex   0.000000e+00 7.714026e-01 1.206032e+01
      vertex   0.000000e+00 3.500000e+00 1.300000e+01
    endloop
  endfacet
  facet normal 1.000000e+00 0.000000e+00 0.000000e+00
    outer loop
      vertex   0.000000e+00 3.500000e+00 1.300000e+01
      vertex   0.000000e+00 7.714026e-01 1.206032e+01
      vertex   0.000000e+00 9.933734e-01 1.196296e+01
    endloop
  endfacet
  facet normal 1.000000e+00 0.000000e+00 0.000000e+00
    outer loop
      vertex   0.000000e+00 3.500000e+00 1.300000e+01
      vertex   0.000000e+00 9.933734e-01 1.196296e+01
      vertex   0.000000e+00 1.203286e+00 1.184177e+01
    endloop
  endfacet
  facet normal 1.000000e+00 -0.000000e+00 0.000000e+00
    outer loop
      vertex   0.000000e+00 1.203286e+00 1.184177e+01
      vertex   0.000000e+00 1.398592e+00 1.169822e+01
      vertex   0.000000e+00 3.500000e+00 1.300000e+01
    endloop
  endfacet
  facet normal 1.000000e+00 0.000000e+00 0.000000e+00
    outer loop
      vertex   0.000000e+00 3.500000e+00 1.300000e+01
      vertex   0.000000e+00 1.398592e+00 1.169822e+01
      vertex   0.000000e+00 1.576922e+00 1.153405e+01
    endloop
  endfacet
  facet normal 1.000000e+00 0.000000e+00 0.000000e+00
    outer loop
      vertex   0.000000e+00 3.500000e+00 1.300000e+01
      vertex   0.000000e+00 1.576922e+00 1.153405e+01
      vertex   0.000000e+00 1.736109e+00 1.135127e+01
    endloop
  endfacet
  facet normal 1.000000e+00 -0.000000e+00 0.000000e+00
    outer loop
      vertex   0.000000e+00 1.736109e+00 1.135127e+01
      vertex   0.000000e+00 1.874223e+00 1.115208e+01
      vertex   0.000000e+00 3.500000e+00 1.300000e+01
    endloop
  endfacet
  facet normal 1.000000e+00 0.000000e+00 0.000000e+00
    outer loop
      vertex   0.000000e+00 3.500000e+00 1.300000e+01
      vertex   0.000000e+00 1.874223e+00 1.115208e+01
      vertex   0.000000e+00 1.989586e+00 1.093891e+01
    endloop
  endfacet
  facet normal 1.000000e+00 0.000000e+00 0.000000e+00
    outer loop
      vertex   0.000000e+00 3.500000e+00 1.300000e+01
      vertex   0.000000e+00 1.989586e+00 1.093891e+01
      vertex   0.000000e+00 2.080798e+00 1.071434e+01
    endloop
  endfacet
  facet normal 1.000000e+00 -0.000000e+00 0.000000e+00
    outer loop
      vertex   0.000000e+00 2.080798e+00 1.071434e+01
      vertex   0.000000e+00 2.146752e+00 1.048110e+01
      vertex   0.000000e+00 3.500000e+00 1.300000e+01
    endloop
  endfacet
  facet normal 1.000000e+00 0.000000e+00 0.000000e+00
    outer loop
      vertex   0.000000e+00 3.500000e+00 1.300000e+01
      vertex   0.000000e+00 2.146752e+00 1.048110e+01
      vertex   0.000000e+00 2.186647e+00 1.024202e+01
    endloop
  endfacet
  facet normal 1.000000e+00 0.000000e+00 0.000000e+00
    outer loop
      vertex   0.000000e+00 3.500000e+00 1.300000e+01
      vertex   0.000000e+00 2.186647e+00 1.024202e+01
      vertex   0.000000e+00 2.200000e+00 1.000000e+01
    endloop
  endfacet
  facet normal 1.000000e+00 0.000000e+00 0.000000e+00
    outer loop
      vertex   0.000000e+00 -3.506213e+00 2.746564e+00
      vertex   0.000000e+00 3.370799e+00 2.928457e+00
      vertex   0.000000e+00 -3.370799e+00 2.928457e+00
    endloop
  endfacet
  facet normal 1.000000e+00 0.000000e+00 0.000000e+00
    outer loop
      vertex   0.000000e+00 -3.370799e+00 2.928457e+00
      vertex   0.000000e+00 3.370799e+00 2.928457e+00
      vertex   0.000000e+00 3.257416e+00 3.124842e+00
    endloop
  endfacet
  facet normal 1.000000e+00 0.000000e+00 0.000000e+00
    outer loop
      vertex   0.000000e+00 -3.370799e+00 2.928457e+00
      vertex   0.000000e+00 3.257416e+00 3.124842e+00
      vertex   0.000000e+00 -3.257416e+00 3.124842e+00
    endloop
  endfacet
  facet normal 1.000000e+00 0.000000e+00 0.000000e+00
    outer loop
      vertex   0.000000e+00 -3.257416e+00 3.124842e+00
      vertex   0.000000e+00 3.257416e+00 3.124842e+00
      vertex   0.000000e+00 3.167599e+00 3.333061e+00
    endloop
  endfacet
  facet normal 1.000000e+00 0.000000e+00 0.000000e+00
    outer loop
      vertex   0.000000e+00 -3.257416e+00 3.124842e+00
      vertex   0.000000e+00 3.167599e+00 3.333061e+00
      vertex   0.000000e+00 -3.167599e+00 3.333061e+00
    endloop
  endfacet
  facet normal 1.000000e+00 0.000000e+00 0.000000e+00
    outer loop
      vertex   0.000000e+00 -3.167599e+00 3.333061e+00
      vertex   0.000000e+00 3.167599e+00 3.333061e+00
      vertex   0.000000e+00 3.102563e+00 3.550299e+00
    endloop
  endfacet
  facet normal 1.000000e+00 0.000000e+00 0.000000e+00
    outer loop
      vertex   0.000000e+00 -3.167599e+00 3.333061e+00
      vertex   0.000000e+00 3.102563e+00 3.550299e+00
      vertex   0.000000e+00 -3.102563e+00 3.550299e+00
    endloop
  endfacet
  facet normal 1.000000e+00 0.000000e+00 0.000000e+00
    outer loop
      vertex   0.000000e+00 -3.102563e+00 3.550299e+00
      vertex   0.000000e+00 3.102563e+00 3.550299e+00
      vertex   0.000000e+00 3.063185e+00 3.773619e+00
    endloop
  endfacet
  facet normal 1.000000e+00 0.000000e+00 0.000000e+00
    outer loop
      vertex   0.000000e+00 -3.102563e+00 3.550299e+00
      vertex   0.000000e+00 3.063185e+00 3.773619e+00
      vertex   0.000000e+00 -3.063185e+00 3.773619e+00
    endloop
  endfacet
  facet normal 1.000000e+00 0.000000e+00 0.000000e+00
    outer loop
      vertex   0.000000e+00 -3.063185e+00 3.773619e+00
      vertex   0.000000e+00 3.063185e+00 3.773619e+00
      vertex   0.000000e+00 3.050000e+00 4.000000e+00
    endloop
  endfacet
  facet normal 1.000000e+00 0.000000e+00 0.000000e+00
    outer loop
      vertex   0.000000e+00 -3.063185e+00 3.773619e+00
      vertex   0.000000e+00 3.050000e+00 4.000000e+00
      vertex   0.000000e+00 -3.050000e+00 4.000000e+00
    endloop
  endfacet
  facet normal 1.000000e+00 0.000000e+00 0.000000e+00
    outer loop
      vertex   0.000000e+00 -3.050000e+00 4.000000e+00
      vertex   0.000000e+00 3.050000e+00 4.000000e+00
      vertex   0.000000e+00 3.063185e+00 4.226381e+00
    endloop
  endfacet
  facet normal 1.000000e+00 0.000000e+00 -0.000000e+00
    outer loop
      vertex   0.000000e+00 -3.050000e+00 4.000000e+00
      vertex   0.000000e+00 3.063185e+00 4.226381e+00
      vertex   0.000000e+00 -3.063185e+00 4.226381e+00
    endloop
  endfacet
  facet normal 1.000000e+00 0.000000e+00 0.000000e+00
    outer loop
      vertex   0.000000e+00 -3.063185e+00 4.226381e+00
      vertex   0.000000e+00 3.063185e+00 4.226381e+00
      vertex   0.000000e+00 3.102563e+00 4.449701e+00
    endloop
  endfacet
  facet normal 1.000000e+00 0.000000e+00 -0.000000e+00
    outer loop
      vertex   0.000000e+00 -3.063185e+00 4.226381e+00
      vertex   0.000000e+00 3.102563e+00 4.449701e+00
      vertex   0.000000e+00 -3.102563e+00 4.449701e+00
    endloop
  endfacet
  facet normal 1.000000e+00 -0.000000e+00 0.000000e+00
    outer loop
      vertex   0.000000e+00 -3.102563e+00 4.449701e+00
      vertex   0.000000e+00 3.102563e+00 4.449701e+00
      vertex   0.000000e+00 3.167599e+00 4.666939e+00
    endloop
  endfacet
  facet normal 1.000000e+00 0.000000e+00 -0.000000e+00
    outer loop
      vertex   0.000000e+00 -3.102563e+00 4.449701e+00
      vertex   0.000000e+00 3.167599e+00 4.666939e+00
      vertex   0.000000e+00 -3.167599e+00 4.666939e+00
    endloop
  endfacet
  facet normal 1.000000e+00 0.000000e+00 -0.000000e+00
    outer loop
      vertex   0.000000e+00 -6.742584e+00 4.875158e+00
      vertex   0.000000e+00 -6.629201e+00 5.071543e+00
      vertex   0.000000e+00 -7.400000e+00 7.000000e+00
    endloop
  endfacet
  facet normal 1.000000e+00 0.000000e+00 0.000000e+00
    outer loop
      vertex   0.000000e+00 -7.400000e+00 7.000000e+00
      vertex   0.000000e+00 -6.629201e+00 5.071543e+00
      vertex   0.000000e+00 -6.493787e+00 5.253436e+00
    endloop
  endfacet
  facet normal 1.000000e+00 0.000000e+00 0.000000e+00
    outer loop
      vertex   0.000000e+00 -7.400000e+00 7.000000e+00
      vertex   0.000000e+00 -6.493787e+00 5.253436e+00
      vertex   0.000000e+00 -6.338171e+00 5.418379e+00
    endloop
  endfacet
  facet normal 1.000000e+00 0.000000e+00 -0.000000e+00
    outer loop
      vertex   0.000000e+00 -6.338171e+00 5.418379e+00
      vertex   0.000000e+00 -6.164459e+00 5.564140e+00
      vertex   0.000000e+00 -7.400000e+00 7.000000e+00
    endloop
  endfacet
  facet normal 1.000000e+00 0.000000e+00 0.000000e+00
    outer loop
      vertex   0.000000e+00 -7.400000e+00 7.000000e+00
      vertex   0.000000e+00 -6.164459e+00 5.564140e+00
      vertex   0.000000e+00 -5.975000e+00 5.688750e+00
    endloop
  endfacet
  facet normal 1.000000e+00 0.000000e+00 0.000000e+00
    outer loop
      vertex   0.000000e+00 -7.400000e+00 7.000000e+00
      vertex   0.000000e+00 -5.975000e+00 5.688750e+00
      vertex   0.000000e+00 -5.772356e+00 5.790521e+00
    endloop
  endfacet
  facet normal 1.000000e+00 0.000000e+00 -0.000000e+00
    outer loop
      vertex   0.000000e+00 -5.772356e+00 5.790521e+00
      vertex   0.000000e+00 -5.559266e+00 5.868080e+00
      vertex   0.000000e+00 -7.400000e+00 7.000000e+00
    endloop
  endfacet
  facet normal 1.000000e+00 0.000000e+00 0.000000e+00
    outer loop
      vertex   0.000000e+00 -7.400000e+00 7.000000e+00
      vertex   0.000000e+00 -5.559266e+00 5.868080e+00
      vertex   0.000000e+00 -5.338614e+00 5.920375e+00
    endloop
  endfacet
  facet normal 1.000000e+00 0.000000e+00 0.000000e+00
    outer loop
      vertex   0.000000e+00 -7.400000e+00 7.000000e+00
      vertex   0.000000e+00 -5.338614e+00 5.920375e+00
      vertex   0.000000e+00 -5.113382e+00 5.946701e+00
    endloop
  endfacet
  facet normal 1.000000e+00 -0.000000e+00 0.000000e+00
    outer loop
      vertex   0.000000e+00 -4.661386e+00 5.920375e+00
      vertex   0.000000e+00 -4.440734e+00 5.868080e+00
      vertex   0.000000e+00 -3.500000e+00 7.000000e+00
    endloop
  endfacet
  facet normal 1.000000e+00 0.000000e+00 0.000000e+00
    outer loop
      vertex   0.000000e+00 -3.500000e+00 7.000000e+00
      vertex   0.000000e+00 -4.440734e+00 5.868080e+00
      vertex   0.000000e+00 -4.227644e+00 5.790521e+00
    endloop
  endfacet
  facet normal 1.000000e+00 0.000000e+00 0.000000e+00
    outer loop
      vertex   0.000000e+00 -3.500000e+00 7.000000e+00
      vertex   0.000000e+00 -4.227644e+00 5.790521e+00
      vertex   0.000000e+00 -4.025000e+00 5.688750e+00
    endloop
  endfacet
  facet normal 1.000000e+00 -0.000000e+00 0.000000e+00
    outer loop
      vertex   0.000000e+00 -4.025000e+00 5.688750e+00
      vertex   0.000000e+00 -3.835541e+00 5.564140e+00
      vertex   0.000000e+00 -3.500000e+00 7.000000e+00
    endloop
  endfacet
  facet normal 1.000000e+00 0.000000e+00 0.000000e+00
    outer loop
      vertex   0.000000e+00 -3.500000e+00 7.000000e+00
      vertex   0.000000e+00 -3.835541e+00 5.564140e+00
      vertex   0.000000e+00 -3.661829e+00 5.418379e+00
    endloop
  endfacet
  facet normal 1.000000e+00 0.000000e+00 0.000000e+00
    outer loop
      vertex   0.000000e+00 -3.500000e+00 7.000000e+00
      vertex   0.000000e+00 -3.661829e+00 5.418379e+00
      vertex   0.000000e+00 -3.506213e+00 5.253436e+00
    endloop
  endfacet
  facet normal 1.000000e+00 -0.000000e+00 0.000000e+00
    outer loop
      vertex   0.000000e+00 -3.506213e+00 5.253436e+00
      vertex   0.000000e+00 -3.370799e+00 5.071543e+00
      vertex   0.000000e+00 -3.500000e+00 7.000000e+00
    endloop
  endfacet
  facet normal 3.420201e-01 9.396926e-01 0.000000e+00
    outer loop
      vertex   2.000000e+00 -4.227940e+00 1.206738e+01
      vertex   2.000000e+00 -4.227940e+00 7.932615e+00
      vertex   0.000000e+00 -3.500000e+00 1.300000e+01
    endloop
  endfacet
  facet normal 3.420201e-01 9.396926e-01 0.000000e+00
    outer loop
      vertex   0.000000e+00 -3.500000e+00 1.300000e+01
      vertex   2.000000e+00 -4.227940e+00 7.932615e+00
      vertex   0.000000e+00 -3.500000e+00 7.000000e+00
    endloop
  endfacet
  facet normal 1.000000e+00 0.000000e+00 -0.000000e+00
    outer loop
      vertex   2.000000e+00 -4.227940e+00 7.932615e+00
      vertex   2.000000e+00 -4.227940e+00 1.206738e+01
      vertex   2.000000e+00 -7.400000e+00 7.932615e+00
    endloop
  endfacet
  facet normal 1.000000e+00 0.000000e+00 0.000000e+00
    outer loop
      vertex   2.000000e+00 -7.400000e+00 7.932615e+00
      vertex   2.000000e+00 -4.227940e+00 1.206738e+01
      vertex   2.000000e+00 -7.400000e+00 1.206738e+01
    endloop
  endfacet
  facet normal 4.226183e-01 0.000000e+00 -9.063078e-01
    outer loop
      vertex   0.000000e+00 3.500000e+00 7.000000e+00
      vertex   0.000000e+00 7.400000e+00 7.000000e+00
      vertex   2.000000e+00 4.227940e+00 7.932615e+00
    endloop
  endfacet
  facet normal 4.226183e-01 0.000000e+00 -9.063078e-01
    outer loop
      vertex   2.000000e+00 4.227940e+00 7.932615e+00
      vertex   0.000000e+00 7.400000e+00 7.000000e+00
      vertex   2.000000e+00 7.400000e+00 7.932615e+00
    endloop
  endfacet
  facet normal 4.226183e-01 -1.340573e-16 9.063078e-01
    outer loop
      vertex   0.000000e+00 -3.500000e+00 1.300000e+01
      vertex   -1.110223e-15 -7.000000e+00 1.300000e+01
      vertex   2.000000e+00 -4.227940e+00 1.206738e+01
    endloop
  endfacet
  facet normal 4.226183e-01 2.863832e-16 9.063078e-01
    outer loop
      vertex   2.000000e+00 -4.227940e+00 1.206738e+01
      vertex   -1.110223e-15 -7.000000e+00 1.300000e+01
      vertex   1.636764e+00 -7.763236e+00 1.223676e+01
    endloop
  endfacet
  facet normal 4.226183e-01 0.000000e+00 9.063078e-01
    outer loop
      vertex   2.000000e+00 -4.227940e+00 1.206738e+01
      vertex   1.636764e+00 -7.763236e+00 1.223676e+01
      vertex   2.000000e+00 -7.400000e+00 1.206738e+01
    endloop
  endfacet
  facet normal -1.000000e+00 0.000000e+00 0.000000e+00
    outer loop
      vertex   -1.000000e+00 2.637109e+00 1.300000e+01
      vertex   -1.000000e+00 3.828862e+00 1.300000e+01
      vertex   -1.000000e+00 8.000000e+00 8.500000e+00
    endloop
  endfacet
  facet normal -1.000000e+00 0.000000e+00 0.000000e+00
    outer loop
      vertex   -1.000000e+00 8.000000e+00 8.500000e+00
      vertex   -1.000000e+00 3.828862e+00 1.300000e+01
      vertex   -1.000000e+00 8.000000e+00 9.500000e+00
    endloop
  endfacet
  facet normal 9.978301e-01 4.113287e-02 5.141131e-02
    outer loop
      vertex   -2.995185e+00 2.520297e+00 1.300000e+01
      vertex   -2.989821e+00 4.052564e+00 1.166998e+01
      vertex   -3.000000e+00 2.637109e+00 1.300000e+01
    endloop
  endfacet
  facet normal 9.956698e-01 5.975372e-02 7.121171e-02
    outer loop
      vertex   -3.000000e+00 2.637109e+00 1.300000e+01
      vertex   -2.989821e+00 4.052564e+00 1.166998e+01
      vertex   -2.989821e+00 6.237446e+00 9.836644e+00
    endloop
  endfacet
  facet normal 9.956698e-01 5.975372e-02 7.121171e-02
    outer loop
      vertex   -3.000000e+00 2.637109e+00 1.300000e+01
      vertex   -2.989821e+00 6.237446e+00 9.836644e+00
      vertex   -3.000000e+00 8.000000e+00 8.500000e+00
    endloop
  endfacet
  facet normal 9.948014e-01 6.511852e-02 7.829257e-02
    outer loop
      vertex   -3.000000e+00 8.000000e+00 8.500000e+00
      vertex   -2.989821e+00 6.237446e+00 9.836644e+00
      vertex   -2.987688e+00 8.000000e+00 8.343566e+00
    endloop
  endfacet
  facet normal 9.619648e-01 1.758916e-01 2.090114e-01
    outer loop
      vertex   -2.987688e+00 8.000000e+00 8.343566e+00
      vertex   -2.989821e+00 6.237446e+00 9.836644e+00
      vertex   -2.959493e+00 6.168796e+00 9.754830e+00
    endloop
  endfacet
  facet normal 9.544149e-01 1.912839e-01 2.291347e-01
    outer loop
      vertex   -2.987688e+00 8.000000e+00 8.343566e+00
      vertex   -2.959493e+00 6.168796e+00 9.754830e+00
      vertex   -2.951057e+00 8.000000e+00 8.190983e+00
    endloop
  endfacet
  facet normal 8.990915e-01 2.818846e-01 3.349262e-01
    outer loop
      vertex   -2.951057e+00 8.000000e+00 8.190983e+00
      vertex   -2.959493e+00 6.168796e+00 9.754830e+00
      vertex   -2.909632e+00 6.102970e+00 9.676382e+00
    endloop
  endfacet
  facet normal 8.799710e-01 3.046206e-01 3.644959e-01
    outer loop
      vertex   -2.951057e+00 8.000000e+00 8.190983e+00
      vertex   -2.909632e+00 6.102970e+00 9.676382e+00
      vertex   -2.891007e+00 8.000000e+00 8.046010e+00
    endloop
  endfacet
  facet normal 8.143026e-01 3.737078e-01 4.441326e-01
    outer loop
      vertex   -2.891007e+00 8.000000e+00 8.046010e+00
      vertex   -2.909632e+00 6.102970e+00 9.676382e+00
      vertex   -2.841254e+00 6.041309e+00 9.602896e+00
    endloop
  endfacet
  facet normal 7.813041e-01 4.004124e-01 4.787837e-01
    outer loop
      vertex   -2.891007e+00 8.000000e+00 8.046010e+00
      vertex   -2.841254e+00 6.041309e+00 9.602896e+00
      vertex   -2.809017e+00 8.000000e+00 7.912215e+00
    endloop
  endfacet
  facet normal 7.152074e-01 4.498989e-01 5.348546e-01
    outer loop
      vertex   -2.809017e+00 8.000000e+00 7.912215e+00
      vertex   -2.841254e+00 6.041309e+00 9.602896e+00
      vertex   -2.755750e+00 5.985066e+00 9.535869e+00
    endloop
  endfacet
  facet normal 6.681236e-01 4.774835e-01 5.706315e-01
    outer loop
      vertex   -2.809017e+00 8.000000e+00 7.912215e+00
      vertex   -2.755750e+00 5.985066e+00 9.535869e+00
      vertex   -2.707107e+00 8.000000e+00 7.792893e+00
    endloop
  endfacet
  facet normal 6.081202e-01 5.109036e-01 6.075915e-01
    outer loop
      vertex   -2.707107e+00 8.000000e+00 7.792893e+00
      vertex   -2.755750e+00 5.985066e+00 9.535869e+00
      vertex   -2.654861e+00 5.935388e+00 9.476665e+00
    endloop
  endfacet
  facet normal 5.478617e-01 5.370028e-01 6.414636e-01
    outer loop
      vertex   -2.707107e+00 8.000000e+00 7.792893e+00
      vertex   -2.654861e+00 5.935388e+00 9.476665e+00
      vertex   -2.587785e+00 8.000000e+00 7.690983e+00
    endloop
  endfacet
  facet normal 4.974625e-01 5.581785e-01 6.640540e-01
    outer loop
      vertex   -2.587785e+00 8.000000e+00 7.690983e+00
      vertex   -2.654861e+00 5.935388e+00 9.476665e+00
      vertex   -2.540641e+00 5.893286e+00 9.426490e+00
    endloop
  endfacet
  facet normal 4.252128e-01 5.811358e-01 6.938842e-01
    outer loop
      vertex   -2.587785e+00 8.000000e+00 7.690983e+00
      vertex   -2.540641e+00 5.893286e+00 9.426490e+00
      vertex   -2.453990e+00 8.000000e+00 7.608993e+00
    endloop
  endfacet
  facet normal 3.858925e-01 5.934740e-01 7.063112e-01
    outer loop
      vertex   -2.453990e+00 8.000000e+00 7.608993e+00
      vertex   -2.540641e+00 5.893286e+00 9.426490e+00
      vertex   -2.415415e+00 5.859616e+00 9.386363e+00
    endloop
  endfacet
  facet normal 3.026128e-01 6.121192e-01 7.305720e-01
    outer loop
      vertex   -2.453990e+00 8.000000e+00 7.608993e+00
      vertex   -2.415415e+00 5.859616e+00 9.386363e+00
      vertex   -2.309017e+00 8.000000e+00 7.548943e+00
    endloop
  endfacet
  facet normal 2.747260e-01 6.184028e-01 7.362768e-01
    outer loop
      vertex   -2.309017e+00 8.000000e+00 7.548943e+00
      vertex   -2.415415e+00 5.859616e+00 9.386363e+00
      vertex   -2.281733e+00 5.835064e+00 9.357104e+00
    endloop
  endfacet
  facet normal 1.809526e-01 6.317910e-01 7.537217e-01
    outer loop
      vertex   -2.309017e+00 8.000000e+00 7.548943e+00
      vertex   -2.281733e+00 5.835064e+00 9.357104e+00
      vertex   -2.156434e+00 8.000000e+00 7.512312e+00
    endloop
  endfacet
  facet normal 1.643760e-01 6.342352e-01 7.554642e-01
    outer loop
      vertex   -2.156434e+00 8.000000e+00 7.512312e+00
      vertex   -2.281733e+00 5.835064e+00 9.357104e+00
      vertex   -2.142315e+00 5.820130e+00 9.339306e+00
    endloop
  endfacet
  facet normal 6.019358e-02 6.414116e-01 7.648319e-01
    outer loop
      vertex   -2.156434e+00 8.000000e+00 7.512312e+00
      vertex   -2.142315e+00 5.820130e+00 9.339306e+00
      vertex   -2.000000e+00 8.000000e+00 7.500000e+00
    endloop
  endfacet
  facet normal 5.470653e-02 6.418250e-01 7.648973e-01
    outer loop
      vertex   -2.000000e+00 8.000000e+00 7.500000e+00
      vertex   -2.142315e+00 5.820130e+00 9.339306e+00
      vertex   -2.000000e+00 5.815118e+00 9.333333e+00
    endloop
  endfacet
  facet normal -5.470653e-02 6.418250e-01 7.648973e-01
    outer loop
      vertex   -2.000000e+00 8.000000e+00 7.500000e+00
      vertex   -2.000000e+00 5.815118e+00 9.333333e+00
      vertex   -1.857685e+00 5.820130e+00 9.339306e+00
    endloop
  endfacet
  facet normal -5.470653e-02 6.418250e-01 7.648973e-01
    outer loop
      vertex   -1.857685e+00 5.820130e+00 9.339306e+00
      vertex   -2.000000e+00 5.815118e+00 9.333333e+00
      vertex   -2.000000e+00 3.630237e+00 1.116667e+01
    endloop
  endfacet
  facet normal -5.470653e-02 6.418250e-01 7.648973e-01
    outer loop
      vertex   -1.857685e+00 5.820130e+00 9.339306e+00
      vertex   -2.000000e+00 3.630237e+00 1.116667e+01
      vertex   -1.857685e+00 3.635249e+00 1.117264e+01
    endloop
  endfacet
  facet normal -5.470652e-02 6.413733e-01 7.652761e-01
    outer loop
      vertex   -1.857685e+00 3.635249e+00 1.117264e+01
      vertex   -2.000000e+00 3.630237e+00 1.116667e+01
      vertex   -1.901983e+00 1.451094e+00 1.300000e+01
    endloop
  endfacet
  facet normal -1.129486e-01 6.389221e-01 7.609344e-01
    outer loop
      vertex   -1.857685e+00 3.635249e+00 1.117264e+01
      vertex   -1.901983e+00 1.451094e+00 1.300000e+01
      vertex   -1.804910e+00 1.468254e+00 1.300000e+01
    endloop
  endfacet
  facet normal 9.818904e-01 1.222146e-01 1.447581e-01
    outer loop
      vertex   -2.995185e+00 2.520297e+00 1.300000e+01
      vertex   -2.980785e+00 2.404609e+00 1.300000e+01
      vertex   -2.989821e+00 4.052564e+00 1.166998e+01
    endloop
  endfacet
  facet normal 9.619643e-01 1.747414e-01 2.099764e-01
    outer loop
      vertex   -2.989821e+00 4.052564e+00 1.166998e+01
      vertex   -2.980785e+00 2.404609e+00 1.300000e+01
      vertex   -2.959493e+00 3.983915e+00 1.158816e+01
    endloop
  endfacet
  facet normal 9.619649e-01 1.755922e-01 2.092627e-01
    outer loop
      vertex   -2.989821e+00 4.052564e+00 1.166998e+01
      vertex   -2.959493e+00 3.983915e+00 1.158816e+01
      vertex   -2.959493e+00 6.168796e+00 9.754830e+00
    endloop
  endfacet
  facet normal 8.990917e-01 2.813869e-01 3.353439e-01
    outer loop
      vertex   -2.959493e+00 6.168796e+00 9.754830e+00
      vertex   -2.959493e+00 3.983915e+00 1.158816e+01
      vertex   -2.909632e+00 6.102970e+00 9.676382e+00
    endloop
  endfacet
  facet normal 9.505397e-01 1.997878e-01 2.378215e-01
    outer loop
      vertex   -2.980785e+00 2.404609e+00 1.300000e+01
      vertex   -2.956940e+00 2.291161e+00 1.300000e+01
      vertex   -2.959493e+00 3.983915e+00 1.158816e+01
    endloop
  endfacet
  facet normal 9.059431e-01 2.719955e-01 3.244772e-01
    outer loop
      vertex   -2.959493e+00 3.983915e+00 1.158816e+01
      vertex   -2.956940e+00 2.291161e+00 1.300000e+01
      vertex   -2.923880e+00 2.181044e+00 1.300000e+01
    endloop
  endfacet
  facet normal 8.990914e-01 2.807731e-01 3.358587e-01
    outer loop
      vertex   -2.959493e+00 3.983915e+00 1.158816e+01
      vertex   -2.923880e+00 2.181044e+00 1.300000e+01
      vertex   -2.909632e+00 3.918089e+00 1.150972e+01
    endloop
  endfacet
  facet normal 8.511286e-01 3.377828e-01 4.018494e-01
    outer loop
      vertex   -2.909632e+00 3.918089e+00 1.150972e+01
      vertex   -2.923880e+00 2.181044e+00 1.300000e+01
      vertex   -2.881921e+00 2.075320e+00 1.300000e+01
    endloop
  endfacet
  facet normal 8.143025e-01 3.723473e-01 4.452740e-01
    outer loop
      vertex   -2.909632e+00 3.918089e+00 1.150972e+01
      vertex   -2.881921e+00 2.075320e+00 1.300000e+01
      vertex   -2.841254e+00 3.856427e+00 1.143623e+01
    endloop
  endfacet
  facet normal 7.877293e-01 3.961782e-01 4.717259e-01
    outer loop
      vertex   -2.841254e+00 3.856427e+00 1.143623e+01
      vertex   -2.881921e+00 2.075320e+00 1.300000e+01
      vertex   -2.831470e+00 1.975006e+00 1.300000e+01
    endloop
  endfacet
  facet normal 7.182268e-01 4.469660e-01 5.332651e-01
    outer loop
      vertex   -2.841254e+00 3.856427e+00 1.143623e+01
      vertex   -2.831470e+00 1.975006e+00 1.300000e+01
      vertex   -2.773010e+00 1.881068e+00 1.300000e+01
    endloop
  endfacet
  facet normal 7.152075e-01 4.488301e-01 5.357516e-01
    outer loop
      vertex   -2.841254e+00 3.856427e+00 1.143623e+01
      vertex   -2.773010e+00 1.881068e+00 1.300000e+01
      vertex   -2.755750e+00 3.800185e+00 1.136920e+01
    endloop
  endfacet
  facet normal 6.457103e-01 4.910728e-01 5.847271e-01
    outer loop
      vertex   -2.755750e+00 3.800185e+00 1.136920e+01
      vertex   -2.773010e+00 1.881068e+00 1.300000e+01
      vertex   -2.707107e+00 1.794412e+00 1.300000e+01
    endloop
  endfacet
  facet normal 6.081202e-01 5.096240e-01 6.086651e-01
    outer loop
      vertex   -2.755750e+00 3.800185e+00 1.136920e+01
      vertex   -2.707107e+00 1.794412e+00 1.300000e+01
      vertex   -2.654861e+00 3.750507e+00 1.131000e+01
    endloop
  endfacet
  facet normal 5.704893e-01 5.281612e-01 6.289576e-01
    outer loop
      vertex   -2.654861e+00 3.750507e+00 1.131000e+01
      vertex   -2.707107e+00 1.794412e+00 1.300000e+01
      vertex   -2.634393e+00 1.715871e+00 1.300000e+01
    endloop
  endfacet
  facet normal 4.974626e-01 5.572356e-01 6.648454e-01
    outer loop
      vertex   -2.654861e+00 3.750507e+00 1.131000e+01
      vertex   -2.634393e+00 1.715871e+00 1.300000e+01
      vertex   -2.540641e+00 3.708404e+00 1.125982e+01
    endloop
  endfacet
  facet normal 4.938179e-01 5.587030e-01 6.663294e-01
    outer loop
      vertex   -2.540641e+00 3.708404e+00 1.125982e+01
      vertex   -2.634393e+00 1.715871e+00 1.300000e+01
      vertex   -2.555570e+00 1.646202e+00 1.300000e+01
    endloop
  endfacet
  facet normal 4.173646e-01 5.842909e-01 6.959964e-01
    outer loop
      vertex   -2.540641e+00 3.708404e+00 1.125982e+01
      vertex   -2.555570e+00 1.646202e+00 1.300000e+01
      vertex   -2.471397e+00 1.586076e+00 1.300000e+01
    endloop
  endfacet
  facet normal 3.858925e-01 5.924358e-01 7.071823e-01
    outer loop
      vertex   -2.540641e+00 3.708404e+00 1.125982e+01
      vertex   -2.471397e+00 1.586076e+00 1.300000e+01
      vertex   -2.415415e+00 3.674734e+00 1.121970e+01
    endloop
  endfacet
  facet normal 3.407656e-01 6.045614e-01 7.199891e-01
    outer loop
      vertex   -2.415415e+00 3.674734e+00 1.121970e+01
      vertex   -2.471397e+00 1.586076e+00 1.300000e+01
      vertex   -2.382683e+00 1.536072e+00 1.300000e+01
    endloop
  endfacet
  facet normal 2.747260e-01 6.176412e-01 7.369159e-01
    outer loop
      vertex   -2.415415e+00 3.674734e+00 1.121970e+01
      vertex   -2.382683e+00 1.536072e+00 1.300000e+01
      vertex   -2.281733e+00 3.650183e+00 1.119044e+01
    endloop
  endfacet
  facet normal 2.643046e-01 6.198276e-01 7.388889e-01
    outer loop
      vertex   -2.281733e+00 3.650183e+00 1.119044e+01
      vertex   -2.382683e+00 1.536072e+00 1.300000e+01
      vertex   -2.290285e+00 1.496672e+00 1.300000e+01
    endloop
  endfacet
  facet normal 1.884704e-01 6.313522e-01 7.522455e-01
    outer loop
      vertex   -2.281733e+00 3.650183e+00 1.119044e+01
      vertex   -2.290285e+00 1.496672e+00 1.300000e+01
      vertex   -2.195090e+00 1.468254e+00 1.300000e+01
    endloop
  endfacet
  facet normal 1.643760e-01 6.335449e-01 7.560432e-01
    outer loop
      vertex   -2.281733e+00 3.650183e+00 1.119044e+01
      vertex   -2.195090e+00 1.468254e+00 1.300000e+01
      vertex   -2.142315e+00 3.635249e+00 1.117264e+01
    endloop
  endfacet
  facet normal 1.129486e-01 6.389221e-01 7.609344e-01
    outer loop
      vertex   -2.142315e+00 3.635249e+00 1.117264e+01
      vertex   -2.195090e+00 1.468254e+00 1.300000e+01
      vertex   -2.098017e+00 1.451094e+00 1.300000e+01
    endloop
  endfacet
  facet normal 5.470652e-02 6.413733e-01 7.652761e-01
    outer loop
      vertex   -2.142315e+00 3.635249e+00 1.117264e+01
      vertex   -2.098017e+00 1.451094e+00 1.300000e+01
      vertex   -2.000000e+00 3.630237e+00 1.116667e+01
    endloop
  endfacet
  facet normal 3.760673e-02 6.423329e-01 7.655026e-01
    outer loop
      vertex   -2.000000e+00 3.630237e+00 1.116667e+01
      vertex   -2.098017e+00 1.451094e+00 1.300000e+01
      vertex   -2.000000e+00 1.445355e+00 1.300000e+01
    endloop
  endfacet
  facet normal -3.760673e-02 6.423329e-01 7.655026e-01
    outer loop
      vertex   -2.000000e+00 3.630237e+00 1.116667e+01
      vertex   -2.000000e+00 1.445355e+00 1.300000e+01
      vertex   -1.901983e+00 1.451094e+00 1.300000e+01
    endloop
  endfacet
  facet normal -1.643760e-01 6.335449e-01 7.560432e-01
    outer loop
      vertex   -1.857685e+00 3.635249e+00 1.117264e+01
      vertex   -1.804910e+00 1.468254e+00 1.300000e+01
      vertex   -1.718267e+00 3.650183e+00 1.119044e+01
    endloop
  endfacet
  facet normal -1.884704e-01 6.313522e-01 7.522455e-01
    outer loop
      vertex   -1.718267e+00 3.650183e+00 1.119044e+01
      vertex   -1.804910e+00 1.468254e+00 1.300000e+01
      vertex   -1.709715e+00 1.496672e+00 1.300000e+01
    endloop
  endfacet
  facet normal -2.643046e-01 6.198276e-01 7.388889e-01
    outer loop
      vertex   -1.718267e+00 3.650183e+00 1.119044e+01
      vertex   -1.709715e+00 1.496672e+00 1.300000e+01
      vertex   -1.617317e+00 1.536072e+00 1.300000e+01
    endloop
  endfacet
  facet normal -2.747260e-01 6.176412e-01 7.369159e-01
    outer loop
      vertex   -1.718267e+00 3.650183e+00 1.119044e+01
      vertex   -1.617317e+00 1.536072e+00 1.300000e+01
      vertex   -1.584585e+00 3.674734e+00 1.121970e+01
    endloop
  endfacet
  facet normal -3.407656e-01 6.045614e-01 7.199891e-01
    outer loop
      vertex   -1.584585e+00 3.674734e+00 1.121970e+01
      vertex   -1.617317e+00 1.536072e+00 1.300000e+01
      vertex   -1.528603e+00 1.586076e+00 1.300000e+01
    endloop
  endfacet
  facet normal -3.858925e-01 5.924358e-01 7.071823e-01
    outer loop
      vertex   -1.584585e+00 3.674734e+00 1.121970e+01
      vertex   -1.528603e+00 1.586076e+00 1.300000e+01
      vertex   -1.459359e+00 3.708404e+00 1.125982e+01
    endloop
  endfacet
  facet normal -4.173646e-01 5.842909e-01 6.959964e-01
    outer loop
      vertex   -1.459359e+00 3.708404e+00 1.125982e+01
      vertex   -1.528603e+00 1.586076e+00 1.300000e+01
      vertex   -1.444430e+00 1.646202e+00 1.300000e+01
    endloop
  endfacet
  facet normal -4.938179e-01 5.587030e-01 6.663294e-01
    outer loop
      vertex   -1.459359e+00 3.708404e+00 1.125982e+01
      vertex   -1.444430e+00 1.646202e+00 1.300000e+01
      vertex   -1.365607e+00 1.715871e+00 1.300000e+01
    endloop
  endfacet
  facet normal -4.974626e-01 5.572356e-01 6.648454e-01
    outer loop
      vertex   -1.459359e+00 3.708404e+00 1.125982e+01
      vertex   -1.365607e+00 1.715871e+00 1.300000e+01
      vertex   -1.345139e+00 3.750507e+00 1.131000e+01
    endloop
  endfacet
  facet normal -5.704893e-01 5.281612e-01 6.289576e-01
    outer loop
      vertex   -1.345139e+00 3.750507e+00 1.131000e+01
      vertex   -1.365607e+00 1.715871e+00 1.300000e+01
      vertex   -1.292893e+00 1.794412e+00 1.300000e+01
    endloop
  endfacet
  facet normal -6.081202e-01 5.096240e-01 6.086651e-01
    outer loop
      vertex   -1.345139e+00 3.750507e+00 1.131000e+01
      vertex   -1.292893e+00 1.794412e+00 1.300000e+01
      vertex   -1.244250e+00 3.800185e+00 1.136920e+01
    endloop
  endfacet
  facet normal -6.457103e-01 4.910728e-01 5.847271e-01
    outer loop
      vertex   -1.244250e+00 3.800185e+00 1.136920e+01
      vertex   -1.292893e+00 1.794412e+00 1.300000e+01
      vertex   -1.226990e+00 1.881068e+00 1.300000e+01
    endloop
  endfacet
  facet normal -7.152075e-01 4.488301e-01 5.357516e-01
    outer loop
      vertex   -1.244250e+00 3.800185e+00 1.136920e+01
      vertex   -1.226990e+00 1.881068e+00 1.300000e+01
      vertex   -1.158746e+00 3.856427e+00 1.143623e+01
    endloop
  endfacet
  facet normal -7.182268e-01 4.469660e-01 5.332651e-01
    outer loop
      vertex   -1.158746e+00 3.856427e+00 1.143623e+01
      vertex   -1.226990e+00 1.881068e+00 1.300000e+01
      vertex   -1.168530e+00 1.975006e+00 1.300000e+01
    endloop
  endfacet
  facet normal -7.877293e-01 3.961782e-01 4.717259e-01
    outer loop
      vertex   -1.158746e+00 3.856427e+00 1.143623e+01
      vertex   -1.168530e+00 1.975006e+00 1.300000e+01
      vertex   -1.118079e+00 2.075320e+00 1.300000e+01
    endloop
  endfacet
  facet normal -8.143025e-01 3.723473e-01 4.452740e-01
    outer loop
      vertex   -1.158746e+00 3.856427e+00 1.143623e+01
      vertex   -1.118079e+00 2.075320e+00 1.300000e+01
      vertex   -1.090368e+00 3.918089e+00 1.150972e+01
    endloop
  endfacet
  facet normal -8.511286e-01 3.377828e-01 4.018494e-01
    outer loop
      vertex   -1.090368e+00 3.918089e+00 1.150972e+01
      vertex   -1.118079e+00 2.075320e+00 1.300000e+01
      vertex   -1.076120e+00 2.181044e+00 1.300000e+01
    endloop
  endfacet
  facet normal -8.990914e-01 2.807731e-01 3.358587e-01
    outer loop
      vertex   -1.090368e+00 3.918089e+00 1.150972e+01
      vertex   -1.076120e+00 2.181044e+00 1.300000e+01
      vertex   -1.040507e+00 3.983915e+00 1.158816e+01
    endloop
  endfacet
  facet normal -9.059431e-01 2.719955e-01 3.244772e-01
    outer loop
      vertex   -1.040507e+00 3.983915e+00 1.158816e+01
      vertex   -1.076120e+00 2.181044e+00 1.300000e+01
      vertex   -1.043060e+00 2.291161e+00 1.300000e+01
    endloop
  endfacet
  facet normal -9.505397e-01 1.997878e-01 2.378215e-01
    outer loop
      vertex   -1.040507e+00 3.983915e+00 1.158816e+01
      vertex   -1.043060e+00 2.291161e+00 1.300000e+01
      vertex   -1.019215e+00 2.404609e+00 1.300000e+01
    endloop
  endfacet
  facet normal -9.619643e-01 1.747414e-01 2.099764e-01
    outer loop
      vertex   -1.040507e+00 3.983915e+00 1.158816e+01
      vertex   -1.019215e+00 2.404609e+00 1.300000e+01
      vertex   -1.010179e+00 4.052564e+00 1.166998e+01
    endloop
  endfacet
  facet normal -9.818904e-01 1.222146e-01 1.447581e-01
    outer loop
      vertex   -1.010179e+00 4.052564e+00 1.166998e+01
      vertex   -1.019215e+00 2.404609e+00 1.300000e+01
      vertex   -1.004815e+00 2.520297e+00 1.300000e+01
    endloop
  endfacet
  facet normal -9.926827e-01 7.715367e-02 9.288871e-02
    outer loop
      vertex   -1.010179e+00 4.052564e+00 1.166998e+01
      vertex   -1.004815e+00 2.520297e+00 1.300000e+01
      vertex   -1.000000e+00 8.000000e+00 8.500000e+00
    endloop
  endfacet
  facet normal -9.979500e-01 4.113781e-02 4.902614e-02
    outer loop
      vertex   -1.000000e+00 8.000000e+00 8.500000e+00
      vertex   -1.004815e+00 2.520297e+00 1.300000e+01
      vertex   -1.000000e+00 2.637109e+00 1.300000e+01
    endloop
  endfacet
  facet normal -9.956698e-01 5.975372e-02 7.121171e-02
    outer loop
      vertex   -1.010179e+00 4.052564e+00 1.166998e+01
      vertex   -1.000000e+00 8.000000e+00 8.500000e+00
      vertex   -1.010179e+00 6.237446e+00 9.836644e+00
    endloop
  endfacet
  facet normal -9.948014e-01 6.511852e-02 7.829257e-02
    outer loop
      vertex   -1.010179e+00 6.237446e+00 9.836644e+00
      vertex   -1.000000e+00 8.000000e+00 8.500000e+00
      vertex   -1.012312e+00 8.000000e+00 8.343566e+00
    endloop
  endfacet
  facet normal -9.619648e-01 1.758916e-01 2.090114e-01
    outer loop
      vertex   -1.010179e+00 6.237446e+00 9.836644e+00
      vertex   -1.012312e+00 8.000000e+00 8.343566e+00
      vertex   -1.040507e+00 6.168796e+00 9.754830e+00
    endloop
  endfacet
  facet normal -9.544149e-01 1.912839e-01 2.291347e-01
    outer loop
      vertex   -1.040507e+00 6.168796e+00 9.754830e+00
      vertex   -1.012312e+00 8.000000e+00 8.343566e+00
      vertex   -1.048943e+00 8.000000e+00 8.190983e+00
    endloop
  endfacet
  facet normal -8.990915e-01 2.818846e-01 3.349262e-01
    outer loop
      vertex   -1.040507e+00 6.168796e+00 9.754830e+00
      vertex   -1.048943e+00 8.000000e+00 8.190983e+00
      vertex   -1.090368e+00 6.102970e+00 9.676382e+00
    endloop
  endfacet
  facet normal -8.799710e-01 3.046206e-01 3.644959e-01
    outer loop
      vertex   -1.090368e+00 6.102970e+00 9.676382e+00
      vertex   -1.048943e+00 8.000000e+00 8.190983e+00
      vertex   -1.108993e+00 8.000000e+00 8.046010e+00
    endloop
  endfacet
  facet normal -8.143026e-01 3.737078e-01 4.441326e-01
    outer loop
      vertex   -1.090368e+00 6.102970e+00 9.676382e+00
      vertex   -1.108993e+00 8.000000e+00 8.046010e+00
      vertex   -1.158746e+00 6.041309e+00 9.602896e+00
    endloop
  endfacet
  facet normal -7.813041e-01 4.004124e-01 4.787837e-01
    outer loop
      vertex   -1.158746e+00 6.041309e+00 9.602896e+00
      vertex   -1.108993e+00 8.000000e+00 8.046010e+00
      vertex   -1.190983e+00 8.000000e+00 7.912215e+00
    endloop
  endfacet
  facet normal -7.152074e-01 4.498989e-01 5.348546e-01
    outer loop
      vertex   -1.158746e+00 6.041309e+00 9.602896e+00
      vertex   -1.190983e+00 8.000000e+00 7.912215e+00
      vertex   -1.244250e+00 5.985066e+00 9.535869e+00
    endloop
  endfacet
  facet normal -6.681236e-01 4.774835e-01 5.706315e-01
    outer loop
      vertex   -1.244250e+00 5.985066e+00 9.535869e+00
      vertex   -1.190983e+00 8.000000e+00 7.912215e+00
      vertex   -1.292893e+00 8.000000e+00 7.792893e+00
    endloop
  endfacet
  facet normal -6.081202e-01 5.109036e-01 6.075915e-01
    outer loop
      vertex   -1.244250e+00 5.985066e+00 9.535869e+00
      vertex   -1.292893e+00 8.000000e+00 7.792893e+00
      vertex   -1.345139e+00 5.935388e+00 9.476665e+00
    endloop
  endfacet
  facet normal -5.478617e-01 5.370028e-01 6.414636e-01
    outer loop
      vertex   -1.345139e+00 5.935388e+00 9.476665e+00
      vertex   -1.292893e+00 8.000000e+00 7.792893e+00
      vertex   -1.412215e+00 8.000000e+00 7.690983e+00
    endloop
  endfacet
  facet normal -4.974625e-01 5.581785e-01 6.640540e-01
    outer loop
      vertex   -1.345139e+00 5.935388e+00 9.476665e+00
      vertex   -1.412215e+00 8.000000e+00 7.690983e+00
      vertex   -1.459359e+00 5.893286e+00 9.426490e+00
    endloop
  endfacet
  facet normal -4.252128e-01 5.811358e-01 6.938842e-01
    outer loop
      vertex   -1.459359e+00 5.893286e+00 9.426490e+00
      vertex   -1.412215e+00 8.000000e+00 7.690983e+00
      vertex   -1.546010e+00 8.000000e+00 7.608993e+00
    endloop
  endfacet
  facet normal -3.858925e-01 5.934740e-01 7.063112e-01
    outer loop
      vertex   -1.459359e+00 5.893286e+00 9.426490e+00
      vertex   -1.546010e+00 8.000000e+00 7.608993e+00
      vertex   -1.584585e+00 5.859616e+00 9.386363e+00
    endloop
  endfacet
  facet normal -3.026128e-01 6.121192e-01 7.305720e-01
    outer loop
      vertex   -1.584585e+00 5.859616e+00 9.386363e+00
      vertex   -1.546010e+00 8.000000e+00 7.608993e+00
      vertex   -1.690983e+00 8.000000e+00 7.548943e+00
    endloop
  endfacet
  facet normal -2.747260e-01 6.184028e-01 7.362768e-01
    outer loop
      vertex   -1.584585e+00 5.859616e+00 9.386363e+00
      vertex   -1.690983e+00 8.000000e+00 7.548943e+00
      vertex   -1.718267e+00 5.835064e+00 9.357104e+00
    endloop
  endfacet
  facet normal -1.809526e-01 6.317910e-01 7.537217e-01
    outer loop
      vertex   -1.718267e+00 5.835064e+00 9.357104e+00
      vertex   -1.690983e+00 8.000000e+00 7.548943e+00
      vertex   -1.843566e+00 8.000000e+00 7.512312e+00
    endloop
  endfacet
  facet normal -1.643760e-01 6.342352e-01 7.554642e-01
    outer loop
      vertex   -1.718267e+00 5.835064e+00 9.357104e+00
      vertex   -1.843566e+00 8.000000e+00 7.512312e+00
      vertex   -1.857685e+00 5.820130e+00 9.339306e+00
    endloop
  endfacet
  facet normal -6.019358e-02 6.414116e-01 7.648319e-01
    outer loop
      vertex   -1.857685e+00 5.820130e+00 9.339306e+00
      vertex   -1.843566e+00 8.000000e+00 7.512312e+00
      vertex   -2.000000e+00 8.000000e+00 7.500000e+00
    endloop
  endfacet
  facet normal 9.619649e-01 1.755922e-01 2.092627e-01
    outer loop
      vertex   -2.959493e+00 6.168796e+00 9.754830e+00
      vertex   -2.989821e+00 6.237446e+00 9.836644e+00
      vertex   -2.989821e+00 4.052564e+00 1.166998e+01
    endloop
  endfacet
  facet normal 8.143029e-01 3.730998e-01 4.446430e-01
    outer loop
      vertex   -2.841254e+00 6.041309e+00 9.602896e+00
      vertex   -2.909632e+00 6.102970e+00 9.676382e+00
      vertex   -2.909632e+00 3.918089e+00 1.150972e+01
    endloop
  endfacet
  facet normal 8.990917e-01 2.813869e-01 3.353439e-01
    outer loop
      vertex   -2.909632e+00 3.918089e+00 1.150972e+01
      vertex   -2.909632e+00 6.102970e+00 9.676382e+00
      vertex   -2.959493e+00 3.983915e+00 1.158816e+01
    endloop
  endfacet
  facet normal 7.152076e-01 4.492520e-01 5.353977e-01
    outer loop
      vertex   -2.755750e+00 5.985066e+00 9.535869e+00
      vertex   -2.841254e+00 6.041309e+00 9.602896e+00
      vertex   -2.841254e+00 3.856427e+00 1.143623e+01
    endloop
  endfacet
  facet normal 8.143029e-01 3.730998e-01 4.446430e-01
    outer loop
      vertex   -2.841254e+00 3.856427e+00 1.143623e+01
      vertex   -2.841254e+00 6.041309e+00 9.602896e+00
      vertex   -2.909632e+00 3.918089e+00 1.150972e+01
    endloop
  endfacet
  facet normal 6.081204e-01 5.102736e-01 6.081204e-01
    outer loop
      vertex   -2.654861e+00 5.935388e+00 9.476665e+00
      vertex   -2.755750e+00 5.985066e+00 9.535869e+00
      vertex   -2.755750e+00 3.800185e+00 1.136920e+01
    endloop
  endfacet
  facet normal 7.152076e-01 4.492520e-01 5.353977e-01
    outer loop
      vertex   -2.755750e+00 3.800185e+00 1.136920e+01
      vertex   -2.755750e+00 5.985066e+00 9.535869e+00
      vertex   -2.841254e+00 3.856427e+00 1.143623e+01
    endloop
  endfacet
  facet normal 4.974627e-01 5.576089e-01 6.645324e-01
    outer loop
      vertex   -2.540641e+00 5.893286e+00 9.426490e+00
      vertex   -2.654861e+00 5.935388e+00 9.476665e+00
      vertex   -2.654861e+00 3.750507e+00 1.131000e+01
    endloop
  endfacet
  facet normal 6.081204e-01 5.102736e-01 6.081204e-01
    outer loop
      vertex   -2.654861e+00 3.750507e+00 1.131000e+01
      vertex   -2.654861e+00 5.935388e+00 9.476665e+00
      vertex   -2.755750e+00 3.800185e+00 1.136920e+01
    endloop
  endfacet
  facet normal 3.858926e-01 5.929997e-01 7.067095e-01
    outer loop
      vertex   -2.415415e+00 5.859616e+00 9.386363e+00
      vertex   -2.540641e+00 5.893286e+00 9.426490e+00
      vertex   -2.540641e+00 3.708404e+00 1.125982e+01
    endloop
  endfacet
  facet normal 4.974627e-01 5.576089e-01 6.645324e-01
    outer loop
      vertex   -2.540641e+00 3.708404e+00 1.125982e+01
      vertex   -2.540641e+00 5.893286e+00 9.426490e+00
      vertex   -2.654861e+00 3.750507e+00 1.131000e+01
    endloop
  endfacet
  facet normal 2.747260e-01 6.180548e-01 7.365690e-01
    outer loop
      vertex   -2.281733e+00 5.835064e+00 9.357104e+00
      vertex   -2.415415e+00 5.859616e+00 9.386363e+00
      vertex   -2.415415e+00 3.674734e+00 1.121970e+01
    endloop
  endfacet
  facet normal 3.858926e-01 5.929997e-01 7.067095e-01
    outer loop
      vertex   -2.415415e+00 3.674734e+00 1.121970e+01
      vertex   -2.415415e+00 5.859616e+00 9.386363e+00
      vertex   -2.540641e+00 3.708404e+00 1.125982e+01
    endloop
  endfacet
  facet normal 1.643761e-01 6.340442e-01 7.556245e-01
    outer loop
      vertex   -2.142315e+00 5.820130e+00 9.339306e+00
      vertex   -2.281733e+00 5.835064e+00 9.357104e+00
      vertex   -2.281733e+00 3.650183e+00 1.119044e+01
    endloop
  endfacet
  facet normal 2.747260e-01 6.180548e-01 7.365690e-01
    outer loop
      vertex   -2.281733e+00 3.650183e+00 1.119044e+01
      vertex   -2.281733e+00 5.835064e+00 9.357104e+00
      vertex   -2.415415e+00 3.674734e+00 1.121970e+01
    endloop
  endfacet
  facet normal 5.470653e-02 6.418250e-01 7.648973e-01
    outer loop
      vertex   -2.000000e+00 5.815118e+00 9.333333e+00
      vertex   -2.142315e+00 5.820130e+00 9.339306e+00
      vertex   -2.142315e+00 3.635249e+00 1.117264e+01
    endloop
  endfacet
  facet normal 1.643761e-01 6.340442e-01 7.556245e-01
    outer loop
      vertex   -2.142315e+00 3.635249e+00 1.117264e+01
      vertex   -2.142315e+00 5.820130e+00 9.339306e+00
      vertex   -2.281733e+00 3.650183e+00 1.119044e+01
    endloop
  endfacet
  facet normal 5.470653e-02 6.418250e-01 7.648973e-01
    outer loop
      vertex   -2.000000e+00 3.630237e+00 1.116667e+01
      vertex   -2.000000e+00 5.815118e+00 9.333333e+00
      vertex   -2.142315e+00 3.635249e+00 1.117264e+01
    endloop
  endfacet
  facet normal -1.643761e-01 6.340442e-01 7.556245e-01
    outer loop
      vertex   -1.718267e+00 5.835064e+00 9.357104e+00
      vertex   -1.857685e+00 5.820130e+00 9.339306e+00
      vertex   -1.857685e+00 3.635249e+00 1.117264e+01
    endloop
  endfacet
  facet normal -2.747260e-01 6.180548e-01 7.365690e-01
    outer loop
      vertex   -1.584585e+00 5.859616e+00 9.386363e+00
      vertex   -1.718267e+00 5.835064e+00 9.357104e+00
      vertex   -1.718267e+00 3.650183e+00 1.119044e+01
    endloop
  endfacet
  facet normal -1.643761e-01 6.340442e-01 7.556245e-01
    outer loop
      vertex   -1.718267e+00 3.650183e+00 1.119044e+01
      vertex   -1.718267e+00 5.835064e+00 9.357104e+00
      vertex   -1.857685e+00 3.635249e+00 1.117264e+01
    endloop
  endfacet
  facet normal -3.858926e-01 5.929997e-01 7.067095e-01
    outer loop
      vertex   -1.459359e+00 5.893286e+00 9.426490e+00
      vertex   -1.584585e+00 5.859616e+00 9.386363e+00
      vertex   -1.584585e+00 3.674734e+00 1.121970e+01
    endloop
  endfacet
  facet normal -2.747260e-01 6.180548e-01 7.365690e-01
    outer loop
      vertex   -1.584585e+00 3.674734e+00 1.121970e+01
      vertex   -1.584585e+00 5.859616e+00 9.386363e+00
      vertex   -1.718267e+00 3.650183e+00 1.119044e+01
    endloop
  endfacet
  facet normal -4.974627e-01 5.576089e-01 6.645324e-01
    outer loop
      vertex   -1.345139e+00 5.935388e+00 9.476665e+00
      vertex   -1.459359e+00 5.893286e+00 9.426490e+00
      vertex   -1.459359e+00 3.708404e+00 1.125982e+01
    endloop
  endfacet
  facet normal -3.858926e-01 5.929997e-01 7.067095e-01
    outer loop
      vertex   -1.459359e+00 3.708404e+00 1.125982e+01
      vertex   -1.459359e+00 5.893286e+00 9.426490e+00
      vertex   -1.584585e+00 3.674734e+00 1.121970e+01
    endloop
  endfacet
  facet normal -6.081204e-01 5.102736e-01 6.081204e-01
    outer loop
      vertex   -1.244250e+00 5.985066e+00 9.535869e+00
      vertex   -1.345139e+00 5.935388e+00 9.476665e+00
      vertex   -1.345139e+00 3.750507e+00 1.131000e+01
    endloop
  endfacet
  facet normal -4.974627e-01 5.576089e-01 6.645324e-01
    outer loop
      vertex   -1.345139e+00 3.750507e+00 1.131000e+01
      vertex   -1.345139e+00 5.935388e+00 9.476665e+00
      vertex   -1.459359e+00 3.708404e+00 1.125982e+01
    endloop
  endfacet
  facet normal -7.152076e-01 4.492520e-01 5.353977e-01
    outer loop
      vertex   -1.158746e+00 6.041309e+00 9.602896e+00
      vertex   -1.244250e+00 5.985066e+00 9.535869e+00
      vertex   -1.244250e+00 3.800185e+00 1.136920e+01
    endloop
  endfacet
  facet normal -6.081204e-01 5.102736e-01 6.081204e-01
    outer loop
      vertex   -1.244250e+00 3.800185e+00 1.136920e+01
      vertex   -1.244250e+00 5.985066e+00 9.535869e+00
      vertex   -1.345139e+00 3.750507e+00 1.131000e+01
    endloop
  endfacet
  facet normal -8.143029e-01 3.730998e-01 4.446430e-01
    outer loop
      vertex   -1.090368e+00 6.102970e+00 9.676382e+00
      vertex   -1.158746e+00 6.041309e+00 9.602896e+00
      vertex   -1.158746e+00 3.856427e+00 1.143623e+01
    endloop
  endfacet
  facet normal -7.152076e-01 4.492520e-01 5.353977e-01
    outer loop
      vertex   -1.158746e+00 3.856427e+00 1.143623e+01
      vertex   -1.158746e+00 6.041309e+00 9.602896e+00
      vertex   -1.244250e+00 3.800185e+00 1.136920e+01
    endloop
  endfacet
  facet normal -8.990917e-01 2.813869e-01 3.353439e-01
    outer loop
      vertex   -1.040507e+00 6.168796e+00 9.754830e+00
      vertex   -1.090368e+00 6.102970e+00 9.676382e+00
      vertex   -1.090368e+00 3.918089e+00 1.150972e+01
    endloop
  endfacet
  facet normal -8.143029e-01 3.730998e-01 4.446430e-01
    outer loop
      vertex   -1.090368e+00 3.918089e+00 1.150972e+01
      vertex   -1.090368e+00 6.102970e+00 9.676382e+00
      vertex   -1.158746e+00 3.856427e+00 1.143623e+01
    endloop
  endfacet
  facet normal -9.619649e-01 1.755922e-01 2.092627e-01
    outer loop
      vertex   -1.010179e+00 6.237446e+00 9.836644e+00
      vertex   -1.040507e+00 6.168796e+00 9.754830e+00
      vertex   -1.040507e+00 3.983915e+00 1.158816e+01
    endloop
  endfacet
  facet normal -8.990917e-01 2.813869e-01 3.353439e-01
    outer loop
      vertex   -1.040507e+00 3.983915e+00 1.158816e+01
      vertex   -1.040507e+00 6.168796e+00 9.754830e+00
      vertex   -1.090368e+00 3.918089e+00 1.150972e+01
    endloop
  endfacet
  facet normal -9.619649e-01 1.755922e-01 2.092627e-01
    outer loop
      vertex   -1.010179e+00 4.052564e+00 1.166998e+01
      vertex   -1.010179e+00 6.237446e+00 9.836644e+00
      vertex   -1.040507e+00 3.983915e+00 1.158816e+01
    endloop
  endfacet
  facet normal 1.000000e+00 -0.000000e+00 0.000000e+00
    outer loop
      vertex   -3.000000e+00 2.637109e+00 1.300000e+01
      vertex   -3.000000e+00 8.000000e+00 8.500000e+00
      vertex   -3.000000e+00 3.828862e+00 1.300000e+01
    endloop
  endfacet
  facet normal 1.000000e+00 0.000000e+00 0.000000e+00
    outer loop
      vertex   -3.000000e+00 3.828862e+00 1.300000e+01
      vertex   -3.000000e+00 8.000000e+00 8.500000e+00
      vertex   -3.000000e+00 8.000000e+00 9.500000e+00
    endloop
  endfacet
  facet normal -9.956698e-01 -5.975372e-02 -7.121171e-02
    outer loop
      vertex   -1.000000e+00 8.000000e+00 9.500000e+00
      vertex   -1.000000e+00 3.828862e+00 1.300000e+01
      vertex   -1.010179e+00 5.984508e+00 1.133351e+01
    endloop
  endfacet
  facet normal -9.980415e-01 -4.114159e-02 -4.712193e-02
    outer loop
      vertex   -1.010179e+00 5.984508e+00 1.133351e+01
      vertex   -1.000000e+00 3.828862e+00 1.300000e+01
      vertex   -1.004815e+00 3.945675e+00 1.300000e+01
    endloop
  endfacet
  facet normal -9.816613e-01 -1.221861e-01 -1.463271e-01
    outer loop
      vertex   -1.010179e+00 5.984508e+00 1.133351e+01
      vertex   -1.004815e+00 3.945675e+00 1.300000e+01
      vertex   -1.019215e+00 4.061362e+00 1.300000e+01
    endloop
  endfacet
  facet normal -9.619645e-01 -1.763001e-01 -2.086685e-01
    outer loop
      vertex   -1.010179e+00 5.984508e+00 1.133351e+01
      vertex   -1.019215e+00 4.061362e+00 1.300000e+01
      vertex   -1.040507e+00 6.053157e+00 1.141533e+01
    endloop
  endfacet
  facet normal -9.504215e-01 -1.997629e-01 -2.383144e-01
    outer loop
      vertex   -1.040507e+00 6.053157e+00 1.141533e+01
      vertex   -1.019215e+00 4.061362e+00 1.300000e+01
      vertex   -1.043060e+00 4.174810e+00 1.300000e+01
    endloop
  endfacet
  facet normal -9.061240e-01 -2.720498e-01 -3.239262e-01
    outer loop
      vertex   -1.040507e+00 6.053157e+00 1.141533e+01
      vertex   -1.043060e+00 4.174810e+00 1.300000e+01
      vertex   -1.076120e+00 4.284927e+00 1.300000e+01
    endloop
  endfacet
  facet normal -8.990914e-01 -2.819787e-01 -3.348471e-01
    outer loop
      vertex   -1.040507e+00 6.053157e+00 1.141533e+01
      vertex   -1.076120e+00 4.284927e+00 1.300000e+01
      vertex   -1.090368e+00 6.118983e+00 1.149378e+01
    endloop
  endfacet
  facet normal -8.506488e-01 -3.375924e-01 -4.030235e-01
    outer loop
      vertex   -1.090368e+00 6.118983e+00 1.149378e+01
      vertex   -1.076120e+00 4.284927e+00 1.300000e+01
      vertex   -1.118079e+00 4.390651e+00 1.300000e+01
    endloop
  endfacet
  facet normal -8.143024e-01 -3.738773e-01 -4.439902e-01
    outer loop
      vertex   -1.090368e+00 6.118983e+00 1.149378e+01
      vertex   -1.118079e+00 4.390651e+00 1.300000e+01
      vertex   -1.158746e+00 6.180645e+00 1.156726e+01
    endloop
  endfacet
  facet normal -7.874021e-01 -3.960136e-01 -4.724099e-01
    outer loop
      vertex   -1.158746e+00 6.180645e+00 1.156726e+01
      vertex   -1.118079e+00 4.390651e+00 1.300000e+01
      vertex   -1.168530e+00 4.490965e+00 1.300000e+01
    endloop
  endfacet
  facet normal -7.187008e-01 -4.472609e-01 -5.323785e-01
    outer loop
      vertex   -1.158746e+00 6.180645e+00 1.156726e+01
      vertex   -1.168530e+00 4.490965e+00 1.300000e+01
      vertex   -1.226990e+00 4.584903e+00 1.300000e+01
    endloop
  endfacet
  facet normal -7.152075e-01 -4.497476e-01 -5.349817e-01
    outer loop
      vertex   -1.158746e+00 6.180645e+00 1.156726e+01
      vertex   -1.226990e+00 4.584903e+00 1.300000e+01
      vertex   -1.244250e+00 6.236887e+00 1.163429e+01
    endloop
  endfacet
  facet normal -6.452873e-01 -4.907510e-01 -5.854637e-01
    outer loop
      vertex   -1.244250e+00 6.236887e+00 1.163429e+01
      vertex   -1.226990e+00 4.584903e+00 1.300000e+01
      vertex   -1.292893e+00 4.671559e+00 1.300000e+01
    endloop
  endfacet
  facet normal -6.081201e-01 -5.110815e-01 -6.074419e-01
    outer loop
      vertex   -1.244250e+00 6.236887e+00 1.163429e+01
      vertex   -1.292893e+00 4.671559e+00 1.300000e+01
      vertex   -1.345139e+00 6.286565e+00 1.169349e+01
    endloop
  endfacet
  facet normal -5.700941e-01 -5.277953e-01 -6.296228e-01
    outer loop
      vertex   -1.345139e+00 6.286565e+00 1.169349e+01
      vertex   -1.292893e+00 4.671559e+00 1.300000e+01
      vertex   -1.365607e+00 4.750100e+00 1.300000e+01
    endloop
  endfacet
  facet normal -4.974626e-01 -5.580982e-01 -6.641215e-01
    outer loop
      vertex   -1.345139e+00 6.286565e+00 1.169349e+01
      vertex   -1.365607e+00 4.750100e+00 1.300000e+01
      vertex   -1.459359e+00 6.328668e+00 1.174367e+01
    endloop
  endfacet
  facet normal -4.942049e-01 -5.591409e-01 -6.656748e-01
    outer loop
      vertex   -1.459359e+00 6.328668e+00 1.174367e+01
      vertex   -1.365607e+00 4.750100e+00 1.300000e+01
      vertex   -1.444430e+00 4.819769e+00 1.300000e+01
    endloop
  endfacet
  facet normal -4.171330e-01 -5.839667e-01 -6.964072e-01
    outer loop
      vertex   -1.459359e+00 6.328668e+00 1.174367e+01
      vertex   -1.444430e+00 4.819769e+00 1.300000e+01
      vertex   -1.528603e+00 4.879895e+00 1.300000e+01
    endloop
  endfacet
  facet normal -3.858924e-01 -5.938062e-01 -7.060321e-01
    outer loop
      vertex   -1.459359e+00 6.328668e+00 1.174367e+01
      vertex   -1.528603e+00 4.879895e+00 1.300000e+01
      vertex   -1.584585e+00 6.362338e+00 1.178379e+01
    endloop
  endfacet
  facet normal -3.404640e-01 -6.040264e-01 -7.205806e-01
    outer loop
      vertex   -1.584585e+00 6.362338e+00 1.178379e+01
      vertex   -1.528603e+00 4.879895e+00 1.300000e+01
      vertex   -1.617317e+00 4.929899e+00 1.300000e+01
    endloop
  endfacet
  facet normal -2.747259e-01 -6.186669e-01 -7.360549e-01
    outer loop
      vertex   -1.584585e+00 6.362338e+00 1.178379e+01
      vertex   -1.617317e+00 4.929899e+00 1.300000e+01
      vertex   -1.718267e+00 6.386889e+00 1.181305e+01
    endloop
  endfacet
  facet normal -2.644067e-01 -6.200671e-01 -7.386514e-01
    outer loop
      vertex   -1.718267e+00 6.386889e+00 1.181305e+01
      vertex   -1.617317e+00 4.929899e+00 1.300000e+01
      vertex   -1.709715e+00 4.969300e+00 1.300000e+01
    endloop
  endfacet
  facet normal -1.884094e-01 -6.311476e-01 -7.524325e-01
    outer loop
      vertex   -1.718267e+00 6.386889e+00 1.181305e+01
      vertex   -1.709715e+00 4.969300e+00 1.300000e+01
      vertex   -1.804910e+00 4.997717e+00 1.300000e+01
    endloop
  endfacet
  facet normal -1.643760e-01 -6.348183e-01 -7.549743e-01
    outer loop
      vertex   -1.718267e+00 6.386889e+00 1.181305e+01
      vertex   -1.804910e+00 4.997717e+00 1.300000e+01
      vertex   -1.857685e+00 6.401823e+00 1.183085e+01
    endloop
  endfacet
  facet normal -1.128378e-01 -6.382954e-01 -7.614766e-01
    outer loop
      vertex   -1.857685e+00 6.401823e+00 1.183085e+01
      vertex   -1.804910e+00 4.997717e+00 1.300000e+01
      vertex   -1.901983e+00 5.014877e+00 1.300000e+01
    endloop
  endfacet
  facet normal -5.470651e-02 -6.425338e-01 -7.643020e-01
    outer loop
      vertex   -1.857685e+00 6.401823e+00 1.183085e+01
      vertex   -1.901983e+00 5.014877e+00 1.300000e+01
      vertex   -2.000000e+00 6.406835e+00 1.183682e+01
    endloop
  endfacet
  facet normal -3.760673e-02 -6.423329e-01 -7.655026e-01
    outer loop
      vertex   -2.000000e+00 6.406835e+00 1.183682e+01
      vertex   -1.901983e+00 5.014877e+00 1.300000e+01
      vertex   -2.000000e+00 5.020616e+00 1.300000e+01
    endloop
  endfacet
  facet normal 3.760673e-02 -6.423329e-01 -7.655026e-01
    outer loop
      vertex   -2.000000e+00 6.406835e+00 1.183682e+01
      vertex   -2.000000e+00 5.020616e+00 1.300000e+01
      vertex   -2.098017e+00 5.014877e+00 1.300000e+01
    endloop
  endfacet
  facet normal 5.470651e-02 -6.425338e-01 -7.643020e-01
    outer loop
      vertex   -2.000000e+00 6.406835e+00 1.183682e+01
      vertex   -2.098017e+00 5.014877e+00 1.300000e+01
      vertex   -2.142315e+00 6.401823e+00 1.183085e+01
    endloop
  endfacet
  facet normal 1.128378e-01 -6.382954e-01 -7.614766e-01
    outer loop
      vertex   -2.142315e+00 6.401823e+00 1.183085e+01
      vertex   -2.098017e+00 5.014877e+00 1.300000e+01
      vertex   -2.195090e+00 4.997717e+00 1.300000e+01
    endloop
  endfacet
  facet normal 1.643760e-01 -6.348183e-01 -7.549743e-01
    outer loop
      vertex   -2.142315e+00 6.401823e+00 1.183085e+01
      vertex   -2.195090e+00 4.997717e+00 1.300000e+01
      vertex   -2.281733e+00 6.386889e+00 1.181305e+01
    endloop
  endfacet
  facet normal 1.884094e-01 -6.311476e-01 -7.524325e-01
    outer loop
      vertex   -2.281733e+00 6.386889e+00 1.181305e+01
      vertex   -2.195090e+00 4.997717e+00 1.300000e+01
      vertex   -2.290285e+00 4.969300e+00 1.300000e+01
    endloop
  endfacet
  facet normal 2.644067e-01 -6.200671e-01 -7.386514e-01
    outer loop
      vertex   -2.281733e+00 6.386889e+00 1.181305e+01
      vertex   -2.290285e+00 4.969300e+00 1.300000e+01
      vertex   -2.382683e+00 4.929899e+00 1.300000e+01
    endloop
  endfacet
  facet normal 2.747259e-01 -6.186669e-01 -7.360549e-01
    outer loop
      vertex   -2.281733e+00 6.386889e+00 1.181305e+01
      vertex   -2.382683e+00 4.929899e+00 1.300000e+01
      vertex   -2.415415e+00 6.362338e+00 1.178379e+01
    endloop
  endfacet
  facet normal 3.404640e-01 -6.040264e-01 -7.205806e-01
    outer loop
      vertex   -2.415415e+00 6.362338e+00 1.178379e+01
      vertex   -2.382683e+00 4.929899e+00 1.300000e+01
      vertex   -2.471397e+00 4.879895e+00 1.300000e+01
    endloop
  endfacet
  facet normal 3.858924e-01 -5.938062e-01 -7.060321e-01
    outer loop
      vertex   -2.415415e+00 6.362338e+00 1.178379e+01
      vertex   -2.471397e+00 4.879895e+00 1.300000e+01
      vertex   -2.540641e+00 6.328668e+00 1.174367e+01
    endloop
  endfacet
  facet normal 4.171330e-01 -5.839667e-01 -6.964072e-01
    outer loop
      vertex   -2.540641e+00 6.328668e+00 1.174367e+01
      vertex   -2.471397e+00 4.879895e+00 1.300000e+01
      vertex   -2.555570e+00 4.819769e+00 1.300000e+01
    endloop
  endfacet
  facet normal 4.942049e-01 -5.591409e-01 -6.656748e-01
    outer loop
      vertex   -2.540641e+00 6.328668e+00 1.174367e+01
      vertex   -2.555570e+00 4.819769e+00 1.300000e+01
      vertex   -2.634393e+00 4.750100e+00 1.300000e+01
    endloop
  endfacet
  facet normal 4.974626e-01 -5.580982e-01 -6.641215e-01
    outer loop
      vertex   -2.540641e+00 6.328668e+00 1.174367e+01
      vertex   -2.634393e+00 4.750100e+00 1.300000e+01
      vertex   -2.654861e+00 6.286565e+00 1.169349e+01
    endloop
  endfacet
  facet normal 5.700941e-01 -5.277953e-01 -6.296228e-01
    outer loop
      vertex   -2.654861e+00 6.286565e+00 1.169349e+01
      vertex   -2.634393e+00 4.750100e+00 1.300000e+01
      vertex   -2.707107e+00 4.671559e+00 1.300000e+01
    endloop
  endfacet
  facet normal 6.081201e-01 -5.110815e-01 -6.074419e-01
    outer loop
      vertex   -2.654861e+00 6.286565e+00 1.169349e+01
      vertex   -2.707107e+00 4.671559e+00 1.300000e+01
      vertex   -2.755750e+00 6.236887e+00 1.163429e+01
    endloop
  endfacet
  facet normal 6.452873e-01 -4.907510e-01 -5.854637e-01
    outer loop
      vertex   -2.755750e+00 6.236887e+00 1.163429e+01
      vertex   -2.707107e+00 4.671559e+00 1.300000e+01
      vertex   -2.773010e+00 4.584903e+00 1.300000e+01
    endloop
  endfacet
  facet normal 7.152075e-01 -4.497476e-01 -5.349817e-01
    outer loop
      vertex   -2.755750e+00 6.236887e+00 1.163429e+01
      vertex   -2.773010e+00 4.584903e+00 1.300000e+01
      vertex   -2.841254e+00 6.180645e+00 1.156726e+01
    endloop
  endfacet
  facet normal 7.187008e-01 -4.472609e-01 -5.323785e-01
    outer loop
      vertex   -2.841254e+00 6.180645e+00 1.156726e+01
      vertex   -2.773010e+00 4.584903e+00 1.300000e+01
      vertex   -2.831470e+00 4.490965e+00 1.300000e+01
    endloop
  endfacet
  facet normal 7.874021e-01 -3.960136e-01 -4.724099e-01
    outer loop
      vertex   -2.841254e+00 6.180645e+00 1.156726e+01
      vertex   -2.831470e+00 4.490965e+00 1.300000e+01
      vertex   -2.881921e+00 4.390651e+00 1.300000e+01
    endloop
  endfacet
  facet normal 8.143024e-01 -3.738773e-01 -4.439902e-01
    outer loop
      vertex   -2.841254e+00 6.180645e+00 1.156726e+01
      vertex   -2.881921e+00 4.390651e+00 1.300000e+01
      vertex   -2.909632e+00 6.118983e+00 1.149378e+01
    endloop
  endfacet
  facet normal 8.506488e-01 -3.375924e-01 -4.030235e-01
    outer loop
      vertex   -2.909632e+00 6.118983e+00 1.149378e+01
      vertex   -2.881921e+00 4.390651e+00 1.300000e+01
      vertex   -2.923880e+00 4.284927e+00 1.300000e+01
    endloop
  endfacet
  facet normal 8.990914e-01 -2.819787e-01 -3.348471e-01
    outer loop
      vertex   -2.909632e+00 6.118983e+00 1.149378e+01
      vertex   -2.923880e+00 4.284927e+00 1.300000e+01
      vertex   -2.959493e+00 6.053157e+00 1.141533e+01
    endloop
  endfacet
  facet normal 9.061240e-01 -2.720498e-01 -3.239262e-01
    outer loop
      vertex   -2.959493e+00 6.053157e+00 1.141533e+01
      vertex   -2.923880e+00 4.284927e+00 1.300000e+01
      vertex   -2.956940e+00 4.174810e+00 1.300000e+01
    endloop
  endfacet
  facet normal 9.504215e-01 -1.997629e-01 -2.383144e-01
    outer loop
      vertex   -2.959493e+00 6.053157e+00 1.141533e+01
      vertex   -2.956940e+00 4.174810e+00 1.300000e+01
      vertex   -2.980785e+00 4.061362e+00 1.300000e+01
    endloop
  endfacet
  facet normal 9.619645e-01 -1.763001e-01 -2.086685e-01
    outer loop
      vertex   -2.959493e+00 6.053157e+00 1.141533e+01
      vertex   -2.980785e+00 4.061362e+00 1.300000e+01
      vertex   -2.989821e+00 5.984508e+00 1.133351e+01
    endloop
  endfacet
  facet normal 9.816613e-01 -1.221861e-01 -1.463271e-01
    outer loop
      vertex   -2.989821e+00 5.984508e+00 1.133351e+01
      vertex   -2.980785e+00 4.061362e+00 1.300000e+01
      vertex   -2.995185e+00 3.945675e+00 1.300000e+01
    endloop
  endfacet
  facet normal 9.940995e-01 -7.020378e-02 -8.269024e-02
    outer loop
      vertex   -2.989821e+00 5.984508e+00 1.133351e+01
      vertex   -2.995185e+00 3.945675e+00 1.300000e+01
      vertex   -3.000000e+00 8.000000e+00 9.500000e+00
    endloop
  endfacet
  facet normal 9.979500e-01 -4.113781e-02 -4.902614e-02
    outer loop
      vertex   -3.000000e+00 8.000000e+00 9.500000e+00
      vertex   -2.995185e+00 3.945675e+00 1.300000e+01
      vertex   -3.000000e+00 3.828862e+00 1.300000e+01
    endloop
  endfacet
  facet normal 9.947308e-01 -6.619494e-02 -7.828701e-02
    outer loop
      vertex   -3.000000e+00 8.000000e+00 9.500000e+00
      vertex   -2.987688e+00 8.000000e+00 9.656434e+00
      vertex   -2.989821e+00 5.984508e+00 1.133351e+01
    endloop
  endfacet
  facet normal 9.619649e-01 -1.753285e-01 -2.094840e-01
    outer loop
      vertex   -2.989821e+00 5.984508e+00 1.133351e+01
      vertex   -2.987688e+00 8.000000e+00 9.656434e+00
      vertex   -2.959493e+00 6.053157e+00 1.141533e+01
    endloop
  endfacet
  facet normal 9.540651e-01 -1.931207e-01 -2.290508e-01
    outer loop
      vertex   -2.987688e+00 8.000000e+00 9.656434e+00
      vertex   -2.951057e+00 8.000000e+00 9.809017e+00
      vertex   -2.959493e+00 6.053157e+00 1.141533e+01
    endloop
  endfacet
  facet normal 8.990915e-01 -2.809120e-01 -3.357423e-01
    outer loop
      vertex   -2.959493e+00 6.053157e+00 1.141533e+01
      vertex   -2.951057e+00 8.000000e+00 9.809017e+00
      vertex   -2.909632e+00 6.118983e+00 1.149378e+01
    endloop
  endfacet
  facet normal 8.793080e-01 -3.068553e-01 -3.642213e-01
    outer loop
      vertex   -2.951057e+00 8.000000e+00 9.809017e+00
      vertex   -2.891007e+00 8.000000e+00 9.953990e+00
      vertex   -2.909632e+00 6.118983e+00 1.149378e+01
    endloop
  endfacet
  facet normal 8.143026e-01 -3.724739e-01 -4.451679e-01
    outer loop
      vertex   -2.909632e+00 6.118983e+00 1.149378e+01
      vertex   -2.891007e+00 8.000000e+00 9.953990e+00
      vertex   -2.841254e+00 6.180645e+00 1.156726e+01
    endloop
  endfacet
  facet normal 7.804353e-01 -4.027360e-01 -4.782514e-01
    outer loop
      vertex   -2.891007e+00 8.000000e+00 9.953990e+00
      vertex   -2.809017e+00 8.000000e+00 1.008779e+01
      vertex   -2.841254e+00 6.180645e+00 1.156726e+01
    endloop
  endfacet
  facet normal 7.152073e-01 -4.485379e-01 -5.359965e-01
    outer loop
      vertex   -2.841254e+00 6.180645e+00 1.156726e+01
      vertex   -2.809017e+00 8.000000e+00 1.008779e+01
      vertex   -2.755750e+00 6.236887e+00 1.163429e+01
    endloop
  endfacet
  facet normal 6.672114e-01 -4.796844e-01 -5.698524e-01
    outer loop
      vertex   -2.809017e+00 8.000000e+00 1.008779e+01
      vertex   -2.707107e+00 8.000000e+00 1.020711e+01
      vertex   -2.755750e+00 6.236887e+00 1.163429e+01
    endloop
  endfacet
  facet normal 6.081201e-01 -5.095333e-01 -6.087411e-01
    outer loop
      vertex   -2.755750e+00 6.236887e+00 1.163429e+01
      vertex   -2.707107e+00 8.000000e+00 1.020711e+01
      vertex   -2.654861e+00 6.286565e+00 1.169349e+01
    endloop
  endfacet
  facet normal 5.470511e-01 -5.389584e-01 -6.405145e-01
    outer loop
      vertex   -2.707107e+00 8.000000e+00 1.020711e+01
      vertex   -2.587785e+00 8.000000e+00 1.030902e+01
      vertex   -2.654861e+00 6.286565e+00 1.169349e+01
    endloop
  endfacet
  facet normal 4.974625e-01 -5.569024e-01 -6.651246e-01
    outer loop
      vertex   -2.654861e+00 6.286565e+00 1.169349e+01
      vertex   -2.587785e+00 8.000000e+00 1.030902e+01
      vertex   -2.540641e+00 6.328668e+00 1.174367e+01
    endloop
  endfacet
  facet normal 4.245971e-01 -5.827823e-01 -6.928796e-01
    outer loop
      vertex   -2.587785e+00 8.000000e+00 1.030902e+01
      vertex   -2.453990e+00 8.000000e+00 1.039101e+01
      vertex   -2.540641e+00 6.328668e+00 1.174367e+01
    endloop
  endfacet
  facet normal 3.858925e-01 -5.923854e-01 -7.072245e-01
    outer loop
      vertex   -2.540641e+00 6.328668e+00 1.174367e+01
      vertex   -2.453990e+00 8.000000e+00 1.039101e+01
      vertex   -2.415415e+00 6.362338e+00 1.178379e+01
    endloop
  endfacet
  facet normal 3.022268e-01 -6.134201e-01 -7.296401e-01
    outer loop
      vertex   -2.453990e+00 8.000000e+00 1.039101e+01
      vertex   -2.309017e+00 8.000000e+00 1.045106e+01
      vertex   -2.415415e+00 6.362338e+00 1.178379e+01
    endloop
  endfacet
  facet normal 2.747260e-01 -6.175896e-01 -7.369591e-01
    outer loop
      vertex   -2.415415e+00 6.362338e+00 1.178379e+01
      vertex   -2.309017e+00 8.000000e+00 1.045106e+01
      vertex   -2.281733e+00 6.386889e+00 1.181305e+01
    endloop
  endfacet
  facet normal 1.807768e-01 -6.327136e-01 -7.529895e-01
    outer loop
      vertex   -2.309017e+00 8.000000e+00 1.045106e+01
      vertex   -2.156434e+00 8.000000e+00 1.048769e+01
      vertex   -2.281733e+00 6.386889e+00 1.181305e+01
    endloop
  endfacet
  facet normal 1.643760e-01 -6.337840e-01 -7.558428e-01
    outer loop
      vertex   -2.281733e+00 6.386889e+00 1.181305e+01
      vertex   -2.156434e+00 8.000000e+00 1.048769e+01
      vertex   -2.142315e+00 6.401823e+00 1.183085e+01
    endloop
  endfacet
  facet normal 6.016086e-02 -6.419101e-01 -7.644162e-01
    outer loop
      vertex   -2.156434e+00 8.000000e+00 1.048769e+01
      vertex   -2.000000e+00 8.000000e+00 1.050000e+01
      vertex   -2.142315e+00 6.401823e+00 1.183085e+01
    endloop
  endfacet
  facet normal 5.470653e-02 -6.418250e-01 -7.648973e-01
    outer loop
      vertex   -2.142315e+00 6.401823e+00 1.183085e+01
      vertex   -2.000000e+00 8.000000e+00 1.050000e+01
      vertex   -2.000000e+00 6.406835e+00 1.183682e+01
    endloop
  endfacet
  facet normal -5.470653e-02 -6.418250e-01 -7.648973e-01
    outer loop
      vertex   -2.000000e+00 6.406835e+00 1.183682e+01
      vertex   -2.000000e+00 8.000000e+00 1.050000e+01
      vertex   -1.857685e+00 6.401823e+00 1.183085e+01
    endloop
  endfacet
  facet normal -6.016086e-02 -6.419101e-01 -7.644162e-01
    outer loop
      vertex   -1.857685e+00 6.401823e+00 1.183085e+01
      vertex   -2.000000e+00 8.000000e+00 1.050000e+01
      vertex   -1.843566e+00 8.000000e+00 1.048769e+01
    endloop
  endfacet
  facet normal -1.643760e-01 -6.337840e-01 -7.558428e-01
    outer loop
      vertex   -1.857685e+00 6.401823e+00 1.183085e+01
      vertex   -1.843566e+00 8.000000e+00 1.048769e+01
      vertex   -1.718267e+00 6.386889e+00 1.181305e+01
    endloop
  endfacet
  facet normal -1.807768e-01 -6.327136e-01 -7.529895e-01
    outer loop
      vertex   -1.718267e+00 6.386889e+00 1.181305e+01
      vertex   -1.843566e+00 8.000000e+00 1.048769e+01
      vertex   -1.690983e+00 8.000000e+00 1.045106e+01
    endloop
  endfacet
  facet normal -2.747260e-01 -6.175896e-01 -7.369591e-01
    outer loop
      vertex   -1.718267e+00 6.386889e+00 1.181305e+01
      vertex   -1.690983e+00 8.000000e+00 1.045106e+01
      vertex   -1.584585e+00 6.362338e+00 1.178379e+01
    endloop
  endfacet
  facet normal -3.022268e-01 -6.134201e-01 -7.296401e-01
    outer loop
      vertex   -1.584585e+00 6.362338e+00 1.178379e+01
      vertex   -1.690983e+00 8.000000e+00 1.045106e+01
      vertex   -1.546010e+00 8.000000e+00 1.039101e+01
    endloop
  endfacet
  facet normal -3.858925e-01 -5.923854e-01 -7.072245e-01
    outer loop
      vertex   -1.584585e+00 6.362338e+00 1.178379e+01
      vertex   -1.546010e+00 8.000000e+00 1.039101e+01
      vertex   -1.459359e+00 6.328668e+00 1.174367e+01
    endloop
  endfacet
  facet normal -4.245971e-01 -5.827823e-01 -6.928796e-01
    outer loop
      vertex   -1.459359e+00 6.328668e+00 1.174367e+01
      vertex   -1.546010e+00 8.000000e+00 1.039101e+01
      vertex   -1.412215e+00 8.000000e+00 1.030902e+01
    endloop
  endfacet
  facet normal -4.974625e-01 -5.569024e-01 -6.651246e-01
    outer loop
      vertex   -1.459359e+00 6.328668e+00 1.174367e+01
      vertex   -1.412215e+00 8.000000e+00 1.030902e+01
      vertex   -1.345139e+00 6.286565e+00 1.169349e+01
    endloop
  endfacet
  facet normal -5.470511e-01 -5.389584e-01 -6.405145e-01
    outer loop
      vertex   -1.345139e+00 6.286565e+00 1.169349e+01
      vertex   -1.412215e+00 8.000000e+00 1.030902e+01
      vertex   -1.292893e+00 8.000000e+00 1.020711e+01
    endloop
  endfacet
  facet normal -6.081201e-01 -5.095333e-01 -6.087411e-01
    outer loop
      vertex   -1.345139e+00 6.286565e+00 1.169349e+01
      vertex   -1.292893e+00 8.000000e+00 1.020711e+01
      vertex   -1.244250e+00 6.236887e+00 1.163429e+01
    endloop
  endfacet
  facet normal -6.672114e-01 -4.796844e-01 -5.698524e-01
    outer loop
      vertex   -1.244250e+00 6.236887e+00 1.163429e+01
      vertex   -1.292893e+00 8.000000e+00 1.020711e+01
      vertex   -1.190983e+00 8.000000e+00 1.008779e+01
    endloop
  endfacet
  facet normal -7.152073e-01 -4.485379e-01 -5.359965e-01
    outer loop
      vertex   -1.244250e+00 6.236887e+00 1.163429e+01
      vertex   -1.190983e+00 8.000000e+00 1.008779e+01
      vertex   -1.158746e+00 6.180645e+00 1.156726e+01
    endloop
  endfacet
  facet normal -7.804353e-01 -4.027360e-01 -4.782514e-01
    outer loop
      vertex   -1.158746e+00 6.180645e+00 1.156726e+01
      vertex   -1.190983e+00 8.000000e+00 1.008779e+01
      vertex   -1.108993e+00 8.000000e+00 9.953990e+00
    endloop
  endfacet
  facet normal -8.143026e-01 -3.724739e-01 -4.451679e-01
    outer loop
      vertex   -1.158746e+00 6.180645e+00 1.156726e+01
      vertex   -1.108993e+00 8.000000e+00 9.953990e+00
      vertex   -1.090368e+00 6.118983e+00 1.149378e+01
    endloop
  endfacet
  facet normal -8.793080e-01 -3.068553e-01 -3.642213e-01
    outer loop
      vertex   -1.090368e+00 6.118983e+00 1.149378e+01
      vertex   -1.108993e+00 8.000000e+00 9.953990e+00
      vertex   -1.048943e+00 8.000000e+00 9.809017e+00
    endloop
  endfacet
  facet normal -8.990915e-01 -2.809120e-01 -3.357423e-01
    outer loop
      vertex   -1.090368e+00 6.118983e+00 1.149378e+01
      vertex   -1.048943e+00 8.000000e+00 9.809017e+00
      vertex   -1.040507e+00 6.053157e+00 1.141533e+01
    endloop
  endfacet
  facet normal -9.540651e-01 -1.931207e-01 -2.290508e-01
    outer loop
      vertex   -1.040507e+00 6.053157e+00 1.141533e+01
      vertex   -1.048943e+00 8.000000e+00 9.809017e+00
      vertex   -1.012312e+00 8.000000e+00 9.656434e+00
    endloop
  endfacet
  facet normal -9.619649e-01 -1.753285e-01 -2.094840e-01
    outer loop
      vertex   -1.040507e+00 6.053157e+00 1.141533e+01
      vertex   -1.012312e+00 8.000000e+00 9.656434e+00
      vertex   -1.010179e+00 5.984508e+00 1.133351e+01
    endloop
  endfacet
  facet normal -9.947308e-01 -6.619494e-02 -7.828701e-02
    outer loop
      vertex   -1.010179e+00 5.984508e+00 1.133351e+01
      vertex   -1.012312e+00 8.000000e+00 9.656434e+00
      vertex   -1.000000e+00 8.000000e+00 9.500000e+00
    endloop
  endfacet
  facet normal -1.000000e+00 -0.000000e+00 0.000000e+00
    outer loop
      vertex   -1.000000e+00 -2.637109e+00 1.300000e+01
      vertex   -1.000000e+00 -8.000000e+00 8.500000e+00
      vertex   -1.000000e+00 -3.828862e+00 1.300000e+01
    endloop
  endfacet
  facet normal -1.000000e+00 0.000000e+00 0.000000e+00
    outer loop
      vertex   -1.000000e+00 -3.828862e+00 1.300000e+01
      vertex   -1.000000e+00 -8.000000e+00 8.500000e+00
      vertex   -1.000000e+00 -8.000000e+00 9.500000e+00
    endloop
  endfacet
  facet normal 9.956698e-01 5.975372e-02 -7.121171e-02
    outer loop
      vertex   -3.000000e+00 -8.000000e+00 9.500000e+00
      vertex   -3.000000e+00 -3.828862e+00 1.300000e+01
      vertex   -2.989821e+00 -5.984508e+00 1.133351e+01
    endloop
  endfacet
  facet normal 9.980415e-01 4.114159e-02 -4.712193e-02
    outer loop
      vertex   -2.989821e+00 -5.984508e+00 1.133351e+01
      vertex   -3.000000e+00 -3.828862e+00 1.300000e+01
      vertex   -2.995185e+00 -3.945675e+00 1.300000e+01
    endloop
  endfacet
  facet normal 9.816613e-01 1.221861e-01 -1.463271e-01
    outer loop
      vertex   -2.989821e+00 -5.984508e+00 1.133351e+01
      vertex   -2.995185e+00 -3.945675e+00 1.300000e+01
      vertex   -2.980785e+00 -4.061362e+00 1.300000e+01
    endloop
  endfacet
  facet normal 9.619645e-01 1.763001e-01 -2.086685e-01
    outer loop
      vertex   -2.989821e+00 -5.984508e+00 1.133351e+01
      vertex   -2.980785e+00 -4.061362e+00 1.300000e+01
      vertex   -2.959493e+00 -6.053157e+00 1.141533e+01
    endloop
  endfacet
  facet normal 9.504215e-01 1.997629e-01 -2.383144e-01
    outer loop
      vertex   -2.959493e+00 -6.053157e+00 1.141533e+01
      vertex   -2.980785e+00 -4.061362e+00 1.300000e+01
      vertex   -2.956940e+00 -4.174810e+00 1.300000e+01
    endloop
  endfacet
  facet normal 9.061240e-01 2.720498e-01 -3.239262e-01
    outer loop
      vertex   -2.959493e+00 -6.053157e+00 1.141533e+01
      vertex   -2.956940e+00 -4.174810e+00 1.300000e+01
      vertex   -2.923880e+00 -4.284927e+00 1.300000e+01
    endloop
  endfacet
  facet normal 8.990914e-01 2.819787e-01 -3.348471e-01
    outer loop
      vertex   -2.959493e+00 -6.053157e+00 1.141533e+01
      vertex   -2.923880e+00 -4.284927e+00 1.300000e+01
      vertex   -2.909632e+00 -6.118983e+00 1.149378e+01
    endloop
  endfacet
  facet normal 8.506488e-01 3.375924e-01 -4.030235e-01
    outer loop
      vertex   -2.909632e+00 -6.118983e+00 1.149378e+01
      vertex   -2.923880e+00 -4.284927e+00 1.300000e+01
      vertex   -2.881921e+00 -4.390651e+00 1.300000e+01
    endloop
  endfacet
  facet normal 8.143024e-01 3.738773e-01 -4.439902e-01
    outer loop
      vertex   -2.909632e+00 -6.118983e+00 1.149378e+01
      vertex   -2.881921e+00 -4.390651e+00 1.300000e+01
      vertex   -2.841254e+00 -6.180645e+00 1.156726e+01
    endloop
  endfacet
  facet normal 7.874021e-01 3.960136e-01 -4.724099e-01
    outer loop
      vertex   -2.841254e+00 -6.180645e+00 1.156726e+01
      vertex   -2.881921e+00 -4.390651e+00 1.300000e+01
      vertex   -2.831470e+00 -4.490965e+00 1.300000e+01
    endloop
  endfacet
  facet normal 7.187008e-01 4.472609e-01 -5.323785e-01
    outer loop
      vertex   -2.841254e+00 -6.180645e+00 1.156726e+01
      vertex   -2.831470e+00 -4.490965e+00 1.300000e+01
      vertex   -2.773010e+00 -4.584903e+00 1.300000e+01
    endloop
  endfacet
  facet normal 7.152075e-01 4.497476e-01 -5.349817e-01
    outer loop
      vertex   -2.841254e+00 -6.180645e+00 1.156726e+01
      vertex   -2.773010e+00 -4.584903e+00 1.300000e+01
      vertex   -2.755750e+00 -6.236887e+00 1.163429e+01
    endloop
  endfacet
  facet normal 6.452873e-01 4.907510e-01 -5.854637e-01
    outer loop
      vertex   -2.755750e+00 -6.236887e+00 1.163429e+01
      vertex   -2.773010e+00 -4.584903e+00 1.300000e+01
      vertex   -2.707107e+00 -4.671559e+00 1.300000e+01
    endloop
  endfacet
  facet normal 6.081201e-01 5.110815e-01 -6.074419e-01
    outer loop
      vertex   -2.755750e+00 -6.236887e+00 1.163429e+01
      vertex   -2.707107e+00 -4.671559e+00 1.300000e+01
      vertex   -2.654861e+00 -6.286565e+00 1.169349e+01
    endloop
  endfacet
  facet normal 5.700941e-01 5.277953e-01 -6.296228e-01
    outer loop
      vertex   -2.654861e+00 -6.286565e+00 1.169349e+01
      vertex   -2.707107e+00 -4.671559e+00 1.300000e+01
      vertex   -2.634393e+00 -4.750100e+00 1.300000e+01
    endloop
  endfacet
  facet normal 4.974626e-01 5.580982e-01 -6.641215e-01
    outer loop
      vertex   -2.654861e+00 -6.286565e+00 1.169349e+01
      vertex   -2.634393e+00 -4.750100e+00 1.300000e+01
      vertex   -2.540641e+00 -6.328668e+00 1.174367e+01
    endloop
  endfacet
  facet normal 4.942049e-01 5.591409e-01 -6.656748e-01
    outer loop
      vertex   -2.540641e+00 -6.328668e+00 1.174367e+01
      vertex   -2.634393e+00 -4.750100e+00 1.300000e+01
      vertex   -2.555570e+00 -4.819769e+00 1.300000e+01
    endloop
  endfacet
  facet normal 4.171330e-01 5.839667e-01 -6.964072e-01
    outer loop
      vertex   -2.540641e+00 -6.328668e+00 1.174367e+01
      vertex   -2.555570e+00 -4.819769e+00 1.300000e+01
      vertex   -2.471397e+00 -4.879895e+00 1.300000e+01
    endloop
  endfacet
  facet normal 3.858924e-01 5.938062e-01 -7.060321e-01
    outer loop
      vertex   -2.540641e+00 -6.328668e+00 1.174367e+01
      vertex   -2.471397e+00 -4.879895e+00 1.300000e+01
      vertex   -2.415415e+00 -6.362338e+00 1.178379e+01
    endloop
  endfacet
  facet normal 3.404640e-01 6.040264e-01 -7.205806e-01
    outer loop
      vertex   -2.415415e+00 -6.362338e+00 1.178379e+01
      vertex   -2.471397e+00 -4.879895e+00 1.300000e+01
      vertex   -2.382683e+00 -4.929899e+00 1.300000e+01
    endloop
  endfacet
  facet normal 2.747259e-01 6.186669e-01 -7.360549e-01
    outer loop
      vertex   -2.415415e+00 -6.362338e+00 1.178379e+01
      vertex   -2.382683e+00 -4.929899e+00 1.300000e+01
      vertex   -2.281733e+00 -6.386889e+00 1.181305e+01
    endloop
  endfacet
  facet normal 2.644067e-01 6.200671e-01 -7.386514e-01
    outer loop
      vertex   -2.281733e+00 -6.386889e+00 1.181305e+01
      vertex   -2.382683e+00 -4.929899e+00 1.300000e+01
      vertex   -2.290285e+00 -4.969300e+00 1.300000e+01
    endloop
  endfacet
  facet normal 1.884094e-01 6.311476e-01 -7.524325e-01
    outer loop
      vertex   -2.281733e+00 -6.386889e+00 1.181305e+01
      vertex   -2.290285e+00 -4.969300e+00 1.300000e+01
      vertex   -2.195090e+00 -4.997717e+00 1.300000e+01
    endloop
  endfacet
  facet normal 1.643760e-01 6.348183e-01 -7.549743e-01
    outer loop
      vertex   -2.281733e+00 -6.386889e+00 1.181305e+01
      vertex   -2.195090e+00 -4.997717e+00 1.300000e+01
      vertex   -2.142315e+00 -6.401823e+00 1.183085e+01
    endloop
  endfacet
  facet normal 1.128378e-01 6.382954e-01 -7.614766e-01
    outer loop
      vertex   -2.142315e+00 -6.401823e+00 1.183085e+01
      vertex   -2.195090e+00 -4.997717e+00 1.300000e+01
      vertex   -2.098017e+00 -5.014877e+00 1.300000e+01
    endloop
  endfacet
  facet normal 5.470651e-02 6.425338e-01 -7.643020e-01
    outer loop
      vertex   -2.142315e+00 -6.401823e+00 1.183085e+01
      vertex   -2.098017e+00 -5.014877e+00 1.300000e+01
      vertex   -2.000000e+00 -6.406835e+00 1.183682e+01
    endloop
  endfacet
  facet normal 3.760673e-02 6.423329e-01 -7.655026e-01
    outer loop
      vertex   -2.000000e+00 -6.406835e+00 1.183682e+01
      vertex   -2.098017e+00 -5.014877e+00 1.300000e+01
      vertex   -2.000000e+00 -5.020616e+00 1.300000e+01
    endloop
  endfacet
  facet normal -3.760673e-02 6.423329e-01 -7.655026e-01
    outer loop
      vertex   -2.000000e+00 -6.406835e+00 1.183682e+01
      vertex   -2.000000e+00 -5.020616e+00 1.300000e+01
      vertex   -1.901983e+00 -5.014877e+00 1.300000e+01
    endloop
  endfacet
  facet normal -5.470651e-02 6.425338e-01 -7.643020e-01
    outer loop
      vertex   -2.000000e+00 -6.406835e+00 1.183682e+01
      vertex   -1.901983e+00 -5.014877e+00 1.300000e+01
      vertex   -1.857685e+00 -6.401823e+00 1.183085e+01
    endloop
  endfacet
  facet normal -1.128378e-01 6.382954e-01 -7.614766e-01
    outer loop
      vertex   -1.857685e+00 -6.401823e+00 1.183085e+01
      vertex   -1.901983e+00 -5.014877e+00 1.300000e+01
      vertex   -1.804910e+00 -4.997717e+00 1.300000e+01
    endloop
  endfacet
  facet normal -1.643760e-01 6.348183e-01 -7.549743e-01
    outer loop
      vertex   -1.857685e+00 -6.401823e+00 1.183085e+01
      vertex   -1.804910e+00 -4.997717e+00 1.300000e+01
      vertex   -1.718267e+00 -6.386889e+00 1.181305e+01
    endloop
  endfacet
  facet normal -1.884094e-01 6.311476e-01 -7.524325e-01
    outer loop
      vertex   -1.718267e+00 -6.386889e+00 1.181305e+01
      vertex   -1.804910e+00 -4.997717e+00 1.300000e+01
      vertex   -1.709715e+00 -4.969300e+00 1.300000e+01
    endloop
  endfacet
  facet normal -2.644067e-01 6.200671e-01 -7.386514e-01
    outer loop
      vertex   -1.718267e+00 -6.386889e+00 1.181305e+01
      vertex   -1.709715e+00 -4.969300e+00 1.300000e+01
      vertex   -1.617317e+00 -4.929899e+00 1.300000e+01
    endloop
  endfacet
  facet normal -2.747259e-01 6.186669e-01 -7.360549e-01
    outer loop
      vertex   -1.718267e+00 -6.386889e+00 1.181305e+01
      vertex   -1.617317e+00 -4.929899e+00 1.300000e+01
      vertex   -1.584585e+00 -6.362338e+00 1.178379e+01
    endloop
  endfacet
  facet normal -3.404640e-01 6.040264e-01 -7.205806e-01
    outer loop
      vertex   -1.584585e+00 -6.362338e+00 1.178379e+01
      vertex   -1.617317e+00 -4.929899e+00 1.300000e+01
      vertex   -1.528603e+00 -4.879895e+00 1.300000e+01
    endloop
  endfacet
  facet normal -3.858924e-01 5.938062e-01 -7.060321e-01
    outer loop
      vertex   -1.584585e+00 -6.362338e+00 1.178379e+01
      vertex   -1.528603e+00 -4.879895e+00 1.300000e+01
      vertex   -1.459359e+00 -6.328668e+00 1.174367e+01
    endloop
  endfacet
  facet normal -4.171330e-01 5.839667e-01 -6.964072e-01
    outer loop
      vertex   -1.459359e+00 -6.328668e+00 1.174367e+01
      vertex   -1.528603e+00 -4.879895e+00 1.300000e+01
      vertex   -1.444430e+00 -4.819769e+00 1.300000e+01
    endloop
  endfacet
  facet normal -4.942049e-01 5.591409e-01 -6.656748e-01
    outer loop
      vertex   -1.459359e+00 -6.328668e+00 1.174367e+01
      vertex   -1.444430e+00 -4.819769e+00 1.300000e+01
      vertex   -1.365607e+00 -4.750100e+00 1.300000e+01
    endloop
  endfacet
  facet normal -4.974626e-01 5.580982e-01 -6.641215e-01
    outer loop
      vertex   -1.459359e+00 -6.328668e+00 1.174367e+01
      vertex   -1.365607e+00 -4.750100e+00 1.300000e+01
      vertex   -1.345139e+00 -6.286565e+00 1.169349e+01
    endloop
  endfacet
  facet normal -5.700941e-01 5.277953e-01 -6.296228e-01
    outer loop
      vertex   -1.345139e+00 -6.286565e+00 1.169349e+01
      vertex   -1.365607e+00 -4.750100e+00 1.300000e+01
      vertex   -1.292893e+00 -4.671559e+00 1.300000e+01
    endloop
  endfacet
  facet normal -6.081201e-01 5.110815e-01 -6.074419e-01
    outer loop
      vertex   -1.345139e+00 -6.286565e+00 1.169349e+01
      vertex   -1.292893e+00 -4.671559e+00 1.300000e+01
      vertex   -1.244250e+00 -6.236887e+00 1.163429e+01
    endloop
  endfacet
  facet normal -6.452873e-01 4.907510e-01 -5.854637e-01
    outer loop
      vertex   -1.244250e+00 -6.236887e+00 1.163429e+01
      vertex   -1.292893e+00 -4.671559e+00 1.300000e+01
      vertex   -1.226990e+00 -4.584903e+00 1.300000e+01
    endloop
  endfacet
  facet normal -7.152075e-01 4.497476e-01 -5.349817e-01
    outer loop
      vertex   -1.244250e+00 -6.236887e+00 1.163429e+01
      vertex   -1.226990e+00 -4.584903e+00 1.300000e+01
      vertex   -1.158746e+00 -6.180645e+00 1.156726e+01
    endloop
  endfacet
  facet normal -7.187008e-01 4.472609e-01 -5.323785e-01
    outer loop
      vertex   -1.158746e+00 -6.180645e+00 1.156726e+01
      vertex   -1.226990e+00 -4.584903e+00 1.300000e+01
      vertex   -1.168530e+00 -4.490965e+00 1.300000e+01
    endloop
  endfacet
  facet normal -7.874021e-01 3.960136e-01 -4.724099e-01
    outer loop
      vertex   -1.158746e+00 -6.180645e+00 1.156726e+01
      vertex   -1.168530e+00 -4.490965e+00 1.300000e+01
      vertex   -1.118079e+00 -4.390651e+00 1.300000e+01
    endloop
  endfacet
  facet normal -8.143024e-01 3.738773e-01 -4.439902e-01
    outer loop
      vertex   -1.158746e+00 -6.180645e+00 1.156726e+01
      vertex   -1.118079e+00 -4.390651e+00 1.300000e+01
      vertex   -1.090368e+00 -6.118983e+00 1.149378e+01
    endloop
  endfacet
  facet normal -8.506488e-01 3.375924e-01 -4.030235e-01
    outer loop
      vertex   -1.090368e+00 -6.118983e+00 1.149378e+01
      vertex   -1.118079e+00 -4.390651e+00 1.300000e+01
      vertex   -1.076120e+00 -4.284927e+00 1.300000e+01
    endloop
  endfacet
  facet normal -8.990914e-01 2.819787e-01 -3.348471e-01
    outer loop
      vertex   -1.090368e+00 -6.118983e+00 1.149378e+01
      vertex   -1.076120e+00 -4.284927e+00 1.300000e+01
      vertex   -1.040507e+00 -6.053157e+00 1.141533e+01
    endloop
  endfacet
  facet normal -9.061240e-01 2.720498e-01 -3.239262e-01
    outer loop
      vertex   -1.040507e+00 -6.053157e+00 1.141533e+01
      vertex   -1.076120e+00 -4.284927e+00 1.300000e+01
      vertex   -1.043060e+00 -4.174810e+00 1.300000e+01
    endloop
  endfacet
  facet normal -9.504215e-01 1.997629e-01 -2.383144e-01
    outer loop
      vertex   -1.040507e+00 -6.053157e+00 1.141533e+01
      vertex   -1.043060e+00 -4.174810e+00 1.300000e+01
      vertex   -1.019215e+00 -4.061362e+00 1.300000e+01
    endloop
  endfacet
  facet normal -9.619645e-01 1.763001e-01 -2.086685e-01
    outer loop
      vertex   -1.040507e+00 -6.053157e+00 1.141533e+01
      vertex   -1.019215e+00 -4.061362e+00 1.300000e+01
      vertex   -1.010179e+00 -5.984508e+00 1.133351e+01
    endloop
  endfacet
  facet normal -9.816613e-01 1.221861e-01 -1.463271e-01
    outer loop
      vertex   -1.010179e+00 -5.984508e+00 1.133351e+01
      vertex   -1.019215e+00 -4.061362e+00 1.300000e+01
      vertex   -1.004815e+00 -3.945675e+00 1.300000e+01
    endloop
  endfacet
  facet normal -9.940995e-01 7.020378e-02 -8.269024e-02
    outer loop
      vertex   -1.010179e+00 -5.984508e+00 1.133351e+01
      vertex   -1.004815e+00 -3.945675e+00 1.300000e+01
      vertex   -1.000000e+00 -8.000000e+00 9.500000e+00
    endloop
  endfacet
  facet normal -9.979500e-01 4.113781e-02 -4.902614e-02
    outer loop
      vertex   -1.000000e+00 -8.000000e+00 9.500000e+00
      vertex   -1.004815e+00 -3.945675e+00 1.300000e+01
      vertex   -1.000000e+00 -3.828862e+00 1.300000e+01
    endloop
  endfacet
  facet normal -9.947308e-01 6.619494e-02 -7.828701e-02
    outer loop
      vertex   -1.000000e+00 -8.000000e+00 9.500000e+00
      vertex   -1.012312e+00 -8.000000e+00 9.656434e+00
      vertex   -1.010179e+00 -5.984508e+00 1.133351e+01
    endloop
  endfacet
  facet normal -9.619649e-01 1.753285e-01 -2.094840e-01
    outer loop
      vertex   -1.010179e+00 -5.984508e+00 1.133351e+01
      vertex   -1.012312e+00 -8.000000e+00 9.656434e+00
      vertex   -1.040507e+00 -6.053157e+00 1.141533e+01
    endloop
  endfacet
  facet normal -9.540651e-01 1.931207e-01 -2.290508e-01
    outer loop
      vertex   -1.012312e+00 -8.000000e+00 9.656434e+00
      vertex   -1.048943e+00 -8.000000e+00 9.809017e+00
      vertex   -1.040507e+00 -6.053157e+00 1.141533e+01
    endloop
  endfacet
  facet normal -8.990915e-01 2.809120e-01 -3.357423e-01
    outer loop
      vertex   -1.040507e+00 -6.053157e+00 1.141533e+01
      vertex   -1.048943e+00 -8.000000e+00 9.809017e+00
      vertex   -1.090368e+00 -6.118983e+00 1.149378e+01
    endloop
  endfacet
  facet normal -8.793080e-01 3.068553e-01 -3.642213e-01
    outer loop
      vertex   -1.048943e+00 -8.000000e+00 9.809017e+00
      vertex   -1.108993e+00 -8.000000e+00 9.953990e+00
      vertex   -1.090368e+00 -6.118983e+00 1.149378e+01
    endloop
  endfacet
  facet normal -8.143026e-01 3.724739e-01 -4.451679e-01
    outer loop
      vertex   -1.090368e+00 -6.118983e+00 1.149378e+01
      vertex   -1.108993e+00 -8.000000e+00 9.953990e+00
      vertex   -1.158746e+00 -6.180645e+00 1.156726e+01
    endloop
  endfacet
  facet normal -7.804353e-01 4.027360e-01 -4.782514e-01
    outer loop
      vertex   -1.108993e+00 -8.000000e+00 9.953990e+00
      vertex   -1.190983e+00 -8.000000e+00 1.008779e+01
      vertex   -1.158746e+00 -6.180645e+00 1.156726e+01
    endloop
  endfacet
  facet normal -7.152073e-01 4.485379e-01 -5.359965e-01
    outer loop
      vertex   -1.158746e+00 -6.180645e+00 1.156726e+01
      vertex   -1.190983e+00 -8.000000e+00 1.008779e+01
      vertex   -1.244250e+00 -6.236887e+00 1.163429e+01
    endloop
  endfacet
  facet normal -6.672114e-01 4.796844e-01 -5.698524e-01
    outer loop
      vertex   -1.190983e+00 -8.000000e+00 1.008779e+01
      vertex   -1.292893e+00 -8.000000e+00 1.020711e+01
      vertex   -1.244250e+00 -6.236887e+00 1.163429e+01
    endloop
  endfacet
  facet normal -6.081201e-01 5.095333e-01 -6.087411e-01
    outer loop
      vertex   -1.244250e+00 -6.236887e+00 1.163429e+01
      vertex   -1.292893e+00 -8.000000e+00 1.020711e+01
      vertex   -1.345139e+00 -6.286565e+00 1.169349e+01
    endloop
  endfacet
  facet normal -5.470511e-01 5.389584e-01 -6.405145e-01
    outer loop
      vertex   -1.292893e+00 -8.000000e+00 1.020711e+01
      vertex   -1.412215e+00 -8.000000e+00 1.030902e+01
      vertex   -1.345139e+00 -6.286565e+00 1.169349e+01
    endloop
  endfacet
  facet normal -4.974625e-01 5.569024e-01 -6.651246e-01
    outer loop
      vertex   -1.345139e+00 -6.286565e+00 1.169349e+01
      vertex   -1.412215e+00 -8.000000e+00 1.030902e+01
      vertex   -1.459359e+00 -6.328668e+00 1.174367e+01
    endloop
  endfacet
  facet normal -4.245971e-01 5.827823e-01 -6.928796e-01
    outer loop
      vertex   -1.412215e+00 -8.000000e+00 1.030902e+01
      vertex   -1.546010e+00 -8.000000e+00 1.039101e+01
      vertex   -1.459359e+00 -6.328668e+00 1.174367e+01
    endloop
  endfacet
  facet normal -3.858925e-01 5.923854e-01 -7.072245e-01
    outer loop
      vertex   -1.459359e+00 -6.328668e+00 1.174367e+01
      vertex   -1.546010e+00 -8.000000e+00 1.039101e+01
      vertex   -1.584585e+00 -6.362338e+00 1.178379e+01
    endloop
  endfacet
  facet normal -3.022268e-01 6.134201e-01 -7.296401e-01
    outer loop
      vertex   -1.546010e+00 -8.000000e+00 1.039101e+01
      vertex   -1.690983e+00 -8.000000e+00 1.045106e+01
      vertex   -1.584585e+00 -6.362338e+00 1.178379e+01
    endloop
  endfacet
  facet normal -2.747260e-01 6.175896e-01 -7.369591e-01
    outer loop
      vertex   -1.584585e+00 -6.362338e+00 1.178379e+01
      vertex   -1.690983e+00 -8.000000e+00 1.045106e+01
      vertex   -1.718267e+00 -6.386889e+00 1.181305e+01
    endloop
  endfacet
  facet normal -1.807768e-01 6.327136e-01 -7.529895e-01
    outer loop
      vertex   -1.690983e+00 -8.000000e+00 1.045106e+01
      vertex   -1.843566e+00 -8.000000e+00 1.048769e+01
      vertex   -1.718267e+00 -6.386889e+00 1.181305e+01
    endloop
  endfacet
  facet normal -1.643760e-01 6.337840e-01 -7.558428e-01
    outer loop
      vertex   -1.718267e+00 -6.386889e+00 1.181305e+01
      vertex   -1.843566e+00 -8.000000e+00 1.048769e+01
      vertex   -1.857685e+00 -6.401823e+00 1.183085e+01
    endloop
  endfacet
  facet normal -6.016086e-02 6.419101e-01 -7.644162e-01
    outer loop
      vertex   -1.843566e+00 -8.000000e+00 1.048769e+01
      vertex   -2.000000e+00 -8.000000e+00 1.050000e+01
      vertex   -1.857685e+00 -6.401823e+00 1.183085e+01
    endloop
  endfacet
  facet normal -5.470653e-02 6.418250e-01 -7.648973e-01
    outer loop
      vertex   -1.857685e+00 -6.401823e+00 1.183085e+01
      vertex   -2.000000e+00 -8.000000e+00 1.050000e+01
      vertex   -2.000000e+00 -6.406835e+00 1.183682e+01
    endloop
  endfacet
  facet normal 5.470653e-02 6.418250e-01 -7.648973e-01
    outer loop
      vertex   -2.000000e+00 -6.406835e+00 1.183682e+01
      vertex   -2.000000e+00 -8.000000e+00 1.050000e+01
      vertex   -2.142315e+00 -6.401823e+00 1.183085e+01
    endloop
  endfacet
  facet normal 6.016086e-02 6.419101e-01 -7.644162e-01
    outer loop
      vertex   -2.142315e+00 -6.401823e+00 1.183085e+01
      vertex   -2.000000e+00 -8.000000e+00 1.050000e+01
      vertex   -2.156434e+00 -8.000000e+00 1.048769e+01
    endloop
  endfacet
  facet normal 1.643760e-01 6.337840e-01 -7.558428e-01
    outer loop
      vertex   -2.142315e+00 -6.401823e+00 1.183085e+01
      vertex   -2.156434e+00 -8.000000e+00 1.048769e+01
      vertex   -2.281733e+00 -6.386889e+00 1.181305e+01
    endloop
  endfacet
  facet normal 1.807768e-01 6.327136e-01 -7.529895e-01
    outer loop
      vertex   -2.281733e+00 -6.386889e+00 1.181305e+01
      vertex   -2.156434e+00 -8.000000e+00 1.048769e+01
      vertex   -2.309017e+00 -8.000000e+00 1.045106e+01
    endloop
  endfacet
  facet normal 2.747260e-01 6.175896e-01 -7.369591e-01
    outer loop
      vertex   -2.281733e+00 -6.386889e+00 1.181305e+01
      vertex   -2.309017e+00 -8.000000e+00 1.045106e+01
      vertex   -2.415415e+00 -6.362338e+00 1.178379e+01
    endloop
  endfacet
  facet normal 3.022268e-01 6.134201e-01 -7.296401e-01
    outer loop
      vertex   -2.415415e+00 -6.362338e+00 1.178379e+01
      vertex   -2.309017e+00 -8.000000e+00 1.045106e+01
      vertex   -2.453990e+00 -8.000000e+00 1.039101e+01
    endloop
  endfacet
  facet normal 3.858925e-01 5.923854e-01 -7.072245e-01
    outer loop
      vertex   -2.415415e+00 -6.362338e+00 1.178379e+01
      vertex   -2.453990e+00 -8.000000e+00 1.039101e+01
      vertex   -2.540641e+00 -6.328668e+00 1.174367e+01
    endloop
  endfacet
  facet normal 4.245971e-01 5.827823e-01 -6.928796e-01
    outer loop
      vertex   -2.540641e+00 -6.328668e+00 1.174367e+01
      vertex   -2.453990e+00 -8.000000e+00 1.039101e+01
      vertex   -2.587785e+00 -8.000000e+00 1.030902e+01
    endloop
  endfacet
  facet normal 4.974625e-01 5.569024e-01 -6.651246e-01
    outer loop
      vertex   -2.540641e+00 -6.328668e+00 1.174367e+01
      vertex   -2.587785e+00 -8.000000e+00 1.030902e+01
      vertex   -2.654861e+00 -6.286565e+00 1.169349e+01
    endloop
  endfacet
  facet normal 5.470511e-01 5.389584e-01 -6.405145e-01
    outer loop
      vertex   -2.654861e+00 -6.286565e+00 1.169349e+01
      vertex   -2.587785e+00 -8.000000e+00 1.030902e+01
      vertex   -2.707107e+00 -8.000000e+00 1.020711e+01
    endloop
  endfacet
  facet normal 6.081201e-01 5.095333e-01 -6.087411e-01
    outer loop
      vertex   -2.654861e+00 -6.286565e+00 1.169349e+01
      vertex   -2.707107e+00 -8.000000e+00 1.020711e+01
      vertex   -2.755750e+00 -6.236887e+00 1.163429e+01
    endloop
  endfacet
  facet normal 6.672114e-01 4.796844e-01 -5.698524e-01
    outer loop
      vertex   -2.755750e+00 -6.236887e+00 1.163429e+01
      vertex   -2.707107e+00 -8.000000e+00 1.020711e+01
      vertex   -2.809017e+00 -8.000000e+00 1.008779e+01
    endloop
  endfacet
  facet normal 7.152073e-01 4.485379e-01 -5.359965e-01
    outer loop
      vertex   -2.755750e+00 -6.236887e+00 1.163429e+01
      vertex   -2.809017e+00 -8.000000e+00 1.008779e+01
      vertex   -2.841254e+00 -6.180645e+00 1.156726e+01
    endloop
  endfacet
  facet normal 7.804353e-01 4.027360e-01 -4.782514e-01
    outer loop
      vertex   -2.841254e+00 -6.180645e+00 1.156726e+01
      vertex   -2.809017e+00 -8.000000e+00 1.008779e+01
      vertex   -2.891007e+00 -8.000000e+00 9.953990e+00
    endloop
  endfacet
  facet normal 8.143026e-01 3.724739e-01 -4.451679e-01
    outer loop
      vertex   -2.841254e+00 -6.180645e+00 1.156726e+01
      vertex   -2.891007e+00 -8.000000e+00 9.953990e+00
      vertex   -2.909632e+00 -6.118983e+00 1.149378e+01
    endloop
  endfacet
  facet normal 8.793080e-01 3.068553e-01 -3.642213e-01
    outer loop
      vertex   -2.909632e+00 -6.118983e+00 1.149378e+01
      vertex   -2.891007e+00 -8.000000e+00 9.953990e+00
      vertex   -2.951057e+00 -8.000000e+00 9.809017e+00
    endloop
  endfacet
  facet normal 8.990915e-01 2.809120e-01 -3.357423e-01
    outer loop
      vertex   -2.909632e+00 -6.118983e+00 1.149378e+01
      vertex   -2.951057e+00 -8.000000e+00 9.809017e+00
      vertex   -2.959493e+00 -6.053157e+00 1.141533e+01
    endloop
  endfacet
  facet normal 9.540651e-01 1.931207e-01 -2.290508e-01
    outer loop
      vertex   -2.959493e+00 -6.053157e+00 1.141533e+01
      vertex   -2.951057e+00 -8.000000e+00 9.809017e+00
      vertex   -2.987688e+00 -8.000000e+00 9.656434e+00
    endloop
  endfacet
  facet normal 9.619649e-01 1.753285e-01 -2.094840e-01
    outer loop
      vertex   -2.959493e+00 -6.053157e+00 1.141533e+01
      vertex   -2.987688e+00 -8.000000e+00 9.656434e+00
      vertex   -2.989821e+00 -5.984508e+00 1.133351e+01
    endloop
  endfacet
  facet normal 9.947308e-01 6.619494e-02 -7.828701e-02
    outer loop
      vertex   -2.989821e+00 -5.984508e+00 1.133351e+01
      vertex   -2.987688e+00 -8.000000e+00 9.656434e+00
      vertex   -3.000000e+00 -8.000000e+00 9.500000e+00
    endloop
  endfacet
  facet normal 1.000000e+00 0.000000e+00 0.000000e+00
    outer loop
      vertex   -3.000000e+00 -2.637109e+00 1.300000e+01
      vertex   -3.000000e+00 -3.828862e+00 1.300000e+01
      vertex   -3.000000e+00 -8.000000e+00 8.500000e+00
    endloop
  endfacet
  facet normal 1.000000e+00 0.000000e+00 0.000000e+00
    outer loop
      vertex   -3.000000e+00 -8.000000e+00 8.500000e+00
      vertex   -3.000000e+00 -3.828862e+00 1.300000e+01
      vertex   -3.000000e+00 -8.000000e+00 9.500000e+00
    endloop
  endfacet
  facet normal -9.978301e-01 -4.113287e-02 5.141131e-02
    outer loop
      vertex   -1.004815e+00 -2.520297e+00 1.300000e+01
      vertex   -1.010179e+00 -4.052564e+00 1.166998e+01
      vertex   -1.000000e+00 -2.637109e+00 1.300000e+01
    endloop
  endfacet
  facet normal -9.956698e-01 -5.975372e-02 7.121171e-02
    outer loop
      vertex   -1.000000e+00 -2.637109e+00 1.300000e+01
      vertex   -1.010179e+00 -4.052564e+00 1.166998e+01
      vertex   -1.010179e+00 -6.237446e+00 9.836644e+00
    endloop
  endfacet
  facet normal -9.956698e-01 -5.975372e-02 7.121171e-02
    outer loop
      vertex   -1.000000e+00 -2.637109e+00 1.300000e+01
      vertex   -1.010179e+00 -6.237446e+00 9.836644e+00
      vertex   -1.000000e+00 -8.000000e+00 8.500000e+00
    endloop
  endfacet
  facet normal -9.948014e-01 -6.511852e-02 7.829257e-02
    outer loop
      vertex   -1.000000e+00 -8.000000e+00 8.500000e+00
      vertex   -1.010179e+00 -6.237446e+00 9.836644e+00
      vertex   -1.012312e+00 -8.000000e+00 8.343566e+00
    endloop
  endfacet
  facet normal -9.619648e-01 -1.758916e-01 2.090114e-01
    outer loop
      vertex   -1.012312e+00 -8.000000e+00 8.343566e+00
      vertex   -1.010179e+00 -6.237446e+00 9.836644e+00
      vertex   -1.040507e+00 -6.168796e+00 9.754830e+00
    endloop
  endfacet
  facet normal -9.544149e-01 -1.912839e-01 2.291347e-01
    outer loop
      vertex   -1.012312e+00 -8.000000e+00 8.343566e+00
      vertex   -1.040507e+00 -6.168796e+00 9.754830e+00
      vertex   -1.048943e+00 -8.000000e+00 8.190983e+00
    endloop
  endfacet
  facet normal -8.990915e-01 -2.818846e-01 3.349262e-01
    outer loop
      vertex   -1.048943e+00 -8.000000e+00 8.190983e+00
      vertex   -1.040507e+00 -6.168796e+00 9.754830e+00
      vertex   -1.090368e+00 -6.102970e+00 9.676382e+00
    endloop
  endfacet
  facet normal -8.799710e-01 -3.046206e-01 3.644959e-01
    outer loop
      vertex   -1.048943e+00 -8.000000e+00 8.190983e+00
      vertex   -1.090368e+00 -6.102970e+00 9.676382e+00
      vertex   -1.108993e+00 -8.000000e+00 8.046010e+00
    endloop
  endfacet
  facet normal -8.143026e-01 -3.737078e-01 4.441326e-01
    outer loop
      vertex   -1.108993e+00 -8.000000e+00 8.046010e+00
      vertex   -1.090368e+00 -6.102970e+00 9.676382e+00
      vertex   -1.158746e+00 -6.041309e+00 9.602896e+00
    endloop
  endfacet
  facet normal -7.813041e-01 -4.004124e-01 4.787837e-01
    outer loop
      vertex   -1.108993e+00 -8.000000e+00 8.046010e+00
      vertex   -1.158746e+00 -6.041309e+00 9.602896e+00
      vertex   -1.190983e+00 -8.000000e+00 7.912215e+00
    endloop
  endfacet
  facet normal -7.152074e-01 -4.498989e-01 5.348546e-01
    outer loop
      vertex   -1.190983e+00 -8.000000e+00 7.912215e+00
      vertex   -1.158746e+00 -6.041309e+00 9.602896e+00
      vertex   -1.244250e+00 -5.985066e+00 9.535869e+00
    endloop
  endfacet
  facet normal -6.681236e-01 -4.774835e-01 5.706315e-01
    outer loop
      vertex   -1.190983e+00 -8.000000e+00 7.912215e+00
      vertex   -1.244250e+00 -5.985066e+00 9.535869e+00
      vertex   -1.292893e+00 -8.000000e+00 7.792893e+00
    endloop
  endfacet
  facet normal -6.081202e-01 -5.109036e-01 6.075915e-01
    outer loop
      vertex   -1.292893e+00 -8.000000e+00 7.792893e+00
      vertex   -1.244250e+00 -5.985066e+00 9.535869e+00
      vertex   -1.345139e+00 -5.935388e+00 9.476665e+00
    endloop
  endfacet
  facet normal -5.478617e-01 -5.370028e-01 6.414636e-01
    outer loop
      vertex   -1.292893e+00 -8.000000e+00 7.792893e+00
      vertex   -1.345139e+00 -5.935388e+00 9.476665e+00
      vertex   -1.412215e+00 -8.000000e+00 7.690983e+00
    endloop
  endfacet
  facet normal -4.974625e-01 -5.581785e-01 6.640540e-01
    outer loop
      vertex   -1.412215e+00 -8.000000e+00 7.690983e+00
      vertex   -1.345139e+00 -5.935388e+00 9.476665e+00
      vertex   -1.459359e+00 -5.893286e+00 9.426490e+00
    endloop
  endfacet
  facet normal -4.252128e-01 -5.811358e-01 6.938842e-01
    outer loop
      vertex   -1.412215e+00 -8.000000e+00 7.690983e+00
      vertex   -1.459359e+00 -5.893286e+00 9.426490e+00
      vertex   -1.546010e+00 -8.000000e+00 7.608993e+00
    endloop
  endfacet
  facet normal -3.858925e-01 -5.934740e-01 7.063112e-01
    outer loop
      vertex   -1.546010e+00 -8.000000e+00 7.608993e+00
      vertex   -1.459359e+00 -5.893286e+00 9.426490e+00
      vertex   -1.584585e+00 -5.859616e+00 9.386363e+00
    endloop
  endfacet
  facet normal -3.026128e-01 -6.121192e-01 7.305720e-01
    outer loop
      vertex   -1.546010e+00 -8.000000e+00 7.608993e+00
      vertex   -1.584585e+00 -5.859616e+00 9.386363e+00
      vertex   -1.690983e+00 -8.000000e+00 7.548943e+00
    endloop
  endfacet
  facet normal -2.747260e-01 -6.184028e-01 7.362768e-01
    outer loop
      vertex   -1.690983e+00 -8.000000e+00 7.548943e+00
      vertex   -1.584585e+00 -5.859616e+00 9.386363e+00
      vertex   -1.718267e+00 -5.835064e+00 9.357104e+00
    endloop
  endfacet
  facet normal -1.809526e-01 -6.317910e-01 7.537217e-01
    outer loop
      vertex   -1.690983e+00 -8.000000e+00 7.548943e+00
      vertex   -1.718267e+00 -5.835064e+00 9.357104e+00
      vertex   -1.843566e+00 -8.000000e+00 7.512312e+00
    endloop
  endfacet
  facet normal -1.643760e-01 -6.342352e-01 7.554642e-01
    outer loop
      vertex   -1.843566e+00 -8.000000e+00 7.512312e+00
      vertex   -1.718267e+00 -5.835064e+00 9.357104e+00
      vertex   -1.857685e+00 -5.820130e+00 9.339306e+00
    endloop
  endfacet
  facet normal -6.019358e-02 -6.414116e-01 7.648319e-01
    outer loop
      vertex   -1.843566e+00 -8.000000e+00 7.512312e+00
      vertex   -1.857685e+00 -5.820130e+00 9.339306e+00
      vertex   -2.000000e+00 -8.000000e+00 7.500000e+00
    endloop
  endfacet
  facet normal -5.470653e-02 -6.418250e-01 7.648973e-01
    outer loop
      vertex   -2.000000e+00 -8.000000e+00 7.500000e+00
      vertex   -1.857685e+00 -5.820130e+00 9.339306e+00
      vertex   -2.000000e+00 -5.815118e+00 9.333333e+00
    endloop
  endfacet
  facet normal 5.470653e-02 -6.418250e-01 7.648973e-01
    outer loop
      vertex   -2.000000e+00 -8.000000e+00 7.500000e+00
      vertex   -2.000000e+00 -5.815118e+00 9.333333e+00
      vertex   -2.142315e+00 -5.820130e+00 9.339306e+00
    endloop
  endfacet
  facet normal 5.470653e-02 -6.418250e-01 7.648973e-01
    outer loop
      vertex   -2.142315e+00 -5.820130e+00 9.339306e+00
      vertex   -2.000000e+00 -5.815118e+00 9.333333e+00
      vertex   -2.000000e+00 -3.630237e+00 1.116667e+01
    endloop
  endfacet
  facet normal 5.470653e-02 -6.418250e-01 7.648973e-01
    outer loop
      vertex   -2.142315e+00 -5.820130e+00 9.339306e+00
      vertex   -2.000000e+00 -3.630237e+00 1.116667e+01
      vertex   -2.142315e+00 -3.635249e+00 1.117264e+01
    endloop
  endfacet
  facet normal 5.470652e-02 -6.413733e-01 7.652761e-01
    outer loop
      vertex   -2.142315e+00 -3.635249e+00 1.117264e+01
      vertex   -2.000000e+00 -3.630237e+00 1.116667e+01
      vertex   -2.098017e+00 -1.451094e+00 1.300000e+01
    endloop
  endfacet
  facet normal 1.129486e-01 -6.389221e-01 7.609344e-01
    outer loop
      vertex   -2.142315e+00 -3.635249e+00 1.117264e+01
      vertex   -2.098017e+00 -1.451094e+00 1.300000e+01
      vertex   -2.195090e+00 -1.468254e+00 1.300000e+01
    endloop
  endfacet
  facet normal -9.818904e-01 -1.222146e-01 1.447581e-01
    outer loop
      vertex   -1.004815e+00 -2.520297e+00 1.300000e+01
      vertex   -1.019215e+00 -2.404609e+00 1.300000e+01
      vertex   -1.010179e+00 -4.052564e+00 1.166998e+01
    endloop
  endfacet
  facet normal -9.619643e-01 -1.747414e-01 2.099764e-01
    outer loop
      vertex   -1.010179e+00 -4.052564e+00 1.166998e+01
      vertex   -1.019215e+00 -2.404609e+00 1.300000e+01
      vertex   -1.040507e+00 -3.983915e+00 1.158816e+01
    endloop
  endfacet
  facet normal -9.619649e-01 -1.755922e-01 2.092627e-01
    outer loop
      vertex   -1.010179e+00 -4.052564e+00 1.166998e+01
      vertex   -1.040507e+00 -3.983915e+00 1.158816e+01
      vertex   -1.040507e+00 -6.168796e+00 9.754830e+00
    endloop
  endfacet
  facet normal -8.990917e-01 -2.813869e-01 3.353439e-01
    outer loop
      vertex   -1.040507e+00 -6.168796e+00 9.754830e+00
      vertex   -1.040507e+00 -3.983915e+00 1.158816e+01
      vertex   -1.090368e+00 -6.102970e+00 9.676382e+00
    endloop
  endfacet
  facet normal -9.505397e-01 -1.997878e-01 2.378215e-01
    outer loop
      vertex   -1.019215e+00 -2.404609e+00 1.300000e+01
      vertex   -1.043060e+00 -2.291161e+00 1.300000e+01
      vertex   -1.040507e+00 -3.983915e+00 1.158816e+01
    endloop
  endfacet
  facet normal -9.059431e-01 -2.719955e-01 3.244772e-01
    outer loop
      vertex   -1.040507e+00 -3.983915e+00 1.158816e+01
      vertex   -1.043060e+00 -2.291161e+00 1.300000e+01
      vertex   -1.076120e+00 -2.181044e+00 1.300000e+01
    endloop
  endfacet
  facet normal -8.990914e-01 -2.807731e-01 3.358587e-01
    outer loop
      vertex   -1.040507e+00 -3.983915e+00 1.158816e+01
      vertex   -1.076120e+00 -2.181044e+00 1.300000e+01
      vertex   -1.090368e+00 -3.918089e+00 1.150972e+01
    endloop
  endfacet
  facet normal -8.511286e-01 -3.377828e-01 4.018494e-01
    outer loop
      vertex   -1.090368e+00 -3.918089e+00 1.150972e+01
      vertex   -1.076120e+00 -2.181044e+00 1.300000e+01
      vertex   -1.118079e+00 -2.075320e+00 1.300000e+01
    endloop
  endfacet
  facet normal -8.143025e-01 -3.723473e-01 4.452740e-01
    outer loop
      vertex   -1.090368e+00 -3.918089e+00 1.150972e+01
      vertex   -1.118079e+00 -2.075320e+00 1.300000e+01
      vertex   -1.158746e+00 -3.856427e+00 1.143623e+01
    endloop
  endfacet
  facet normal -7.877293e-01 -3.961782e-01 4.717259e-01
    outer loop
      vertex   -1.158746e+00 -3.856427e+00 1.143623e+01
      vertex   -1.118079e+00 -2.075320e+00 1.300000e+01
      vertex   -1.168530e+00 -1.975006e+00 1.300000e+01
    endloop
  endfacet
  facet normal -7.182268e-01 -4.469660e-01 5.332651e-01
    outer loop
      vertex   -1.158746e+00 -3.856427e+00 1.143623e+01
      vertex   -1.168530e+00 -1.975006e+00 1.300000e+01
      vertex   -1.226990e+00 -1.881068e+00 1.300000e+01
    endloop
  endfacet
  facet normal -7.152075e-01 -4.488301e-01 5.357516e-01
    outer loop
      vertex   -1.158746e+00 -3.856427e+00 1.143623e+01
      vertex   -1.226990e+00 -1.881068e+00 1.300000e+01
      vertex   -1.244250e+00 -3.800185e+00 1.136920e+01
    endloop
  endfacet
  facet normal -6.457103e-01 -4.910728e-01 5.847271e-01
    outer loop
      vertex   -1.244250e+00 -3.800185e+00 1.136920e+01
      vertex   -1.226990e+00 -1.881068e+00 1.300000e+01
      vertex   -1.292893e+00 -1.794412e+00 1.300000e+01
    endloop
  endfacet
  facet normal -6.081202e-01 -5.096240e-01 6.086651e-01
    outer loop
      vertex   -1.244250e+00 -3.800185e+00 1.136920e+01
      vertex   -1.292893e+00 -1.794412e+00 1.300000e+01
      vertex   -1.345139e+00 -3.750507e+00 1.131000e+01
    endloop
  endfacet
  facet normal -5.704893e-01 -5.281612e-01 6.289576e-01
    outer loop
      vertex   -1.345139e+00 -3.750507e+00 1.131000e+01
      vertex   -1.292893e+00 -1.794412e+00 1.300000e+01
      vertex   -1.365607e+00 -1.715871e+00 1.300000e+01
    endloop
  endfacet
  facet normal -4.974626e-01 -5.572356e-01 6.648454e-01
    outer loop
      vertex   -1.345139e+00 -3.750507e+00 1.131000e+01
      vertex   -1.365607e+00 -1.715871e+00 1.300000e+01
      vertex   -1.459359e+00 -3.708404e+00 1.125982e+01
    endloop
  endfacet
  facet normal -4.938179e-01 -5.587030e-01 6.663294e-01
    outer loop
      vertex   -1.459359e+00 -3.708404e+00 1.125982e+01
      vertex   -1.365607e+00 -1.715871e+00 1.300000e+01
      vertex   -1.444430e+00 -1.646202e+00 1.300000e+01
    endloop
  endfacet
  facet normal -4.173646e-01 -5.842909e-01 6.959964e-01
    outer loop
      vertex   -1.459359e+00 -3.708404e+00 1.125982e+01
      vertex   -1.444430e+00 -1.646202e+00 1.300000e+01
      vertex   -1.528603e+00 -1.586076e+00 1.300000e+01
    endloop
  endfacet
  facet normal -3.858925e-01 -5.924358e-01 7.071823e-01
    outer loop
      vertex   -1.459359e+00 -3.708404e+00 1.125982e+01
      vertex   -1.528603e+00 -1.586076e+00 1.300000e+01
      vertex   -1.584585e+00 -3.674734e+00 1.121970e+01
    endloop
  endfacet
  facet normal -3.407656e-01 -6.045614e-01 7.199891e-01
    outer loop
      vertex   -1.584585e+00 -3.674734e+00 1.121970e+01
      vertex   -1.528603e+00 -1.586076e+00 1.300000e+01
      vertex   -1.617317e+00 -1.536072e+00 1.300000e+01
    endloop
  endfacet
  facet normal -2.747260e-01 -6.176412e-01 7.369159e-01
    outer loop
      vertex   -1.584585e+00 -3.674734e+00 1.121970e+01
      vertex   -1.617317e+00 -1.536072e+00 1.300000e+01
      vertex   -1.718267e+00 -3.650183e+00 1.119044e+01
    endloop
  endfacet
  facet normal -2.643046e-01 -6.198276e-01 7.388889e-01
    outer loop
      vertex   -1.718267e+00 -3.650183e+00 1.119044e+01
      vertex   -1.617317e+00 -1.536072e+00 1.300000e+01
      vertex   -1.709715e+00 -1.496672e+00 1.300000e+01
    endloop
  endfacet
  facet normal -1.884704e-01 -6.313522e-01 7.522455e-01
    outer loop
      vertex   -1.718267e+00 -3.650183e+00 1.119044e+01
      vertex   -1.709715e+00 -1.496672e+00 1.300000e+01
      vertex   -1.804910e+00 -1.468254e+00 1.300000e+01
    endloop
  endfacet
  facet normal -1.643760e-01 -6.335449e-01 7.560432e-01
    outer loop
      vertex   -1.718267e+00 -3.650183e+00 1.119044e+01
      vertex   -1.804910e+00 -1.468254e+00 1.300000e+01
      vertex   -1.857685e+00 -3.635249e+00 1.117264e+01
    endloop
  endfacet
  facet normal -1.129486e-01 -6.389221e-01 7.609344e-01
    outer loop
      vertex   -1.857685e+00 -3.635249e+00 1.117264e+01
      vertex   -1.804910e+00 -1.468254e+00 1.300000e+01
      vertex   -1.901983e+00 -1.451094e+00 1.300000e+01
    endloop
  endfacet
  facet normal -5.470652e-02 -6.413733e-01 7.652761e-01
    outer loop
      vertex   -1.857685e+00 -3.635249e+00 1.117264e+01
      vertex   -1.901983e+00 -1.451094e+00 1.300000e+01
      vertex   -2.000000e+00 -3.630237e+00 1.116667e+01
    endloop
  endfacet
  facet normal -3.760673e-02 -6.423329e-01 7.655026e-01
    outer loop
      vertex   -2.000000e+00 -3.630237e+00 1.116667e+01
      vertex   -1.901983e+00 -1.451094e+00 1.300000e+01
      vertex   -2.000000e+00 -1.445355e+00 1.300000e+01
    endloop
  endfacet
  facet normal 3.760673e-02 -6.423329e-01 7.655026e-01
    outer loop
      vertex   -2.000000e+00 -3.630237e+00 1.116667e+01
      vertex   -2.000000e+00 -1.445355e+00 1.300000e+01
      vertex   -2.098017e+00 -1.451094e+00 1.300000e+01
    endloop
  endfacet
  facet normal 1.643760e-01 -6.335449e-01 7.560432e-01
    outer loop
      vertex   -2.142315e+00 -3.635249e+00 1.117264e+01
      vertex   -2.195090e+00 -1.468254e+00 1.300000e+01
      vertex   -2.281733e+00 -3.650183e+00 1.119044e+01
    endloop
  endfacet
  facet normal 1.884704e-01 -6.313522e-01 7.522455e-01
    outer loop
      vertex   -2.281733e+00 -3.650183e+00 1.119044e+01
      vertex   -2.195090e+00 -1.468254e+00 1.300000e+01
      vertex   -2.290285e+00 -1.496672e+00 1.300000e+01
    endloop
  endfacet
  facet normal 2.643046e-01 -6.198276e-01 7.388889e-01
    outer loop
      vertex   -2.281733e+00 -3.650183e+00 1.119044e+01
      vertex   -2.290285e+00 -1.496672e+00 1.300000e+01
      vertex   -2.382683e+00 -1.536072e+00 1.300000e+01
    endloop
  endfacet
  facet normal 2.747260e-01 -6.176412e-01 7.369159e-01
    outer loop
      vertex   -2.281733e+00 -3.650183e+00 1.119044e+01
      vertex   -2.382683e+00 -1.536072e+00 1.300000e+01
      vertex   -2.415415e+00 -3.674734e+00 1.121970e+01
    endloop
  endfacet
  facet normal 3.407656e-01 -6.045614e-01 7.199891e-01
    outer loop
      vertex   -2.415415e+00 -3.674734e+00 1.121970e+01
      vertex   -2.382683e+00 -1.536072e+00 1.300000e+01
      vertex   -2.471397e+00 -1.586076e+00 1.300000e+01
    endloop
  endfacet
  facet normal 3.858925e-01 -5.924358e-01 7.071823e-01
    outer loop
      vertex   -2.415415e+00 -3.674734e+00 1.121970e+01
      vertex   -2.471397e+00 -1.586076e+00 1.300000e+01
      vertex   -2.540641e+00 -3.708404e+00 1.125982e+01
    endloop
  endfacet
  facet normal 4.173646e-01 -5.842909e-01 6.959964e-01
    outer loop
      vertex   -2.540641e+00 -3.708404e+00 1.125982e+01
      vertex   -2.471397e+00 -1.586076e+00 1.300000e+01
      vertex   -2.555570e+00 -1.646202e+00 1.300000e+01
    endloop
  endfacet
  facet normal 4.938179e-01 -5.587030e-01 6.663294e-01
    outer loop
      vertex   -2.540641e+00 -3.708404e+00 1.125982e+01
      vertex   -2.555570e+00 -1.646202e+00 1.300000e+01
      vertex   -2.634393e+00 -1.715871e+00 1.300000e+01
    endloop
  endfacet
  facet normal 4.974626e-01 -5.572356e-01 6.648454e-01
    outer loop
      vertex   -2.540641e+00 -3.708404e+00 1.125982e+01
      vertex   -2.634393e+00 -1.715871e+00 1.300000e+01
      vertex   -2.654861e+00 -3.750507e+00 1.131000e+01
    endloop
  endfacet
  facet normal 5.704893e-01 -5.281612e-01 6.289576e-01
    outer loop
      vertex   -2.654861e+00 -3.750507e+00 1.131000e+01
      vertex   -2.634393e+00 -1.715871e+00 1.300000e+01
      vertex   -2.707107e+00 -1.794412e+00 1.300000e+01
    endloop
  endfacet
  facet normal 6.081202e-01 -5.096240e-01 6.086651e-01
    outer loop
      vertex   -2.654861e+00 -3.750507e+00 1.131000e+01
      vertex   -2.707107e+00 -1.794412e+00 1.300000e+01
      vertex   -2.755750e+00 -3.800185e+00 1.136920e+01
    endloop
  endfacet
  facet normal 6.457103e-01 -4.910728e-01 5.847271e-01
    outer loop
      vertex   -2.755750e+00 -3.800185e+00 1.136920e+01
      vertex   -2.707107e+00 -1.794412e+00 1.300000e+01
      vertex   -2.773010e+00 -1.881068e+00 1.300000e+01
    endloop
  endfacet
  facet normal 7.152075e-01 -4.488301e-01 5.357516e-01
    outer loop
      vertex   -2.755750e+00 -3.800185e+00 1.136920e+01
      vertex   -2.773010e+00 -1.881068e+00 1.300000e+01
      vertex   -2.841254e+00 -3.856427e+00 1.143623e+01
    endloop
  endfacet
  facet normal 7.182268e-01 -4.469660e-01 5.332651e-01
    outer loop
      vertex   -2.841254e+00 -3.856427e+00 1.143623e+01
      vertex   -2.773010e+00 -1.881068e+00 1.300000e+01
      vertex   -2.831470e+00 -1.975006e+00 1.300000e+01
    endloop
  endfacet
  facet normal 7.877293e-01 -3.961782e-01 4.717259e-01
    outer loop
      vertex   -2.841254e+00 -3.856427e+00 1.143623e+01
      vertex   -2.831470e+00 -1.975006e+00 1.300000e+01
      vertex   -2.881921e+00 -2.075320e+00 1.300000e+01
    endloop
  endfacet
  facet normal 8.143025e-01 -3.723473e-01 4.452740e-01
    outer loop
      vertex   -2.841254e+00 -3.856427e+00 1.143623e+01
      vertex   -2.881921e+00 -2.075320e+00 1.300000e+01
      vertex   -2.909632e+00 -3.918089e+00 1.150972e+01
    endloop
  endfacet
  facet normal 8.511286e-01 -3.377828e-01 4.018494e-01
    outer loop
      vertex   -2.909632e+00 -3.918089e+00 1.150972e+01
      vertex   -2.881921e+00 -2.075320e+00 1.300000e+01
      vertex   -2.923880e+00 -2.181044e+00 1.300000e+01
    endloop
  endfacet
  facet normal 8.990914e-01 -2.807731e-01 3.358587e-01
    outer loop
      vertex   -2.909632e+00 -3.918089e+00 1.150972e+01
      vertex   -2.923880e+00 -2.181044e+00 1.300000e+01
      vertex   -2.959493e+00 -3.983915e+00 1.158816e+01
    endloop
  endfacet
  facet normal 9.059431e-01 -2.719955e-01 3.244772e-01
    outer loop
      vertex   -2.959493e+00 -3.983915e+00 1.158816e+01
      vertex   -2.923880e+00 -2.181044e+00 1.300000e+01
      vertex   -2.956940e+00 -2.291161e+00 1.300000e+01
    endloop
  endfacet
  facet normal 9.505397e-01 -1.997878e-01 2.378215e-01
    outer loop
      vertex   -2.959493e+00 -3.983915e+00 1.158816e+01
      vertex   -2.956940e+00 -2.291161e+00 1.300000e+01
      vertex   -2.980785e+00 -2.404609e+00 1.300000e+01
    endloop
  endfacet
  facet normal 9.619643e-01 -1.747414e-01 2.099764e-01
    outer loop
      vertex   -2.959493e+00 -3.983915e+00 1.158816e+01
      vertex   -2.980785e+00 -2.404609e+00 1.300000e+01
      vertex   -2.989821e+00 -4.052564e+00 1.166998e+01
    endloop
  endfacet
  facet normal 9.818904e-01 -1.222146e-01 1.447581e-01
    outer loop
      vertex   -2.989821e+00 -4.052564e+00 1.166998e+01
      vertex   -2.980785e+00 -2.404609e+00 1.300000e+01
      vertex   -2.995185e+00 -2.520297e+00 1.300000e+01
    endloop
  endfacet
  facet normal 9.926827e-01 -7.715367e-02 9.288871e-02
    outer loop
      vertex   -2.989821e+00 -4.052564e+00 1.166998e+01
      vertex   -2.995185e+00 -2.520297e+00 1.300000e+01
      vertex   -3.000000e+00 -8.000000e+00 8.500000e+00
    endloop
  endfacet
  facet normal 9.979500e-01 -4.113781e-02 4.902614e-02
    outer loop
      vertex   -3.000000e+00 -8.000000e+00 8.500000e+00
      vertex   -2.995185e+00 -2.520297e+00 1.300000e+01
      vertex   -3.000000e+00 -2.637109e+00 1.300000e+01
    endloop
  endfacet
  facet normal 9.956698e-01 -5.975372e-02 7.121171e-02
    outer loop
      vertex   -2.989821e+00 -4.052564e+00 1.166998e+01
      vertex   -3.000000e+00 -8.000000e+00 8.500000e+00
      vertex   -2.989821e+00 -6.237446e+00 9.836644e+00
    endloop
  endfacet
  facet normal 9.948014e-01 -6.511852e-02 7.829257e-02
    outer loop
      vertex   -2.989821e+00 -6.237446e+00 9.836644e+00
      vertex   -3.000000e+00 -8.000000e+00 8.500000e+00
      vertex   -2.987688e+00 -8.000000e+00 8.343566e+00
    endloop
  endfacet
  facet normal 9.619648e-01 -1.758916e-01 2.090114e-01
    outer loop
      vertex   -2.989821e+00 -6.237446e+00 9.836644e+00
      vertex   -2.987688e+00 -8.000000e+00 8.343566e+00
      vertex   -2.959493e+00 -6.168796e+00 9.754830e+00
    endloop
  endfacet
  facet normal 9.544149e-01 -1.912839e-01 2.291347e-01
    outer loop
      vertex   -2.959493e+00 -6.168796e+00 9.754830e+00
      vertex   -2.987688e+00 -8.000000e+00 8.343566e+00
      vertex   -2.951057e+00 -8.000000e+00 8.190983e+00
    endloop
  endfacet
  facet normal 8.990915e-01 -2.818846e-01 3.349262e-01
    outer loop
      vertex   -2.959493e+00 -6.168796e+00 9.754830e+00
      vertex   -2.951057e+00 -8.000000e+00 8.190983e+00
      vertex   -2.909632e+00 -6.102970e+00 9.676382e+00
    endloop
  endfacet
  facet normal 8.799710e-01 -3.046206e-01 3.644959e-01
    outer loop
      vertex   -2.909632e+00 -6.102970e+00 9.676382e+00
      vertex   -2.951057e+00 -8.000000e+00 8.190983e+00
      vertex   -2.891007e+00 -8.000000e+00 8.046010e+00
    endloop
  endfacet
  facet normal 8.143026e-01 -3.737078e-01 4.441326e-01
    outer loop
      vertex   -2.909632e+00 -6.102970e+00 9.676382e+00
      vertex   -2.891007e+00 -8.000000e+00 8.046010e+00
      vertex   -2.841254e+00 -6.041309e+00 9.602896e+00
    endloop
  endfacet
  facet normal 7.813041e-01 -4.004124e-01 4.787837e-01
    outer loop
      vertex   -2.841254e+00 -6.041309e+00 9.602896e+00
      vertex   -2.891007e+00 -8.000000e+00 8.046010e+00
      vertex   -2.809017e+00 -8.000000e+00 7.912215e+00
    endloop
  endfacet
  facet normal 7.152074e-01 -4.498989e-01 5.348546e-01
    outer loop
      vertex   -2.841254e+00 -6.041309e+00 9.602896e+00
      vertex   -2.809017e+00 -8.000000e+00 7.912215e+00
      vertex   -2.755750e+00 -5.985066e+00 9.535869e+00
    endloop
  endfacet
  facet normal 6.681236e-01 -4.774835e-01 5.706315e-01
    outer loop
      vertex   -2.755750e+00 -5.985066e+00 9.535869e+00
      vertex   -2.809017e+00 -8.000000e+00 7.912215e+00
      vertex   -2.707107e+00 -8.000000e+00 7.792893e+00
    endloop
  endfacet
  facet normal 6.081202e-01 -5.109036e-01 6.075915e-01
    outer loop
      vertex   -2.755750e+00 -5.985066e+00 9.535869e+00
      vertex   -2.707107e+00 -8.000000e+00 7.792893e+00
      vertex   -2.654861e+00 -5.935388e+00 9.476665e+00
    endloop
  endfacet
  facet normal 5.478617e-01 -5.370028e-01 6.414636e-01
    outer loop
      vertex   -2.654861e+00 -5.935388e+00 9.476665e+00
      vertex   -2.707107e+00 -8.000000e+00 7.792893e+00
      vertex   -2.587785e+00 -8.000000e+00 7.690983e+00
    endloop
  endfacet
  facet normal 4.974625e-01 -5.581785e-01 6.640540e-01
    outer loop
      vertex   -2.654861e+00 -5.935388e+00 9.476665e+00
      vertex   -2.587785e+00 -8.000000e+00 7.690983e+00
      vertex   -2.540641e+00 -5.893286e+00 9.426490e+00
    endloop
  endfacet
  facet normal 4.252128e-01 -5.811358e-01 6.938842e-01
    outer loop
      vertex   -2.540641e+00 -5.893286e+00 9.426490e+00
      vertex   -2.587785e+00 -8.000000e+00 7.690983e+00
      vertex   -2.453990e+00 -8.000000e+00 7.608993e+00
    endloop
  endfacet
  facet normal 3.858925e-01 -5.934740e-01 7.063112e-01
    outer loop
      vertex   -2.540641e+00 -5.893286e+00 9.426490e+00
      vertex   -2.453990e+00 -8.000000e+00 7.608993e+00
      vertex   -2.415415e+00 -5.859616e+00 9.386363e+00
    endloop
  endfacet
  facet normal 3.026128e-01 -6.121192e-01 7.305720e-01
    outer loop
      vertex   -2.415415e+00 -5.859616e+00 9.386363e+00
      vertex   -2.453990e+00 -8.000000e+00 7.608993e+00
      vertex   -2.309017e+00 -8.000000e+00 7.548943e+00
    endloop
  endfacet
  facet normal 2.747260e-01 -6.184028e-01 7.362768e-01
    outer loop
      vertex   -2.415415e+00 -5.859616e+00 9.386363e+00
      vertex   -2.309017e+00 -8.000000e+00 7.548943e+00
      vertex   -2.281733e+00 -5.835064e+00 9.357104e+00
    endloop
  endfacet
  facet normal 1.809526e-01 -6.317910e-01 7.537217e-01
    outer loop
      vertex   -2.281733e+00 -5.835064e+00 9.357104e+00
      vertex   -2.309017e+00 -8.000000e+00 7.548943e+00
      vertex   -2.156434e+00 -8.000000e+00 7.512312e+00
    endloop
  endfacet
  facet normal 1.643760e-01 -6.342352e-01 7.554642e-01
    outer loop
      vertex   -2.281733e+00 -5.835064e+00 9.357104e+00
      vertex   -2.156434e+00 -8.000000e+00 7.512312e+00
      vertex   -2.142315e+00 -5.820130e+00 9.339306e+00
    endloop
  endfacet
  facet normal 6.019358e-02 -6.414116e-01 7.648319e-01
    outer loop
      vertex   -2.142315e+00 -5.820130e+00 9.339306e+00
      vertex   -2.156434e+00 -8.000000e+00 7.512312e+00
      vertex   -2.000000e+00 -8.000000e+00 7.500000e+00
    endloop
  endfacet
  facet normal -9.619649e-01 -1.755922e-01 2.092627e-01
    outer loop
      vertex   -1.040507e+00 -6.168796e+00 9.754830e+00
      vertex   -1.010179e+00 -6.237446e+00 9.836644e+00
      vertex   -1.010179e+00 -4.052564e+00 1.166998e+01
    endloop
  endfacet
  facet normal -8.143029e-01 -3.730998e-01 4.446430e-01
    outer loop
      vertex   -1.158746e+00 -6.041309e+00 9.602896e+00
      vertex   -1.090368e+00 -6.102970e+00 9.676382e+00
      vertex   -1.090368e+00 -3.918089e+00 1.150972e+01
    endloop
  endfacet
  facet normal -8.990917e-01 -2.813869e-01 3.353439e-01
    outer loop
      vertex   -1.090368e+00 -3.918089e+00 1.150972e+01
      vertex   -1.090368e+00 -6.102970e+00 9.676382e+00
      vertex   -1.040507e+00 -3.983915e+00 1.158816e+01
    endloop
  endfacet
  facet normal -7.152076e-01 -4.492520e-01 5.353977e-01
    outer loop
      vertex   -1.244250e+00 -5.985066e+00 9.535869e+00
      vertex   -1.158746e+00 -6.041309e+00 9.602896e+00
      vertex   -1.158746e+00 -3.856427e+00 1.143623e+01
    endloop
  endfacet
  facet normal -8.143029e-01 -3.730998e-01 4.446430e-01
    outer loop
      vertex   -1.158746e+00 -3.856427e+00 1.143623e+01
      vertex   -1.158746e+00 -6.041309e+00 9.602896e+00
      vertex   -1.090368e+00 -3.918089e+00 1.150972e+01
    endloop
  endfacet
  facet normal -6.081204e-01 -5.102736e-01 6.081204e-01
    outer loop
      vertex   -1.345139e+00 -5.935388e+00 9.476665e+00
      vertex   -1.244250e+00 -5.985066e+00 9.535869e+00
      vertex   -1.244250e+00 -3.800185e+00 1.136920e+01
    endloop
  endfacet
  facet normal -7.152076e-01 -4.492520e-01 5.353977e-01
    outer loop
      vertex   -1.244250e+00 -3.800185e+00 1.136920e+01
      vertex   -1.244250e+00 -5.985066e+00 9.535869e+00
      vertex   -1.158746e+00 -3.856427e+00 1.143623e+01
    endloop
  endfacet
  facet normal -4.974627e-01 -5.576089e-01 6.645324e-01
    outer loop
      vertex   -1.459359e+00 -5.893286e+00 9.426490e+00
      vertex   -1.345139e+00 -5.935388e+00 9.476665e+00
      vertex   -1.345139e+00 -3.750507e+00 1.131000e+01
    endloop
  endfacet
  facet normal -6.081204e-01 -5.102736e-01 6.081204e-01
    outer loop
      vertex   -1.345139e+00 -3.750507e+00 1.131000e+01
      vertex   -1.345139e+00 -5.935388e+00 9.476665e+00
      vertex   -1.244250e+00 -3.800185e+00 1.136920e+01
    endloop
  endfacet
  facet normal -3.858926e-01 -5.929997e-01 7.067095e-01
    outer loop
      vertex   -1.584585e+00 -5.859616e+00 9.386363e+00
      vertex   -1.459359e+00 -5.893286e+00 9.426490e+00
      vertex   -1.459359e+00 -3.708404e+00 1.125982e+01
    endloop
  endfacet
  facet normal -4.974627e-01 -5.576089e-01 6.645324e-01
    outer loop
      vertex   -1.459359e+00 -3.708404e+00 1.125982e+01
      vertex   -1.459359e+00 -5.893286e+00 9.426490e+00
      vertex   -1.345139e+00 -3.750507e+00 1.131000e+01
    endloop
  endfacet
  facet normal -2.747260e-01 -6.180548e-01 7.365690e-01
    outer loop
      vertex   -1.718267e+00 -5.835064e+00 9.357104e+00
      vertex   -1.584585e+00 -5.859616e+00 9.386363e+00
      vertex   -1.584585e+00 -3.674734e+00 1.121970e+01
    endloop
  endfacet
  facet normal -3.858926e-01 -5.929997e-01 7.067095e-01
    outer loop
      vertex   -1.584585e+00 -3.674734e+00 1.121970e+01
      vertex   -1.584585e+00 -5.859616e+00 9.386363e+00
      vertex   -1.459359e+00 -3.708404e+00 1.125982e+01
    endloop
  endfacet
  facet normal -1.643761e-01 -6.340442e-01 7.556245e-01
    outer loop
      vertex   -1.857685e+00 -5.820130e+00 9.339306e+00
      vertex   -1.718267e+00 -5.835064e+00 9.357104e+00
      vertex   -1.718267e+00 -3.650183e+00 1.119044e+01
    endloop
  endfacet
  facet normal -2.747260e-01 -6.180548e-01 7.365690e-01
    outer loop
      vertex   -1.718267e+00 -3.650183e+00 1.119044e+01
      vertex   -1.718267e+00 -5.835064e+00 9.357104e+00
      vertex   -1.584585e+00 -3.674734e+00 1.121970e+01
    endloop
  endfacet
  facet normal -5.470653e-02 -6.418250e-01 7.648973e-01
    outer loop
      vertex   -2.000000e+00 -5.815118e+00 9.333333e+00
      vertex   -1.857685e+00 -5.820130e+00 9.339306e+00
      vertex   -1.857685e+00 -3.635249e+00 1.117264e+01
    endloop
  endfacet
  facet normal -1.643761e-01 -6.340442e-01 7.556245e-01
    outer loop
      vertex   -1.857685e+00 -3.635249e+00 1.117264e+01
      vertex   -1.857685e+00 -5.820130e+00 9.339306e+00
      vertex   -1.718267e+00 -3.650183e+00 1.119044e+01
    endloop
  endfacet
  facet normal -5.470653e-02 -6.418250e-01 7.648973e-01
    outer loop
      vertex   -2.000000e+00 -3.630237e+00 1.116667e+01
      vertex   -2.000000e+00 -5.815118e+00 9.333333e+00
      vertex   -1.857685e+00 -3.635249e+00 1.117264e+01
    endloop
  endfacet
  facet normal 1.643761e-01 -6.340442e-01 7.556245e-01
    outer loop
      vertex   -2.281733e+00 -5.835064e+00 9.357104e+00
      vertex   -2.142315e+00 -5.820130e+00 9.339306e+00
      vertex   -2.142315e+00 -3.635249e+00 1.117264e+01
    endloop
  endfacet
  facet normal 2.747260e-01 -6.180548e-01 7.365690e-01
    outer loop
      vertex   -2.415415e+00 -5.859616e+00 9.386363e+00
      vertex   -2.281733e+00 -5.835064e+00 9.357104e+00
      vertex   -2.281733e+00 -3.650183e+00 1.119044e+01
    endloop
  endfacet
  facet normal 1.643761e-01 -6.340442e-01 7.556245e-01
    outer loop
      vertex   -2.281733e+00 -3.650183e+00 1.119044e+01
      vertex   -2.281733e+00 -5.835064e+00 9.357104e+00
      vertex   -2.142315e+00 -3.635249e+00 1.117264e+01
    endloop
  endfacet
  facet normal 3.858926e-01 -5.929997e-01 7.067095e-01
    outer loop
      vertex   -2.540641e+00 -5.893286e+00 9.426490e+00
      vertex   -2.415415e+00 -5.859616e+00 9.386363e+00
      vertex   -2.415415e+00 -3.674734e+00 1.121970e+01
    endloop
  endfacet
  facet normal 2.747260e-01 -6.180548e-01 7.365690e-01
    outer loop
      vertex   -2.415415e+00 -3.674734e+00 1.121970e+01
      vertex   -2.415415e+00 -5.859616e+00 9.386363e+00
      vertex   -2.281733e+00 -3.650183e+00 1.119044e+01
    endloop
  endfacet
  facet normal 4.974627e-01 -5.576089e-01 6.645324e-01
    outer loop
      vertex   -2.654861e+00 -5.935388e+00 9.476665e+00
      vertex   -2.540641e+00 -5.893286e+00 9.426490e+00
      vertex   -2.540641e+00 -3.708404e+00 1.125982e+01
    endloop
  endfacet
  facet normal 3.858926e-01 -5.929997e-01 7.067095e-01
    outer loop
      vertex   -2.540641e+00 -3.708404e+00 1.125982e+01
      vertex   -2.540641e+00 -5.893286e+00 9.426490e+00
      vertex   -2.415415e+00 -3.674734e+00 1.121970e+01
    endloop
  endfacet
  facet normal 6.081204e-01 -5.102736e-01 6.081204e-01
    outer loop
      vertex   -2.755750e+00 -5.985066e+00 9.535869e+00
      vertex   -2.654861e+00 -5.935388e+00 9.476665e+00
      vertex   -2.654861e+00 -3.750507e+00 1.131000e+01
    endloop
  endfacet
  facet normal 4.974627e-01 -5.576089e-01 6.645324e-01
    outer loop
      vertex   -2.654861e+00 -3.750507e+00 1.131000e+01
      vertex   -2.654861e+00 -5.935388e+00 9.476665e+00
      vertex   -2.540641e+00 -3.708404e+00 1.125982e+01
    endloop
  endfacet
  facet normal 7.152076e-01 -4.492520e-01 5.353977e-01
    outer loop
      vertex   -2.841254e+00 -6.041309e+00 9.602896e+00
      vertex   -2.755750e+00 -5.985066e+00 9.535869e+00
      vertex   -2.755750e+00 -3.800185e+00 1.136920e+01
    endloop
  endfacet
  facet normal 6.081204e-01 -5.102736e-01 6.081204e-01
    outer loop
      vertex   -2.755750e+00 -3.800185e+00 1.136920e+01
      vertex   -2.755750e+00 -5.985066e+00 9.535869e+00
      vertex   -2.654861e+00 -3.750507e+00 1.131000e+01
    endloop
  endfacet
  facet normal 8.143029e-01 -3.730998e-01 4.446430e-01
    outer loop
      vertex   -2.909632e+00 -6.102970e+00 9.676382e+00
      vertex   -2.841254e+00 -6.041309e+00 9.602896e+00
      vertex   -2.841254e+00 -3.856427e+00 1.143623e+01
    endloop
  endfacet
  facet normal 7.152076e-01 -4.492520e-01 5.353977e-01
    outer loop
      vertex   -2.841254e+00 -3.856427e+00 1.143623e+01
      vertex   -2.841254e+00 -6.041309e+00 9.602896e+00
      vertex   -2.755750e+00 -3.800185e+00 1.136920e+01
    endloop
  endfacet
  facet normal 8.990917e-01 -2.813869e-01 3.353439e-01
    outer loop
      vertex   -2.959493e+00 -6.168796e+00 9.754830e+00
      vertex   -2.909632e+00 -6.102970e+00 9.676382e+00
      vertex   -2.909632e+00 -3.918089e+00 1.150972e+01
    endloop
  endfacet
  facet normal 8.143029e-01 -3.730998e-01 4.446430e-01
    outer loop
      vertex   -2.909632e+00 -3.918089e+00 1.150972e+01
      vertex   -2.909632e+00 -6.102970e+00 9.676382e+00
      vertex   -2.841254e+00 -3.856427e+00 1.143623e+01
    endloop
  endfacet
  facet normal 9.619649e-01 -1.755922e-01 2.092627e-01
    outer loop
      vertex   -2.989821e+00 -6.237446e+00 9.836644e+00
      vertex   -2.959493e+00 -6.168796e+00 9.754830e+00
      vertex   -2.959493e+00 -3.983915e+00 1.158816e+01
    endloop
  endfacet
  facet normal 8.990917e-01 -2.813869e-01 3.353439e-01
    outer loop
      vertex   -2.959493e+00 -3.983915e+00 1.158816e+01
      vertex   -2.959493e+00 -6.168796e+00 9.754830e+00
      vertex   -2.909632e+00 -3.918089e+00 1.150972e+01
    endloop
  endfacet
  facet normal 9.619649e-01 -1.755922e-01 2.092627e-01
    outer loop
      vertex   -2.989821e+00 -4.052564e+00 1.166998e+01
      vertex   -2.989821e+00 -6.237446e+00 9.836644e+00
      vertex   -2.959493e+00 -3.983915e+00 1.158816e+01
    endloop
  endfacet
  facet normal -7.071068e-01 5.000000e-01 -5.000000e-01
    outer loop
      vertex   -4.000000e+00 8.000000e+00 2.365685e+00
      vertex   -3.600000e+00 8.000000e+00 1.800000e+00
      vertex   -4.000000e+00 6.234315e+00 6.000000e-01
    endloop
  endfacet
  facet normal -7.071068e-01 5.000000e-01 -5.000000e-01
    outer loop
      vertex   -4.000000e+00 6.234315e+00 6.000000e-01
      vertex   -3.600000e+00 8.000000e+00 1.800000e+00
      vertex   -3.600000e+00 6.624264e+00 4.242641e-01
    endloop
  endfacet
  facet normal -7.071068e-01 5.000000e-01 -5.000000e-01
    outer loop
      vertex   -4.000000e+00 6.234315e+00 6.000000e-01
      vertex   -3.600000e+00 6.624264e+00 4.242641e-01
      vertex   -3.712132e+00 6.353553e+00 3.121320e-01
    endloop
  endfacet
  facet normal -1.139680e-16 3.826834e-01 -9.238795e-01
    outer loop
      vertex   -3.600000e+00 6.624264e+00 4.242641e-01
      vertex   0.000000e+00 6.624264e+00 4.242641e-01
      vertex   -3.712132e+00 6.353553e+00 3.121320e-01
    endloop
  endfacet
  facet normal -5.391631e-17 3.826834e-01 -9.238795e-01
    outer loop
      vertex   -3.712132e+00 6.353553e+00 3.121320e-01
      vertex   0.000000e+00 6.624264e+00 4.242641e-01
      vertex   0.000000e+00 5.600000e+00 0.000000e+00
    endloop
  endfacet
  facet normal -1.088809e-18 3.826834e-01 -9.238795e-01
    outer loop
      vertex   -3.712132e+00 6.353553e+00 3.121320e-01
      vertex   0.000000e+00 5.600000e+00 0.000000e+00
      vertex   -3.400000e+00 5.600000e+00 0.000000e+00
    endloop
  endfacet
  facet normal -7.071068e-01 -5.000000e-01 -5.000000e-01
    outer loop
      vertex   -3.712132e+00 -6.353553e+00 3.121320e-01
      vertex   -3.600000e+00 -6.624264e+00 4.242641e-01
      vertex   -4.000000e+00 -6.234315e+00 6.000000e-01
    endloop
  endfacet
  facet normal -7.071068e-01 -5.000000e-01 -5.000000e-01
    outer loop
      vertex   -4.000000e+00 -6.234315e+00 6.000000e-01
      vertex   -3.600000e+00 -6.624264e+00 4.242641e-01
      vertex   -3.600000e+00 -8.000000e+00 1.800000e+00
    endloop
  endfacet
  facet normal -7.071068e-01 -5.000000e-01 -5.000000e-01
    outer loop
      vertex   -4.000000e+00 -6.234315e+00 6.000000e-01
      vertex   -3.600000e+00 -8.000000e+00 1.800000e+00
      vertex   -4.000000e+00 -8.000000e+00 2.365685e+00
    endloop
  endfacet
  facet normal -4.884189e-16 -7.071068e-01 -7.071068e-01
    outer loop
      vertex   -1.285857e+00 -8.000000e+00 1.800000e+00
      vertex   -1.358867e+00 -7.932570e+00 1.732570e+00
      vertex   0.000000e+00 -8.000000e+00 1.800000e+00
    endloop
  endfacet
  facet normal 4.408363e-16 -7.071068e-01 -7.071068e-01
    outer loop
      vertex   0.000000e+00 -8.000000e+00 1.800000e+00
      vertex   -1.358867e+00 -7.932570e+00 1.732570e+00
      vertex   -1.438209e+00 -7.872721e+00 1.672721e+00
    endloop
  endfacet
  facet normal -9.556503e-16 -7.071068e-01 -7.071068e-01
    outer loop
      vertex   0.000000e+00 -8.000000e+00 1.800000e+00
      vertex   -1.438209e+00 -7.872721e+00 1.672721e+00
      vertex   -1.523100e+00 -7.821042e+00 1.621042e+00
    endloop
  endfacet
  facet normal -5.470879e-16 -7.071068e-01 -7.071068e-01
    outer loop
      vertex   -1.523100e+00 -7.821042e+00 1.621042e+00
      vertex   -1.612702e+00 -7.778046e+00 1.578046e+00
      vertex   0.000000e+00 -8.000000e+00 1.800000e+00
    endloop
  endfacet
  facet normal -3.300435e-16 -7.071068e-01 -7.071068e-01
    outer loop
      vertex   0.000000e+00 -8.000000e+00 1.800000e+00
      vertex   -1.612702e+00 -7.778046e+00 1.578046e+00
      vertex   0.000000e+00 -6.624264e+00 4.242641e-01
    endloop
  endfacet
  facet normal -6.192461e-17 -7.071068e-01 -7.071068e-01
    outer loop
      vertex   0.000000e+00 -6.624264e+00 4.242641e-01
      vertex   -1.612702e+00 -7.778046e+00 1.578046e+00
      vertex   -1.706129e+00 -7.744155e+00 1.544155e+00
    endloop
  endfacet
  facet normal -1.212930e-15 -7.071068e-01 -7.071068e-01
    outer loop
      vertex   0.000000e+00 -6.624264e+00 4.242641e-01
      vertex   -1.706129e+00 -7.744155e+00 1.544155e+00
      vertex   -1.802458e+00 -7.719706e+00 1.519706e+00
    endloop
  endfacet
  facet normal -1.970437e-17 -7.071068e-01 -7.071068e-01
    outer loop
      vertex   -1.802458e+00 -7.719706e+00 1.519706e+00
      vertex   -1.900739e+00 -7.704939e+00 1.504939e+00
      vertex   0.000000e+00 -6.624264e+00 4.242641e-01
    endloop
  endfacet
  facet normal 5.662104e-15 -7.071068e-01 -7.071068e-01
    outer loop
      vertex   0.000000e+00 -6.624264e+00 4.242641e-01
      vertex   -1.900739e+00 -7.704939e+00 1.504939e+00
      vertex   -2.000000e+00 -7.700000e+00 1.500000e+00
    endloop
  endfacet
  facet normal -8.722736e-17 -7.071068e-01 -7.071068e-01
    outer loop
      vertex   0.000000e+00 -6.624264e+00 4.242641e-01
      vertex   -2.000000e+00 -7.700000e+00 1.500000e+00
      vertex   -3.600000e+00 -6.624264e+00 4.242641e-01
    endloop
  endfacet
  facet normal -5.420841e-15 -7.071068e-01 -7.071068e-01
    outer loop
      vertex   -3.600000e+00 -6.624264e+00 4.242641e-01
      vertex   -2.000000e+00 -7.700000e+00 1.500000e+00
      vertex   -2.099261e+00 -7.704939e+00 1.504939e+00
    endloop
  endfacet
  facet normal -4.696886e-16 -7.071068e-01 -7.071068e-01
    outer loop
      vertex   -3.600000e+00 -6.624264e+00 4.242641e-01
      vertex   -2.099261e+00 -7.704939e+00 1.504939e+00
      vertex   -2.197542e+00 -7.719706e+00 1.519706e+00
    endloop
  endfacet
  facet normal 1.208083e-15 -7.071068e-01 -7.071068e-01
    outer loop
      vertex   -2.197542e+00 -7.719706e+00 1.519706e+00
      vertex   -2.293871e+00 -7.744155e+00 1.544155e+00
      vertex   -3.600000e+00 -6.624264e+00 4.242641e-01
    endloop
  endfacet
  facet normal 4.403321e-15 -7.071068e-01 -7.071068e-01
    outer loop
      vertex   -3.600000e+00 -6.624264e+00 4.242641e-01
      vertex   -2.293871e+00 -7.744155e+00 1.544155e+00
      vertex   -2.387298e+00 -7.778046e+00 1.578046e+00
    endloop
  endfacet
  facet normal -5.895250e-16 -7.071068e-01 -7.071068e-01
    outer loop
      vertex   -3.600000e+00 -6.624264e+00 4.242641e-01
      vertex   -2.387298e+00 -7.778046e+00 1.578046e+00
      vertex   -3.600000e+00 -8.000000e+00 1.800000e+00
    endloop
  endfacet
  facet normal 5.583050e-15 -7.071068e-01 -7.071068e-01
    outer loop
      vertex   -3.600000e+00 -8.000000e+00 1.800000e+00
      vertex   -2.387298e+00 -7.778046e+00 1.578046e+00
      vertex   -2.476900e+00 -7.821042e+00 1.621042e+00
    endloop
  endfacet
  facet normal 3.767160e-16 -7.071068e-01 -7.071068e-01
    outer loop
      vertex   -3.600000e+00 -8.000000e+00 1.800000e+00
      vertex   -2.476900e+00 -7.821042e+00 1.621042e+00
      vertex   -2.561791e+00 -7.872721e+00 1.672721e+00
    endloop
  endfacet
  facet normal -1.169883e-15 -7.071068e-01 -7.071068e-01
    outer loop
      vertex   -2.561791e+00 -7.872721e+00 1.672721e+00
      vertex   -2.641133e+00 -7.932570e+00 1.732570e+00
      vertex   -3.600000e+00 -8.000000e+00 1.800000e+00
    endloop
  endfacet
  facet normal 0.000000e+00 -7.071068e-01 -7.071068e-01
    outer loop
      vertex   -3.600000e+00 -8.000000e+00 1.800000e+00
      vertex   -2.641133e+00 -7.932570e+00 1.732570e+00
      vertex   -2.714143e+00 -8.000000e+00 1.800000e+00
    endloop
  endfacet
  facet normal -1.139680e-16 -3.826834e-01 -9.238795e-01
    outer loop
      vertex   -3.600000e+00 -6.624264e+00 4.242641e-01
      vertex   -3.712132e+00 -6.353553e+00 3.121320e-01
      vertex   0.000000e+00 -6.624264e+00 4.242641e-01
    endloop
  endfacet
  facet normal -2.780016e-17 -3.826834e-01 -9.238795e-01
    outer loop
      vertex   0.000000e+00 -6.624264e+00 4.242641e-01
      vertex   -3.712132e+00 -6.353553e+00 3.121320e-01
      vertex   0.000000e+00 -5.600000e+00 0.000000e+00
    endloop
  endfacet
  facet normal -0.000000e+00 -3.826834e-01 -9.238795e-01
    outer loop
      vertex   0.000000e+00 -5.600000e+00 0.000000e+00
      vertex   -3.712132e+00 -6.353553e+00 3.121320e-01
      vertex   -3.400000e+00 -5.600000e+00 0.000000e+00
    endloop
  endfacet
  facet normal -7.071068e-01 -0.000000e+00 -7.071068e-01
    outer loop
      vertex   -4.000000e+00 6.234315e+00 6.000000e-01
      vertex   -3.712132e+00 6.353553e+00 3.121320e-01
      vertex   -4.000000e+00 -6.234315e+00 6.000000e-01
    endloop
  endfacet
  facet normal -7.071068e-01 6.683537e-18 -7.071068e-01
    outer loop
      vertex   -4.000000e+00 -6.234315e+00 6.000000e-01
      vertex   -3.712132e+00 6.353553e+00 3.121320e-01
      vertex   -3.712132e+00 -6.353553e+00 3.121320e-01
    endloop
  endfacet
  facet normal -7.071068e-01 6.178009e-18 -7.071068e-01
    outer loop
      vertex   -3.712132e+00 -6.353553e+00 3.121320e-01
      vertex   -3.712132e+00 6.353553e+00 3.121320e-01
      vertex   -3.400000e+00 -5.600000e+00 0.000000e+00
    endloop
  endfacet
  facet normal -7.071068e-01 2.803737e-17 -7.071068e-01
    outer loop
      vertex   -3.400000e+00 -5.600000e+00 0.000000e+00
      vertex   -3.712132e+00 6.353553e+00 3.121320e-01
      vertex   -3.400000e+00 5.600000e+00 0.000000e+00
    endloop
  endfacet
  facet normal 2.988362e-01 7.071068e-01 -6.408564e-01
    outer loop
      vertex   2.000000e+00 7.400000e+00 7.932615e+00
      vertex   0.000000e+00 7.400000e+00 7.000000e+00
      vertex   1.400000e+00 8.000000e+00 8.314857e+00
    endloop
  endfacet
  facet normal 2.988362e-01 7.071068e-01 -6.408564e-01
    outer loop
      vertex   1.400000e+00 8.000000e+00 8.314857e+00
      vertex   0.000000e+00 7.400000e+00 7.000000e+00
      vertex   6.938894e-17 8.000000e+00 7.662027e+00
    endloop
  endfacet
  facet normal 7.071068e-01 7.071068e-01 0.000000e+00
    outer loop
      vertex   1.400000e+00 8.000000e+00 1.200000e+01
      vertex   1.636764e+00 7.763236e+00 1.223676e+01
      vertex   1.400000e+00 8.000000e+00 8.314857e+00
    endloop
  endfacet
  facet normal 7.071068e-01 7.071068e-01 3.215059e-16
    outer loop
      vertex   1.400000e+00 8.000000e+00 8.314857e+00
      vertex   1.636764e+00 7.763236e+00 1.223676e+01
      vertex   2.000000e+00 7.400000e+00 7.932615e+00
    endloop
  endfacet
  facet normal 7.071068e-01 7.071068e-01 -0.000000e+00
    outer loop
      vertex   2.000000e+00 7.400000e+00 7.932615e+00
      vertex   1.636764e+00 7.763236e+00 1.223676e+01
      vertex   2.000000e+00 7.400000e+00 1.206738e+01
    endloop
  endfacet
  facet normal 7.071068e-01 -7.071068e-01 0.000000e+00
    outer loop
      vertex   1.400000e+00 -8.000000e+00 1.200000e+01
      vertex   1.400000e+00 -8.000000e+00 8.314857e+00
      vertex   1.636764e+00 -7.763236e+00 1.223676e+01
    endloop
  endfacet
  facet normal 7.071068e-01 -7.071068e-01 3.233699e-16
    outer loop
      vertex   1.636764e+00 -7.763236e+00 1.223676e+01
      vertex   1.400000e+00 -8.000000e+00 8.314857e+00
      vertex   2.000000e+00 -7.400000e+00 7.932615e+00
    endloop
  endfacet
  facet normal 7.071068e-01 -7.071068e-01 -1.056633e-18
    outer loop
      vertex   1.636764e+00 -7.763236e+00 1.223676e+01
      vertex   2.000000e+00 -7.400000e+00 7.932615e+00
      vertex   2.000000e+00 -7.400000e+00 1.206738e+01
    endloop
  endfacet
  facet normal 2.988362e-01 -7.071068e-01 -6.408564e-01
    outer loop
      vertex   6.938894e-17 -8.000000e+00 7.662027e+00
      vertex   0.000000e+00 -7.400000e+00 7.000000e+00
      vertex   1.400000e+00 -8.000000e+00 8.314857e+00
    endloop
  endfacet
  facet normal 2.988362e-01 -7.071068e-01 -6.408564e-01
    outer loop
      vertex   1.400000e+00 -8.000000e+00 8.314857e+00
      vertex   0.000000e+00 -7.400000e+00 7.000000e+00
      vertex   2.000000e+00 -7.400000e+00 7.932615e+00
    endloop
  endfacet
  facet normal 4.226183e-01 0.000000e+00 -9.063078e-01
    outer loop
      vertex   0.000000e+00 -3.500000e+00 7.000000e+00
      vertex   2.000000e+00 -4.227940e+00 7.932615e+00
      vertex   0.000000e+00 -7.400000e+00 7.000000e+00
    endloop
  endfacet
  facet normal 4.226183e-01 0.000000e+00 -9.063078e-01
    outer loop
      vertex   0.000000e+00 -7.400000e+00 7.000000e+00
      vertex   2.000000e+00 -4.227940e+00 7.932615e+00
      vertex   2.000000e+00 -7.400000e+00 7.932615e+00
    endloop
  endfacet
  facet normal 0.000000e+00 0.000000e+00 -1.000000e+00
    outer loop
      vertex   0.000000e+00 -5.600000e+00 0.000000e+00
      vertex   -3.400000e+00 -5.600000e+00 0.000000e+00
      vertex   0.000000e+00 5.600000e+00 0.000000e+00
    endloop
  endfacet
  facet normal -0.000000e+00 0.000000e+00 -1.000000e+00
    outer loop
      vertex   0.000000e+00 5.600000e+00 0.000000e+00
      vertex   -3.400000e+00 -5.600000e+00 0.000000e+00
      vertex   -3.400000e+00 5.600000e+00 0.000000e+00
    endloop
  endfacet
  facet normal -0.000000e+00 -9.984815e-01 -5.508776e-02
    outer loop
      vertex   0.000000e+00 2.186647e+00 1.024202e+01
      vertex   -4.000000e+00 2.186647e+00 1.024202e+01
      vertex   0.000000e+00 2.200000e+00 1.000000e+01
    endloop
  endfacet
  facet normal -0.000000e+00 -9.984815e-01 -5.508776e-02
    outer loop
      vertex   0.000000e+00 2.200000e+00 1.000000e+01
      vertex   -4.000000e+00 2.186647e+00 1.024202e+01
      vertex   -4.000000e+00 2.200000e+00 1.000000e+01
    endloop
  endfacet
  facet normal 0.000000e+00 -9.984815e-01 5.508776e-02
    outer loop
      vertex   0.000000e+00 2.200000e+00 1.000000e+01
      vertex   -4.000000e+00 2.200000e+00 1.000000e+01
      vertex   0.000000e+00 2.186647e+00 9.757982e+00
    endloop
  endfacet
  facet normal 0.000000e+00 -9.984815e-01 5.508776e-02
    outer loop
      vertex   0.000000e+00 2.186647e+00 9.757982e+00
      vertex   -4.000000e+00 2.200000e+00 1.000000e+01
      vertex   -4.000000e+00 2.186647e+00 9.757982e+00
    endloop
  endfacet
  facet normal 0.000000e+00 -9.863613e-01 1.645946e-01
    outer loop
      vertex   0.000000e+00 2.186647e+00 9.757982e+00
      vertex   -4.000000e+00 2.186647e+00 9.757982e+00
      vertex   0.000000e+00 2.146752e+00 9.518902e+00
    endloop
  endfacet
  facet normal 0.000000e+00 -9.863613e-01 1.645946e-01
    outer loop
      vertex   0.000000e+00 2.146752e+00 9.518902e+00
      vertex   -4.000000e+00 2.186647e+00 9.757982e+00
      vertex   -4.000000e+00 2.146752e+00 9.518902e+00
    endloop
  endfacet
  facet normal 0.000000e+00 -9.622680e-01 2.721035e-01
    outer loop
      vertex   0.000000e+00 2.146752e+00 9.518902e+00
      vertex   -4.000000e+00 2.146752e+00 9.518902e+00
      vertex   0.000000e+00 2.080798e+00 9.285661e+00
    endloop
  endfacet
  facet normal 0.000000e+00 -9.622680e-01 2.721035e-01
    outer loop
      vertex   0.000000e+00 2.080798e+00 9.285661e+00
      vertex   -4.000000e+00 2.146752e+00 9.518902e+00
      vertex   -4.000000e+00 2.080798e+00 9.285661e+00
    endloop
  endfacet
  facet normal 0.000000e+00 -9.264941e-01 3.763094e-01
    outer loop
      vertex   0.000000e+00 2.080798e+00 9.285661e+00
      vertex   -4.000000e+00 2.080798e+00 9.285661e+00
      vertex   0.000000e+00 1.989586e+00 9.061092e+00
    endloop
  endfacet
  facet normal 0.000000e+00 -9.264941e-01 3.763094e-01
    outer loop
      vertex   0.000000e+00 1.989586e+00 9.061092e+00
      vertex   -4.000000e+00 2.080798e+00 9.285661e+00
      vertex   -4.000000e+00 1.989586e+00 9.061092e+00
    endloop
  endfacet
  facet normal 0.000000e+00 -8.794738e-01 4.759474e-01
    outer loop
      vertex   0.000000e+00 1.989586e+00 9.061092e+00
      vertex   -4.000000e+00 1.989586e+00 9.061092e+00
      vertex   0.000000e+00 1.874223e+00 8.847920e+00
    endloop
  endfacet
  facet normal 0.000000e+00 -8.794738e-01 4.759474e-01
    outer loop
      vertex   0.000000e+00 1.874223e+00 8.847920e+00
      vertex   -4.000000e+00 1.989586e+00 9.061092e+00
      vertex   -4.000000e+00 1.874223e+00 8.847920e+00
    endloop
  endfacet
  facet normal 0.000000e+00 -8.217778e-01 5.698081e-01
    outer loop
      vertex   0.000000e+00 1.874223e+00 8.847920e+00
      vertex   -4.000000e+00 1.874223e+00 8.847920e+00
      vertex   0.000000e+00 1.736109e+00 8.648732e+00
    endloop
  endfacet
  facet normal 0.000000e+00 -8.217778e-01 5.698081e-01
    outer loop
      vertex   0.000000e+00 1.736109e+00 8.648732e+00
      vertex   -4.000000e+00 1.874223e+00 8.847920e+00
      vertex   -4.000000e+00 1.736109e+00 8.648732e+00
    endloop
  endfacet
  facet normal 0.000000e+00 -7.541066e-01 6.567520e-01
    outer loop
      vertex   0.000000e+00 1.736109e+00 8.648732e+00
      vertex   -4.000000e+00 1.736109e+00 8.648732e+00
      vertex   0.000000e+00 1.576922e+00 8.465947e+00
    endloop
  endfacet
  facet normal 0.000000e+00 -7.541066e-01 6.567520e-01
    outer loop
      vertex   0.000000e+00 1.576922e+00 8.465947e+00
      vertex   -4.000000e+00 1.736109e+00 8.648732e+00
      vertex   -4.000000e+00 1.576922e+00 8.465947e+00
    endloop
  endfacet
  facet normal 0.000000e+00 -6.772816e-01 7.357239e-01
    outer loop
      vertex   0.000000e+00 1.576922e+00 8.465947e+00
      vertex   -4.000000e+00 1.576922e+00 8.465947e+00
      vertex   0.000000e+00 1.398592e+00 8.301783e+00
    endloop
  endfacet
  facet normal 0.000000e+00 -6.772816e-01 7.357239e-01
    outer loop
      vertex   0.000000e+00 1.398592e+00 8.301783e+00
      vertex   -4.000000e+00 1.576922e+00 8.465947e+00
      vertex   -4.000000e+00 1.398592e+00 8.301783e+00
    endloop
  endfacet
  facet normal 0.000000e+00 -5.922353e-01 8.057651e-01
    outer loop
      vertex   0.000000e+00 1.398592e+00 8.301783e+00
      vertex   -4.000000e+00 1.398592e+00 8.301783e+00
      vertex   0.000000e+00 1.203286e+00 8.158234e+00
    endloop
  endfacet
  facet normal 0.000000e+00 -5.922353e-01 8.057651e-01
    outer loop
      vertex   0.000000e+00 1.203286e+00 8.158234e+00
      vertex   -4.000000e+00 1.398592e+00 8.301783e+00
      vertex   -4.000000e+00 1.203286e+00 8.158234e+00
    endloop
  endfacet
  facet normal 0.000000e+00 -5.000000e-01 8.660254e-01
    outer loop
      vertex   0.000000e+00 1.203286e+00 8.158234e+00
      vertex   -4.000000e+00 1.203286e+00 8.158234e+00
      vertex   0.000000e+00 9.933734e-01 8.037041e+00
    endloop
  endfacet
  facet normal 0.000000e+00 -5.000000e-01 8.660254e-01
    outer loop
      vertex   0.000000e+00 9.933734e-01 8.037041e+00
      vertex   -4.000000e+00 1.203286e+00 8.158234e+00
      vertex   -4.000000e+00 9.933734e-01 8.037041e+00
    endloop
  endfacet
  facet normal 0.000000e+00 -4.016954e-01 9.157733e-01
    outer loop
      vertex   0.000000e+00 9.933734e-01 8.037041e+00
      vertex   -4.000000e+00 9.933734e-01 8.037041e+00
      vertex   0.000000e+00 7.714026e-01 7.939675e+00
    endloop
  endfacet
  facet normal 0.000000e+00 -4.016954e-01 9.157733e-01
    outer loop
      vertex   0.000000e+00 7.714026e-01 7.939675e+00
      vertex   -4.000000e+00 9.933734e-01 8.037041e+00
      vertex   -4.000000e+00 7.714026e-01 7.939675e+00
    endloop
  endfacet
  facet normal 0.000000e+00 -2.985148e-01 9.544050e-01
    outer loop
      vertex   0.000000e+00 7.714026e-01 7.939675e+00
      vertex   -4.000000e+00 7.714026e-01 7.939675e+00
      vertex   0.000000e+00 5.400681e-01 7.867319e+00
    endloop
  endfacet
  facet normal 0.000000e+00 -2.985148e-01 9.544050e-01
    outer loop
      vertex   0.000000e+00 5.400681e-01 7.867319e+00
      vertex   -4.000000e+00 7.714026e-01 7.939675e+00
      vertex   -4.000000e+00 5.400681e-01 7.867319e+00
    endloop
  endfacet
  facet normal 0.000000e+00 -1.917106e-01 9.814515e-01
    outer loop
      vertex   0.000000e+00 5.400681e-01 7.867319e+00
      vertex   -4.000000e+00 5.400681e-01 7.867319e+00
      vertex   0.000000e+00 3.021778e-01 7.820851e+00
    endloop
  endfacet
  facet normal 0.000000e+00 -1.917106e-01 9.814515e-01
    outer loop
      vertex   0.000000e+00 3.021778e-01 7.820851e+00
      vertex   -4.000000e+00 5.400681e-01 7.867319e+00
      vertex   -4.000000e+00 3.021778e-01 7.820851e+00
    endloop
  endfacet
  facet normal 0.000000e+00 -8.257935e-02 9.965845e-01
    outer loop
      vertex   0.000000e+00 3.021778e-01 7.820851e+00
      vertex   -4.000000e+00 3.021778e-01 7.820851e+00
      vertex   0.000000e+00 6.061955e-02 7.800835e+00
    endloop
  endfacet
  facet normal 0.000000e+00 -8.257935e-02 9.965845e-01
    outer loop
      vertex   0.000000e+00 6.061955e-02 7.800835e+00
      vertex   -4.000000e+00 3.021778e-01 7.820851e+00
      vertex   -4.000000e+00 6.061955e-02 7.800835e+00
    endloop
  endfacet
  facet normal 0.000000e+00 2.755434e-02 9.996203e-01
    outer loop
      vertex   0.000000e+00 6.061955e-02 7.800835e+00
      vertex   -4.000000e+00 6.061955e-02 7.800835e+00
      vertex   0.000000e+00 -1.816746e-01 7.807514e+00
    endloop
  endfacet
  facet normal 0.000000e+00 2.755434e-02 9.996203e-01
    outer loop
      vertex   0.000000e+00 -1.816746e-01 7.807514e+00
      vertex   -4.000000e+00 6.061955e-02 7.800835e+00
      vertex   -4.000000e+00 -1.816746e-01 7.807514e+00
    endloop
  endfacet
  facet normal 0.000000e+00 1.373536e-01 9.905221e-01
    outer loop
      vertex   0.000000e+00 -1.816746e-01 7.807514e+00
      vertex   -4.000000e+00 -1.816746e-01 7.807514e+00
      vertex   0.000000e+00 -4.217634e-01 7.840807e+00
    endloop
  endfacet
  facet normal 0.000000e+00 1.373536e-01 9.905221e-01
    outer loop
      vertex   0.000000e+00 -4.217634e-01 7.840807e+00
      vertex   -4.000000e+00 -1.816746e-01 7.807514e+00
      vertex   -4.000000e+00 -4.217634e-01 7.840807e+00
    endloop
  endfacet
  facet normal 0.000000e+00 2.454855e-01 9.694003e-01
    outer loop
      vertex   0.000000e+00 -4.217634e-01 7.840807e+00
      vertex   -4.000000e+00 -4.217634e-01 7.840807e+00
      vertex   0.000000e+00 -6.567326e-01 7.900309e+00
    endloop
  endfacet
  facet normal 0.000000e+00 2.454855e-01 9.694003e-01
    outer loop
      vertex   0.000000e+00 -6.567326e-01 7.900309e+00
      vertex   -4.000000e+00 -4.217634e-01 7.840807e+00
      vertex   -4.000000e+00 -6.567326e-01 7.900309e+00
    endloop
  endfacet
  facet normal 0.000000e+00 3.506376e-01 9.365112e-01
    outer loop
      vertex   0.000000e+00 -6.567326e-01 7.900309e+00
      vertex   -4.000000e+00 -6.567326e-01 7.900309e+00
      vertex   0.000000e+00 -8.837299e-01 7.985299e+00
    endloop
  endfacet
  facet normal 0.000000e+00 3.506376e-01 9.365112e-01
    outer loop
      vertex   0.000000e+00 -8.837299e-01 7.985299e+00
      vertex   -4.000000e+00 -6.567326e-01 7.900309e+00
      vertex   -4.000000e+00 -8.837299e-01 7.985299e+00
    endloop
  endfacet
  facet normal 0.000000e+00 4.515334e-01 8.922542e-01
    outer loop
      vertex   0.000000e+00 -8.837299e-01 7.985299e+00
      vertex   -4.000000e+00 -8.837299e-01 7.985299e+00
      vertex   0.000000e+00 -1.100000e+00 8.094744e+00
    endloop
  endfacet
  facet normal 0.000000e+00 4.515334e-01 8.922542e-01
    outer loop
      vertex   0.000000e+00 -1.100000e+00 8.094744e+00
      vertex   -4.000000e+00 -8.837299e-01 7.985299e+00
      vertex   -4.000000e+00 -1.100000e+00 8.094744e+00
    endloop
  endfacet
  facet normal 0.000000e+00 5.469482e-01 8.371665e-01
    outer loop
      vertex   0.000000e+00 -1.100000e+00 8.094744e+00
      vertex   -4.000000e+00 -1.100000e+00 8.094744e+00
      vertex   0.000000e+00 -1.302918e+00 8.227317e+00
    endloop
  endfacet
  facet normal 0.000000e+00 5.469482e-01 8.371665e-01
    outer loop
      vertex   0.000000e+00 -1.302918e+00 8.227317e+00
      vertex   -4.000000e+00 -1.100000e+00 8.094744e+00
      vertex   -4.000000e+00 -1.302918e+00 8.227317e+00
    endloop
  endfacet
  facet normal 0.000000e+00 6.357237e-01 7.719167e-01
    outer loop
      vertex   0.000000e+00 -1.302918e+00 8.227317e+00
      vertex   -4.000000e+00 -1.302918e+00 8.227317e+00
      vertex   0.000000e+00 -1.490019e+00 8.381407e+00
    endloop
  endfacet
  facet normal 0.000000e+00 6.357237e-01 7.719167e-01
    outer loop
      vertex   0.000000e+00 -1.490019e+00 8.381407e+00
      vertex   -4.000000e+00 -1.302918e+00 8.227317e+00
      vertex   -4.000000e+00 -1.490019e+00 8.381407e+00
    endloop
  endfacet
  facet normal 0.000000e+00 7.167825e-01 6.972968e-01
    outer loop
      vertex   0.000000e+00 -1.490019e+00 8.381407e+00
      vertex   -4.000000e+00 -1.490019e+00 8.381407e+00
      vertex   0.000000e+00 -1.659035e+00 8.555146e+00
    endloop
  endfacet
  facet normal 0.000000e+00 7.167825e-01 6.972968e-01
    outer loop
      vertex   0.000000e+00 -1.659035e+00 8.555146e+00
      vertex   -4.000000e+00 -1.490019e+00 8.381407e+00
      vertex   -4.000000e+00 -1.659035e+00 8.555146e+00
    endloop
  endfacet
  facet normal 0.000000e+00 7.891405e-01 6.142127e-01
    outer loop
      vertex   0.000000e+00 -1.659035e+00 8.555146e+00
      vertex   -4.000000e+00 -1.659035e+00 8.555146e+00
      vertex   0.000000e+00 -1.807911e+00 8.746422e+00
    endloop
  endfacet
  facet normal 0.000000e+00 7.891405e-01 6.142127e-01
    outer loop
      vertex   0.000000e+00 -1.807911e+00 8.746422e+00
      vertex   -4.000000e+00 -1.659035e+00 8.555146e+00
      vertex   -4.000000e+00 -1.807911e+00 8.746422e+00
    endloop
  endfacet
  facet normal 0.000000e+00 8.519194e-01 5.236729e-01
    outer loop
      vertex   0.000000e+00 -1.807911e+00 8.746422e+00
      vertex   -4.000000e+00 -1.807911e+00 8.746422e+00
      vertex   0.000000e+00 -1.934842e+00 8.952916e+00
    endloop
  endfacet
  facet normal 0.000000e+00 8.519194e-01 5.236729e-01
    outer loop
      vertex   0.000000e+00 -1.934842e+00 8.952916e+00
      vertex   -4.000000e+00 -1.807911e+00 8.746422e+00
      vertex   -4.000000e+00 -1.934842e+00 8.952916e+00
    endloop
  endfacet
  facet normal 0.000000e+00 9.043572e-01 4.267764e-01
    outer loop
      vertex   0.000000e+00 -1.934842e+00 8.952916e+00
      vertex   -4.000000e+00 -1.934842e+00 8.952916e+00
      vertex   0.000000e+00 -2.038287e+00 9.172119e+00
    endloop
  endfacet
  facet normal 0.000000e+00 9.043572e-01 4.267764e-01
    outer loop
      vertex   0.000000e+00 -2.038287e+00 9.172119e+00
      vertex   -4.000000e+00 -1.934842e+00 8.952916e+00
      vertex   -4.000000e+00 -2.038287e+00 9.172119e+00
    endloop
  endfacet
  facet normal 0.000000e+00 9.458172e-01 3.246995e-01
    outer loop
      vertex   0.000000e+00 -2.038287e+00 9.172119e+00
      vertex   -4.000000e+00 -2.038287e+00 9.172119e+00
      vertex   0.000000e+00 -2.116990e+00 9.401372e+00
    endloop
  endfacet
  facet normal 0.000000e+00 9.458172e-01 3.246995e-01
    outer loop
      vertex   0.000000e+00 -2.116990e+00 9.401372e+00
      vertex   -4.000000e+00 -2.038287e+00 9.172119e+00
      vertex   -4.000000e+00 -2.116990e+00 9.401372e+00
    endloop
  endfacet
  facet normal 0.000000e+00 9.757964e-01 2.186811e-01
    outer loop
      vertex   0.000000e+00 -2.116990e+00 9.401372e+00
      vertex   -4.000000e+00 -2.116990e+00 9.401372e+00
      vertex   0.000000e+00 -2.169995e+00 9.637892e+00
    endloop
  endfacet
  facet normal 0.000000e+00 9.757964e-01 2.186811e-01
    outer loop
      vertex   0.000000e+00 -2.169995e+00 9.637892e+00
      vertex   -4.000000e+00 -2.116990e+00 9.401372e+00
      vertex   -4.000000e+00 -2.169995e+00 9.637892e+00
    endloop
  endfacet
  facet normal 0.000000e+00 9.939307e-01 1.100082e-01
    outer loop
      vertex   0.000000e+00 -2.169995e+00 9.637892e+00
      vertex   -4.000000e+00 -2.169995e+00 9.637892e+00
      vertex   0.000000e+00 -2.196659e+00 9.878807e+00
    endloop
  endfacet
  facet normal 0.000000e+00 9.939307e-01 1.100082e-01
    outer loop
      vertex   0.000000e+00 -2.196659e+00 9.878807e+00
      vertex   -4.000000e+00 -2.169995e+00 9.637892e+00
      vertex   -4.000000e+00 -2.196659e+00 9.878807e+00
    endloop
  endfacet
  facet normal 0.000000e+00 1.000000e+00 -0.000000e+00
    outer loop
      vertex   0.000000e+00 -2.196659e+00 9.878807e+00
      vertex   -4.000000e+00 -2.196659e+00 9.878807e+00
      vertex   0.000000e+00 -2.196659e+00 1.012119e+01
    endloop
  endfacet
  facet normal 0.000000e+00 1.000000e+00 0.000000e+00
    outer loop
      vertex   0.000000e+00 -2.196659e+00 1.012119e+01
      vertex   -4.000000e+00 -2.196659e+00 9.878807e+00
      vertex   -4.000000e+00 -2.196659e+00 1.012119e+01
    endloop
  endfacet
  facet normal 0.000000e+00 9.939307e-01 -1.100082e-01
    outer loop
      vertex   0.000000e+00 -2.196659e+00 1.012119e+01
      vertex   -4.000000e+00 -2.196659e+00 1.012119e+01
      vertex   0.000000e+00 -2.169995e+00 1.036211e+01
    endloop
  endfacet
  facet normal 0.000000e+00 9.939307e-01 -1.100082e-01
    outer loop
      vertex   0.000000e+00 -2.169995e+00 1.036211e+01
      vertex   -4.000000e+00 -2.196659e+00 1.012119e+01
      vertex   -4.000000e+00 -2.169995e+00 1.036211e+01
    endloop
  endfacet
  facet normal 0.000000e+00 9.757964e-01 -2.186811e-01
    outer loop
      vertex   0.000000e+00 -2.169995e+00 1.036211e+01
      vertex   -4.000000e+00 -2.169995e+00 1.036211e+01
      vertex   0.000000e+00 -2.116990e+00 1.059863e+01
    endloop
  endfacet
  facet normal 0.000000e+00 9.757964e-01 -2.186811e-01
    outer loop
      vertex   0.000000e+00 -2.116990e+00 1.059863e+01
      vertex   -4.000000e+00 -2.169995e+00 1.036211e+01
      vertex   -4.000000e+00 -2.116990e+00 1.059863e+01
    endloop
  endfacet
  facet normal 0.000000e+00 9.458172e-01 -3.246995e-01
    outer loop
      vertex   0.000000e+00 -2.116990e+00 1.059863e+01
      vertex   -4.000000e+00 -2.116990e+00 1.059863e+01
      vertex   0.000000e+00 -2.038287e+00 1.082788e+01
    endloop
  endfacet
  facet normal 0.000000e+00 9.458172e-01 -3.246995e-01
    outer loop
      vertex   0.000000e+00 -2.038287e+00 1.082788e+01
      vertex   -4.000000e+00 -2.116990e+00 1.059863e+01
      vertex   -4.000000e+00 -2.038287e+00 1.082788e+01
    endloop
  endfacet
  facet normal 0.000000e+00 9.043572e-01 -4.267764e-01
    outer loop
      vertex   0.000000e+00 -2.038287e+00 1.082788e+01
      vertex   -4.000000e+00 -2.038287e+00 1.082788e+01
      vertex   0.000000e+00 -1.934842e+00 1.104708e+01
    endloop
  endfacet
  facet normal 0.000000e+00 9.043572e-01 -4.267764e-01
    outer loop
      vertex   0.000000e+00 -1.934842e+00 1.104708e+01
      vertex   -4.000000e+00 -2.038287e+00 1.082788e+01
      vertex   -4.000000e+00 -1.934842e+00 1.104708e+01
    endloop
  endfacet
  facet normal 0.000000e+00 8.519194e-01 -5.236729e-01
    outer loop
      vertex   0.000000e+00 -1.934842e+00 1.104708e+01
      vertex   -4.000000e+00 -1.934842e+00 1.104708e+01
      vertex   0.000000e+00 -1.807911e+00 1.125358e+01
    endloop
  endfacet
  facet normal 0.000000e+00 8.519194e-01 -5.236729e-01
    outer loop
      vertex   0.000000e+00 -1.807911e+00 1.125358e+01
      vertex   -4.000000e+00 -1.934842e+00 1.104708e+01
      vertex   -4.000000e+00 -1.807911e+00 1.125358e+01
    endloop
  endfacet
  facet normal 0.000000e+00 7.891405e-01 -6.142127e-01
    outer loop
      vertex   0.000000e+00 -1.807911e+00 1.125358e+01
      vertex   -4.000000e+00 -1.807911e+00 1.125358e+01
      vertex   0.000000e+00 -1.659035e+00 1.144485e+01
    endloop
  endfacet
  facet normal 0.000000e+00 7.891405e-01 -6.142127e-01
    outer loop
      vertex   0.000000e+00 -1.659035e+00 1.144485e+01
      vertex   -4.000000e+00 -1.807911e+00 1.125358e+01
      vertex   -4.000000e+00 -1.659035e+00 1.144485e+01
    endloop
  endfacet
  facet normal 0.000000e+00 7.167825e-01 -6.972968e-01
    outer loop
      vertex   0.000000e+00 -1.659035e+00 1.144485e+01
      vertex   -4.000000e+00 -1.659035e+00 1.144485e+01
      vertex   0.000000e+00 -1.490019e+00 1.161859e+01
    endloop
  endfacet
  facet normal 0.000000e+00 7.167825e-01 -6.972968e-01
    outer loop
      vertex   0.000000e+00 -1.490019e+00 1.161859e+01
      vertex   -4.000000e+00 -1.659035e+00 1.144485e+01
      vertex   -4.000000e+00 -1.490019e+00 1.161859e+01
    endloop
  endfacet
  facet normal 0.000000e+00 6.357237e-01 -7.719167e-01
    outer loop
      vertex   0.000000e+00 -1.490019e+00 1.161859e+01
      vertex   -4.000000e+00 -1.490019e+00 1.161859e+01
      vertex   0.000000e+00 -1.302918e+00 1.177268e+01
    endloop
  endfacet
  facet normal 0.000000e+00 6.357237e-01 -7.719167e-01
    outer loop
      vertex   0.000000e+00 -1.302918e+00 1.177268e+01
      vertex   -4.000000e+00 -1.490019e+00 1.161859e+01
      vertex   -4.000000e+00 -1.302918e+00 1.177268e+01
    endloop
  endfacet
  facet normal 0.000000e+00 5.469482e-01 -8.371665e-01
    outer loop
      vertex   0.000000e+00 -1.302918e+00 1.177268e+01
      vertex   -4.000000e+00 -1.302918e+00 1.177268e+01
      vertex   0.000000e+00 -1.100000e+00 1.190526e+01
    endloop
  endfacet
  facet normal 0.000000e+00 5.469482e-01 -8.371665e-01
    outer loop
      vertex   0.000000e+00 -1.100000e+00 1.190526e+01
      vertex   -4.000000e+00 -1.302918e+00 1.177268e+01
      vertex   -4.000000e+00 -1.100000e+00 1.190526e+01
    endloop
  endfacet
  facet normal 0.000000e+00 4.515334e-01 -8.922542e-01
    outer loop
      vertex   0.000000e+00 -1.100000e+00 1.190526e+01
      vertex   -4.000000e+00 -1.100000e+00 1.190526e+01
      vertex   0.000000e+00 -8.837299e-01 1.201470e+01
    endloop
  endfacet
  facet normal 0.000000e+00 4.515334e-01 -8.922542e-01
    outer loop
      vertex   0.000000e+00 -8.837299e-01 1.201470e+01
      vertex   -4.000000e+00 -1.100000e+00 1.190526e+01
      vertex   -4.000000e+00 -8.837299e-01 1.201470e+01
    endloop
  endfacet
  facet normal 0.000000e+00 3.506376e-01 -9.365112e-01
    outer loop
      vertex   0.000000e+00 -8.837299e-01 1.201470e+01
      vertex   -4.000000e+00 -8.837299e-01 1.201470e+01
      vertex   0.000000e+00 -6.567326e-01 1.209969e+01
    endloop
  endfacet
  facet normal 0.000000e+00 3.506376e-01 -9.365112e-01
    outer loop
      vertex   0.000000e+00 -6.567326e-01 1.209969e+01
      vertex   -4.000000e+00 -8.837299e-01 1.201470e+01
      vertex   -4.000000e+00 -6.567326e-01 1.209969e+01
    endloop
  endfacet
  facet normal 0.000000e+00 2.454855e-01 -9.694003e-01
    outer loop
      vertex   0.000000e+00 -6.567326e-01 1.209969e+01
      vertex   -4.000000e+00 -6.567326e-01 1.209969e+01
      vertex   0.000000e+00 -4.217634e-01 1.215919e+01
    endloop
  endfacet
  facet normal 0.000000e+00 2.454855e-01 -9.694003e-01
    outer loop
      vertex   0.000000e+00 -4.217634e-01 1.215919e+01
      vertex   -4.000000e+00 -6.567326e-01 1.209969e+01
      vertex   -4.000000e+00 -4.217634e-01 1.215919e+01
    endloop
  endfacet
  facet normal 0.000000e+00 1.373536e-01 -9.905221e-01
    outer loop
      vertex   0.000000e+00 -4.217634e-01 1.215919e+01
      vertex   -4.000000e+00 -4.217634e-01 1.215919e+01
      vertex   0.000000e+00 -1.816746e-01 1.219249e+01
    endloop
  endfacet
  facet normal 0.000000e+00 1.373536e-01 -9.905221e-01
    outer loop
      vertex   0.000000e+00 -1.816746e-01 1.219249e+01
      vertex   -4.000000e+00 -4.217634e-01 1.215919e+01
      vertex   -4.000000e+00 -1.816746e-01 1.219249e+01
    endloop
  endfacet
  facet normal 0.000000e+00 2.755434e-02 -9.996203e-01
    outer loop
      vertex   0.000000e+00 -1.816746e-01 1.219249e+01
      vertex   -4.000000e+00 -1.816746e-01 1.219249e+01
      vertex   0.000000e+00 6.061955e-02 1.219916e+01
    endloop
  endfacet
  facet normal 0.000000e+00 2.755434e-02 -9.996203e-01
    outer loop
      vertex   0.000000e+00 6.061955e-02 1.219916e+01
      vertex   -4.000000e+00 -1.816746e-01 1.219249e+01
      vertex   -4.000000e+00 6.061955e-02 1.219916e+01
    endloop
  endfacet
  facet normal -0.000000e+00 -8.257935e-02 -9.965845e-01
    outer loop
      vertex   0.000000e+00 6.061955e-02 1.219916e+01
      vertex   -4.000000e+00 6.061955e-02 1.219916e+01
      vertex   0.000000e+00 3.021778e-01 1.217915e+01
    endloop
  endfacet
  facet normal -0.000000e+00 -8.257935e-02 -9.965845e-01
    outer loop
      vertex   0.000000e+00 3.021778e-01 1.217915e+01
      vertex   -4.000000e+00 6.061955e-02 1.219916e+01
      vertex   -4.000000e+00 3.021778e-01 1.217915e+01
    endloop
  endfacet
  facet normal -0.000000e+00 -1.917106e-01 -9.814515e-01
    outer loop
      vertex   0.000000e+00 3.021778e-01 1.217915e+01
      vertex   -4.000000e+00 3.021778e-01 1.217915e+01
      vertex   0.000000e+00 5.400681e-01 1.213268e+01
    endloop
  endfacet
  facet normal -0.000000e+00 -1.917106e-01 -9.814515e-01
    outer loop
      vertex   0.000000e+00 5.400681e-01 1.213268e+01
      vertex   -4.000000e+00 3.021778e-01 1.217915e+01
      vertex   -4.000000e+00 5.400681e-01 1.213268e+01
    endloop
  endfacet
  facet normal -0.000000e+00 -2.985148e-01 -9.544050e-01
    outer loop
      vertex   0.000000e+00 5.400681e-01 1.213268e+01
      vertex   -4.000000e+00 5.400681e-01 1.213268e+01
      vertex   0.000000e+00 7.714026e-01 1.206032e+01
    endloop
  endfacet
  facet normal -0.000000e+00 -2.985148e-01 -9.544050e-01
    outer loop
      vertex   0.000000e+00 7.714026e-01 1.206032e+01
      vertex   -4.000000e+00 5.400681e-01 1.213268e+01
      vertex   -4.000000e+00 7.714026e-01 1.206032e+01
    endloop
  endfacet
  facet normal -0.000000e+00 -4.016954e-01 -9.157733e-01
    outer loop
      vertex   0.000000e+00 7.714026e-01 1.206032e+01
      vertex   -4.000000e+00 7.714026e-01 1.206032e+01
      vertex   0.000000e+00 9.933734e-01 1.196296e+01
    endloop
  endfacet
  facet normal -0.000000e+00 -4.016954e-01 -9.157733e-01
    outer loop
      vertex   0.000000e+00 9.933734e-01 1.196296e+01
      vertex   -4.000000e+00 7.714026e-01 1.206032e+01
      vertex   -4.000000e+00 9.933734e-01 1.196296e+01
    endloop
  endfacet
  facet normal -0.000000e+00 -5.000000e-01 -8.660254e-01
    outer loop
      vertex   0.000000e+00 9.933734e-01 1.196296e+01
      vertex   -4.000000e+00 9.933734e-01 1.196296e+01
      vertex   0.000000e+00 1.203286e+00 1.184177e+01
    endloop
  endfacet
  facet normal -0.000000e+00 -5.000000e-01 -8.660254e-01
    outer loop
      vertex   0.000000e+00 1.203286e+00 1.184177e+01
      vertex   -4.000000e+00 9.933734e-01 1.196296e+01
      vertex   -4.000000e+00 1.203286e+00 1.184177e+01
    endloop
  endfacet
  facet normal -0.000000e+00 -5.922353e-01 -8.057651e-01
    outer loop
      vertex   0.000000e+00 1.203286e+00 1.184177e+01
      vertex   -4.000000e+00 1.203286e+00 1.184177e+01
      vertex   0.000000e+00 1.398592e+00 1.169822e+01
    endloop
  endfacet
  facet normal -0.000000e+00 -5.922353e-01 -8.057651e-01
    outer loop
      vertex   0.000000e+00 1.398592e+00 1.169822e+01
      vertex   -4.000000e+00 1.203286e+00 1.184177e+01
      vertex   -4.000000e+00 1.398592e+00 1.169822e+01
    endloop
  endfacet
  facet normal -0.000000e+00 -6.772816e-01 -7.357239e-01
    outer loop
      vertex   0.000000e+00 1.398592e+00 1.169822e+01
      vertex   -4.000000e+00 1.398592e+00 1.169822e+01
      vertex   0.000000e+00 1.576922e+00 1.153405e+01
    endloop
  endfacet
  facet normal -0.000000e+00 -6.772816e-01 -7.357239e-01
    outer loop
      vertex   0.000000e+00 1.576922e+00 1.153405e+01
      vertex   -4.000000e+00 1.398592e+00 1.169822e+01
      vertex   -4.000000e+00 1.576922e+00 1.153405e+01
    endloop
  endfacet
  facet normal -0.000000e+00 -7.541066e-01 -6.567520e-01
    outer loop
      vertex   0.000000e+00 1.576922e+00 1.153405e+01
      vertex   -4.000000e+00 1.576922e+00 1.153405e+01
      vertex   0.000000e+00 1.736109e+00 1.135127e+01
    endloop
  endfacet
  facet normal -0.000000e+00 -7.541066e-01 -6.567520e-01
    outer loop
      vertex   0.000000e+00 1.736109e+00 1.135127e+01
      vertex   -4.000000e+00 1.576922e+00 1.153405e+01
      vertex   -4.000000e+00 1.736109e+00 1.135127e+01
    endloop
  endfacet
  facet normal -0.000000e+00 -8.217778e-01 -5.698081e-01
    outer loop
      vertex   0.000000e+00 1.736109e+00 1.135127e+01
      vertex   -4.000000e+00 1.736109e+00 1.135127e+01
      vertex   0.000000e+00 1.874223e+00 1.115208e+01
    endloop
  endfacet
  facet normal -0.000000e+00 -8.217778e-01 -5.698081e-01
    outer loop
      vertex   0.000000e+00 1.874223e+00 1.115208e+01
      vertex   -4.000000e+00 1.736109e+00 1.135127e+01
      vertex   -4.000000e+00 1.874223e+00 1.115208e+01
    endloop
  endfacet
  facet normal -0.000000e+00 -8.794738e-01 -4.759474e-01
    outer loop
      vertex   0.000000e+00 1.874223e+00 1.115208e+01
      vertex   -4.000000e+00 1.874223e+00 1.115208e+01
      vertex   0.000000e+00 1.989586e+00 1.093891e+01
    endloop
  endfacet
  facet normal -0.000000e+00 -8.794738e-01 -4.759474e-01
    outer loop
      vertex   0.000000e+00 1.989586e+00 1.093891e+01
      vertex   -4.000000e+00 1.874223e+00 1.115208e+01
      vertex   -4.000000e+00 1.989586e+00 1.093891e+01
    endloop
  endfacet
  facet normal -0.000000e+00 -9.264941e-01 -3.763094e-01
    outer loop
      vertex   0.000000e+00 1.989586e+00 1.093891e+01
      vertex   -4.000000e+00 1.989586e+00 1.093891e+01
      vertex   0.000000e+00 2.080798e+00 1.071434e+01
    endloop
  endfacet
  facet normal -0.000000e+00 -9.264941e-01 -3.763094e-01
    outer loop
      vertex   0.000000e+00 2.080798e+00 1.071434e+01
      vertex   -4.000000e+00 1.989586e+00 1.093891e+01
      vertex   -4.000000e+00 2.080798e+00 1.071434e+01
    endloop
  endfacet
  facet normal -0.000000e+00 -9.622680e-01 -2.721035e-01
    outer loop
      vertex   0.000000e+00 2.080798e+00 1.071434e+01
      vertex   -4.000000e+00 2.080798e+00 1.071434e+01
      vertex   0.000000e+00 2.146752e+00 1.048110e+01
    endloop
  endfacet
  facet normal -0.000000e+00 -9.622680e-01 -2.721035e-01
    outer loop
      vertex   0.000000e+00 2.146752e+00 1.048110e+01
      vertex   -4.000000e+00 2.080798e+00 1.071434e+01
      vertex   -4.000000e+00 2.146752e+00 1.048110e+01
    endloop
  endfacet
  facet normal -0.000000e+00 -9.863613e-01 -1.645946e-01
    outer loop
      vertex   0.000000e+00 2.146752e+00 1.048110e+01
      vertex   -4.000000e+00 2.146752e+00 1.048110e+01
      vertex   0.000000e+00 2.186647e+00 1.024202e+01
    endloop
  endfacet
  facet normal -0.000000e+00 -9.863613e-01 -1.645946e-01
    outer loop
      vertex   0.000000e+00 2.186647e+00 1.024202e+01
      vertex   -4.000000e+00 2.146752e+00 1.048110e+01
      vertex   -4.000000e+00 2.186647e+00 1.024202e+01
    endloop
  endfacet
  facet normal 1.747670e-03 -6.049541e-01 7.962584e-01
    outer loop
      vertex   -1.005148e+00 -3.886840e+00 2.399092e+00
      vertex   0.000000e+00 -3.835541e+00 2.435860e+00
      vertex   -1.000000e+00 -3.754006e+00 2.500000e+00
    endloop
  endfacet
  facet normal -3.274973e-03 -6.427842e-01 7.660403e-01
    outer loop
      vertex   -1.000000e+00 -3.754006e+00 2.500000e+00
      vertex   0.000000e+00 -3.835541e+00 2.435860e+00
      vertex   0.000000e+00 -3.661829e+00 2.581621e+00
    endloop
  endfacet
  facet normal 2.456435e-03 -6.777399e-01 7.352976e-01
    outer loop
      vertex   -1.000000e+00 -3.754006e+00 2.500000e+00
      vertex   0.000000e+00 -3.661829e+00 2.581621e+00
      vertex   -1.000000e+00 -3.606308e+00 2.636137e+00
    endloop
  endfacet
  facet normal -2.973565e-03 -7.273704e-01 6.862386e-01
    outer loop
      vertex   -1.000000e+00 -3.606308e+00 2.636137e+00
      vertex   0.000000e+00 -3.661829e+00 2.581621e+00
      vertex   0.000000e+00 -3.506213e+00 2.746564e+00
    endloop
  endfacet
  facet normal 1.982571e-03 -7.497870e-01 6.616763e-01
    outer loop
      vertex   -1.000000e+00 -3.606308e+00 2.636137e+00
      vertex   0.000000e+00 -3.506213e+00 2.746564e+00
      vertex   -1.000000e+00 -3.473398e+00 2.786746e+00
    endloop
  endfacet
  facet normal -2.327271e-03 -8.021210e-01 5.971570e-01
    outer loop
      vertex   -1.000000e+00 -3.473398e+00 2.786746e+00
      vertex   0.000000e+00 -3.506213e+00 2.746564e+00
      vertex   0.000000e+00 -3.370799e+00 2.928457e+00
    endloop
  endfacet
  facet normal 1.163869e-03 -8.138785e-01 5.810339e-01
    outer loop
      vertex   -1.000000e+00 -3.473398e+00 2.786746e+00
      vertex   0.000000e+00 -3.370799e+00 2.928457e+00
      vertex   -1.000000e+00 -3.356687e+00 2.950228e+00
    endloop
  endfacet
  facet normal -1.336203e-03 -8.660246e-01 4.999996e-01
    outer loop
      vertex   -1.000000e+00 -3.356687e+00 2.950228e+00
      vertex   0.000000e+00 -3.370799e+00 2.928457e+00
      vertex   0.000000e+00 -3.257416e+00 3.124842e+00
    endloop
  endfacet
  facet normal 4.710092e-07 -8.693336e-01 4.942257e-01
    outer loop
      vertex   -1.000000e+00 -3.356687e+00 2.950228e+00
      vertex   0.000000e+00 -3.257416e+00 3.124842e+00
      vertex   -1.000000e+00 -3.257412e+00 3.124850e+00
    endloop
  endfacet
  facet normal -4.710520e-07 -9.155637e-01 4.021729e-01
    outer loop
      vertex   -1.000000e+00 -3.257412e+00 3.124850e+00
      vertex   0.000000e+00 -3.257416e+00 3.124842e+00
      vertex   -1.000000e+00 -3.176628e+00 3.308758e+00
    endloop
  endfacet
  facet normal -1.335382e-03 -9.182153e-01 3.960794e-01
    outer loop
      vertex   -1.000000e+00 -3.176628e+00 3.308758e+00
      vertex   0.000000e+00 -3.257416e+00 3.124842e+00
      vertex   0.000000e+00 -3.167599e+00 3.333061e+00
    endloop
  endfacet
  facet normal 1.163170e-03 -9.520782e-01 3.058525e-01
    outer loop
      vertex   -1.000000e+00 -3.176628e+00 3.308758e+00
      vertex   0.000000e+00 -3.167599e+00 3.333061e+00
      vertex   -1.000000e+00 -3.115192e+00 3.500000e+00
    endloop
  endfacet
  facet normal -2.326694e-03 -9.579869e-01 2.868025e-01
    outer loop
      vertex   -1.000000e+00 -3.115192e+00 3.500000e+00
      vertex   0.000000e+00 -3.167599e+00 3.333061e+00
      vertex   0.000000e+00 -3.102563e+00 3.550299e+00
    endloop
  endfacet
  facet normal 6.559838e-04 -9.728949e-01 2.312469e-01
    outer loop
      vertex   -1.000000e+00 -3.115192e+00 3.500000e+00
      vertex   0.000000e+00 -3.102563e+00 3.550299e+00
      vertex   -1.004541e+00 -3.092991e+00 3.593420e+00
    endloop
  endfacet
  facet normal -1.519023e-03 -9.831393e-01 1.828519e-01
    outer loop
      vertex   -1.004541e+00 -3.092991e+00 3.593420e+00
      vertex   0.000000e+00 -3.102563e+00 3.550299e+00
      vertex   -1.018320e+00 -3.075194e+00 3.688991e+00
    endloop
  endfacet
  facet normal -2.817367e-03 -9.848038e-01 1.736475e-01
    outer loop
      vertex   -1.018320e+00 -3.075194e+00 3.688991e+00
      vertex   0.000000e+00 -3.102563e+00 3.550299e+00
      vertex   0.000000e+00 -3.063185e+00 3.773619e+00
    endloop
  endfacet
  facet normal 3.695181e-04 -9.906902e-01 1.361351e-01
    outer loop
      vertex   -1.018320e+00 -3.075194e+00 3.688991e+00
      vertex   0.000000e+00 -3.063185e+00 3.773619e+00
      vertex   -1.041572e+00 -3.062041e+00 3.784774e+00
    endloop
  endfacet
  facet normal -1.567108e-04 -9.961592e-01 8.756092e-02
    outer loop
      vertex   -1.041572e+00 -3.062041e+00 3.784774e+00
      vertex   0.000000e+00 -3.063185e+00 3.773619e+00
      vertex   -1.074532e+00 -3.053769e+00 3.878827e+00
    endloop
  endfacet
  facet normal -3.055668e-03 -9.983035e-01 5.814456e-02
    outer loop
      vertex   -1.074532e+00 -3.053769e+00 3.878827e+00
      vertex   0.000000e+00 -3.063185e+00 3.773619e+00
      vertex   0.000000e+00 -3.050000e+00 4.000000e+00
    endloop
  endfacet
  facet normal -7.725907e-04 -9.992801e-01 3.792922e-02
    outer loop
      vertex   -1.074532e+00 -3.053769e+00 3.878827e+00
      vertex   0.000000e+00 -3.050000e+00 4.000000e+00
      vertex   -1.117159e+00 -3.050301e+00 3.969302e+00
    endloop
  endfacet
  facet normal 4.446571e-04 -9.999797e-01 -6.361171e-03
    outer loop
      vertex   -1.117159e+00 -3.050301e+00 3.969302e+00
      vertex   0.000000e+00 -3.050000e+00 4.000000e+00
      vertex   -1.168339e+00 -3.050868e+00 4.054741e+00
    endloop
  endfacet
  facet normal -1.548614e-03 -9.988032e-01 -4.888474e-02
    outer loop
      vertex   -1.168339e+00 -3.050868e+00 4.054741e+00
      vertex   0.000000e+00 -3.050000e+00 4.000000e+00
      vertex   -1.226705e+00 -3.054646e+00 4.133790e+00
    endloop
  endfacet
  facet normal -2.560431e-03 -9.983049e-01 -5.814464e-02
    outer loop
      vertex   -1.226705e+00 -3.054646e+00 4.133790e+00
      vertex   0.000000e+00 -3.050000e+00 4.000000e+00
      vertex   0.000000e+00 -3.063185e+00 4.226381e+00
    endloop
  endfacet
  facet normal -4.012711e-04 -9.962465e-01 -8.656083e-02
    outer loop
      vertex   -1.226705e+00 -3.054646e+00 4.133790e+00
      vertex   0.000000e+00 -3.063185e+00 4.226381e+00
      vertex   -1.290890e+00 -3.060816e+00 4.205097e+00
    endloop
  endfacet
  facet normal 1.915922e-04 -9.925174e-01 -1.221030e-01
    outer loop
      vertex   -1.290890e+00 -3.060816e+00 4.205097e+00
      vertex   0.000000e+00 -3.063185e+00 4.226381e+00
      vertex   -1.361880e+00 -3.068782e+00 4.269738e+00
    endloop
  endfacet
  facet normal -8.702951e-04 -9.879351e-01 -1.548662e-01
    outer loop
      vertex   -1.361880e+00 -3.068782e+00 4.269738e+00
      vertex   0.000000e+00 -3.063185e+00 4.226381e+00
      vertex   -1.440468e+00 -3.077924e+00 4.328497e+00
    endloop
  endfacet
  facet normal -2.233750e-03 -9.848053e-01 -1.736477e-01
    outer loop
      vertex   -1.440468e+00 -3.077924e+00 4.328497e+00
      vertex   0.000000e+00 -3.063185e+00 4.226381e+00
      vertex   0.000000e+00 -3.102563e+00 4.449701e+00
    endloop
  endfacet
  facet normal -1.384306e-03 -9.830403e-01 -1.833843e-01
    outer loop
      vertex   -1.440468e+00 -3.077924e+00 4.328497e+00
      vertex   0.000000e+00 -3.102563e+00 4.449701e+00
      vertex   -1.525488e+00 -3.087429e+00 4.380091e+00
    endloop
  endfacet
  facet normal -3.063890e-04 -9.785457e-01 -2.060295e-01
    outer loop
      vertex   -1.525488e+00 -3.087429e+00 4.380091e+00
      vertex   0.000000e+00 -3.102563e+00 4.449701e+00
      vertex   -1.615774e+00 -3.096485e+00 4.423239e+00
    endloop
  endfacet
  facet normal 3.488919e-06 -9.745800e-01 -2.240399e-01
    outer loop
      vertex   -1.615774e+00 -3.096485e+00 4.423239e+00
      vertex   0.000000e+00 -3.102563e+00 4.449701e+00
      vertex   -1.710070e+00 -3.104221e+00 4.456888e+00
    endloop
  endfacet
  facet normal -6.278931e-05 -9.710222e-01 -2.389893e-01
    outer loop
      vertex   -1.710070e+00 -3.104221e+00 4.456888e+00
      vertex   0.000000e+00 -3.102563e+00 4.449701e+00
      vertex   -1.806718e+00 -3.110117e+00 4.480868e+00
    endloop
  endfacet
  facet normal -3.648833e-04 -9.668140e-01 -2.554811e-01
    outer loop
      vertex   -1.806718e+00 -3.110117e+00 4.480868e+00
      vertex   0.000000e+00 -3.102563e+00 4.449701e+00
      vertex   -1.903951e+00 -3.113874e+00 4.495224e+00
    endloop
  endfacet
  facet normal -1.220760e-03 -9.573508e-01 -2.889256e-01
    outer loop
      vertex   -1.903951e+00 -3.113874e+00 4.495224e+00
      vertex   0.000000e+00 -3.102563e+00 4.449701e+00
      vertex   -2.000000e+00 -3.115192e+00 4.500000e+00
    endloop
  endfacet
  facet normal -1.163349e-03 -9.579889e-01 -2.868030e-01
    outer loop
      vertex   -2.000000e+00 -3.115192e+00 4.500000e+00
      vertex   0.000000e+00 -3.102563e+00 4.449701e+00
      vertex   0.000000e+00 -3.167599e+00 4.666939e+00
    endloop
  endfacet
  facet normal -6.642618e-17 -9.540910e-01 -2.995168e-01
    outer loop
      vertex   -2.000000e+00 -3.115192e+00 4.500000e+00
      vertex   0.000000e+00 -3.167599e+00 4.666939e+00
      vertex   -4.000000e+00 -3.167599e+00 4.666939e+00
    endloop
  endfacet
  facet normal -8.794738e-17 -9.182161e-01 -3.960798e-01
    outer loop
      vertex   -4.000000e+00 -3.167599e+00 4.666939e+00
      vertex   0.000000e+00 -3.167599e+00 4.666939e+00
      vertex   -4.000000e+00 -3.257416e+00 4.875158e+00
    endloop
  endfacet
  facet normal 0.000000e+00 -9.182161e-01 -3.960798e-01
    outer loop
      vertex   -4.000000e+00 -3.257416e+00 4.875158e+00
      vertex   0.000000e+00 -3.167599e+00 4.666939e+00
      vertex   0.000000e+00 -3.257416e+00 4.875158e+00
    endloop
  endfacet
  facet normal 0.000000e+00 -8.660254e-01 -5.000000e-01
    outer loop
      vertex   -4.000000e+00 -3.257416e+00 4.875158e+00
      vertex   0.000000e+00 -3.257416e+00 4.875158e+00
      vertex   -4.000000e+00 -3.370799e+00 5.071543e+00
    endloop
  endfacet
  facet normal 2.884444e-16 -8.660254e-01 -5.000000e-01
    outer loop
      vertex   -4.000000e+00 -3.370799e+00 5.071543e+00
      vertex   0.000000e+00 -3.257416e+00 4.875158e+00
      vertex   0.000000e+00 -3.370799e+00 5.071543e+00
    endloop
  endfacet
  facet normal 2.671607e-16 -8.021232e-01 -5.971586e-01
    outer loop
      vertex   -4.000000e+00 -3.370799e+00 5.071543e+00
      vertex   0.000000e+00 -3.370799e+00 5.071543e+00
      vertex   -4.000000e+00 -3.506213e+00 5.253436e+00
    endloop
  endfacet
  facet normal 0.000000e+00 -8.021232e-01 -5.971586e-01
    outer loop
      vertex   -4.000000e+00 -3.506213e+00 5.253436e+00
      vertex   0.000000e+00 -3.370799e+00 5.071543e+00
      vertex   0.000000e+00 -3.506213e+00 5.253436e+00
    endloop
  endfacet
  facet normal 0.000000e+00 -7.273736e-01 -6.862416e-01
    outer loop
      vertex   -4.000000e+00 -3.506213e+00 5.253436e+00
      vertex   0.000000e+00 -3.506213e+00 5.253436e+00
      vertex   -4.000000e+00 -3.661829e+00 5.418379e+00
    endloop
  endfacet
  facet normal -1.432431e-16 -7.273736e-01 -6.862416e-01
    outer loop
      vertex   -4.000000e+00 -3.661829e+00 5.418379e+00
      vertex   0.000000e+00 -3.506213e+00 5.253436e+00
      vertex   0.000000e+00 -3.661829e+00 5.418379e+00
    endloop
  endfacet
  facet normal -1.974646e-16 -6.427876e-01 -7.660444e-01
    outer loop
      vertex   -4.000000e+00 -3.661829e+00 5.418379e+00
      vertex   0.000000e+00 -3.661829e+00 5.418379e+00
      vertex   -4.000000e+00 -3.835541e+00 5.564140e+00
    endloop
  endfacet
  facet normal 0.000000e+00 -6.427876e-01 -7.660444e-01
    outer loop
      vertex   -4.000000e+00 -3.835541e+00 5.564140e+00
      vertex   0.000000e+00 -3.661829e+00 5.418379e+00
      vertex   0.000000e+00 -3.835541e+00 5.564140e+00
    endloop
  endfacet
  facet normal 0.000000e+00 -5.495090e-01 -8.354878e-01
    outer loop
      vertex   -4.000000e+00 -3.835541e+00 5.564140e+00
      vertex   0.000000e+00 -3.835541e+00 5.564140e+00
      vertex   -4.000000e+00 -4.025000e+00 5.688750e+00
    endloop
  endfacet
  facet normal 0.000000e+00 -5.495090e-01 -8.354878e-01
    outer loop
      vertex   -4.000000e+00 -4.025000e+00 5.688750e+00
      vertex   0.000000e+00 -3.835541e+00 5.564140e+00
      vertex   0.000000e+00 -4.025000e+00 5.688750e+00
    endloop
  endfacet
  facet normal 0.000000e+00 -4.487992e-01 -8.936326e-01
    outer loop
      vertex   -4.000000e+00 -4.025000e+00 5.688750e+00
      vertex   0.000000e+00 -4.025000e+00 5.688750e+00
      vertex   -4.000000e+00 -4.227644e+00 5.790521e+00
    endloop
  endfacet
  facet normal 9.877287e-17 -4.487992e-01 -8.936326e-01
    outer loop
      vertex   -4.000000e+00 -4.227644e+00 5.790521e+00
      vertex   0.000000e+00 -4.025000e+00 5.688750e+00
      vertex   0.000000e+00 -4.227644e+00 5.790521e+00
    endloop
  endfacet
  facet normal 1.327099e-16 -3.420201e-01 -9.396926e-01
    outer loop
      vertex   -4.000000e+00 -4.227644e+00 5.790521e+00
      vertex   0.000000e+00 -4.227644e+00 5.790521e+00
      vertex   -4.000000e+00 -4.440734e+00 5.868080e+00
    endloop
  endfacet
  facet normal -2.086537e-16 -3.420201e-01 -9.396926e-01
    outer loop
      vertex   -4.000000e+00 -4.440734e+00 5.868080e+00
      vertex   0.000000e+00 -4.227644e+00 5.790521e+00
      vertex   0.000000e+00 -4.440734e+00 5.868080e+00
    endloop
  endfacet
  facet normal -2.160594e-16 -2.306159e-01 -9.730449e-01
    outer loop
      vertex   -4.000000e+00 -4.440734e+00 5.868080e+00
      vertex   0.000000e+00 -4.440734e+00 5.868080e+00
      vertex   -4.000000e+00 -4.661386e+00 5.920375e+00
    endloop
  endfacet
  facet normal 3.809117e-16 -2.306159e-01 -9.730449e-01
    outer loop
      vertex   -4.000000e+00 -4.661386e+00 5.920375e+00
      vertex   0.000000e+00 -4.440734e+00 5.868080e+00
      vertex   0.000000e+00 -4.661386e+00 5.920375e+00
    endloop
  endfacet
  facet normal 4.153086e-16 -1.160929e-01 -9.932384e-01
    outer loop
      vertex   -4.000000e+00 -4.661386e+00 5.920375e+00
      vertex   0.000000e+00 -4.661386e+00 5.920375e+00
      vertex   -4.000000e+00 -4.886618e+00 5.946701e+00
    endloop
  endfacet
  facet normal 0.000000e+00 -1.160929e-01 -9.932384e-01
    outer loop
      vertex   -4.000000e+00 -4.886618e+00 5.946701e+00
      vertex   0.000000e+00 -4.661386e+00 5.920375e+00
      vertex   0.000000e+00 -4.886618e+00 5.946701e+00
    endloop
  endfacet
  facet normal 0.000000e+00 0.000000e+00 -1.000000e+00
    outer loop
      vertex   -4.000000e+00 -4.886618e+00 5.946701e+00
      vertex   0.000000e+00 -4.886618e+00 5.946701e+00
      vertex   -4.000000e+00 -5.113382e+00 5.946701e+00
    endloop
  endfacet
  facet normal 0.000000e+00 0.000000e+00 -1.000000e+00
    outer loop
      vertex   -4.000000e+00 -5.113382e+00 5.946701e+00
      vertex   0.000000e+00 -4.886618e+00 5.946701e+00
      vertex   0.000000e+00 -5.113382e+00 5.946701e+00
    endloop
  endfacet
  facet normal 0.000000e+00 1.160929e-01 -9.932384e-01
    outer loop
      vertex   -4.000000e+00 -5.113382e+00 5.946701e+00
      vertex   0.000000e+00 -5.113382e+00 5.946701e+00
      vertex   -4.000000e+00 -5.338614e+00 5.920375e+00
    endloop
  endfacet
  facet normal 3.895308e-16 1.160929e-01 -9.932384e-01
    outer loop
      vertex   -4.000000e+00 -5.338614e+00 5.920375e+00
      vertex   0.000000e+00 -5.113382e+00 5.946701e+00
      vertex   0.000000e+00 -5.338614e+00 5.920375e+00
    endloop
  endfacet
  facet normal 3.297047e-16 2.306159e-01 -9.730449e-01
    outer loop
      vertex   -4.000000e+00 -5.338614e+00 5.920375e+00
      vertex   0.000000e+00 -5.338614e+00 5.920375e+00
      vertex   -4.000000e+00 -5.559266e+00 5.868080e+00
    endloop
  endfacet
  facet normal -2.160594e-16 2.306159e-01 -9.730449e-01
    outer loop
      vertex   -4.000000e+00 -5.559266e+00 5.868080e+00
      vertex   0.000000e+00 -5.338614e+00 5.920375e+00
      vertex   0.000000e+00 -5.559266e+00 5.868080e+00
    endloop
  endfacet
  facet normal -2.086537e-16 3.420201e-01 -9.396926e-01
    outer loop
      vertex   -4.000000e+00 -5.559266e+00 5.868080e+00
      vertex   0.000000e+00 -5.559266e+00 5.868080e+00
      vertex   -4.000000e+00 -5.772356e+00 5.790521e+00
    endloop
  endfacet
  facet normal 2.086537e-16 3.420201e-01 -9.396926e-01
    outer loop
      vertex   -4.000000e+00 -5.772356e+00 5.790521e+00
      vertex   0.000000e+00 -5.559266e+00 5.868080e+00
      vertex   0.000000e+00 -5.772356e+00 5.790521e+00
    endloop
  endfacet
  facet normal 1.984263e-16 4.487992e-01 -8.936326e-01
    outer loop
      vertex   -4.000000e+00 -5.772356e+00 5.790521e+00
      vertex   0.000000e+00 -5.772356e+00 5.790521e+00
      vertex   -4.000000e+00 -5.975000e+00 5.688750e+00
    endloop
  endfacet
  facet normal -9.877287e-17 4.487992e-01 -8.936326e-01
    outer loop
      vertex   -4.000000e+00 -5.975000e+00 5.688750e+00
      vertex   0.000000e+00 -5.772356e+00 5.790521e+00
      vertex   0.000000e+00 -5.975000e+00 5.688750e+00
    endloop
  endfacet
  facet normal -6.350006e-17 5.495090e-01 -8.354878e-01
    outer loop
      vertex   -4.000000e+00 -5.975000e+00 5.688750e+00
      vertex   0.000000e+00 -5.975000e+00 5.688750e+00
      vertex   -4.000000e+00 -6.164459e+00 5.564140e+00
    endloop
  endfacet
  facet normal 0.000000e+00 5.495090e-01 -8.354878e-01
    outer loop
      vertex   -4.000000e+00 -6.164459e+00 5.564140e+00
      vertex   0.000000e+00 -5.975000e+00 5.688750e+00
      vertex   0.000000e+00 -6.164459e+00 5.564140e+00
    endloop
  endfacet
  facet normal 0.000000e+00 6.427876e-01 -7.660444e-01
    outer loop
      vertex   -4.000000e+00 -6.164459e+00 5.564140e+00
      vertex   0.000000e+00 -6.164459e+00 5.564140e+00
      vertex   -4.000000e+00 -6.338171e+00 5.418379e+00
    endloop
  endfacet
  facet normal 0.000000e+00 6.427876e-01 -7.660444e-01
    outer loop
      vertex   -4.000000e+00 -6.338171e+00 5.418379e+00
      vertex   0.000000e+00 -6.164459e+00 5.564140e+00
      vertex   0.000000e+00 -6.338171e+00 5.418379e+00
    endloop
  endfacet
  facet normal 0.000000e+00 7.273736e-01 -6.862416e-01
    outer loop
      vertex   -4.000000e+00 -6.338171e+00 5.418379e+00
      vertex   0.000000e+00 -6.338171e+00 5.418379e+00
      vertex   -4.000000e+00 -6.493787e+00 5.253436e+00
    endloop
  endfacet
  facet normal 0.000000e+00 7.273736e-01 -6.862416e-01
    outer loop
      vertex   -4.000000e+00 -6.493787e+00 5.253436e+00
      vertex   0.000000e+00 -6.338171e+00 5.418379e+00
      vertex   0.000000e+00 -6.493787e+00 5.253436e+00
    endloop
  endfacet
  facet normal 0.000000e+00 8.021232e-01 -5.971586e-01
    outer loop
      vertex   -4.000000e+00 -6.493787e+00 5.253436e+00
      vertex   0.000000e+00 -6.493787e+00 5.253436e+00
      vertex   -4.000000e+00 -6.629201e+00 5.071543e+00
    endloop
  endfacet
  facet normal 0.000000e+00 8.021232e-01 -5.971586e-01
    outer loop
      vertex   -4.000000e+00 -6.629201e+00 5.071543e+00
      vertex   0.000000e+00 -6.493787e+00 5.253436e+00
      vertex   0.000000e+00 -6.629201e+00 5.071543e+00
    endloop
  endfacet
  facet normal 0.000000e+00 8.660254e-01 -5.000000e-01
    outer loop
      vertex   -4.000000e+00 -6.629201e+00 5.071543e+00
      vertex   0.000000e+00 -6.629201e+00 5.071543e+00
      vertex   -4.000000e+00 -6.742584e+00 4.875158e+00
    endloop
  endfacet
  facet normal 0.000000e+00 8.660254e-01 -5.000000e-01
    outer loop
      vertex   -4.000000e+00 -6.742584e+00 4.875158e+00
      vertex   0.000000e+00 -6.629201e+00 5.071543e+00
      vertex   0.000000e+00 -6.742584e+00 4.875158e+00
    endloop
  endfacet
  facet normal 0.000000e+00 9.182161e-01 -3.960798e-01
    outer loop
      vertex   -4.000000e+00 -6.742584e+00 4.875158e+00
      vertex   0.000000e+00 -6.742584e+00 4.875158e+00
      vertex   -4.000000e+00 -6.832401e+00 4.666939e+00
    endloop
  endfacet
  facet normal 0.000000e+00 9.182161e-01 -3.960798e-01
    outer loop
      vertex   -4.000000e+00 -6.832401e+00 4.666939e+00
      vertex   0.000000e+00 -6.742584e+00 4.875158e+00
      vertex   0.000000e+00 -6.832401e+00 4.666939e+00
    endloop
  endfacet
  facet normal 0.000000e+00 9.540910e-01 -2.995168e-01
    outer loop
      vertex   -4.000000e+00 -6.832401e+00 4.666939e+00
      vertex   0.000000e+00 -6.832401e+00 4.666939e+00
      vertex   -2.000000e+00 -6.884808e+00 4.500000e+00
    endloop
  endfacet
  facet normal -1.127562e-03 9.578715e-01 -2.871949e-01
    outer loop
      vertex   -2.000000e+00 -6.884808e+00 4.500000e+00
      vertex   0.000000e+00 -6.832401e+00 4.666939e+00
      vertex   -1.903951e+00 -6.886126e+00 4.495224e+00
    endloop
  endfacet
  facet normal -1.166219e-03 9.579889e-01 -2.868030e-01
    outer loop
      vertex   -1.903951e+00 -6.886126e+00 4.495224e+00
      vertex   0.000000e+00 -6.832401e+00 4.666939e+00
      vertex   0.000000e+00 -6.897437e+00 4.449701e+00
    endloop
  endfacet
  facet normal -3.648833e-04 9.668140e-01 -2.554811e-01
    outer loop
      vertex   -1.903951e+00 -6.886126e+00 4.495224e+00
      vertex   0.000000e+00 -6.897437e+00 4.449701e+00
      vertex   -1.806718e+00 -6.889883e+00 4.480868e+00
    endloop
  endfacet
  facet normal -6.278931e-05 9.710222e-01 -2.389893e-01
    outer loop
      vertex   -1.806718e+00 -6.889883e+00 4.480868e+00
      vertex   0.000000e+00 -6.897437e+00 4.449701e+00
      vertex   -1.710070e+00 -6.895779e+00 4.456888e+00
    endloop
  endfacet
  facet normal 3.488919e-06 9.745800e-01 -2.240399e-01
    outer loop
      vertex   -1.710070e+00 -6.895779e+00 4.456888e+00
      vertex   0.000000e+00 -6.897437e+00 4.449701e+00
      vertex   -1.615774e+00 -6.903515e+00 4.423239e+00
    endloop
  endfacet
  facet normal -3.063890e-04 9.785457e-01 -2.060295e-01
    outer loop
      vertex   -1.615774e+00 -6.903515e+00 4.423239e+00
      vertex   0.000000e+00 -6.897437e+00 4.449701e+00
      vertex   -1.525488e+00 -6.912571e+00 4.380091e+00
    endloop
  endfacet
  facet normal -1.384306e-03 9.830403e-01 -1.833843e-01
    outer loop
      vertex   -1.525488e+00 -6.912571e+00 4.380091e+00
      vertex   0.000000e+00 -6.897437e+00 4.449701e+00
      vertex   -1.440468e+00 -6.922076e+00 4.328497e+00
    endloop
  endfacet
  facet normal -2.233750e-03 9.848053e-01 -1.736477e-01
    outer loop
      vertex   -1.440468e+00 -6.922076e+00 4.328497e+00
      vertex   0.000000e+00 -6.897437e+00 4.449701e+00
      vertex   0.000000e+00 -6.936815e+00 4.226381e+00
    endloop
  endfacet
  facet normal -8.702951e-04 9.879351e-01 -1.548662e-01
    outer loop
      vertex   -1.440468e+00 -6.922076e+00 4.328497e+00
      vertex   0.000000e+00 -6.936815e+00 4.226381e+00
      vertex   -1.361880e+00 -6.931218e+00 4.269738e+00
    endloop
  endfacet
  facet normal 1.915922e-04 9.925174e-01 -1.221030e-01
    outer loop
      vertex   -1.361880e+00 -6.931218e+00 4.269738e+00
      vertex   0.000000e+00 -6.936815e+00 4.226381e+00
      vertex   -1.290890e+00 -6.939184e+00 4.205097e+00
    endloop
  endfacet
  facet normal -4.012711e-04 9.962465e-01 -8.656083e-02
    outer loop
      vertex   -1.290890e+00 -6.939184e+00 4.205097e+00
      vertex   0.000000e+00 -6.936815e+00 4.226381e+00
      vertex   -1.226705e+00 -6.945354e+00 4.133790e+00
    endloop
  endfacet
  facet normal -2.560431e-03 9.983049e-01 -5.814464e-02
    outer loop
      vertex   -1.226705e+00 -6.945354e+00 4.133790e+00
      vertex   0.000000e+00 -6.936815e+00 4.226381e+00
      vertex   0.000000e+00 -6.950000e+00 4.000000e+00
    endloop
  endfacet
  facet normal -1.548614e-03 9.988032e-01 -4.888474e-02
    outer loop
      vertex   -1.226705e+00 -6.945354e+00 4.133790e+00
      vertex   0.000000e+00 -6.950000e+00 4.000000e+00
      vertex   -1.168339e+00 -6.949132e+00 4.054741e+00
    endloop
  endfacet
  facet normal 4.446571e-04 9.999797e-01 -6.361171e-03
    outer loop
      vertex   -1.168339e+00 -6.949132e+00 4.054741e+00
      vertex   0.000000e+00 -6.950000e+00 4.000000e+00
      vertex   -1.117159e+00 -6.949699e+00 3.969302e+00
    endloop
  endfacet
  facet normal -7.725907e-04 9.992801e-01 3.792922e-02
    outer loop
      vertex   -1.117159e+00 -6.949699e+00 3.969302e+00
      vertex   0.000000e+00 -6.950000e+00 4.000000e+00
      vertex   -1.074532e+00 -6.946231e+00 3.878827e+00
    endloop
  endfacet
  facet normal -3.055668e-03 9.983035e-01 5.814456e-02
    outer loop
      vertex   -1.074532e+00 -6.946231e+00 3.878827e+00
      vertex   0.000000e+00 -6.950000e+00 4.000000e+00
      vertex   0.000000e+00 -6.936815e+00 3.773619e+00
    endloop
  endfacet
  facet normal -1.567108e-04 9.961592e-01 8.756092e-02
    outer loop
      vertex   -1.074532e+00 -6.946231e+00 3.878827e+00
      vertex   0.000000e+00 -6.936815e+00 3.773619e+00
      vertex   -1.041572e+00 -6.937959e+00 3.784774e+00
    endloop
  endfacet
  facet normal 3.695181e-04 9.906902e-01 1.361351e-01
    outer loop
      vertex   -1.041572e+00 -6.937959e+00 3.784774e+00
      vertex   0.000000e+00 -6.936815e+00 3.773619e+00
      vertex   -1.018320e+00 -6.924806e+00 3.688991e+00
    endloop
  endfacet
  facet normal -2.817367e-03 9.848038e-01 1.736475e-01
    outer loop
      vertex   -1.018320e+00 -6.924806e+00 3.688991e+00
      vertex   0.000000e+00 -6.936815e+00 3.773619e+00
      vertex   0.000000e+00 -6.897437e+00 3.550299e+00
    endloop
  endfacet
  facet normal -1.519023e-03 9.831393e-01 1.828519e-01
    outer loop
      vertex   -1.018320e+00 -6.924806e+00 3.688991e+00
      vertex   0.000000e+00 -6.897437e+00 3.550299e+00
      vertex   -1.004541e+00 -6.907009e+00 3.593420e+00
    endloop
  endfacet
  facet normal 6.559838e-04 9.728949e-01 2.312469e-01
    outer loop
      vertex   -1.004541e+00 -6.907009e+00 3.593420e+00
      vertex   0.000000e+00 -6.897437e+00 3.550299e+00
      vertex   -1.000000e+00 -6.884808e+00 3.500000e+00
    endloop
  endfacet
  facet normal -2.326694e-03 9.579869e-01 2.868025e-01
    outer loop
      vertex   -1.000000e+00 -6.884808e+00 3.500000e+00
      vertex   0.000000e+00 -6.897437e+00 3.550299e+00
      vertex   0.000000e+00 -6.832401e+00 3.333061e+00
    endloop
  endfacet
  facet normal 1.163170e-03 9.520782e-01 3.058525e-01
    outer loop
      vertex   -1.000000e+00 -6.884808e+00 3.500000e+00
      vertex   0.000000e+00 -6.832401e+00 3.333061e+00
      vertex   -1.000000e+00 -6.823372e+00 3.308758e+00
    endloop
  endfacet
  facet normal -1.335382e-03 9.182153e-01 3.960794e-01
    outer loop
      vertex   -1.000000e+00 -6.823372e+00 3.308758e+00
      vertex   0.000000e+00 -6.832401e+00 3.333061e+00
      vertex   0.000000e+00 -6.742584e+00 3.124842e+00
    endloop
  endfacet
  facet normal -4.710520e-07 9.155637e-01 4.021729e-01
    outer loop
      vertex   -1.000000e+00 -6.823372e+00 3.308758e+00
      vertex   0.000000e+00 -6.742584e+00 3.124842e+00
      vertex   -1.000000e+00 -6.742588e+00 3.124850e+00
    endloop
  endfacet
  facet normal 4.710092e-07 8.693336e-01 4.942257e-01
    outer loop
      vertex   -1.000000e+00 -6.742588e+00 3.124850e+00
      vertex   0.000000e+00 -6.742584e+00 3.124842e+00
      vertex   -1.000000e+00 -6.643313e+00 2.950228e+00
    endloop
  endfacet
  facet normal -1.336203e-03 8.660246e-01 4.999996e-01
    outer loop
      vertex   -1.000000e+00 -6.643313e+00 2.950228e+00
      vertex   0.000000e+00 -6.742584e+00 3.124842e+00
      vertex   0.000000e+00 -6.629201e+00 2.928457e+00
    endloop
  endfacet
  facet normal 1.163869e-03 8.138785e-01 5.810339e-01
    outer loop
      vertex   -1.000000e+00 -6.643313e+00 2.950228e+00
      vertex   0.000000e+00 -6.629201e+00 2.928457e+00
      vertex   -1.000000e+00 -6.526602e+00 2.786746e+00
    endloop
  endfacet
  facet normal -2.327271e-03 8.021210e-01 5.971570e-01
    outer loop
      vertex   -1.000000e+00 -6.526602e+00 2.786746e+00
      vertex   0.000000e+00 -6.629201e+00 2.928457e+00
      vertex   0.000000e+00 -6.493787e+00 2.746564e+00
    endloop
  endfacet
  facet normal 1.982571e-03 7.497870e-01 6.616763e-01
    outer loop
      vertex   -1.000000e+00 -6.526602e+00 2.786746e+00
      vertex   0.000000e+00 -6.493787e+00 2.746564e+00
      vertex   -1.000000e+00 -6.393692e+00 2.636137e+00
    endloop
  endfacet
  facet normal -2.973565e-03 7.273704e-01 6.862386e-01
    outer loop
      vertex   -1.000000e+00 -6.393692e+00 2.636137e+00
      vertex   0.000000e+00 -6.493787e+00 2.746564e+00
      vertex   0.000000e+00 -6.338171e+00 2.581621e+00
    endloop
  endfacet
  facet normal 2.456435e-03 6.777399e-01 7.352976e-01
    outer loop
      vertex   -1.000000e+00 -6.393692e+00 2.636137e+00
      vertex   0.000000e+00 -6.338171e+00 2.581621e+00
      vertex   -1.000000e+00 -6.245994e+00 2.500000e+00
    endloop
  endfacet
  facet normal -3.274973e-03 6.427842e-01 7.660403e-01
    outer loop
      vertex   -1.000000e+00 -6.245994e+00 2.500000e+00
      vertex   0.000000e+00 -6.338171e+00 2.581621e+00
      vertex   0.000000e+00 -6.164459e+00 2.435860e+00
    endloop
  endfacet
  facet normal 1.747670e-03 6.049541e-01 7.962584e-01
    outer loop
      vertex   -1.000000e+00 -6.245994e+00 2.500000e+00
      vertex   0.000000e+00 -6.164459e+00 2.435860e+00
      vertex   -1.005148e+00 -6.113160e+00 2.399092e+00
    endloop
  endfacet
  facet normal -2.517034e-03 5.495072e-01 8.354852e-01
    outer loop
      vertex   -1.005148e+00 -6.113160e+00 2.399092e+00
      vertex   0.000000e+00 -6.164459e+00 2.435860e+00
      vertex   0.000000e+00 -5.975000e+00 2.311250e+00
    endloop
  endfacet
  facet normal 3.995633e-04 5.344607e-01 8.451933e-01
    outer loop
      vertex   -1.005148e+00 -6.113160e+00 2.399092e+00
      vertex   0.000000e+00 -5.975000e+00 2.311250e+00
      vertex   -1.018531e+00 -5.970264e+00 2.308737e+00
    endloop
  endfacet
  facet normal -5.289099e-05 4.598657e-01 8.879885e-01
    outer loop
      vertex   -1.018531e+00 -5.970264e+00 2.308737e+00
      vertex   0.000000e+00 -5.975000e+00 2.311250e+00
      vertex   -1.037060e+00 -5.818940e+00 2.230369e+00
    endloop
  endfacet
  facet normal -2.158409e-03 4.487981e-01 8.936306e-01
    outer loop
      vertex   -1.037060e+00 -5.818940e+00 2.230369e+00
      vertex   0.000000e+00 -5.975000e+00 2.311250e+00
      vertex   0.000000e+00 -5.772356e+00 2.209479e+00
    endloop
  endfacet
  facet normal 1.558355e-03 3.800983e-01 9.249448e-01
    outer loop
      vertex   -1.037060e+00 -5.818940e+00 2.230369e+00
      vertex   0.000000e+00 -5.772356e+00 2.209479e+00
      vertex   -1.057579e+00 -5.660809e+00 2.165421e+00
    endloop
  endfacet
  facet normal -3.072238e-03 3.420185e-01 9.396882e-01
    outer loop
      vertex   -1.057579e+00 -5.660809e+00 2.165421e+00
      vertex   0.000000e+00 -5.772356e+00 2.209479e+00
      vertex   0.000000e+00 -5.559266e+00 2.131920e+00
    endloop
  endfacet
  facet normal 1.841783e-03 2.959561e-01 9.551998e-01
    outer loop
      vertex   -1.057579e+00 -5.660809e+00 2.165421e+00
      vertex   0.000000e+00 -5.559266e+00 2.131920e+00
      vertex   -1.076684e+00 -5.497567e+00 2.114880e+00
    endloop
  endfacet
  facet normal -2.184991e-03 2.306153e-01 9.730425e-01
    outer loop
      vertex   -1.076684e+00 -5.497567e+00 2.114880e+00
      vertex   0.000000e+00 -5.559266e+00 2.131920e+00
      vertex   0.000000e+00 -5.338614e+00 2.079625e+00
    endloop
  endfacet
  facet normal 6.661152e-04 2.122295e-01 9.772196e-01
    outer loop
      vertex   -1.076684e+00 -5.497567e+00 2.114880e+00
      vertex   0.000000e+00 -5.338614e+00 2.079625e+00
      vertex   -1.092398e+00 -5.331458e+00 2.078815e+00
    endloop
  endfacet
  facet normal 1.079207e-04 1.286527e-01 9.916897e-01
    outer loop
      vertex   -1.092398e+00 -5.331458e+00 2.078815e+00
      vertex   0.000000e+00 -5.338614e+00 2.079625e+00
      vertex   -1.103050e+00 -5.164823e+00 2.057199e+00
    endloop
  endfacet
  facet normal -1.902424e-03 1.160927e-01 9.932366e-01
    outer loop
      vertex   -1.103050e+00 -5.164823e+00 2.057199e+00
      vertex   0.000000e+00 -5.338614e+00 2.079625e+00
      vertex   0.000000e+00 -5.113382e+00 2.053299e+00
    endloop
  endfacet
  facet normal 1.495520e-03 4.367025e-02 9.990449e-01
    outer loop
      vertex   -1.103050e+00 -5.164823e+00 2.057199e+00
      vertex   0.000000e+00 -5.113382e+00 2.053299e+00
      vertex   -1.106971e+00 -5.000000e+00 2.050000e+00
    endloop
  endfacet
  facet normal -2.980273e-03 3.620921e-19 9.999956e-01
    outer loop
      vertex   -1.106971e+00 -5.000000e+00 2.050000e+00
      vertex   0.000000e+00 -5.113382e+00 2.053299e+00
      vertex   0.000000e+00 -4.886618e+00 2.053299e+00
    endloop
  endfacet
  facet normal 1.495520e-03 -4.367025e-02 9.990449e-01
    outer loop
      vertex   -1.106971e+00 -5.000000e+00 2.050000e+00
      vertex   0.000000e+00 -4.886618e+00 2.053299e+00
      vertex   -1.103050e+00 -4.835177e+00 2.057199e+00
    endloop
  endfacet
  facet normal -1.902424e-03 -1.160927e-01 9.932366e-01
    outer loop
      vertex   -1.103050e+00 -4.835177e+00 2.057199e+00
      vertex   0.000000e+00 -4.886618e+00 2.053299e+00
      vertex   0.000000e+00 -4.661386e+00 2.079625e+00
    endloop
  endfacet
  facet normal 1.079207e-04 -1.286527e-01 9.916897e-01
    outer loop
      vertex   -1.103050e+00 -4.835177e+00 2.057199e+00
      vertex   0.000000e+00 -4.661386e+00 2.079625e+00
      vertex   -1.092398e+00 -4.668542e+00 2.078815e+00
    endloop
  endfacet
  facet normal 6.661152e-04 -2.122295e-01 9.772196e-01
    outer loop
      vertex   -1.092398e+00 -4.668542e+00 2.078815e+00
      vertex   0.000000e+00 -4.661386e+00 2.079625e+00
      vertex   -1.076684e+00 -4.502433e+00 2.114880e+00
    endloop
  endfacet
  facet normal -2.184991e-03 -2.306153e-01 9.730425e-01
    outer loop
      vertex   -1.076684e+00 -4.502433e+00 2.114880e+00
      vertex   0.000000e+00 -4.661386e+00 2.079625e+00
      vertex   0.000000e+00 -4.440734e+00 2.131920e+00
    endloop
  endfacet
  facet normal 1.841783e-03 -2.959561e-01 9.551998e-01
    outer loop
      vertex   -1.076684e+00 -4.502433e+00 2.114880e+00
      vertex   0.000000e+00 -4.440734e+00 2.131920e+00
      vertex   -1.057579e+00 -4.339191e+00 2.165421e+00
    endloop
  endfacet
  facet normal -3.072238e-03 -3.420185e-01 9.396882e-01
    outer loop
      vertex   -1.057579e+00 -4.339191e+00 2.165421e+00
      vertex   0.000000e+00 -4.440734e+00 2.131920e+00
      vertex   0.000000e+00 -4.227644e+00 2.209479e+00
    endloop
  endfacet
  facet normal 1.558355e-03 -3.800983e-01 9.249448e-01
    outer loop
      vertex   -1.057579e+00 -4.339191e+00 2.165421e+00
      vertex   0.000000e+00 -4.227644e+00 2.209479e+00
      vertex   -1.037060e+00 -4.181060e+00 2.230369e+00
    endloop
  endfacet
  facet normal -2.158409e-03 -4.487981e-01 8.936306e-01
    outer loop
      vertex   -1.037060e+00 -4.181060e+00 2.230369e+00
      vertex   0.000000e+00 -4.227644e+00 2.209479e+00
      vertex   0.000000e+00 -4.025000e+00 2.311250e+00
    endloop
  endfacet
  facet normal -5.289099e-05 -4.598657e-01 8.879885e-01
    outer loop
      vertex   -1.037060e+00 -4.181060e+00 2.230369e+00
      vertex   0.000000e+00 -4.025000e+00 2.311250e+00
      vertex   -1.018531e+00 -4.029736e+00 2.308737e+00
    endloop
  endfacet
  facet normal 3.995633e-04 -5.344607e-01 8.451933e-01
    outer loop
      vertex   -1.018531e+00 -4.029736e+00 2.308737e+00
      vertex   0.000000e+00 -4.025000e+00 2.311250e+00
      vertex   -1.005148e+00 -3.886840e+00 2.399092e+00
    endloop
  endfacet
  facet normal -2.517034e-03 -5.495072e-01 8.354852e-01
    outer loop
      vertex   -1.005148e+00 -3.886840e+00 2.399092e+00
      vertex   0.000000e+00 -4.025000e+00 2.311250e+00
      vertex   0.000000e+00 -3.835541e+00 2.435860e+00
    endloop
  endfacet
  facet normal 1.127562e-03 9.578715e-01 -2.871949e-01
    outer loop
      vertex   -2.000000e+00 -6.884808e+00 4.500000e+00
      vertex   -2.096049e+00 -6.886126e+00 4.495224e+00
      vertex   -4.000000e+00 -6.832401e+00 4.666939e+00
    endloop
  endfacet
  facet normal 1.166219e-03 9.579889e-01 -2.868030e-01
    outer loop
      vertex   -4.000000e+00 -6.832401e+00 4.666939e+00
      vertex   -2.096049e+00 -6.886126e+00 4.495224e+00
      vertex   -4.000000e+00 -6.897437e+00 4.449701e+00
    endloop
  endfacet
  facet normal 3.648833e-04 9.668140e-01 -2.554811e-01
    outer loop
      vertex   -4.000000e+00 -6.897437e+00 4.449701e+00
      vertex   -2.096049e+00 -6.886126e+00 4.495224e+00
      vertex   -2.193282e+00 -6.889883e+00 4.480868e+00
    endloop
  endfacet
  facet normal 6.278931e-05 9.710222e-01 -2.389893e-01
    outer loop
      vertex   -4.000000e+00 -6.897437e+00 4.449701e+00
      vertex   -2.193282e+00 -6.889883e+00 4.480868e+00
      vertex   -2.289930e+00 -6.895779e+00 4.456888e+00
    endloop
  endfacet
  facet normal -3.488919e-06 9.745800e-01 -2.240399e-01
    outer loop
      vertex   -2.289930e+00 -6.895779e+00 4.456888e+00
      vertex   -2.384226e+00 -6.903515e+00 4.423239e+00
      vertex   -4.000000e+00 -6.897437e+00 4.449701e+00
    endloop
  endfacet
  facet normal 3.063890e-04 9.785457e-01 -2.060295e-01
    outer loop
      vertex   -4.000000e+00 -6.897437e+00 4.449701e+00
      vertex   -2.384226e+00 -6.903515e+00 4.423239e+00
      vertex   -2.474512e+00 -6.912571e+00 4.380091e+00
    endloop
  endfacet
  facet normal 1.384306e-03 9.830403e-01 -1.833843e-01
    outer loop
      vertex   -4.000000e+00 -6.897437e+00 4.449701e+00
      vertex   -2.474512e+00 -6.912571e+00 4.380091e+00
      vertex   -2.559532e+00 -6.922076e+00 4.328497e+00
    endloop
  endfacet
  facet normal 2.233750e-03 9.848053e-01 -1.736477e-01
    outer loop
      vertex   -4.000000e+00 -6.897437e+00 4.449701e+00
      vertex   -2.559532e+00 -6.922076e+00 4.328497e+00
      vertex   -4.000000e+00 -6.936815e+00 4.226381e+00
    endloop
  endfacet
  facet normal 8.702951e-04 9.879351e-01 -1.548662e-01
    outer loop
      vertex   -4.000000e+00 -6.936815e+00 4.226381e+00
      vertex   -2.559532e+00 -6.922076e+00 4.328497e+00
      vertex   -2.638120e+00 -6.931218e+00 4.269738e+00
    endloop
  endfacet
  facet normal -1.915922e-04 9.925174e-01 -1.221030e-01
    outer loop
      vertex   -4.000000e+00 -6.936815e+00 4.226381e+00
      vertex   -2.638120e+00 -6.931218e+00 4.269738e+00
      vertex   -2.709110e+00 -6.939184e+00 4.205097e+00
    endloop
  endfacet
  facet normal 4.012711e-04 9.962465e-01 -8.656083e-02
    outer loop
      vertex   -2.709110e+00 -6.939184e+00 4.205097e+00
      vertex   -2.773295e+00 -6.945354e+00 4.133790e+00
      vertex   -4.000000e+00 -6.936815e+00 4.226381e+00
    endloop
  endfacet
  facet normal 2.560431e-03 9.983049e-01 -5.814464e-02
    outer loop
      vertex   -4.000000e+00 -6.936815e+00 4.226381e+00
      vertex   -2.773295e+00 -6.945354e+00 4.133790e+00
      vertex   -4.000000e+00 -6.950000e+00 4.000000e+00
    endloop
  endfacet
  facet normal 1.548614e-03 9.988032e-01 -4.888474e-02
    outer loop
      vertex   -4.000000e+00 -6.950000e+00 4.000000e+00
      vertex   -2.773295e+00 -6.945354e+00 4.133790e+00
      vertex   -2.831661e+00 -6.949132e+00 4.054741e+00
    endloop
  endfacet
  facet normal -4.446571e-04 9.999797e-01 -6.361171e-03
    outer loop
      vertex   -4.000000e+00 -6.950000e+00 4.000000e+00
      vertex   -2.831661e+00 -6.949132e+00 4.054741e+00
      vertex   -2.882841e+00 -6.949699e+00 3.969302e+00
    endloop
  endfacet
  facet normal 7.725907e-04 9.992801e-01 3.792922e-02
    outer loop
      vertex   -2.882841e+00 -6.949699e+00 3.969302e+00
      vertex   -2.925468e+00 -6.946231e+00 3.878827e+00
      vertex   -4.000000e+00 -6.950000e+00 4.000000e+00
    endloop
  endfacet
  facet normal 3.055668e-03 9.983035e-01 5.814456e-02
    outer loop
      vertex   -4.000000e+00 -6.950000e+00 4.000000e+00
      vertex   -2.925468e+00 -6.946231e+00 3.878827e+00
      vertex   -4.000000e+00 -6.936815e+00 3.773619e+00
    endloop
  endfacet
  facet normal 1.567108e-04 9.961592e-01 8.756092e-02
    outer loop
      vertex   -4.000000e+00 -6.936815e+00 3.773619e+00
      vertex   -2.925468e+00 -6.946231e+00 3.878827e+00
      vertex   -2.958428e+00 -6.937959e+00 3.784774e+00
    endloop
  endfacet
  facet normal -3.695181e-04 9.906902e-01 1.361351e-01
    outer loop
      vertex   -4.000000e+00 -6.936815e+00 3.773619e+00
      vertex   -2.958428e+00 -6.937959e+00 3.784774e+00
      vertex   -2.981680e+00 -6.924806e+00 3.688991e+00
    endloop
  endfacet
  facet normal 2.817367e-03 9.848038e-01 1.736475e-01
    outer loop
      vertex   -4.000000e+00 -6.936815e+00 3.773619e+00
      vertex   -2.981680e+00 -6.924806e+00 3.688991e+00
      vertex   -4.000000e+00 -6.897437e+00 3.550299e+00
    endloop
  endfacet
  facet normal 1.519023e-03 9.831393e-01 1.828519e-01
    outer loop
      vertex   -4.000000e+00 -6.897437e+00 3.550299e+00
      vertex   -2.981680e+00 -6.924806e+00 3.688991e+00
      vertex   -2.995459e+00 -6.907009e+00 3.593420e+00
    endloop
  endfacet
  facet normal -6.559838e-04 9.728949e-01 2.312469e-01
    outer loop
      vertex   -4.000000e+00 -6.897437e+00 3.550299e+00
      vertex   -2.995459e+00 -6.907009e+00 3.593420e+00
      vertex   -3.000000e+00 -6.884808e+00 3.500000e+00
    endloop
  endfacet
  facet normal 2.326694e-03 9.579869e-01 2.868025e-01
    outer loop
      vertex   -4.000000e+00 -6.897437e+00 3.550299e+00
      vertex   -3.000000e+00 -6.884808e+00 3.500000e+00
      vertex   -4.000000e+00 -6.832401e+00 3.333061e+00
    endloop
  endfacet
  facet normal -1.163170e-03 9.520782e-01 3.058525e-01
    outer loop
      vertex   -4.000000e+00 -6.832401e+00 3.333061e+00
      vertex   -3.000000e+00 -6.884808e+00 3.500000e+00
      vertex   -3.000000e+00 -6.823372e+00 3.308758e+00
    endloop
  endfacet
  facet normal 1.335382e-03 9.182153e-01 3.960794e-01
    outer loop
      vertex   -4.000000e+00 -6.832401e+00 3.333061e+00
      vertex   -3.000000e+00 -6.823372e+00 3.308758e+00
      vertex   -4.000000e+00 -6.742584e+00 3.124842e+00
    endloop
  endfacet
  facet normal 4.710520e-07 9.155637e-01 4.021729e-01
    outer loop
      vertex   -4.000000e+00 -6.742584e+00 3.124842e+00
      vertex   -3.000000e+00 -6.823372e+00 3.308758e+00
      vertex   -3.000000e+00 -6.742588e+00 3.124850e+00
    endloop
  endfacet
  facet normal -4.710092e-07 8.693336e-01 4.942257e-01
    outer loop
      vertex   -4.000000e+00 -6.742584e+00 3.124842e+00
      vertex   -3.000000e+00 -6.742588e+00 3.124850e+00
      vertex   -3.000000e+00 -6.643313e+00 2.950228e+00
    endloop
  endfacet
  facet normal 1.336203e-03 8.660246e-01 4.999996e-01
    outer loop
      vertex   -4.000000e+00 -6.742584e+00 3.124842e+00
      vertex   -3.000000e+00 -6.643313e+00 2.950228e+00
      vertex   -4.000000e+00 -6.629201e+00 2.928457e+00
    endloop
  endfacet
  facet normal -1.163869e-03 8.138785e-01 5.810339e-01
    outer loop
      vertex   -4.000000e+00 -6.629201e+00 2.928457e+00
      vertex   -3.000000e+00 -6.643313e+00 2.950228e+00
      vertex   -3.000000e+00 -6.526602e+00 2.786746e+00
    endloop
  endfacet
  facet normal 2.327271e-03 8.021210e-01 5.971570e-01
    outer loop
      vertex   -4.000000e+00 -6.629201e+00 2.928457e+00
      vertex   -3.000000e+00 -6.526602e+00 2.786746e+00
      vertex   -4.000000e+00 -6.493787e+00 2.746564e+00
    endloop
  endfacet
  facet normal -1.982571e-03 7.497870e-01 6.616763e-01
    outer loop
      vertex   -4.000000e+00 -6.493787e+00 2.746564e+00
      vertex   -3.000000e+00 -6.526602e+00 2.786746e+00
      vertex   -3.000000e+00 -6.393692e+00 2.636137e+00
    endloop
  endfacet
  facet normal 2.973565e-03 7.273704e-01 6.862386e-01
    outer loop
      vertex   -4.000000e+00 -6.493787e+00 2.746564e+00
      vertex   -3.000000e+00 -6.393692e+00 2.636137e+00
      vertex   -4.000000e+00 -6.338171e+00 2.581621e+00
    endloop
  endfacet
  facet normal -2.456435e-03 6.777399e-01 7.352976e-01
    outer loop
      vertex   -4.000000e+00 -6.338171e+00 2.581621e+00
      vertex   -3.000000e+00 -6.393692e+00 2.636137e+00
      vertex   -3.000000e+00 -6.245994e+00 2.500000e+00
    endloop
  endfacet
  facet normal 3.274973e-03 6.427842e-01 7.660403e-01
    outer loop
      vertex   -4.000000e+00 -6.338171e+00 2.581621e+00
      vertex   -3.000000e+00 -6.245994e+00 2.500000e+00
      vertex   -4.000000e+00 -6.164459e+00 2.435860e+00
    endloop
  endfacet
  facet normal -1.747670e-03 6.049541e-01 7.962584e-01
    outer loop
      vertex   -4.000000e+00 -6.164459e+00 2.435860e+00
      vertex   -3.000000e+00 -6.245994e+00 2.500000e+00
      vertex   -2.994852e+00 -6.113160e+00 2.399092e+00
    endloop
  endfacet
  facet normal 2.517034e-03 5.495072e-01 8.354852e-01
    outer loop
      vertex   -4.000000e+00 -6.164459e+00 2.435860e+00
      vertex   -2.994852e+00 -6.113160e+00 2.399092e+00
      vertex   -4.000000e+00 -5.975000e+00 2.311250e+00
    endloop
  endfacet
  facet normal -3.995633e-04 5.344607e-01 8.451933e-01
    outer loop
      vertex   -4.000000e+00 -5.975000e+00 2.311250e+00
      vertex   -2.994852e+00 -6.113160e+00 2.399092e+00
      vertex   -2.981469e+00 -5.970264e+00 2.308737e+00
    endloop
  endfacet
  facet normal 5.289099e-05 4.598657e-01 8.879885e-01
    outer loop
      vertex   -4.000000e+00 -5.975000e+00 2.311250e+00
      vertex   -2.981469e+00 -5.970264e+00 2.308737e+00
      vertex   -2.962940e+00 -5.818940e+00 2.230369e+00
    endloop
  endfacet
  facet normal 2.158409e-03 4.487981e-01 8.936306e-01
    outer loop
      vertex   -4.000000e+00 -5.975000e+00 2.311250e+00
      vertex   -2.962940e+00 -5.818940e+00 2.230369e+00
      vertex   -4.000000e+00 -5.772356e+00 2.209479e+00
    endloop
  endfacet
  facet normal -1.558355e-03 3.800983e-01 9.249448e-01
    outer loop
      vertex   -4.000000e+00 -5.772356e+00 2.209479e+00
      vertex   -2.962940e+00 -5.818940e+00 2.230369e+00
      vertex   -2.942421e+00 -5.660809e+00 2.165421e+00
    endloop
  endfacet
  facet normal 3.072238e-03 3.420185e-01 9.396882e-01
    outer loop
      vertex   -4.000000e+00 -5.772356e+00 2.209479e+00
      vertex   -2.942421e+00 -5.660809e+00 2.165421e+00
      vertex   -4.000000e+00 -5.559266e+00 2.131920e+00
    endloop
  endfacet
  facet normal -1.841783e-03 2.959561e-01 9.551998e-01
    outer loop
      vertex   -4.000000e+00 -5.559266e+00 2.131920e+00
      vertex   -2.942421e+00 -5.660809e+00 2.165421e+00
      vertex   -2.923316e+00 -5.497567e+00 2.114880e+00
    endloop
  endfacet
  facet normal 2.184991e-03 2.306153e-01 9.730425e-01
    outer loop
      vertex   -4.000000e+00 -5.559266e+00 2.131920e+00
      vertex   -2.923316e+00 -5.497567e+00 2.114880e+00
      vertex   -4.000000e+00 -5.338614e+00 2.079625e+00
    endloop
  endfacet
  facet normal -6.661152e-04 2.122295e-01 9.772196e-01
    outer loop
      vertex   -4.000000e+00 -5.338614e+00 2.079625e+00
      vertex   -2.923316e+00 -5.497567e+00 2.114880e+00
      vertex   -2.907602e+00 -5.331458e+00 2.078815e+00
    endloop
  endfacet
  facet normal -1.079207e-04 1.286527e-01 9.916897e-01
    outer loop
      vertex   -4.000000e+00 -5.338614e+00 2.079625e+00
      vertex   -2.907602e+00 -5.331458e+00 2.078815e+00
      vertex   -2.896950e+00 -5.164823e+00 2.057199e+00
    endloop
  endfacet
  facet normal 1.902424e-03 1.160927e-01 9.932366e-01
    outer loop
      vertex   -4.000000e+00 -5.338614e+00 2.079625e+00
      vertex   -2.896950e+00 -5.164823e+00 2.057199e+00
      vertex   -4.000000e+00 -5.113382e+00 2.053299e+00
    endloop
  endfacet
  facet normal -1.495520e-03 4.367025e-02 9.990449e-01
    outer loop
      vertex   -4.000000e+00 -5.113382e+00 2.053299e+00
      vertex   -2.896950e+00 -5.164823e+00 2.057199e+00
      vertex   -2.893029e+00 -5.000000e+00 2.050000e+00
    endloop
  endfacet
  facet normal 2.980273e-03 -0.000000e+00 9.999956e-01
    outer loop
      vertex   -4.000000e+00 -5.113382e+00 2.053299e+00
      vertex   -2.893029e+00 -5.000000e+00 2.050000e+00
      vertex   -4.000000e+00 -4.886618e+00 2.053299e+00
    endloop
  endfacet
  facet normal -1.495520e-03 -4.367025e-02 9.990449e-01
    outer loop
      vertex   -4.000000e+00 -4.886618e+00 2.053299e+00
      vertex   -2.893029e+00 -5.000000e+00 2.050000e+00
      vertex   -2.896950e+00 -4.835177e+00 2.057199e+00
    endloop
  endfacet
  facet normal 1.902424e-03 -1.160927e-01 9.932366e-01
    outer loop
      vertex   -4.000000e+00 -4.886618e+00 2.053299e+00
      vertex   -2.896950e+00 -4.835177e+00 2.057199e+00
      vertex   -4.000000e+00 -4.661386e+00 2.079625e+00
    endloop
  endfacet
  facet normal -1.079207e-04 -1.286527e-01 9.916897e-01
    outer loop
      vertex   -4.000000e+00 -4.661386e+00 2.079625e+00
      vertex   -2.896950e+00 -4.835177e+00 2.057199e+00
      vertex   -2.907602e+00 -4.668542e+00 2.078815e+00
    endloop
  endfacet
  facet normal -6.661152e-04 -2.122295e-01 9.772196e-01
    outer loop
      vertex   -4.000000e+00 -4.661386e+00 2.079625e+00
      vertex   -2.907602e+00 -4.668542e+00 2.078815e+00
      vertex   -2.923316e+00 -4.502433e+00 2.114880e+00
    endloop
  endfacet
  facet normal 2.184991e-03 -2.306153e-01 9.730425e-01
    outer loop
      vertex   -4.000000e+00 -4.661386e+00 2.079625e+00
      vertex   -2.923316e+00 -4.502433e+00 2.114880e+00
      vertex   -4.000000e+00 -4.440734e+00 2.131920e+00
    endloop
  endfacet
  facet normal -1.841783e-03 -2.959561e-01 9.551998e-01
    outer loop
      vertex   -4.000000e+00 -4.440734e+00 2.131920e+00
      vertex   -2.923316e+00 -4.502433e+00 2.114880e+00
      vertex   -2.942421e+00 -4.339191e+00 2.165421e+00
    endloop
  endfacet
  facet normal 3.072238e-03 -3.420185e-01 9.396882e-01
    outer loop
      vertex   -4.000000e+00 -4.440734e+00 2.131920e+00
      vertex   -2.942421e+00 -4.339191e+00 2.165421e+00
      vertex   -4.000000e+00 -4.227644e+00 2.209479e+00
    endloop
  endfacet
  facet normal -1.558355e-03 -3.800983e-01 9.249448e-01
    outer loop
      vertex   -4.000000e+00 -4.227644e+00 2.209479e+00
      vertex   -2.942421e+00 -4.339191e+00 2.165421e+00
      vertex   -2.962940e+00 -4.181060e+00 2.230369e+00
    endloop
  endfacet
  facet normal 2.158409e-03 -4.487981e-01 8.936306e-01
    outer loop
      vertex   -4.000000e+00 -4.227644e+00 2.209479e+00
      vertex   -2.962940e+00 -4.181060e+00 2.230369e+00
      vertex   -4.000000e+00 -4.025000e+00 2.311250e+00
    endloop
  endfacet
  facet normal 5.289099e-05 -4.598657e-01 8.879885e-01
    outer loop
      vertex   -4.000000e+00 -4.025000e+00 2.311250e+00
      vertex   -2.962940e+00 -4.181060e+00 2.230369e+00
      vertex   -2.981469e+00 -4.029736e+00 2.308737e+00
    endloop
  endfacet
  facet normal -3.995633e-04 -5.344607e-01 8.451933e-01
    outer loop
      vertex   -4.000000e+00 -4.025000e+00 2.311250e+00
      vertex   -2.981469e+00 -4.029736e+00 2.308737e+00
      vertex   -2.994852e+00 -3.886840e+00 2.399092e+00
    endloop
  endfacet
  facet normal 2.517034e-03 -5.495072e-01 8.354852e-01
    outer loop
      vertex   -4.000000e+00 -4.025000e+00 2.311250e+00
      vertex   -2.994852e+00 -3.886840e+00 2.399092e+00
      vertex   -4.000000e+00 -3.835541e+00 2.435860e+00
    endloop
  endfacet
  facet normal -1.747670e-03 -6.049541e-01 7.962584e-01
    outer loop
      vertex   -4.000000e+00 -3.835541e+00 2.435860e+00
      vertex   -2.994852e+00 -3.886840e+00 2.399092e+00
      vertex   -3.000000e+00 -3.754006e+00 2.500000e+00
    endloop
  endfacet
  facet normal 3.274973e-03 -6.427842e-01 7.660403e-01
    outer loop
      vertex   -4.000000e+00 -3.835541e+00 2.435860e+00
      vertex   -3.000000e+00 -3.754006e+00 2.500000e+00
      vertex   -4.000000e+00 -3.661829e+00 2.581621e+00
    endloop
  endfacet
  facet normal -2.456435e-03 -6.777399e-01 7.352976e-01
    outer loop
      vertex   -4.000000e+00 -3.661829e+00 2.581621e+00
      vertex   -3.000000e+00 -3.754006e+00 2.500000e+00
      vertex   -3.000000e+00 -3.606308e+00 2.636137e+00
    endloop
  endfacet
  facet normal 2.973565e-03 -7.273704e-01 6.862386e-01
    outer loop
      vertex   -4.000000e+00 -3.661829e+00 2.581621e+00
      vertex   -3.000000e+00 -3.606308e+00 2.636137e+00
      vertex   -4.000000e+00 -3.506213e+00 2.746564e+00
    endloop
  endfacet
  facet normal -1.982571e-03 -7.497870e-01 6.616763e-01
    outer loop
      vertex   -4.000000e+00 -3.506213e+00 2.746564e+00
      vertex   -3.000000e+00 -3.606308e+00 2.636137e+00
      vertex   -3.000000e+00 -3.473398e+00 2.786746e+00
    endloop
  endfacet
  facet normal 2.327271e-03 -8.021210e-01 5.971570e-01
    outer loop
      vertex   -4.000000e+00 -3.506213e+00 2.746564e+00
      vertex   -3.000000e+00 -3.473398e+00 2.786746e+00
      vertex   -4.000000e+00 -3.370799e+00 2.928457e+00
    endloop
  endfacet
  facet normal -1.163869e-03 -8.138785e-01 5.810339e-01
    outer loop
      vertex   -4.000000e+00 -3.370799e+00 2.928457e+00
      vertex   -3.000000e+00 -3.473398e+00 2.786746e+00
      vertex   -3.000000e+00 -3.356687e+00 2.950228e+00
    endloop
  endfacet
  facet normal 1.336203e-03 -8.660246e-01 4.999996e-01
    outer loop
      vertex   -4.000000e+00 -3.370799e+00 2.928457e+00
      vertex   -3.000000e+00 -3.356687e+00 2.950228e+00
      vertex   -4.000000e+00 -3.257416e+00 3.124842e+00
    endloop
  endfacet
  facet normal -4.710092e-07 -8.693336e-01 4.942257e-01
    outer loop
      vertex   -4.000000e+00 -3.257416e+00 3.124842e+00
      vertex   -3.000000e+00 -3.356687e+00 2.950228e+00
      vertex   -3.000000e+00 -3.257412e+00 3.124850e+00
    endloop
  endfacet
  facet normal 4.710520e-07 -9.155637e-01 4.021729e-01
    outer loop
      vertex   -4.000000e+00 -3.257416e+00 3.124842e+00
      vertex   -3.000000e+00 -3.257412e+00 3.124850e+00
      vertex   -3.000000e+00 -3.176628e+00 3.308758e+00
    endloop
  endfacet
  facet normal 1.335382e-03 -9.182153e-01 3.960794e-01
    outer loop
      vertex   -4.000000e+00 -3.257416e+00 3.124842e+00
      vertex   -3.000000e+00 -3.176628e+00 3.308758e+00
      vertex   -4.000000e+00 -3.167599e+00 3.333061e+00
    endloop
  endfacet
  facet normal -1.163170e-03 -9.520782e-01 3.058525e-01
    outer loop
      vertex   -4.000000e+00 -3.167599e+00 3.333061e+00
      vertex   -3.000000e+00 -3.176628e+00 3.308758e+00
      vertex   -3.000000e+00 -3.115192e+00 3.500000e+00
    endloop
  endfacet
  facet normal 2.326694e-03 -9.579869e-01 2.868025e-01
    outer loop
      vertex   -4.000000e+00 -3.167599e+00 3.333061e+00
      vertex   -3.000000e+00 -3.115192e+00 3.500000e+00
      vertex   -4.000000e+00 -3.102563e+00 3.550299e+00
    endloop
  endfacet
  facet normal -6.559838e-04 -9.728949e-01 2.312469e-01
    outer loop
      vertex   -4.000000e+00 -3.102563e+00 3.550299e+00
      vertex   -3.000000e+00 -3.115192e+00 3.500000e+00
      vertex   -2.995459e+00 -3.092991e+00 3.593420e+00
    endloop
  endfacet
  facet normal 1.519023e-03 -9.831393e-01 1.828519e-01
    outer loop
      vertex   -4.000000e+00 -3.102563e+00 3.550299e+00
      vertex   -2.995459e+00 -3.092991e+00 3.593420e+00
      vertex   -2.981680e+00 -3.075194e+00 3.688991e+00
    endloop
  endfacet
  facet normal 2.817367e-03 -9.848038e-01 1.736475e-01
    outer loop
      vertex   -4.000000e+00 -3.102563e+00 3.550299e+00
      vertex   -2.981680e+00 -3.075194e+00 3.688991e+00
      vertex   -4.000000e+00 -3.063185e+00 3.773619e+00
    endloop
  endfacet
  facet normal -3.695181e-04 -9.906902e-01 1.361351e-01
    outer loop
      vertex   -4.000000e+00 -3.063185e+00 3.773619e+00
      vertex   -2.981680e+00 -3.075194e+00 3.688991e+00
      vertex   -2.958428e+00 -3.062041e+00 3.784774e+00
    endloop
  endfacet
  facet normal 1.567108e-04 -9.961592e-01 8.756092e-02
    outer loop
      vertex   -4.000000e+00 -3.063185e+00 3.773619e+00
      vertex   -2.958428e+00 -3.062041e+00 3.784774e+00
      vertex   -2.925468e+00 -3.053769e+00 3.878827e+00
    endloop
  endfacet
  facet normal 3.055668e-03 -9.983035e-01 5.814456e-02
    outer loop
      vertex   -4.000000e+00 -3.063185e+00 3.773619e+00
      vertex   -2.925468e+00 -3.053769e+00 3.878827e+00
      vertex   -4.000000e+00 -3.050000e+00 4.000000e+00
    endloop
  endfacet
  facet normal 7.725907e-04 -9.992801e-01 3.792922e-02
    outer loop
      vertex   -4.000000e+00 -3.050000e+00 4.000000e+00
      vertex   -2.925468e+00 -3.053769e+00 3.878827e+00
      vertex   -2.882841e+00 -3.050301e+00 3.969302e+00
    endloop
  endfacet
  facet normal -4.446571e-04 -9.999797e-01 -6.361171e-03
    outer loop
      vertex   -4.000000e+00 -3.050000e+00 4.000000e+00
      vertex   -2.882841e+00 -3.050301e+00 3.969302e+00
      vertex   -2.831661e+00 -3.050868e+00 4.054741e+00
    endloop
  endfacet
  facet normal 1.548614e-03 -9.988032e-01 -4.888474e-02
    outer loop
      vertex   -2.831661e+00 -3.050868e+00 4.054741e+00
      vertex   -2.773295e+00 -3.054646e+00 4.133790e+00
      vertex   -4.000000e+00 -3.050000e+00 4.000000e+00
    endloop
  endfacet
  facet normal 2.560431e-03 -9.983049e-01 -5.814464e-02
    outer loop
      vertex   -4.000000e+00 -3.050000e+00 4.000000e+00
      vertex   -2.773295e+00 -3.054646e+00 4.133790e+00
      vertex   -4.000000e+00 -3.063185e+00 4.226381e+00
    endloop
  endfacet
  facet normal 4.012711e-04 -9.962465e-01 -8.656083e-02
    outer loop
      vertex   -4.000000e+00 -3.063185e+00 4.226381e+00
      vertex   -2.773295e+00 -3.054646e+00 4.133790e+00
      vertex   -2.709110e+00 -3.060816e+00 4.205097e+00
    endloop
  endfacet
  facet normal -1.915922e-04 -9.925174e-01 -1.221030e-01
    outer loop
      vertex   -4.000000e+00 -3.063185e+00 4.226381e+00
      vertex   -2.709110e+00 -3.060816e+00 4.205097e+00
      vertex   -2.638120e+00 -3.068782e+00 4.269738e+00
    endloop
  endfacet
  facet normal 8.702951e-04 -9.879351e-01 -1.548662e-01
    outer loop
      vertex   -2.638120e+00 -3.068782e+00 4.269738e+00
      vertex   -2.559532e+00 -3.077924e+00 4.328497e+00
      vertex   -4.000000e+00 -3.063185e+00 4.226381e+00
    endloop
  endfacet
  facet normal 2.233750e-03 -9.848053e-01 -1.736477e-01
    outer loop
      vertex   -4.000000e+00 -3.063185e+00 4.226381e+00
      vertex   -2.559532e+00 -3.077924e+00 4.328497e+00
      vertex   -4.000000e+00 -3.102563e+00 4.449701e+00
    endloop
  endfacet
  facet normal 1.384306e-03 -9.830403e-01 -1.833843e-01
    outer loop
      vertex   -4.000000e+00 -3.102563e+00 4.449701e+00
      vertex   -2.559532e+00 -3.077924e+00 4.328497e+00
      vertex   -2.474512e+00 -3.087429e+00 4.380091e+00
    endloop
  endfacet
  facet normal 3.063890e-04 -9.785457e-01 -2.060295e-01
    outer loop
      vertex   -4.000000e+00 -3.102563e+00 4.449701e+00
      vertex   -2.474512e+00 -3.087429e+00 4.380091e+00
      vertex   -2.384226e+00 -3.096485e+00 4.423239e+00
    endloop
  endfacet
  facet normal -3.488919e-06 -9.745800e-01 -2.240399e-01
    outer loop
      vertex   -2.384226e+00 -3.096485e+00 4.423239e+00
      vertex   -2.289930e+00 -3.104221e+00 4.456888e+00
      vertex   -4.000000e+00 -3.102563e+00 4.449701e+00
    endloop
  endfacet
  facet normal 6.278931e-05 -9.710222e-01 -2.389893e-01
    outer loop
      vertex   -4.000000e+00 -3.102563e+00 4.449701e+00
      vertex   -2.289930e+00 -3.104221e+00 4.456888e+00
      vertex   -2.193282e+00 -3.110117e+00 4.480868e+00
    endloop
  endfacet
  facet normal 3.648833e-04 -9.668140e-01 -2.554811e-01
    outer loop
      vertex   -4.000000e+00 -3.102563e+00 4.449701e+00
      vertex   -2.193282e+00 -3.110117e+00 4.480868e+00
      vertex   -2.096049e+00 -3.113874e+00 4.495224e+00
    endloop
  endfacet
  facet normal 1.220760e-03 -9.573508e-01 -2.889256e-01
    outer loop
      vertex   -2.096049e+00 -3.113874e+00 4.495224e+00
      vertex   -2.000000e+00 -3.115192e+00 4.500000e+00
      vertex   -4.000000e+00 -3.102563e+00 4.449701e+00
    endloop
  endfacet
  facet normal 1.163349e-03 -9.579889e-01 -2.868030e-01
    outer loop
      vertex   -4.000000e+00 -3.102563e+00 4.449701e+00
      vertex   -2.000000e+00 -3.115192e+00 4.500000e+00
      vertex   -4.000000e+00 -3.167599e+00 4.666939e+00
    endloop
  endfacet
  facet normal 1.747670e-03 -6.049541e-01 7.962584e-01
    outer loop
      vertex   -1.005148e+00 6.113160e+00 2.399092e+00
      vertex   0.000000e+00 6.164459e+00 2.435860e+00
      vertex   -1.000000e+00 6.245994e+00 2.500000e+00
    endloop
  endfacet
  facet normal -3.274973e-03 -6.427842e-01 7.660403e-01
    outer loop
      vertex   -1.000000e+00 6.245994e+00 2.500000e+00
      vertex   0.000000e+00 6.164459e+00 2.435860e+00
      vertex   0.000000e+00 6.338171e+00 2.581621e+00
    endloop
  endfacet
  facet normal 2.456435e-03 -6.777399e-01 7.352976e-01
    outer loop
      vertex   -1.000000e+00 6.245994e+00 2.500000e+00
      vertex   0.000000e+00 6.338171e+00 2.581621e+00
      vertex   -1.000000e+00 6.393692e+00 2.636137e+00
    endloop
  endfacet
  facet normal -2.973565e-03 -7.273704e-01 6.862386e-01
    outer loop
      vertex   -1.000000e+00 6.393692e+00 2.636137e+00
      vertex   0.000000e+00 6.338171e+00 2.581621e+00
      vertex   0.000000e+00 6.493787e+00 2.746564e+00
    endloop
  endfacet
  facet normal 1.982571e-03 -7.497870e-01 6.616763e-01
    outer loop
      vertex   -1.000000e+00 6.393692e+00 2.636137e+00
      vertex   0.000000e+00 6.493787e+00 2.746564e+00
      vertex   -1.000000e+00 6.526602e+00 2.786746e+00
    endloop
  endfacet
  facet normal -2.327271e-03 -8.021210e-01 5.971570e-01
    outer loop
      vertex   -1.000000e+00 6.526602e+00 2.786746e+00
      vertex   0.000000e+00 6.493787e+00 2.746564e+00
      vertex   0.000000e+00 6.629201e+00 2.928457e+00
    endloop
  endfacet
  facet normal 1.163869e-03 -8.138785e-01 5.810339e-01
    outer loop
      vertex   -1.000000e+00 6.526602e+00 2.786746e+00
      vertex   0.000000e+00 6.629201e+00 2.928457e+00
      vertex   -1.000000e+00 6.643313e+00 2.950228e+00
    endloop
  endfacet
  facet normal -1.336203e-03 -8.660246e-01 4.999996e-01
    outer loop
      vertex   -1.000000e+00 6.643313e+00 2.950228e+00
      vertex   0.000000e+00 6.629201e+00 2.928457e+00
      vertex   0.000000e+00 6.742584e+00 3.124842e+00
    endloop
  endfacet
  facet normal 4.710092e-07 -8.693336e-01 4.942257e-01
    outer loop
      vertex   -1.000000e+00 6.643313e+00 2.950228e+00
      vertex   0.000000e+00 6.742584e+00 3.124842e+00
      vertex   -1.000000e+00 6.742588e+00 3.124850e+00
    endloop
  endfacet
  facet normal -4.710520e-07 -9.155637e-01 4.021729e-01
    outer loop
      vertex   -1.000000e+00 6.742588e+00 3.124850e+00
      vertex   0.000000e+00 6.742584e+00 3.124842e+00
      vertex   -1.000000e+00 6.823372e+00 3.308758e+00
    endloop
  endfacet
  facet normal -1.335382e-03 -9.182153e-01 3.960794e-01
    outer loop
      vertex   -1.000000e+00 6.823372e+00 3.308758e+00
      vertex   0.000000e+00 6.742584e+00 3.124842e+00
      vertex   0.000000e+00 6.832401e+00 3.333061e+00
    endloop
  endfacet
  facet normal 1.163170e-03 -9.520782e-01 3.058525e-01
    outer loop
      vertex   -1.000000e+00 6.823372e+00 3.308758e+00
      vertex   0.000000e+00 6.832401e+00 3.333061e+00
      vertex   -1.000000e+00 6.884808e+00 3.500000e+00
    endloop
  endfacet
  facet normal -2.326694e-03 -9.579869e-01 2.868025e-01
    outer loop
      vertex   -1.000000e+00 6.884808e+00 3.500000e+00
      vertex   0.000000e+00 6.832401e+00 3.333061e+00
      vertex   0.000000e+00 6.897437e+00 3.550299e+00
    endloop
  endfacet
  facet normal 6.559941e-04 -9.728949e-01 2.312467e-01
    outer loop
      vertex   -1.000000e+00 6.884808e+00 3.500000e+00
      vertex   0.000000e+00 6.897437e+00 3.550299e+00
      vertex   -1.004541e+00 6.907010e+00 3.593420e+00
    endloop
  endfacet
  facet normal -1.519066e-03 -9.831394e-01 1.828513e-01
    outer loop
      vertex   -1.004541e+00 6.907010e+00 3.593420e+00
      vertex   0.000000e+00 6.897437e+00 3.550299e+00
      vertex   -1.018320e+00 6.924806e+00 3.688993e+00
    endloop
  endfacet
  facet normal -2.817345e-03 -9.848038e-01 1.736475e-01
    outer loop
      vertex   -1.018320e+00 6.924806e+00 3.688993e+00
      vertex   0.000000e+00 6.897437e+00 3.550299e+00
      vertex   0.000000e+00 6.936815e+00 3.773619e+00
    endloop
  endfacet
  facet normal 3.695602e-04 -9.906903e-01 1.361342e-01
    outer loop
      vertex   -1.018320e+00 6.924806e+00 3.688993e+00
      vertex   0.000000e+00 6.936815e+00 3.773619e+00
      vertex   -1.041573e+00 6.937959e+00 3.784776e+00
    endloop
  endfacet
  facet normal -1.567795e-04 -9.961593e-01 8.755952e-02
    outer loop
      vertex   -1.041573e+00 6.937959e+00 3.784776e+00
      vertex   0.000000e+00 6.936815e+00 3.773619e+00
      vertex   -1.074534e+00 6.946232e+00 3.878830e+00
    endloop
  endfacet
  facet normal -3.055675e-03 -9.983035e-01 5.814456e-02
    outer loop
      vertex   -1.074534e+00 6.946232e+00 3.878830e+00
      vertex   0.000000e+00 6.936815e+00 3.773619e+00
      vertex   0.000000e+00 6.950000e+00 4.000000e+00
    endloop
  endfacet
  facet normal -7.724739e-04 -9.992802e-01 3.792762e-02
    outer loop
      vertex   -1.074534e+00 6.946232e+00 3.878830e+00
      vertex   0.000000e+00 6.950000e+00 4.000000e+00
      vertex   -1.117160e+00 6.949699e+00 3.969305e+00
    endloop
  endfacet
  facet normal 4.446414e-04 -9.999797e-01 -6.363021e-03
    outer loop
      vertex   -1.117160e+00 6.949699e+00 3.969305e+00
      vertex   0.000000e+00 6.950000e+00 4.000000e+00
      vertex   -1.168342e+00 6.949132e+00 4.054745e+00
    endloop
  endfacet
  facet normal -1.548780e-03 -9.988031e-01 -4.888689e-02
    outer loop
      vertex   -1.168342e+00 6.949132e+00 4.054745e+00
      vertex   0.000000e+00 6.950000e+00 4.000000e+00
      vertex   -1.226708e+00 6.945354e+00 4.133795e+00
    endloop
  endfacet
  facet normal -2.560392e-03 -9.983049e-01 -5.814464e-02
    outer loop
      vertex   -1.226708e+00 6.945354e+00 4.133795e+00
      vertex   0.000000e+00 6.950000e+00 4.000000e+00
      vertex   0.000000e+00 6.936815e+00 4.226381e+00
    endloop
  endfacet
  facet normal -4.011728e-04 -9.962463e-01 -8.656295e-02
    outer loop
      vertex   -1.226708e+00 6.945354e+00 4.133795e+00
      vertex   0.000000e+00 6.936815e+00 4.226381e+00
      vertex   -1.290894e+00 6.939184e+00 4.205101e+00
    endloop
  endfacet
  facet normal 1.915736e-04 -9.925171e-01 -1.221053e-01
    outer loop
      vertex   -1.290894e+00 6.939184e+00 4.205101e+00
      vertex   0.000000e+00 6.936815e+00 4.226381e+00
      vertex   -1.361885e+00 6.931217e+00 4.269743e+00
    endloop
  endfacet
  facet normal -8.704203e-04 -9.879347e-01 -1.548686e-01
    outer loop
      vertex   -1.361885e+00 6.931217e+00 4.269743e+00
      vertex   0.000000e+00 6.936815e+00 4.226381e+00
      vertex   -1.440475e+00 6.922076e+00 4.328501e+00
    endloop
  endfacet
  facet normal -2.233756e-03 -9.848053e-01 -1.736477e-01
    outer loop
      vertex   -1.440475e+00 6.922076e+00 4.328501e+00
      vertex   0.000000e+00 6.936815e+00 4.226381e+00
      vertex   0.000000e+00 6.897437e+00 4.449701e+00
    endloop
  endfacet
  facet normal -1.384176e-03 -9.830400e-01 -1.833862e-01
    outer loop
      vertex   -1.440475e+00 6.922076e+00 4.328501e+00
      vertex   0.000000e+00 6.897437e+00 4.449701e+00
      vertex   -1.525496e+00 6.912570e+00 4.380095e+00
    endloop
  endfacet
  facet normal -3.063284e-04 -9.785453e-01 -2.060314e-01
    outer loop
      vertex   -1.525496e+00 6.912570e+00 4.380095e+00
      vertex   0.000000e+00 6.897437e+00 4.449701e+00
      vertex   -1.615783e+00 6.903514e+00 4.423243e+00
    endloop
  endfacet
  facet normal 3.496743e-06 -9.745796e-01 -2.240413e-01
    outer loop
      vertex   -1.615783e+00 6.903514e+00 4.423243e+00
      vertex   0.000000e+00 6.897437e+00 4.449701e+00
      vertex   -1.710080e+00 6.895779e+00 4.456891e+00
    endloop
  endfacet
  facet normal -6.280918e-05 -9.710218e-01 -2.389909e-01
    outer loop
      vertex   -1.710080e+00 6.895779e+00 4.456891e+00
      vertex   0.000000e+00 6.897437e+00 4.449701e+00
      vertex   -1.806729e+00 6.889883e+00 4.480871e+00
    endloop
  endfacet
  facet normal -3.649301e-04 -9.668134e-01 -2.554832e-01
    outer loop
      vertex   -1.806729e+00 6.889883e+00 4.480871e+00
      vertex   0.000000e+00 6.897437e+00 4.449701e+00
      vertex   -1.903962e+00 6.886126e+00 4.495226e+00
    endloop
  endfacet
  facet normal -1.221104e-03 -9.573469e-01 -2.889386e-01
    outer loop
      vertex   -1.903962e+00 6.886126e+00 4.495226e+00
      vertex   0.000000e+00 6.897437e+00 4.449701e+00
      vertex   -2.000012e+00 6.884808e+00 4.500000e+00
    endloop
  endfacet
  facet normal -1.163342e-03 -9.579889e-01 -2.868030e-01
    outer loop
      vertex   -2.000012e+00 6.884808e+00 4.500000e+00
      vertex   0.000000e+00 6.897437e+00 4.449701e+00
      vertex   0.000000e+00 6.832401e+00 4.666939e+00
    endloop
  endfacet
  facet normal 3.575049e-16 -9.540910e-01 -2.995168e-01
    outer loop
      vertex   -2.000012e+00 6.884808e+00 4.500000e+00
      vertex   0.000000e+00 6.832401e+00 4.666939e+00
      vertex   -4.000000e+00 6.832401e+00 4.666939e+00
    endloop
  endfacet
  facet normal 3.198225e-16 -9.182161e-01 -3.960798e-01
    outer loop
      vertex   -4.000000e+00 6.832401e+00 4.666939e+00
      vertex   0.000000e+00 6.832401e+00 4.666939e+00
      vertex   -4.000000e+00 6.742584e+00 4.875158e+00
    endloop
  endfacet
  facet normal 0.000000e+00 -9.182161e-01 -3.960798e-01
    outer loop
      vertex   -4.000000e+00 6.742584e+00 4.875158e+00
      vertex   0.000000e+00 6.832401e+00 4.666939e+00
      vertex   0.000000e+00 6.742584e+00 4.875158e+00
    endloop
  endfacet
  facet normal 0.000000e+00 -8.660254e-01 -5.000000e-01
    outer loop
      vertex   -4.000000e+00 6.742584e+00 4.875158e+00
      vertex   0.000000e+00 6.742584e+00 4.875158e+00
      vertex   -4.000000e+00 6.629201e+00 5.071543e+00
    endloop
  endfacet
  facet normal -2.220446e-16 -8.660254e-01 -5.000000e-01
    outer loop
      vertex   -4.000000e+00 6.629201e+00 5.071543e+00
      vertex   0.000000e+00 6.742584e+00 4.875158e+00
      vertex   0.000000e+00 6.629201e+00 5.071543e+00
    endloop
  endfacet
  facet normal -2.651917e-16 -8.021232e-01 -5.971586e-01
    outer loop
      vertex   -4.000000e+00 6.629201e+00 5.071543e+00
      vertex   0.000000e+00 6.629201e+00 5.071543e+00
      vertex   -4.000000e+00 6.493787e+00 5.253436e+00
    endloop
  endfacet
  facet normal 0.000000e+00 -8.021232e-01 -5.971586e-01
    outer loop
      vertex   -4.000000e+00 6.493787e+00 5.253436e+00
      vertex   0.000000e+00 6.629201e+00 5.071543e+00
      vertex   0.000000e+00 6.493787e+00 5.253436e+00
    endloop
  endfacet
  facet normal 0.000000e+00 -7.273736e-01 -6.862416e-01
    outer loop
      vertex   -4.000000e+00 6.493787e+00 5.253436e+00
      vertex   0.000000e+00 6.493787e+00 5.253436e+00
      vertex   -4.000000e+00 6.338171e+00 5.418379e+00
    endloop
  endfacet
  facet normal 1.706425e-16 -7.273736e-01 -6.862416e-01
    outer loop
      vertex   -4.000000e+00 6.338171e+00 5.418379e+00
      vertex   0.000000e+00 6.493787e+00 5.253436e+00
      vertex   0.000000e+00 6.338171e+00 5.418379e+00
    endloop
  endfacet
  facet normal 1.153590e-16 -6.427876e-01 -7.660444e-01
    outer loop
      vertex   -4.000000e+00 6.338171e+00 5.418379e+00
      vertex   0.000000e+00 6.338171e+00 5.418379e+00
      vertex   -4.000000e+00 6.164459e+00 5.564140e+00
    endloop
  endfacet
  facet normal 0.000000e+00 -6.427876e-01 -7.660444e-01
    outer loop
      vertex   -4.000000e+00 6.164459e+00 5.564140e+00
      vertex   0.000000e+00 6.338171e+00 5.418379e+00
      vertex   0.000000e+00 6.164459e+00 5.564140e+00
    endloop
  endfacet
  facet normal 0.000000e+00 -5.495090e-01 -8.354878e-01
    outer loop
      vertex   -4.000000e+00 6.164459e+00 5.564140e+00
      vertex   0.000000e+00 6.164459e+00 5.564140e+00
      vertex   -4.000000e+00 5.975000e+00 5.688750e+00
    endloop
  endfacet
  facet normal 0.000000e+00 -5.495090e-01 -8.354878e-01
    outer loop
      vertex   -4.000000e+00 5.975000e+00 5.688750e+00
      vertex   0.000000e+00 6.164459e+00 5.564140e+00
      vertex   0.000000e+00 5.975000e+00 5.688750e+00
    endloop
  endfacet
  facet normal 0.000000e+00 -4.487992e-01 -8.936326e-01
    outer loop
      vertex   -4.000000e+00 5.975000e+00 5.688750e+00
      vertex   0.000000e+00 5.975000e+00 5.688750e+00
      vertex   -4.000000e+00 5.772356e+00 5.790521e+00
    endloop
  endfacet
  facet normal 0.000000e+00 -4.487992e-01 -8.936326e-01
    outer loop
      vertex   -4.000000e+00 5.772356e+00 5.790521e+00
      vertex   0.000000e+00 5.975000e+00 5.688750e+00
      vertex   0.000000e+00 5.772356e+00 5.790521e+00
    endloop
  endfacet
  facet normal 0.000000e+00 -3.420201e-01 -9.396926e-01
    outer loop
      vertex   -4.000000e+00 5.772356e+00 5.790521e+00
      vertex   0.000000e+00 5.772356e+00 5.790521e+00
      vertex   -4.000000e+00 5.559266e+00 5.868080e+00
    endloop
  endfacet
  facet normal 0.000000e+00 -3.420201e-01 -9.396926e-01
    outer loop
      vertex   -4.000000e+00 5.559266e+00 5.868080e+00
      vertex   0.000000e+00 5.772356e+00 5.790521e+00
      vertex   0.000000e+00 5.559266e+00 5.868080e+00
    endloop
  endfacet
  facet normal 0.000000e+00 -2.306159e-01 -9.730449e-01
    outer loop
      vertex   -4.000000e+00 5.559266e+00 5.868080e+00
      vertex   0.000000e+00 5.559266e+00 5.868080e+00
      vertex   -4.000000e+00 5.338614e+00 5.920375e+00
    endloop
  endfacet
  facet normal -1.024140e-16 -2.306159e-01 -9.730449e-01
    outer loop
      vertex   -4.000000e+00 5.338614e+00 5.920375e+00
      vertex   0.000000e+00 5.559266e+00 5.868080e+00
      vertex   0.000000e+00 5.338614e+00 5.920375e+00
    endloop
  endfacet
  facet normal -5.155561e-17 -1.160929e-01 -9.932384e-01
    outer loop
      vertex   -4.000000e+00 5.338614e+00 5.920375e+00
      vertex   0.000000e+00 5.338614e+00 5.920375e+00
      vertex   -4.000000e+00 5.113382e+00 5.946701e+00
    endloop
  endfacet
  facet normal 0.000000e+00 -1.160929e-01 -9.932384e-01
    outer loop
      vertex   -4.000000e+00 5.113382e+00 5.946701e+00
      vertex   0.000000e+00 5.338614e+00 5.920375e+00
      vertex   0.000000e+00 5.113382e+00 5.946701e+00
    endloop
  endfacet
  facet normal 0.000000e+00 0.000000e+00 -1.000000e+00
    outer loop
      vertex   -4.000000e+00 5.113382e+00 5.946701e+00
      vertex   0.000000e+00 5.113382e+00 5.946701e+00
      vertex   -4.000000e+00 4.886618e+00 5.946701e+00
    endloop
  endfacet
  facet normal 0.000000e+00 0.000000e+00 -1.000000e+00
    outer loop
      vertex   -4.000000e+00 4.886618e+00 5.946701e+00
      vertex   0.000000e+00 5.113382e+00 5.946701e+00
      vertex   0.000000e+00 4.886618e+00 5.946701e+00
    endloop
  endfacet
  facet normal 0.000000e+00 1.160929e-01 -9.932384e-01
    outer loop
      vertex   -4.000000e+00 4.886618e+00 5.946701e+00
      vertex   0.000000e+00 4.886618e+00 5.946701e+00
      vertex   -4.000000e+00 4.661386e+00 5.920375e+00
    endloop
  endfacet
  facet normal -2.577781e-17 1.160929e-01 -9.932384e-01
    outer loop
      vertex   -4.000000e+00 4.661386e+00 5.920375e+00
      vertex   0.000000e+00 4.886618e+00 5.946701e+00
      vertex   0.000000e+00 4.661386e+00 5.920375e+00
    endloop
  endfacet
  facet normal -5.120701e-17 2.306159e-01 -9.730449e-01
    outer loop
      vertex   -4.000000e+00 4.661386e+00 5.920375e+00
      vertex   0.000000e+00 4.661386e+00 5.920375e+00
      vertex   -4.000000e+00 4.440734e+00 5.868080e+00
    endloop
  endfacet
  facet normal 0.000000e+00 2.306159e-01 -9.730449e-01
    outer loop
      vertex   -4.000000e+00 4.440734e+00 5.868080e+00
      vertex   0.000000e+00 4.661386e+00 5.920375e+00
      vertex   0.000000e+00 4.440734e+00 5.868080e+00
    endloop
  endfacet
  facet normal 0.000000e+00 3.420201e-01 -9.396926e-01
    outer loop
      vertex   -4.000000e+00 4.440734e+00 5.868080e+00
      vertex   0.000000e+00 4.440734e+00 5.868080e+00
      vertex   -4.000000e+00 4.227644e+00 5.790521e+00
    endloop
  endfacet
  facet normal -7.594373e-17 3.420201e-01 -9.396926e-01
    outer loop
      vertex   -4.000000e+00 4.227644e+00 5.790521e+00
      vertex   0.000000e+00 4.440734e+00 5.868080e+00
      vertex   0.000000e+00 4.227644e+00 5.790521e+00
    endloop
  endfacet
  facet normal -9.965344e-17 4.487992e-01 -8.936326e-01
    outer loop
      vertex   -4.000000e+00 4.227644e+00 5.790521e+00
      vertex   0.000000e+00 4.227644e+00 5.790521e+00
      vertex   -4.000000e+00 4.025000e+00 5.688750e+00
    endloop
  endfacet
  facet normal 9.965344e-17 4.487992e-01 -8.936326e-01
    outer loop
      vertex   -4.000000e+00 4.025000e+00 5.688750e+00
      vertex   0.000000e+00 4.227644e+00 5.790521e+00
      vertex   0.000000e+00 4.025000e+00 5.688750e+00
    endloop
  endfacet
  facet normal 1.220155e-16 5.495090e-01 -8.354878e-01
    outer loop
      vertex   -4.000000e+00 4.025000e+00 5.688750e+00
      vertex   0.000000e+00 4.025000e+00 5.688750e+00
      vertex   -4.000000e+00 3.835541e+00 5.564140e+00
    endloop
  endfacet
  facet normal 0.000000e+00 5.495090e-01 -8.354878e-01
    outer loop
      vertex   -4.000000e+00 3.835541e+00 5.564140e+00
      vertex   0.000000e+00 4.025000e+00 5.688750e+00
      vertex   0.000000e+00 3.835541e+00 5.564140e+00
    endloop
  endfacet
  facet normal 0.000000e+00 6.427876e-01 -7.660444e-01
    outer loop
      vertex   -4.000000e+00 3.835541e+00 5.564140e+00
      vertex   0.000000e+00 3.835541e+00 5.564140e+00
      vertex   -4.000000e+00 3.661829e+00 5.418379e+00
    endloop
  endfacet
  facet normal 0.000000e+00 6.427876e-01 -7.660444e-01
    outer loop
      vertex   -4.000000e+00 3.661829e+00 5.418379e+00
      vertex   0.000000e+00 3.835541e+00 5.564140e+00
      vertex   0.000000e+00 3.661829e+00 5.418379e+00
    endloop
  endfacet
  facet normal 0.000000e+00 7.273736e-01 -6.862416e-01
    outer loop
      vertex   -4.000000e+00 3.661829e+00 5.418379e+00
      vertex   0.000000e+00 3.661829e+00 5.418379e+00
      vertex   -4.000000e+00 3.506213e+00 5.253436e+00
    endloop
  endfacet
  facet normal 0.000000e+00 7.273736e-01 -6.862416e-01
    outer loop
      vertex   -4.000000e+00 3.506213e+00 5.253436e+00
      vertex   0.000000e+00 3.661829e+00 5.418379e+00
      vertex   0.000000e+00 3.506213e+00 5.253436e+00
    endloop
  endfacet
  facet normal 0.000000e+00 8.021232e-01 -5.971586e-01
    outer loop
      vertex   -4.000000e+00 3.506213e+00 5.253436e+00
      vertex   0.000000e+00 3.506213e+00 5.253436e+00
      vertex   -4.000000e+00 3.370799e+00 5.071543e+00
    endloop
  endfacet
  facet normal 0.000000e+00 8.021232e-01 -5.971586e-01
    outer loop
      vertex   -4.000000e+00 3.370799e+00 5.071543e+00
      vertex   0.000000e+00 3.506213e+00 5.253436e+00
      vertex   0.000000e+00 3.370799e+00 5.071543e+00
    endloop
  endfacet
  facet normal 0.000000e+00 8.660254e-01 -5.000000e-01
    outer loop
      vertex   -4.000000e+00 3.370799e+00 5.071543e+00
      vertex   0.000000e+00 3.370799e+00 5.071543e+00
      vertex   -4.000000e+00 3.257416e+00 4.875158e+00
    endloop
  endfacet
  facet normal 0.000000e+00 8.660254e-01 -5.000000e-01
    outer loop
      vertex   -4.000000e+00 3.257416e+00 4.875158e+00
      vertex   0.000000e+00 3.370799e+00 5.071543e+00
      vertex   0.000000e+00 3.257416e+00 4.875158e+00
    endloop
  endfacet
  facet normal 0.000000e+00 9.182161e-01 -3.960798e-01
    outer loop
      vertex   -4.000000e+00 3.257416e+00 4.875158e+00
      vertex   0.000000e+00 3.257416e+00 4.875158e+00
      vertex   -4.000000e+00 3.167599e+00 4.666939e+00
    endloop
  endfacet
  facet normal 0.000000e+00 9.182161e-01 -3.960798e-01
    outer loop
      vertex   -4.000000e+00 3.167599e+00 4.666939e+00
      vertex   0.000000e+00 3.257416e+00 4.875158e+00
      vertex   0.000000e+00 3.167599e+00 4.666939e+00
    endloop
  endfacet
  facet normal 0.000000e+00 9.540910e-01 -2.995168e-01
    outer loop
      vertex   -4.000000e+00 3.167599e+00 4.666939e+00
      vertex   0.000000e+00 3.167599e+00 4.666939e+00
      vertex   -2.000012e+00 3.115192e+00 4.500000e+00
    endloop
  endfacet
  facet normal -1.127351e-03 9.578708e-01 -2.871972e-01
    outer loop
      vertex   -2.000012e+00 3.115192e+00 4.500000e+00
      vertex   0.000000e+00 3.167599e+00 4.666939e+00
      vertex   -1.903962e+00 3.113874e+00 4.495226e+00
    endloop
  endfacet
  facet normal -1.166228e-03 9.579889e-01 -2.868030e-01
    outer loop
      vertex   -1.903962e+00 3.113874e+00 4.495226e+00
      vertex   0.000000e+00 3.167599e+00 4.666939e+00
      vertex   0.000000e+00 3.102563e+00 4.449701e+00
    endloop
  endfacet
  facet normal -3.649301e-04 9.668134e-01 -2.554832e-01
    outer loop
      vertex   -1.903962e+00 3.113874e+00 4.495226e+00
      vertex   0.000000e+00 3.102563e+00 4.449701e+00
      vertex   -1.806729e+00 3.110117e+00 4.480871e+00
    endloop
  endfacet
  facet normal -6.280918e-05 9.710218e-01 -2.389909e-01
    outer loop
      vertex   -1.806729e+00 3.110117e+00 4.480871e+00
      vertex   0.000000e+00 3.102563e+00 4.449701e+00
      vertex   -1.710080e+00 3.104221e+00 4.456891e+00
    endloop
  endfacet
  facet normal 3.496743e-06 9.745796e-01 -2.240413e-01
    outer loop
      vertex   -1.710080e+00 3.104221e+00 4.456891e+00
      vertex   0.000000e+00 3.102563e+00 4.449701e+00
      vertex   -1.615783e+00 3.096486e+00 4.423243e+00
    endloop
  endfacet
  facet normal -3.063284e-04 9.785453e-01 -2.060314e-01
    outer loop
      vertex   -1.615783e+00 3.096486e+00 4.423243e+00
      vertex   0.000000e+00 3.102563e+00 4.449701e+00
      vertex   -1.525496e+00 3.087430e+00 4.380095e+00
    endloop
  endfacet
  facet normal -1.384176e-03 9.830400e-01 -1.833862e-01
    outer loop
      vertex   -1.525496e+00 3.087430e+00 4.380095e+00
      vertex   0.000000e+00 3.102563e+00 4.449701e+00
      vertex   -1.440475e+00 3.077924e+00 4.328501e+00
    endloop
  endfacet
  facet normal -2.233756e-03 9.848053e-01 -1.736477e-01
    outer loop
      vertex   -1.440475e+00 3.077924e+00 4.328501e+00
      vertex   0.000000e+00 3.102563e+00 4.449701e+00
      vertex   0.000000e+00 3.063185e+00 4.226381e+00
    endloop
  endfacet
  facet normal -8.704203e-04 9.879347e-01 -1.548686e-01
    outer loop
      vertex   -1.440475e+00 3.077924e+00 4.328501e+00
      vertex   0.000000e+00 3.063185e+00 4.226381e+00
      vertex   -1.361885e+00 3.068783e+00 4.269743e+00
    endloop
  endfacet
  facet normal 1.915736e-04 9.925171e-01 -1.221053e-01
    outer loop
      vertex   -1.361885e+00 3.068783e+00 4.269743e+00
      vertex   0.000000e+00 3.063185e+00 4.226381e+00
      vertex   -1.290894e+00 3.060816e+00 4.205101e+00
    endloop
  endfacet
  facet normal -4.011728e-04 9.962463e-01 -8.656295e-02
    outer loop
      vertex   -1.290894e+00 3.060816e+00 4.205101e+00
      vertex   0.000000e+00 3.063185e+00 4.226381e+00
      vertex   -1.226708e+00 3.054646e+00 4.133795e+00
    endloop
  endfacet
  facet normal -2.560392e-03 9.983049e-01 -5.814464e-02
    outer loop
      vertex   -1.226708e+00 3.054646e+00 4.133795e+00
      vertex   0.000000e+00 3.063185e+00 4.226381e+00
      vertex   0.000000e+00 3.050000e+00 4.000000e+00
    endloop
  endfacet
  facet normal -1.548780e-03 9.988031e-01 -4.888689e-02
    outer loop
      vertex   -1.226708e+00 3.054646e+00 4.133795e+00
      vertex   0.000000e+00 3.050000e+00 4.000000e+00
      vertex   -1.168342e+00 3.050868e+00 4.054745e+00
    endloop
  endfacet
  facet normal 4.446414e-04 9.999797e-01 -6.363021e-03
    outer loop
      vertex   -1.168342e+00 3.050868e+00 4.054745e+00
      vertex   0.000000e+00 3.050000e+00 4.000000e+00
      vertex   -1.117160e+00 3.050301e+00 3.969305e+00
    endloop
  endfacet
  facet normal -7.724739e-04 9.992802e-01 3.792762e-02
    outer loop
      vertex   -1.117160e+00 3.050301e+00 3.969305e+00
      vertex   0.000000e+00 3.050000e+00 4.000000e+00
      vertex   -1.074534e+00 3.053768e+00 3.878830e+00
    endloop
  endfacet
  facet normal -3.055675e-03 9.983035e-01 5.814456e-02
    outer loop
      vertex   -1.074534e+00 3.053768e+00 3.878830e+00
      vertex   0.000000e+00 3.050000e+00 4.000000e+00
      vertex   0.000000e+00 3.063185e+00 3.773619e+00
    endloop
  endfacet
  facet normal -1.567795e-04 9.961593e-01 8.755952e-02
    outer loop
      vertex   -1.074534e+00 3.053768e+00 3.878830e+00
      vertex   0.000000e+00 3.063185e+00 3.773619e+00
      vertex   -1.041573e+00 3.062041e+00 3.784776e+00
    endloop
  endfacet
  facet normal 3.695602e-04 9.906903e-01 1.361342e-01
    outer loop
      vertex   -1.041573e+00 3.062041e+00 3.784776e+00
      vertex   0.000000e+00 3.063185e+00 3.773619e+00
      vertex   -1.018320e+00 3.075194e+00 3.688993e+00
    endloop
  endfacet
  facet normal -2.817345e-03 9.848038e-01 1.736475e-01
    outer loop
      vertex   -1.018320e+00 3.075194e+00 3.688993e+00
      vertex   0.000000e+00 3.063185e+00 3.773619e+00
      vertex   0.000000e+00 3.102563e+00 3.550299e+00
    endloop
  endfacet
  facet normal -1.519066e-03 9.831394e-01 1.828513e-01
    outer loop
      vertex   -1.018320e+00 3.075194e+00 3.688993e+00
      vertex   0.000000e+00 3.102563e+00 3.550299e+00
      vertex   -1.004541e+00 3.092990e+00 3.593420e+00
    endloop
  endfacet
  facet normal 6.559941e-04 9.728949e-01 2.312467e-01
    outer loop
      vertex   -1.004541e+00 3.092990e+00 3.593420e+00
      vertex   0.000000e+00 3.102563e+00 3.550299e+00
      vertex   -1.000000e+00 3.115192e+00 3.500000e+00
    endloop
  endfacet
  facet normal -2.326694e-03 9.579869e-01 2.868025e-01
    outer loop
      vertex   -1.000000e+00 3.115192e+00 3.500000e+00
      vertex   0.000000e+00 3.102563e+00 3.550299e+00
      vertex   0.000000e+00 3.167599e+00 3.333061e+00
    endloop
  endfacet
  facet normal 1.163170e-03 9.520782e-01 3.058525e-01
    outer loop
      vertex   -1.000000e+00 3.115192e+00 3.500000e+00
      vertex   0.000000e+00 3.167599e+00 3.333061e+00
      vertex   -1.000000e+00 3.176628e+00 3.308758e+00
    endloop
  endfacet
  facet normal -1.335382e-03 9.182153e-01 3.960794e-01
    outer loop
      vertex   -1.000000e+00 3.176628e+00 3.308758e+00
      vertex   0.000000e+00 3.167599e+00 3.333061e+00
      vertex   0.000000e+00 3.257416e+00 3.124842e+00
    endloop
  endfacet
  facet normal -4.710520e-07 9.155637e-01 4.021729e-01
    outer loop
      vertex   -1.000000e+00 3.176628e+00 3.308758e+00
      vertex   0.000000e+00 3.257416e+00 3.124842e+00
      vertex   -1.000000e+00 3.257412e+00 3.124850e+00
    endloop
  endfacet
  facet normal 4.710092e-07 8.693336e-01 4.942257e-01
    outer loop
      vertex   -1.000000e+00 3.257412e+00 3.124850e+00
      vertex   0.000000e+00 3.257416e+00 3.124842e+00
      vertex   -1.000000e+00 3.356687e+00 2.950228e+00
    endloop
  endfacet
  facet normal -1.336203e-03 8.660246e-01 4.999996e-01
    outer loop
      vertex   -1.000000e+00 3.356687e+00 2.950228e+00
      vertex   0.000000e+00 3.257416e+00 3.124842e+00
      vertex   0.000000e+00 3.370799e+00 2.928457e+00
    endloop
  endfacet
  facet normal 1.163869e-03 8.138785e-01 5.810339e-01
    outer loop
      vertex   -1.000000e+00 3.356687e+00 2.950228e+00
      vertex   0.000000e+00 3.370799e+00 2.928457e+00
      vertex   -1.000000e+00 3.473398e+00 2.786746e+00
    endloop
  endfacet
  facet normal -2.327271e-03 8.021210e-01 5.971570e-01
    outer loop
      vertex   -1.000000e+00 3.473398e+00 2.786746e+00
      vertex   0.000000e+00 3.370799e+00 2.928457e+00
      vertex   0.000000e+00 3.506213e+00 2.746564e+00
    endloop
  endfacet
  facet normal 1.982571e-03 7.497870e-01 6.616763e-01
    outer loop
      vertex   -1.000000e+00 3.473398e+00 2.786746e+00
      vertex   0.000000e+00 3.506213e+00 2.746564e+00
      vertex   -1.000000e+00 3.606308e+00 2.636137e+00
    endloop
  endfacet
  facet normal -2.973565e-03 7.273704e-01 6.862386e-01
    outer loop
      vertex   -1.000000e+00 3.606308e+00 2.636137e+00
      vertex   0.000000e+00 3.506213e+00 2.746564e+00
      vertex   0.000000e+00 3.661829e+00 2.581621e+00
    endloop
  endfacet
  facet normal 2.456435e-03 6.777399e-01 7.352976e-01
    outer loop
      vertex   -1.000000e+00 3.606308e+00 2.636137e+00
      vertex   0.000000e+00 3.661829e+00 2.581621e+00
      vertex   -1.000000e+00 3.754006e+00 2.500000e+00
    endloop
  endfacet
  facet normal -3.274973e-03 6.427842e-01 7.660403e-01
    outer loop
      vertex   -1.000000e+00 3.754006e+00 2.500000e+00
      vertex   0.000000e+00 3.661829e+00 2.581621e+00
      vertex   0.000000e+00 3.835541e+00 2.435860e+00
    endloop
  endfacet
  facet normal 1.747670e-03 6.049541e-01 7.962584e-01
    outer loop
      vertex   -1.000000e+00 3.754006e+00 2.500000e+00
      vertex   0.000000e+00 3.835541e+00 2.435860e+00
      vertex   -1.005148e+00 3.886840e+00 2.399092e+00
    endloop
  endfacet
  facet normal -2.517034e-03 5.495072e-01 8.354852e-01
    outer loop
      vertex   -1.005148e+00 3.886840e+00 2.399092e+00
      vertex   0.000000e+00 3.835541e+00 2.435860e+00
      vertex   0.000000e+00 4.025000e+00 2.311250e+00
    endloop
  endfacet
  facet normal 3.995633e-04 5.344607e-01 8.451933e-01
    outer loop
      vertex   -1.005148e+00 3.886840e+00 2.399092e+00
      vertex   0.000000e+00 4.025000e+00 2.311250e+00
      vertex   -1.018531e+00 4.029736e+00 2.308737e+00
    endloop
  endfacet
  facet normal -5.289099e-05 4.598657e-01 8.879885e-01
    outer loop
      vertex   -1.018531e+00 4.029736e+00 2.308737e+00
      vertex   0.000000e+00 4.025000e+00 2.311250e+00
      vertex   -1.037060e+00 4.181060e+00 2.230369e+00
    endloop
  endfacet
  facet normal -2.158409e-03 4.487981e-01 8.936306e-01
    outer loop
      vertex   -1.037060e+00 4.181060e+00 2.230369e+00
      vertex   0.000000e+00 4.025000e+00 2.311250e+00
      vertex   0.000000e+00 4.227644e+00 2.209479e+00
    endloop
  endfacet
  facet normal 1.558355e-03 3.800983e-01 9.249448e-01
    outer loop
      vertex   -1.037060e+00 4.181060e+00 2.230369e+00
      vertex   0.000000e+00 4.227644e+00 2.209479e+00
      vertex   -1.057579e+00 4.339191e+00 2.165421e+00
    endloop
  endfacet
  facet normal -3.072238e-03 3.420185e-01 9.396882e-01
    outer loop
      vertex   -1.057579e+00 4.339191e+00 2.165421e+00
      vertex   0.000000e+00 4.227644e+00 2.209479e+00
      vertex   0.000000e+00 4.440734e+00 2.131920e+00
    endloop
  endfacet
  facet normal 1.841783e-03 2.959561e-01 9.551998e-01
    outer loop
      vertex   -1.057579e+00 4.339191e+00 2.165421e+00
      vertex   0.000000e+00 4.440734e+00 2.131920e+00
      vertex   -1.076684e+00 4.502433e+00 2.114880e+00
    endloop
  endfacet
  facet normal -2.184991e-03 2.306153e-01 9.730425e-01
    outer loop
      vertex   -1.076684e+00 4.502433e+00 2.114880e+00
      vertex   0.000000e+00 4.440734e+00 2.131920e+00
      vertex   0.000000e+00 4.661386e+00 2.079625e+00
    endloop
  endfacet
  facet normal 6.661152e-04 2.122295e-01 9.772196e-01
    outer loop
      vertex   -1.076684e+00 4.502433e+00 2.114880e+00
      vertex   0.000000e+00 4.661386e+00 2.079625e+00
      vertex   -1.092398e+00 4.668542e+00 2.078815e+00
    endloop
  endfacet
  facet normal 1.079207e-04 1.286527e-01 9.916897e-01
    outer loop
      vertex   -1.092398e+00 4.668542e+00 2.078815e+00
      vertex   0.000000e+00 4.661386e+00 2.079625e+00
      vertex   -1.103050e+00 4.835177e+00 2.057199e+00
    endloop
  endfacet
  facet normal -1.902424e-03 1.160927e-01 9.932366e-01
    outer loop
      vertex   -1.103050e+00 4.835177e+00 2.057199e+00
      vertex   0.000000e+00 4.661386e+00 2.079625e+00
      vertex   0.000000e+00 4.886618e+00 2.053299e+00
    endloop
  endfacet
  facet normal 1.495520e-03 4.367025e-02 9.990449e-01
    outer loop
      vertex   -1.103050e+00 4.835177e+00 2.057199e+00
      vertex   0.000000e+00 4.886618e+00 2.053299e+00
      vertex   -1.106971e+00 5.000000e+00 2.050000e+00
    endloop
  endfacet
  facet normal -2.980273e-03 2.456408e-19 9.999956e-01
    outer loop
      vertex   -1.106971e+00 5.000000e+00 2.050000e+00
      vertex   0.000000e+00 4.886618e+00 2.053299e+00
      vertex   0.000000e+00 5.113382e+00 2.053299e+00
    endloop
  endfacet
  facet normal 1.495520e-03 -4.367025e-02 9.990449e-01
    outer loop
      vertex   -1.106971e+00 5.000000e+00 2.050000e+00
      vertex   0.000000e+00 5.113382e+00 2.053299e+00
      vertex   -1.103050e+00 5.164823e+00 2.057199e+00
    endloop
  endfacet
  facet normal -1.902424e-03 -1.160927e-01 9.932366e-01
    outer loop
      vertex   -1.103050e+00 5.164823e+00 2.057199e+00
      vertex   0.000000e+00 5.113382e+00 2.053299e+00
      vertex   0.000000e+00 5.338614e+00 2.079625e+00
    endloop
  endfacet
  facet normal 1.079207e-04 -1.286527e-01 9.916897e-01
    outer loop
      vertex   -1.103050e+00 5.164823e+00 2.057199e+00
      vertex   0.000000e+00 5.338614e+00 2.079625e+00
      vertex   -1.092398e+00 5.331458e+00 2.078815e+00
    endloop
  endfacet
  facet normal 6.661152e-04 -2.122295e-01 9.772196e-01
    outer loop
      vertex   -1.092398e+00 5.331458e+00 2.078815e+00
      vertex   0.000000e+00 5.338614e+00 2.079625e+00
      vertex   -1.076684e+00 5.497567e+00 2.114880e+00
    endloop
  endfacet
  facet normal -2.184991e-03 -2.306153e-01 9.730425e-01
    outer loop
      vertex   -1.076684e+00 5.497567e+00 2.114880e+00
      vertex   0.000000e+00 5.338614e+00 2.079625e+00
      vertex   0.000000e+00 5.559266e+00 2.131920e+00
    endloop
  endfacet
  facet normal 1.841783e-03 -2.959561e-01 9.551998e-01
    outer loop
      vertex   -1.076684e+00 5.497567e+00 2.114880e+00
      vertex   0.000000e+00 5.559266e+00 2.131920e+00
      vertex   -1.057579e+00 5.660809e+00 2.165421e+00
    endloop
  endfacet
  facet normal -3.072238e-03 -3.420185e-01 9.396882e-01
    outer loop
      vertex   -1.057579e+00 5.660809e+00 2.165421e+00
      vertex   0.000000e+00 5.559266e+00 2.131920e+00
      vertex   0.000000e+00 5.772356e+00 2.209479e+00
    endloop
  endfacet
  facet normal 1.558355e-03 -3.800983e-01 9.249448e-01
    outer loop
      vertex   -1.057579e+00 5.660809e+00 2.165421e+00
      vertex   0.000000e+00 5.772356e+00 2.209479e+00
      vertex   -1.037060e+00 5.818940e+00 2.230369e+00
    endloop
  endfacet
  facet normal -2.158409e-03 -4.487981e-01 8.936306e-01
    outer loop
      vertex   -1.037060e+00 5.818940e+00 2.230369e+00
      vertex   0.000000e+00 5.772356e+00 2.209479e+00
      vertex   0.000000e+00 5.975000e+00 2.311250e+00
    endloop
  endfacet
  facet normal -5.289099e-05 -4.598657e-01 8.879885e-01
    outer loop
      vertex   -1.037060e+00 5.818940e+00 2.230369e+00
      vertex   0.000000e+00 5.975000e+00 2.311250e+00
      vertex   -1.018531e+00 5.970264e+00 2.308737e+00
    endloop
  endfacet
  facet normal 3.995633e-04 -5.344607e-01 8.451933e-01
    outer loop
      vertex   -1.018531e+00 5.970264e+00 2.308737e+00
      vertex   0.000000e+00 5.975000e+00 2.311250e+00
      vertex   -1.005148e+00 6.113160e+00 2.399092e+00
    endloop
  endfacet
  facet normal -2.517034e-03 -5.495072e-01 8.354852e-01
    outer loop
      vertex   -1.005148e+00 6.113160e+00 2.399092e+00
      vertex   0.000000e+00 5.975000e+00 2.311250e+00
      vertex   0.000000e+00 6.164459e+00 2.435860e+00
    endloop
  endfacet
  facet normal 1.134779e-03 9.578952e-01 -2.871160e-01
    outer loop
      vertex   -2.000012e+00 3.115192e+00 4.500000e+00
      vertex   -2.096087e+00 3.113874e+00 4.495221e+00
      vertex   -4.000000e+00 3.167599e+00 4.666939e+00
    endloop
  endfacet
  facet normal 1.165649e-03 9.579889e-01 -2.868030e-01
    outer loop
      vertex   -4.000000e+00 3.167599e+00 4.666939e+00
      vertex   -2.096087e+00 3.113874e+00 4.495221e+00
      vertex   -4.000000e+00 3.102563e+00 4.449701e+00
    endloop
  endfacet
  facet normal 3.602310e-04 9.668567e-01 -2.553194e-01
    outer loop
      vertex   -4.000000e+00 3.102563e+00 4.449701e+00
      vertex   -2.096087e+00 3.113874e+00 4.495221e+00
      vertex   -2.193380e+00 3.110116e+00 4.480853e+00
    endloop
  endfacet
  facet normal 6.036162e-05 9.710339e-01 -2.389416e-01
    outer loop
      vertex   -4.000000e+00 3.102563e+00 4.449701e+00
      vertex   -2.193380e+00 3.110116e+00 4.480853e+00
      vertex   -2.290098e+00 3.104214e+00 4.456845e+00
    endloop
  endfacet
  facet normal -5.040880e-06 9.745654e-01 -2.241032e-01
    outer loop
      vertex   -2.290098e+00 3.104214e+00 4.456845e+00
      vertex   -2.384451e+00 3.096464e+00 4.423145e+00
      vertex   -4.000000e+00 3.102563e+00 4.449701e+00
    endloop
  endfacet
  facet normal 3.083702e-04 9.785616e-01 -2.059540e-01
    outer loop
      vertex   -4.000000e+00 3.102563e+00 4.449701e+00
      vertex   -2.384451e+00 3.096464e+00 4.423145e+00
      vertex   -2.474768e+00 3.087401e+00 4.379945e+00
    endloop
  endfacet
  facet normal 1.386768e-03 9.830468e-01 -1.833493e-01
    outer loop
      vertex   -4.000000e+00 3.102563e+00 4.449701e+00
      vertex   -2.474768e+00 3.087401e+00 4.379945e+00
      vertex   -2.559783e+00 3.077894e+00 4.328331e+00
    endloop
  endfacet
  facet normal 2.234458e-03 9.848053e-01 -1.736477e-01
    outer loop
      vertex   -4.000000e+00 3.102563e+00 4.449701e+00
      vertex   -2.559783e+00 3.077894e+00 4.328331e+00
      vertex   -4.000000e+00 3.063185e+00 4.226381e+00
    endloop
  endfacet
  facet normal 8.699586e-04 9.879416e-01 -1.548244e-01
    outer loop
      vertex   -4.000000e+00 3.063185e+00 4.226381e+00
      vertex   -2.559783e+00 3.077894e+00 4.328331e+00
      vertex   -2.638309e+00 3.068759e+00 4.269599e+00
    endloop
  endfacet
  facet normal -1.905861e-04 9.925299e-01 -1.220012e-01
    outer loop
      vertex   -4.000000e+00 3.063185e+00 4.226381e+00
      vertex   -2.638309e+00 3.068759e+00 4.269599e+00
      vertex   -2.709163e+00 3.060810e+00 4.205044e+00
    endloop
  endfacet
  facet normal 4.041850e-04 9.962575e-01 -8.643409e-02
    outer loop
      vertex   -2.709163e+00 3.060810e+00 4.205044e+00
      vertex   -2.773431e+00 3.054638e+00 4.133598e+00
      vertex   -4.000000e+00 3.063185e+00 4.226381e+00
    endloop
  endfacet
  facet normal 2.558384e-03 9.983049e-01 -5.814464e-02
    outer loop
      vertex   -4.000000e+00 3.063185e+00 4.226381e+00
      vertex   -2.773431e+00 3.054638e+00 4.133598e+00
      vertex   -4.000000e+00 3.050000e+00 4.000000e+00
    endloop
  endfacet
  facet normal 1.540290e-03 9.988067e-01 -4.881492e-02
    outer loop
      vertex   -4.000000e+00 3.050000e+00 4.000000e+00
      vertex   -2.773431e+00 3.054638e+00 4.133598e+00
      vertex   -2.831824e+00 3.050862e+00 4.054489e+00
    endloop
  endfacet
  facet normal -4.447906e-04 9.999802e-01 -6.275902e-03
    outer loop
      vertex   -4.000000e+00 3.050000e+00 4.000000e+00
      vertex   -2.831824e+00 3.050862e+00 4.054489e+00
      vertex   -2.882984e+00 3.050303e+00 3.969049e+00
    endloop
  endfacet
  facet normal 7.843432e-04 9.992745e-01 3.807604e-02
    outer loop
      vertex   -2.882984e+00 3.050303e+00 3.969049e+00
      vertex   -2.925556e+00 3.053782e+00 3.878610e+00
      vertex   -4.000000e+00 3.050000e+00 4.000000e+00
    endloop
  endfacet
  facet normal 3.055089e-03 9.983035e-01 5.814456e-02
    outer loop
      vertex   -4.000000e+00 3.050000e+00 4.000000e+00
      vertex   -2.925556e+00 3.053782e+00 3.878610e+00
      vertex   -4.000000e+00 3.063185e+00 3.773619e+00
    endloop
  endfacet
  facet normal 1.444294e-04 9.961436e-01 8.773779e-02
    outer loop
      vertex   -4.000000e+00 3.063185e+00 3.773619e+00
      vertex   -2.925556e+00 3.053782e+00 3.878610e+00
      vertex   -2.958465e+00 3.062065e+00 3.784618e+00
    endloop
  endfacet
  facet normal -3.729489e-04 9.906850e-01 1.361734e-01
    outer loop
      vertex   -4.000000e+00 3.063185e+00 3.773619e+00
      vertex   -2.958465e+00 3.062065e+00 3.784618e+00
      vertex   -2.981691e+00 3.075212e+00 3.688907e+00
    endloop
  endfacet
  facet normal 2.813933e-03 9.848039e-01 1.736475e-01
    outer loop
      vertex   -4.000000e+00 3.063185e+00 3.773619e+00
      vertex   -2.981691e+00 3.075212e+00 3.688907e+00
      vertex   -4.000000e+00 3.102563e+00 3.550299e+00
    endloop
  endfacet
  facet normal 1.517600e-03 9.831409e-01 1.828431e-01
    outer loop
      vertex   -4.000000e+00 3.102563e+00 3.550299e+00
      vertex   -2.981691e+00 3.075212e+00 3.688907e+00
      vertex   -2.995461e+00 3.092997e+00 3.593395e+00
    endloop
  endfacet
  facet normal -6.562931e-04 9.728963e-01 2.312411e-01
    outer loop
      vertex   -4.000000e+00 3.102563e+00 3.550299e+00
      vertex   -2.995461e+00 3.092997e+00 3.593395e+00
      vertex   -3.000000e+00 3.115192e+00 3.500000e+00
    endloop
  endfacet
  facet normal 2.326694e-03 9.579869e-01 2.868025e-01
    outer loop
      vertex   -4.000000e+00 3.102563e+00 3.550299e+00
      vertex   -3.000000e+00 3.115192e+00 3.500000e+00
      vertex   -4.000000e+00 3.167599e+00 3.333061e+00
    endloop
  endfacet
  facet normal -1.163170e-03 9.520782e-01 3.058525e-01
    outer loop
      vertex   -4.000000e+00 3.167599e+00 3.333061e+00
      vertex   -3.000000e+00 3.115192e+00 3.500000e+00
      vertex   -3.000000e+00 3.176628e+00 3.308758e+00
    endloop
  endfacet
  facet normal 1.335382e-03 9.182153e-01 3.960794e-01
    outer loop
      vertex   -4.000000e+00 3.167599e+00 3.333061e+00
      vertex   -3.000000e+00 3.176628e+00 3.308758e+00
      vertex   -4.000000e+00 3.257416e+00 3.124842e+00
    endloop
  endfacet
  facet normal 4.710520e-07 9.155637e-01 4.021729e-01
    outer loop
      vertex   -4.000000e+00 3.257416e+00 3.124842e+00
      vertex   -3.000000e+00 3.176628e+00 3.308758e+00
      vertex   -3.000000e+00 3.257412e+00 3.124850e+00
    endloop
  endfacet
  facet normal -4.710092e-07 8.693336e-01 4.942257e-01
    outer loop
      vertex   -4.000000e+00 3.257416e+00 3.124842e+00
      vertex   -3.000000e+00 3.257412e+00 3.124850e+00
      vertex   -3.000000e+00 3.356687e+00 2.950228e+00
    endloop
  endfacet
  facet normal 1.336203e-03 8.660246e-01 4.999996e-01
    outer loop
      vertex   -4.000000e+00 3.257416e+00 3.124842e+00
      vertex   -3.000000e+00 3.356687e+00 2.950228e+00
      vertex   -4.000000e+00 3.370799e+00 2.928457e+00
    endloop
  endfacet
  facet normal -1.163869e-03 8.138785e-01 5.810339e-01
    outer loop
      vertex   -4.000000e+00 3.370799e+00 2.928457e+00
      vertex   -3.000000e+00 3.356687e+00 2.950228e+00
      vertex   -3.000000e+00 3.473398e+00 2.786746e+00
    endloop
  endfacet
  facet normal 2.327271e-03 8.021210e-01 5.971570e-01
    outer loop
      vertex   -4.000000e+00 3.370799e+00 2.928457e+00
      vertex   -3.000000e+00 3.473398e+00 2.786746e+00
      vertex   -4.000000e+00 3.506213e+00 2.746564e+00
    endloop
  endfacet
  facet normal -1.982571e-03 7.497870e-01 6.616763e-01
    outer loop
      vertex   -4.000000e+00 3.506213e+00 2.746564e+00
      vertex   -3.000000e+00 3.473398e+00 2.786746e+00
      vertex   -3.000000e+00 3.606308e+00 2.636137e+00
    endloop
  endfacet
  facet normal 2.973565e-03 7.273704e-01 6.862386e-01
    outer loop
      vertex   -4.000000e+00 3.506213e+00 2.746564e+00
      vertex   -3.000000e+00 3.606308e+00 2.636137e+00
      vertex   -4.000000e+00 3.661829e+00 2.581621e+00
    endloop
  endfacet
  facet normal -2.456435e-03 6.777399e-01 7.352976e-01
    outer loop
      vertex   -4.000000e+00 3.661829e+00 2.581621e+00
      vertex   -3.000000e+00 3.606308e+00 2.636137e+00
      vertex   -3.000000e+00 3.754006e+00 2.500000e+00
    endloop
  endfacet
  facet normal 3.274973e-03 6.427842e-01 7.660403e-01
    outer loop
      vertex   -4.000000e+00 3.661829e+00 2.581621e+00
      vertex   -3.000000e+00 3.754006e+00 2.500000e+00
      vertex   -4.000000e+00 3.835541e+00 2.435860e+00
    endloop
  endfacet
  facet normal -1.747670e-03 6.049541e-01 7.962584e-01
    outer loop
      vertex   -4.000000e+00 3.835541e+00 2.435860e+00
      vertex   -3.000000e+00 3.754006e+00 2.500000e+00
      vertex   -2.994852e+00 3.886840e+00 2.399092e+00
    endloop
  endfacet
  facet normal 2.517034e-03 5.495072e-01 8.354852e-01
    outer loop
      vertex   -4.000000e+00 3.835541e+00 2.435860e+00
      vertex   -2.994852e+00 3.886840e+00 2.399092e+00
      vertex   -4.000000e+00 4.025000e+00 2.311250e+00
    endloop
  endfacet
  facet normal -3.995633e-04 5.344607e-01 8.451933e-01
    outer loop
      vertex   -4.000000e+00 4.025000e+00 2.311250e+00
      vertex   -2.994852e+00 3.886840e+00 2.399092e+00
      vertex   -2.981469e+00 4.029736e+00 2.308737e+00
    endloop
  endfacet
  facet normal 5.289099e-05 4.598657e-01 8.879885e-01
    outer loop
      vertex   -4.000000e+00 4.025000e+00 2.311250e+00
      vertex   -2.981469e+00 4.029736e+00 2.308737e+00
      vertex   -2.962940e+00 4.181060e+00 2.230369e+00
    endloop
  endfacet
  facet normal 2.158409e-03 4.487981e-01 8.936306e-01
    outer loop
      vertex   -4.000000e+00 4.025000e+00 2.311250e+00
      vertex   -2.962940e+00 4.181060e+00 2.230369e+00
      vertex   -4.000000e+00 4.227644e+00 2.209479e+00
    endloop
  endfacet
  facet normal -1.558355e-03 3.800983e-01 9.249448e-01
    outer loop
      vertex   -4.000000e+00 4.227644e+00 2.209479e+00
      vertex   -2.962940e+00 4.181060e+00 2.230369e+00
      vertex   -2.942421e+00 4.339191e+00 2.165421e+00
    endloop
  endfacet
  facet normal 3.072238e-03 3.420185e-01 9.396882e-01
    outer loop
      vertex   -4.000000e+00 4.227644e+00 2.209479e+00
      vertex   -2.942421e+00 4.339191e+00 2.165421e+00
      vertex   -4.000000e+00 4.440734e+00 2.131920e+00
    endloop
  endfacet
  facet normal -1.841783e-03 2.959561e-01 9.551998e-01
    outer loop
      vertex   -4.000000e+00 4.440734e+00 2.131920e+00
      vertex   -2.942421e+00 4.339191e+00 2.165421e+00
      vertex   -2.923316e+00 4.502433e+00 2.114880e+00
    endloop
  endfacet
  facet normal 2.184991e-03 2.306153e-01 9.730425e-01
    outer loop
      vertex   -4.000000e+00 4.440734e+00 2.131920e+00
      vertex   -2.923316e+00 4.502433e+00 2.114880e+00
      vertex   -4.000000e+00 4.661386e+00 2.079625e+00
    endloop
  endfacet
  facet normal -6.661152e-04 2.122295e-01 9.772196e-01
    outer loop
      vertex   -4.000000e+00 4.661386e+00 2.079625e+00
      vertex   -2.923316e+00 4.502433e+00 2.114880e+00
      vertex   -2.907602e+00 4.668542e+00 2.078815e+00
    endloop
  endfacet
  facet normal -1.079207e-04 1.286527e-01 9.916897e-01
    outer loop
      vertex   -4.000000e+00 4.661386e+00 2.079625e+00
      vertex   -2.907602e+00 4.668542e+00 2.078815e+00
      vertex   -2.896950e+00 4.835177e+00 2.057199e+00
    endloop
  endfacet
  facet normal 1.902424e-03 1.160927e-01 9.932366e-01
    outer loop
      vertex   -4.000000e+00 4.661386e+00 2.079625e+00
      vertex   -2.896950e+00 4.835177e+00 2.057199e+00
      vertex   -4.000000e+00 4.886618e+00 2.053299e+00
    endloop
  endfacet
  facet normal -1.495520e-03 4.367025e-02 9.990449e-01
    outer loop
      vertex   -4.000000e+00 4.886618e+00 2.053299e+00
      vertex   -2.896950e+00 4.835177e+00 2.057199e+00
      vertex   -2.893029e+00 5.000000e+00 2.050000e+00
    endloop
  endfacet
  facet normal 2.980273e-03 -0.000000e+00 9.999956e-01
    outer loop
      vertex   -4.000000e+00 4.886618e+00 2.053299e+00
      vertex   -2.893029e+00 5.000000e+00 2.050000e+00
      vertex   -4.000000e+00 5.113382e+00 2.053299e+00
    endloop
  endfacet
  facet normal -1.495520e-03 -4.367025e-02 9.990449e-01
    outer loop
      vertex   -4.000000e+00 5.113382e+00 2.053299e+00
      vertex   -2.893029e+00 5.000000e+00 2.050000e+00
      vertex   -2.896950e+00 5.164823e+00 2.057199e+00
    endloop
  endfacet
  facet normal 1.902424e-03 -1.160927e-01 9.932366e-01
    outer loop
      vertex   -4.000000e+00 5.113382e+00 2.053299e+00
      vertex   -2.896950e+00 5.164823e+00 2.057199e+00
      vertex   -4.000000e+00 5.338614e+00 2.079625e+00
    endloop
  endfacet
  facet normal -1.079207e-04 -1.286527e-01 9.916897e-01
    outer loop
      vertex   -4.000000e+00 5.338614e+00 2.079625e+00
      vertex   -2.896950e+00 5.164823e+00 2.057199e+00
      vertex   -2.907602e+00 5.331458e+00 2.078815e+00
    endloop
  endfacet
  facet normal -6.661152e-04 -2.122295e-01 9.772196e-01
    outer loop
      vertex   -4.000000e+00 5.338614e+00 2.079625e+00
      vertex   -2.907602e+00 5.331458e+00 2.078815e+00
      vertex   -2.923316e+00 5.497567e+00 2.114880e+00
    endloop
  endfacet
  facet normal 2.184991e-03 -2.306153e-01 9.730425e-01
    outer loop
      vertex   -4.000000e+00 5.338614e+00 2.079625e+00
      vertex   -2.923316e+00 5.497567e+00 2.114880e+00
      vertex   -4.000000e+00 5.559266e+00 2.131920e+00
    endloop
  endfacet
  facet normal -1.841783e-03 -2.959561e-01 9.551998e-01
    outer loop
      vertex   -4.000000e+00 5.559266e+00 2.131920e+00
      vertex   -2.923316e+00 5.497567e+00 2.114880e+00
      vertex   -2.942421e+00 5.660809e+00 2.165421e+00
    endloop
  endfacet
  facet normal 3.072238e-03 -3.420185e-01 9.396882e-01
    outer loop
      vertex   -4.000000e+00 5.559266e+00 2.131920e+00
      vertex   -2.942421e+00 5.660809e+00 2.165421e+00
      vertex   -4.000000e+00 5.772356e+00 2.209479e+00
    endloop
  endfacet
  facet normal -1.558355e-03 -3.800983e-01 9.249448e-01
    outer loop
      vertex   -4.000000e+00 5.772356e+00 2.209479e+00
      vertex   -2.942421e+00 5.660809e+00 2.165421e+00
      vertex   -2.962940e+00 5.818940e+00 2.230369e+00
    endloop
  endfacet
  facet normal 2.158409e-03 -4.487981e-01 8.936306e-01
    outer loop
      vertex   -4.000000e+00 5.772356e+00 2.209479e+00
      vertex   -2.962940e+00 5.818940e+00 2.230369e+00
      vertex   -4.000000e+00 5.975000e+00 2.311250e+00
    endloop
  endfacet
  facet normal 5.289099e-05 -4.598657e-01 8.879885e-01
    outer loop
      vertex   -4.000000e+00 5.975000e+00 2.311250e+00
      vertex   -2.962940e+00 5.818940e+00 2.230369e+00
      vertex   -2.981469e+00 5.970264e+00 2.308737e+00
    endloop
  endfacet
  facet normal -3.995633e-04 -5.344607e-01 8.451933e-01
    outer loop
      vertex   -4.000000e+00 5.975000e+00 2.311250e+00
      vertex   -2.981469e+00 5.970264e+00 2.308737e+00
      vertex   -2.994852e+00 6.113160e+00 2.399092e+00
    endloop
  endfacet
  facet normal 2.517034e-03 -5.495072e-01 8.354852e-01
    outer loop
      vertex   -4.000000e+00 5.975000e+00 2.311250e+00
      vertex   -2.994852e+00 6.113160e+00 2.399092e+00
      vertex   -4.000000e+00 6.164459e+00 2.435860e+00
    endloop
  endfacet
  facet normal -1.747670e-03 -6.049541e-01 7.962584e-01
    outer loop
      vertex   -4.000000e+00 6.164459e+00 2.435860e+00
      vertex   -2.994852e+00 6.113160e+00 2.399092e+00
      vertex   -3.000000e+00 6.245994e+00 2.500000e+00
    endloop
  endfacet
  facet normal 3.274973e-03 -6.427842e-01 7.660403e-01
    outer loop
      vertex   -4.000000e+00 6.164459e+00 2.435860e+00
      vertex   -3.000000e+00 6.245994e+00 2.500000e+00
      vertex   -4.000000e+00 6.338171e+00 2.581621e+00
    endloop
  endfacet
  facet normal -2.456435e-03 -6.777399e-01 7.352976e-01
    outer loop
      vertex   -4.000000e+00 6.338171e+00 2.581621e+00
      vertex   -3.000000e+00 6.245994e+00 2.500000e+00
      vertex   -3.000000e+00 6.393692e+00 2.636137e+00
    endloop
  endfacet
  facet normal 2.973565e-03 -7.273704e-01 6.862386e-01
    outer loop
      vertex   -4.000000e+00 6.338171e+00 2.581621e+00
      vertex   -3.000000e+00 6.393692e+00 2.636137e+00
      vertex   -4.000000e+00 6.493787e+00 2.746564e+00
    endloop
  endfacet
  facet normal -1.982571e-03 -7.497870e-01 6.616763e-01
    outer loop
      vertex   -4.000000e+00 6.493787e+00 2.746564e+00
      vertex   -3.000000e+00 6.393692e+00 2.636137e+00
      vertex   -3.000000e+00 6.526602e+00 2.786746e+00
    endloop
  endfacet
  facet normal 2.327271e-03 -8.021210e-01 5.971570e-01
    outer loop
      vertex   -4.000000e+00 6.493787e+00 2.746564e+00
      vertex   -3.000000e+00 6.526602e+00 2.786746e+00
      vertex   -4.000000e+00 6.629201e+00 2.928457e+00
    endloop
  endfacet
  facet normal -1.163869e-03 -8.138785e-01 5.810339e-01
    outer loop
      vertex   -4.000000e+00 6.629201e+00 2.928457e+00
      vertex   -3.000000e+00 6.526602e+00 2.786746e+00
      vertex   -3.000000e+00 6.643313e+00 2.950228e+00
    endloop
  endfacet
  facet normal 1.336203e-03 -8.660246e-01 4.999996e-01
    outer loop
      vertex   -4.000000e+00 6.629201e+00 2.928457e+00
      vertex   -3.000000e+00 6.643313e+00 2.950228e+00
      vertex   -4.000000e+00 6.742584e+00 3.124842e+00
    endloop
  endfacet
  facet normal -4.710092e-07 -8.693336e-01 4.942257e-01
    outer loop
      vertex   -4.000000e+00 6.742584e+00 3.124842e+00
      vertex   -3.000000e+00 6.643313e+00 2.950228e+00
      vertex   -3.000000e+00 6.742588e+00 3.124850e+00
    endloop
  endfacet
  facet normal 4.710520e-07 -9.155637e-01 4.021729e-01
    outer loop
      vertex   -4.000000e+00 6.742584e+00 3.124842e+00
      vertex   -3.000000e+00 6.742588e+00 3.124850e+00
      vertex   -3.000000e+00 6.823372e+00 3.308758e+00
    endloop
  endfacet
  facet normal 1.335382e-03 -9.182153e-01 3.960794e-01
    outer loop
      vertex   -4.000000e+00 6.742584e+00 3.124842e+00
      vertex   -3.000000e+00 6.823372e+00 3.308758e+00
      vertex   -4.000000e+00 6.832401e+00 3.333061e+00
    endloop
  endfacet
  facet normal -1.163170e-03 -9.520782e-01 3.058525e-01
    outer loop
      vertex   -4.000000e+00 6.832401e+00 3.333061e+00
      vertex   -3.000000e+00 6.823372e+00 3.308758e+00
      vertex   -3.000000e+00 6.884808e+00 3.500000e+00
    endloop
  endfacet
  facet normal 2.326694e-03 -9.579869e-01 2.868025e-01
    outer loop
      vertex   -4.000000e+00 6.832401e+00 3.333061e+00
      vertex   -3.000000e+00 6.884808e+00 3.500000e+00
      vertex   -4.000000e+00 6.897437e+00 3.550299e+00
    endloop
  endfacet
  facet normal -6.562931e-04 -9.728963e-01 2.312411e-01
    outer loop
      vertex   -4.000000e+00 6.897437e+00 3.550299e+00
      vertex   -3.000000e+00 6.884808e+00 3.500000e+00
      vertex   -2.995461e+00 6.907003e+00 3.593395e+00
    endloop
  endfacet
  facet normal 1.517600e-03 -9.831409e-01 1.828431e-01
    outer loop
      vertex   -4.000000e+00 6.897437e+00 3.550299e+00
      vertex   -2.995461e+00 6.907003e+00 3.593395e+00
      vertex   -2.981691e+00 6.924788e+00 3.688907e+00
    endloop
  endfacet
  facet normal 2.813933e-03 -9.848039e-01 1.736475e-01
    outer loop
      vertex   -4.000000e+00 6.897437e+00 3.550299e+00
      vertex   -2.981691e+00 6.924788e+00 3.688907e+00
      vertex   -4.000000e+00 6.936815e+00 3.773619e+00
    endloop
  endfacet
  facet normal -3.729489e-04 -9.906850e-01 1.361734e-01
    outer loop
      vertex   -4.000000e+00 6.936815e+00 3.773619e+00
      vertex   -2.981691e+00 6.924788e+00 3.688907e+00
      vertex   -2.958465e+00 6.937935e+00 3.784618e+00
    endloop
  endfacet
  facet normal 1.444294e-04 -9.961436e-01 8.773779e-02
    outer loop
      vertex   -4.000000e+00 6.936815e+00 3.773619e+00
      vertex   -2.958465e+00 6.937935e+00 3.784618e+00
      vertex   -2.925556e+00 6.946218e+00 3.878610e+00
    endloop
  endfacet
  facet normal 3.055089e-03 -9.983035e-01 5.814456e-02
    outer loop
      vertex   -4.000000e+00 6.936815e+00 3.773619e+00
      vertex   -2.925556e+00 6.946218e+00 3.878610e+00
      vertex   -4.000000e+00 6.950000e+00 4.000000e+00
    endloop
  endfacet
  facet normal 7.843432e-04 -9.992745e-01 3.807604e-02
    outer loop
      vertex   -4.000000e+00 6.950000e+00 4.000000e+00
      vertex   -2.925556e+00 6.946218e+00 3.878610e+00
      vertex   -2.882984e+00 6.949697e+00 3.969049e+00
    endloop
  endfacet
  facet normal -4.447906e-04 -9.999802e-01 -6.275902e-03
    outer loop
      vertex   -4.000000e+00 6.950000e+00 4.000000e+00
      vertex   -2.882984e+00 6.949697e+00 3.969049e+00
      vertex   -2.831824e+00 6.949138e+00 4.054489e+00
    endloop
  endfacet
  facet normal 1.540290e-03 -9.988067e-01 -4.881492e-02
    outer loop
      vertex   -2.831824e+00 6.949138e+00 4.054489e+00
      vertex   -2.773431e+00 6.945362e+00 4.133598e+00
      vertex   -4.000000e+00 6.950000e+00 4.000000e+00
    endloop
  endfacet
  facet normal 2.558384e-03 -9.983049e-01 -5.814464e-02
    outer loop
      vertex   -4.000000e+00 6.950000e+00 4.000000e+00
      vertex   -2.773431e+00 6.945362e+00 4.133598e+00
      vertex   -4.000000e+00 6.936815e+00 4.226381e+00
    endloop
  endfacet
  facet normal 4.041850e-04 -9.962575e-01 -8.643409e-02
    outer loop
      vertex   -4.000000e+00 6.936815e+00 4.226381e+00
      vertex   -2.773431e+00 6.945362e+00 4.133598e+00
      vertex   -2.709163e+00 6.939190e+00 4.205044e+00
    endloop
  endfacet
  facet normal -1.905861e-04 -9.925299e-01 -1.220012e-01
    outer loop
      vertex   -4.000000e+00 6.936815e+00 4.226381e+00
      vertex   -2.709163e+00 6.939190e+00 4.205044e+00
      vertex   -2.638309e+00 6.931241e+00 4.269599e+00
    endloop
  endfacet
  facet normal 8.699586e-04 -9.879416e-01 -1.548244e-01
    outer loop
      vertex   -2.638309e+00 6.931241e+00 4.269599e+00
      vertex   -2.559783e+00 6.922106e+00 4.328331e+00
      vertex   -4.000000e+00 6.936815e+00 4.226381e+00
    endloop
  endfacet
  facet normal 2.234458e-03 -9.848053e-01 -1.736477e-01
    outer loop
      vertex   -4.000000e+00 6.936815e+00 4.226381e+00
      vertex   -2.559783e+00 6.922106e+00 4.328331e+00
      vertex   -4.000000e+00 6.897437e+00 4.449701e+00
    endloop
  endfacet
  facet normal 1.386768e-03 -9.830468e-01 -1.833493e-01
    outer loop
      vertex   -4.000000e+00 6.897437e+00 4.449701e+00
      vertex   -2.559783e+00 6.922106e+00 4.328331e+00
      vertex   -2.474768e+00 6.912599e+00 4.379945e+00
    endloop
  endfacet
  facet normal 3.083702e-04 -9.785616e-01 -2.059540e-01
    outer loop
      vertex   -4.000000e+00 6.897437e+00 4.449701e+00
      vertex   -2.474768e+00 6.912599e+00 4.379945e+00
      vertex   -2.384451e+00 6.903536e+00 4.423145e+00
    endloop
  endfacet
  facet normal -5.040880e-06 -9.745654e-01 -2.241032e-01
    outer loop
      vertex   -2.384451e+00 6.903536e+00 4.423145e+00
      vertex   -2.290098e+00 6.895786e+00 4.456845e+00
      vertex   -4.000000e+00 6.897437e+00 4.449701e+00
    endloop
  endfacet
  facet normal 6.036162e-05 -9.710339e-01 -2.389416e-01
    outer loop
      vertex   -4.000000e+00 6.897437e+00 4.449701e+00
      vertex   -2.290098e+00 6.895786e+00 4.456845e+00
      vertex   -2.193380e+00 6.889884e+00 4.480853e+00
    endloop
  endfacet
  facet normal 3.602310e-04 -9.668567e-01 -2.553194e-01
    outer loop
      vertex   -4.000000e+00 6.897437e+00 4.449701e+00
      vertex   -2.193380e+00 6.889884e+00 4.480853e+00
      vertex   -2.096087e+00 6.886126e+00 4.495221e+00
    endloop
  endfacet
  facet normal 1.209174e-03 -9.574800e-01 -2.884971e-01
    outer loop
      vertex   -2.096087e+00 6.886126e+00 4.495221e+00
      vertex   -2.000012e+00 6.884808e+00 4.500000e+00
      vertex   -4.000000e+00 6.897437e+00 4.449701e+00
    endloop
  endfacet
  facet normal 1.163356e-03 -9.579889e-01 -2.868030e-01
    outer loop
      vertex   -4.000000e+00 6.897437e+00 4.449701e+00
      vertex   -2.000012e+00 6.884808e+00 4.500000e+00
      vertex   -4.000000e+00 6.832401e+00 4.666939e+00
    endloop
  endfacet
  facet normal 1.000000e+00 -0.000000e+00 0.000000e+00
    outer loop
      vertex   2.000000e+00 4.227940e+00 1.206738e+01
      vertex   2.000000e+00 4.227940e+00 7.932615e+00
      vertex   2.000000e+00 7.400000e+00 1.206738e+01
    endloop
  endfacet
  facet normal 1.000000e+00 0.000000e+00 0.000000e+00
    outer loop
      vertex   2.000000e+00 7.400000e+00 1.206738e+01
      vertex   2.000000e+00 4.227940e+00 7.932615e+00
      vertex   2.000000e+00 7.400000e+00 7.932615e+00
    endloop
  endfacet
endsolid
